index,Achnanthes;spp.,Actinoptychus;spp.,Ameba;spp.,Amphidinium;spp.,Asterionella;glacialis,Asterionella;spp.,Asteromphalus;spp.,Atecados;XXX,Centrica;XXX,Cerataulina;pelagica,Cerataulina;spp.,Ceratium;fusus,Ceratium;spp.,Chaetoceros;convolutus,Chaetoceros;criophilus,Chaetoceros;curvisetus,Chaetoceros;debilis,Chaetoceros;decipiens,Chaetoceros;didymus,Chaetoceros;radicans,Chaetoceros;spp.,Ciliados;spp.,Cistos;XXX,Climacodium;spp.,Cloroficea;coccoide,Cocconeis;spp.,Cochlodinium;spp.,Corethron;hystrix,Corethron;spp.,Coscinodiscus;spp.,Criptoficeas;XXX,Cylindrotheca;closterium,Dactyliosolen;spp.,Detonula;pumila,Detonula;spp.,Dictyocha;speculum,Dinophysis;acuminata,Dinophysis;rotundatum,Dinophysis;spp.,Diploneis;spp.,Diplopsalis;grupo,Diplopsalis;spp.,Ditylum;brightwellii,Ebria;XXX,Eucampia;spp.,Eucampia;zodiacus,Euglenophyta;XXX,Fitoflagelado;XXX,Flagelado;XXX,Gonyaulax;spp.,Grammatophora;marina,Grammatophora;spp.,Guinardia;delicatula,Guinardia;spp.,Gymnodinium;spp.,Gyrodinium;spp.,Gyrosigma;spp.,Heterocapsa;spp.,Katodinium;spp.,Lauderia;spp.,Lepidodinium;aff;chlorophorum,Leptocylindrus;danicus,Leptocylindrus;minimus,Lichmophora;abbreviata,Lichmophora;spp.,Melosira;spp.,Melosira;varians,Mesodinium;rubrum,Nanoplancton;spp.,Nauplio;spp.,Navicula;spp.,Nitzschia;longissima,Nitzschia;spp.,Odontella;aurita,Oxitoxum;spp.,Pennadas;XXX,Phaeocystis(colonias);spp.,Pleurosigma;spp.,Primneceoficeas;XXX,Prorocentrum;spp.,Protoperidinium;pellucidum,Protoperidinium;spp.,Protozoos;spp.,Pseudo-Nitzschia;australis,Pseudo-Nitzschia;delicatissima,Pseudo-Nitzschia;spp.,Pseudochattonella;cf.verruculosa(>10um),Pyrocystis;spp.,Rhabdonema;spp.,Rhizosolenia;aff.setigera,Rhizosolenia;delicatula,Rhizosolenia;spp.,Rhizosolenia;stolterforthii,Scrippsiella;spp.,Skeletonema;costatum,Skeletonema;spp.,Stephanopyxis;spp.,Stephanopyxis;turris,Tecados;XXX,Thalassionema;nitzschioides,Thalassiosira;decipiens,Thalassiosira;minima,Thalassiosira;rotula,Thalassiosira;spp.,Thalassiotrix;frauenfeldii,Thalassiotrix;spp.,Tintinidos;spp.,Torodinium;spp.
1992/01/07,-0.022769198,-0.094913243,-0.065158547,-0.024142104,-0.111411726,-0.091045,-0.075674276,-0.034500565,0.487691796,0.007385339,0.016225219,0.113852068,-0.031139384,-0.166895932,-0.151067439,-0.037669363,-0.091737965,0.2753543,-0.025203862,-0.07724285,-0.12791417,-0.147272001,-0.020535067,-0.119029257,-0.057799885,0.482831131,-0.071490586,-0.207370439,-0.121394409,0.314731262,-0.183536782,-0.114599059,-0.056114906,0.255390656,0.106312396,0.694290665,0.595731098,0.038158891,-0.1241152,-0.138720218,-0.210689868,-0.118965989,-0.264618351,0.655591564,0.041553261,-0.059803636,-0.088987884,0.286702082,-0.048002501,-0.02835022,-0.234676168,-0.117447798,-0.002109306,0.007313475,-0.067494337,-0.001447107,-0.022972078,-0.03951049,7.35E-05,0.767490406,-0.114808273,-0.093363126,-0.078953722,-0.078971588,0.018984235,-0.189374332,0.097729952,0.305303753,-0.060379333,-0.096613991,-0.117323473,-0.160467164,-0.184361321,-0.193806711,-0.080668979,0.01842048,-0.060105211,-0.203351267,0.419635147,0.961572576,-0.022654071,0.226293305,-0.092812369,0.869756504,-0.117222648,0.429496069,-0.052431227,-0.038346567,0.103136769,0.69698637,0.418767652,-0.086163592,-0.021621171,-0.139102625,0.002482729,0.131779045,-0.171492975,-0.047727705,0.11690811,-0.056631476,-0.119532748,-0.089235428,-0.104194914,-0.266773797,-0.043143728,-0.107221022,-0.027978508,-0.171091077
1992/01/21,-0.054024469,-0.094913243,-0.068142653,-0.175859108,-0.11522706,-0.099767197,-0.137038215,0.366903627,-0.116496188,-0.06226948,-0.076409146,-0.131144227,-0.142862423,-0.186399165,-0.204719826,-0.107419101,-0.107191453,-0.125253122,-0.064680709,-0.08624063,-0.308669327,-0.219035474,-0.074941644,-0.132459945,-0.06190118,-0.288250359,-0.176611253,-0.272537745,-0.166203762,0.479764858,-0.183536782,5.483217395,-0.088622261,-0.168077708,-0.139696072,-0.19814998,-0.400671753,-0.247677772,-0.1241152,-0.138720218,-0.210689868,-0.222847048,-0.282924878,-0.331051476,-0.115045306,-0.16632463,0.001096887,-0.200900416,-0.052076453,-0.058334401,-0.306173263,-0.117447798,-0.094132357,-0.07889364,-0.068933689,-0.108252557,-0.106922282,-0.040060342,-0.102713986,-0.091115427,-0.12217926,-0.124927466,-0.137818369,-0.198186505,4.377844781,-0.21150647,-0.085306426,-0.072286843,0.150681314,9.226647189,-0.130138537,-0.160467164,-0.209991459,-0.246123384,-0.207041967,-0.081742747,-0.070981797,-0.343511689,-0.089972778,-0.095493748,-0.202268101,-0.504890309,-0.101912448,-0.111478542,-0.180776007,-0.192549632,-0.052437057,-0.215399346,-0.186887135,-0.275152965,-0.225693664,-0.091125796,-0.129401116,-0.230512847,-0.341899511,-0.161492635,-0.188668509,-0.047999271,-0.224540743,-0.048926147,-0.120921906,-0.100681083,-0.144248806,-0.314857264,-0.151956182,-0.121293958,1.91861816,-0.171091077
1992/02/07,-0.054024469,-0.094913243,-0.068142653,-0.175859108,-0.11522706,-0.099767197,-0.137038215,0.407853521,-0.116496188,-0.06226948,-0.076409146,-0.131144227,-0.142862423,-0.186399165,-0.204719826,-0.107419101,-0.107191453,-0.125253122,-0.064680709,-0.08624063,-0.308669327,-0.219035474,-0.074941644,-0.132459945,-0.06190118,-0.288250359,-0.176611253,-0.272537745,-0.166203762,3.606077584,-0.183536782,1.91325861,-0.088622261,-0.168077708,-0.139696072,-0.19814998,-0.400671753,-0.247677772,-0.1241152,-0.138720218,-0.210689868,-0.222847048,-0.282924878,-0.331051476,0.002637116,-0.16632463,-0.145769598,-0.200900416,-0.052076453,-0.058334401,-0.306173263,-0.117447798,-0.094132357,-0.07889364,-0.068933689,-0.108252557,5.937492384,-0.040060342,-0.102713986,-0.091115427,-0.12217926,-0.124927466,-0.137818369,-0.198186505,4.015537666,4.282350248,-0.085306426,-0.072286843,0.112948097,-0.225210697,-0.130138537,-0.160467164,-0.209991459,-0.246123384,-0.207041967,0.547386115,-0.070981797,-0.343511689,-0.089972778,-0.095493748,-0.202268101,-0.504890309,-0.101912448,-0.111478542,-0.180776007,-0.192549632,-0.052437057,-0.215399346,-0.186887135,-0.275152965,-0.225693664,-0.091125796,-0.129401116,-0.230512847,-0.355505897,-0.161492635,-0.188668509,-0.047999271,-0.224540743,0.174531754,-0.120921906,-0.100681083,-0.144248806,-0.277288852,-0.151956182,-0.121293958,-0.238289203,-0.171091077
1992/02/21,-0.054024469,-0.094913243,-0.068142653,-0.175859108,-0.11522706,-0.099767197,-0.137038215,2.265243069,-0.116496188,-0.06226948,-0.076409146,-0.131144227,4.549505234,1.269842226,-0.204719826,-0.107419101,-0.107191453,-0.125253122,-0.064680709,-0.08624063,-0.280775539,-0.219035474,-0.074941644,-0.132459945,-0.06190118,-0.288250359,-0.176611253,-0.272537745,-0.166203762,2.489537325,-0.183536782,1.494135476,-0.088622261,-0.168077708,-0.139696072,0.148724191,-0.400671753,19.72126774,-0.1241152,-0.138720218,-0.210689868,-0.222847048,-0.282924878,-0.331051476,-0.115045306,-0.16632463,-0.145769598,-0.200900416,-0.052076453,-0.058334401,12.34809507,-0.117447798,-0.094132357,-0.07889364,-0.068933689,-0.036514822,-0.106922282,-0.040060342,-0.102713986,-0.091115427,-0.12217926,-0.124927466,-0.137818369,-0.198186505,1.176737743,0.408193376,-0.085306426,-0.072286843,0.090072794,9.226647189,-0.067431814,-0.160467164,-0.113833549,-0.246123384,-0.207041967,0.025745526,-0.070981797,-0.343511689,-0.089972778,-0.095493748,-0.202268101,-0.504890309,-0.101912448,-0.111478542,-0.180776007,-0.192549632,-0.052437057,-0.215399346,-0.186887135,-0.275152965,-0.225693664,-0.091125796,-0.129401116,-0.230512847,-0.353452103,-0.161492635,-0.188668509,-0.047999271,-0.224540743,-0.048926147,-0.120921906,-0.100681083,-0.144248806,-0.204361935,-0.151956182,7.326103983,-0.238289203,-0.171091077
1992/03/07,-0.049701216,1.020048041,0.2624444,-0.095941288,-0.047077514,-0.099767197,-0.11706594,0.133308711,-0.042942869,-0.027013425,-0.037240711,-0.059189006,0.027150898,-0.181122928,-0.146369389,-0.107419101,-0.106463067,-0.117590641,-0.064680709,-0.08624063,-0.162939178,0.117851012,0.163501094,-7.22E-04,-0.058156519,-0.119475822,-0.073248457,-0.233790423,-0.125002944,-0.125164705,0.185172259,-0.096344021,-0.080432414,0.164834446,-0.007091193,-0.10675231,0.392283765,-0.037580868,-0.087290736,-0.097950795,0.268512058,-0.019821222,-0.146805199,-0.305974017,-0.087150786,-0.086118769,-0.114783553,-0.200900416,-0.049087556,1.087183221,-0.248580118,-0.090896957,-0.08161747,1.11215574,0.046948811,-0.056646574,-0.106922282,-0.039391667,-0.064692415,-0.083707445,0.12571316,0.207309026,0.006488489,-0.079133565,-0.159944243,-0.121450219,-0.077807444,0.998855473,-0.041376982,-0.146181784,-0.094154118,0.327898075,0.594644492,-0.225718132,0.216032819,0.382131463,1.041267312,-0.155065619,-0.057494978,-0.062262396,0.585686219,0.072319604,0.055954141,-0.10336612,-0.096062457,0.333546893,1.083024822,0.333819557,-0.114979034,0.086815218,-0.079300471,-0.080392413,0.051013139,0.884721482,-0.24269321,-0.161415909,-0.188668509,-0.047999271,-0.014896943,0.719112611,0.464548944,-0.100681083,-0.042669305,-0.047181867,0.100390122,0.871178466,-0.065880889,-0.070844904
1992/03/21,-0.054024469,-0.094913243,-0.068142653,-0.175859108,-0.11522706,-0.099767197,-0.137038215,0.340326875,-0.116496188,-0.06226948,-0.076409146,-0.131144227,-0.142862423,-0.186399165,-0.204719826,-0.107419101,-0.107191453,-0.125253122,-0.064680709,-0.08624063,-0.312960679,-0.219035474,-0.074941644,-0.132459945,-0.06190118,-0.288250359,-0.176611253,-0.272537745,-0.166203762,-0.190159297,-0.183536782,-0.176966408,-0.088622261,-0.168077708,-0.139696072,2.144985041,-0.400671753,-0.247677772,-0.1241152,-0.138720218,-0.210689868,-0.222847048,-0.282924878,-0.331051476,-0.115045306,-0.16632463,-0.145769598,-0.200900416,-0.052076453,-0.058334401,-0.306173263,-0.117447798,-0.094132357,-0.07889364,-0.068933689,-0.108252557,-0.106922282,-0.040060342,-0.102713986,-0.091115427,-0.12217926,-0.124927466,-0.137818369,-0.198186505,-0.27831091,-0.21150647,-0.085306426,-0.072286843,0.016000944,-0.225210697,-0.094839878,-0.160467164,0.063125288,-0.246123384,-0.207041967,-0.204236383,-0.070981797,-0.343511689,-0.089972778,-0.095493748,-0.202268101,3.745391332,-0.101912448,-0.111478542,-0.180776007,-0.192549632,-0.052437057,-0.215399346,-0.186887135,-0.275152965,-0.225693664,0.239818601,-0.129401116,-0.230512847,6.26129474,-0.161492635,-0.188668509,-0.047999271,-0.224540743,-0.227692469,-0.120921906,-0.100681083,-0.144248806,-0.239112716,-0.151956182,-0.121293958,-0.238289203,-0.171091077
1992/04/07,-0.054024469,-0.094913243,-0.068142653,-0.175859108,-0.11522706,-0.099767197,-0.137038215,0.068593144,-0.116496188,-0.06226948,-0.076409146,-0.131144227,-0.142862423,-0.186399165,-0.204719826,-0.107419101,-0.107191453,-0.125253122,-0.064680709,-0.08624063,-0.312960679,-0.219035474,0.105459112,-0.132459945,-0.06190118,-0.288250359,-0.176611253,-0.272537745,-0.166203762,-0.190159297,-0.183536782,-0.150013152,-0.088622261,-0.168077708,-0.139696072,-0.19814998,2.76057758,-0.247677772,-0.1241152,-0.138720218,-0.210689868,-0.222847048,-0.282924878,-0.331051476,-0.115045306,-0.16632463,0.147963372,-0.200900416,-0.052076453,-0.058334401,0.326540154,-0.117447798,-0.094132357,-0.07889364,-0.068933689,0.035222913,-0.106922282,-0.040060342,-0.102713986,-0.091115427,-0.12217926,-0.124927466,-0.137818369,-0.198186505,0.012698821,-0.21150647,-0.085306426,-0.072286843,0.078304149,-0.225210697,-0.127525757,-0.160467164,-0.178881547,-0.246123384,-0.207041967,-0.242975157,-0.070981797,-0.343511689,-0.089972778,-0.095493748,-0.202268101,-0.504890309,0.662494192,-0.111478542,-0.180776007,-0.192549632,-0.052437057,-0.215399346,-0.186887135,-0.275152965,-0.225693664,-0.082960378,-0.129401116,-0.230512847,-0.353580465,-0.161492635,-0.188668509,-0.047999271,-0.224540743,-0.227692469,-0.120921906,-0.100681083,-0.144248806,-0.302702778,-0.151956182,-0.121293958,-0.238289203,-0.171091077
1992/04/21,-0.054024469,-0.094913243,-0.068142653,-0.175859108,-0.11522706,-0.099767197,0.142667182,0.339784492,-0.116496188,-0.06226948,-0.076409146,-0.131144227,-0.142862423,-0.186399165,-0.204719826,-0.107419101,-0.107191453,-0.125253122,-0.064680709,-0.08624063,-0.312960679,-0.219035474,-0.074941644,-0.132459945,0.153416826,-0.288250359,-0.176611253,-0.272537745,-0.166203762,-0.190159297,0.142115059,-0.176966408,-0.088622261,-0.168077708,-0.139696072,-0.024712895,-0.400671753,-0.247677772,-0.1241152,-0.138720218,-0.210689868,-0.222847048,-0.282924878,-0.331051476,-0.115045306,-0.16632463,-0.145769598,-0.200900416,-0.052076453,-0.058334401,-0.306173263,-0.117447798,-0.094132357,-0.07889364,-0.068933689,-0.108252557,-0.106922282,-0.040060342,-0.102713986,-0.091115427,-0.12217926,-0.124927466,-0.137818369,-0.198186505,-0.27831091,-0.004939854,-0.085306426,-0.072286843,0.026522112,-0.225210697,-0.127525757,-0.160467164,-0.181709721,-0.246123384,-0.207041967,-0.255873749,-0.070981797,-0.343511689,-0.089972778,3.783299061,-0.202268101,-0.504890309,-0.101912448,-0.111478542,-0.180776007,-0.192549632,-0.052437057,-0.215399346,-0.186887135,-0.264673984,-0.225693664,-0.091125796,-0.129401116,-0.230512847,-0.349472877,-0.161492635,-0.188668509,-0.047999271,-0.224540743,-0.227692469,-0.120921906,-0.100681083,-0.144248806,-0.313752311,-0.151956182,-0.121293958,-0.238289203,-0.171091077
1992/05/07,-0.054024469,-0.094913243,-0.068142653,-0.175859108,-0.11522706,-0.099767197,-0.137038215,0.095712278,-0.116496188,-0.06226948,-0.076409146,-0.131144227,-0.142862423,-0.186399165,-0.204719826,-0.107419101,-0.107191453,-0.125253122,-0.064680709,-0.08624063,-0.312960679,-0.219035474,-0.074941644,0.351044807,-0.06190118,-0.288250359,-0.176611253,-0.272537745,-0.166203762,-0.190159297,-0.183536782,-0.176966408,-0.088622261,-0.168077708,-0.139696072,-0.19814998,-0.400671753,-0.247677772,-0.1241152,-0.138720218,-0.210689868,-0.222847048,-0.282924878,-0.331051476,-0.115045306,-0.16632463,2.938426592,-0.200900416,-0.052076453,-0.058334401,-0.306173263,-0.117447798,-0.094132357,-0.07889364,-0.068933689,-0.108252557,-0.106922282,-0.040060342,-0.102713986,-0.091115427,-0.12217926,-0.124927466,-0.137818369,-0.198186505,-0.27831091,-0.21150647,-0.085306426,-0.072286843,0.273663651,-0.225210697,-0.130138537,-0.160467164,-0.198678764,-0.246123384,-0.207041967,-0.275221638,-0.070981797,-0.343511689,-0.089972778,-0.095493748,-0.202268101,0.124314967,2.955714114,-0.111478542,-0.180776007,-0.192549632,-0.052437057,-0.215399346,-0.186887135,-0.275152965,-0.225693664,-0.091125796,-0.129401116,-0.230512847,-0.061556627,-0.161492635,-0.188668509,-0.047999271,-0.224540743,-0.138309308,-0.120921906,-0.100681083,-0.144248806,-0.314857264,-0.151956182,2.006534025,1.91861816,-0.171091077
1992/05/21,-0.054024469,-0.094913243,-0.068142653,-0.175859108,-0.11522706,-0.099767197,-0.137038215,-0.311074745,-0.116496188,-0.06226948,-0.076409146,-0.131144227,-0.142862423,-0.186399165,-0.204719826,-0.107419101,-0.107191453,-0.125253122,-0.064680709,-0.08624063,-0.312960679,-0.219035474,-0.074941644,-0.132459945,-0.06190118,-0.288250359,-0.176611253,0.708587106,-0.166203762,0.033148755,-0.183536782,-0.176966408,-0.088622261,0.243349313,-0.139696072,0.669035446,-0.400671753,-0.247677772,-0.1241152,-0.138720218,-0.210689868,-0.222847048,-0.282924878,-0.331051476,-0.115045306,-0.16632463,-0.072336355,-0.200900416,-0.052076453,-0.058334401,-0.147994908,-0.117447798,-0.094132357,-0.07889364,-0.068933689,-0.108252557,-0.106922282,-0.040060342,-0.102713986,-0.091115427,-0.12217926,-0.124927466,-0.137818369,-0.198186505,-0.27831091,-0.108223162,-0.085306426,-0.072286843,0.075067772,-0.225210697,-0.130138537,-0.160467164,-0.187366069,1.548338501,-0.207041967,-0.258023515,-0.070981797,-0.343511689,-0.089972778,0.680264814,-0.202268101,-0.190287671,-0.101912448,-0.111478542,-0.180776007,-0.192549632,-0.052437057,-0.215399346,-0.186887135,-0.275152965,-0.225693664,-0.091125796,-0.129401116,-0.230512847,-0.076960082,-0.161492635,-0.188668509,-0.047999271,-0.224540743,-0.227692469,-0.120921906,-0.100681083,-0.144248806,-0.302702778,-0.151956182,-0.121293958,2.997071841,-0.171091077
1992/06/07,-0.054024469,-0.094913243,-0.068142653,-0.175859108,-0.11522706,-0.099767197,-0.137038215,-0.012764261,-0.116496188,-0.06226948,-0.076409146,-0.131144227,-0.142862423,0.54172153,-0.204719826,-0.107419101,-0.107191453,-0.125253122,-0.064680709,-0.08624063,-0.278629864,-0.219035474,-0.074941644,-0.132459945,-0.06190118,-0.288250359,-0.176611253,0.708587106,-0.166203762,0.479764858,-0.183536782,-0.069153384,-0.088622261,-0.168077708,-0.139696072,0.148724191,-0.400671753,-0.247677772,-0.1241152,-0.138720218,-0.210689868,-0.222847048,-0.282924878,-0.331051476,-0.047798208,-0.16632463,0.147963372,-0.200900416,-0.052076453,-0.058334401,-0.306173263,-0.117447798,-0.094132357,-0.07889364,-0.068933689,0.106960647,-0.106922282,-0.040060342,-0.102713986,-0.091115427,-0.12217926,-0.124927466,-0.137818369,-0.198186505,0.012698821,-0.21150647,-0.085306426,-0.072286843,0.098899277,-0.225210697,-0.130138537,-0.160467164,-0.193022416,-0.246123384,-0.207041967,-0.258023515,-0.070981797,-0.343511689,-0.089972778,-0.095493748,-0.202268101,1.38272552,-0.101912448,-0.111478542,-0.180776007,-0.192549632,-0.052437057,-0.215399346,-0.186887135,-0.275152965,-0.225693664,-0.091125796,-0.129401116,-0.230512847,0.224690916,-0.161492635,-0.188668509,-0.047999271,-0.224540743,-0.227692469,-0.120921906,-0.100681083,-0.144248806,-0.270659132,-0.151956182,-0.121293958,-0.238289203,-0.171091077
1992/06/21,-0.054024469,-0.094913243,-0.068142653,-0.175859108,-0.11522706,-0.099767197,-0.137038215,-0.39243215,-0.116496188,-0.06226948,-0.076409146,-0.131144227,-0.142862423,-0.186399165,-0.204719826,-0.107419101,-0.107191453,-0.125253122,-0.064680709,-0.08624063,-0.312960679,-0.219035474,-0.074941644,-0.132459945,-0.06190118,-0.288250359,-0.176611253,-0.272537745,-0.166203762,0.033148755,-0.183536782,-0.176966408,-0.088622261,-0.168077708,-0.139696072,-0.19814998,-0.400671753,-0.247677772,-0.1241152,-0.138720218,-0.210689868,-0.222847048,-0.282924878,-0.331051476,-0.115045306,-0.16632463,-0.145769598,-0.200900416,-0.052076453,-0.058334401,-0.306173263,-0.117447798,-0.094132357,-0.07889364,-0.068933689,-0.108252557,-0.106922282,-0.040060342,-0.102713986,-0.091115427,-0.12217926,-0.124927466,-0.137818369,-0.198186505,-0.27831091,-0.21150647,-0.085306426,-0.072286843,0.008280713,-0.225210697,-0.130138537,-0.160467164,-0.209991459,-0.246123384,-0.207041967,-0.258023515,-0.070981797,-0.343511689,-0.089972778,-0.095493748,-0.202268101,-0.504890309,-0.101912448,-0.111478542,-0.180776007,-0.192549632,-0.052437057,-0.215399346,-0.186887135,-0.275152965,-0.225693664,-0.091125796,-0.129401116,-0.230512847,-0.352425206,-0.161492635,-0.188668509,-0.047999271,-0.224540743,-0.227692469,-0.120921906,-0.100681083,-0.144248806,-0.297178011,-0.151956182,-0.121293958,-0.238289203,-0.171091077
1992/07/07,-0.054024469,-0.094913243,-0.068142653,-0.175859108,-0.11522706,-0.099767197,-0.137038215,-0.311074745,-0.116496188,-0.06226948,-0.076409146,-0.131144227,-0.142862423,-0.186399165,-0.204719826,-0.107419101,-0.107191453,-0.125253122,-0.064680709,-0.08624063,-0.311887841,-0.219035474,0.105459112,-0.132459945,-0.06190118,-0.288250359,-0.176611253,-0.272537745,-0.166203762,-0.190159297,0.142115059,-0.150013152,-0.088622261,-0.168077708,-0.139696072,-0.024712895,-0.400671753,-0.247677772,-0.1241152,-0.138720218,-0.210689868,-0.222847048,-0.282924878,-0.331051476,-0.115045306,-0.16632463,-0.145769598,-0.200900416,-0.052076453,-0.058334401,-0.306173263,-0.117447798,-0.094132357,-0.07889364,-0.068933689,-0.108252557,-0.106922282,-0.040060342,-0.102713986,-0.091115427,-0.12217926,-0.124927466,-0.131474581,-0.198186505,-0.27831091,-0.21150647,-0.085306426,-0.072286843,-0.008489606,-0.225210697,-0.130138537,-0.160467164,-0.187366069,-0.246123384,-0.207041967,-0.270922108,-0.070981797,-0.343511689,-0.089972778,-0.095493748,-0.202268101,-0.504890309,-0.101912448,-0.111478542,-0.180776007,-0.192549632,-0.052437057,-0.215399346,-0.186887135,-0.275152965,-0.225693664,-0.091125796,-0.129401116,-0.230512847,-0.355505897,-0.161492635,-0.188668509,-0.047999271,-0.224540743,-0.227692469,-0.120921906,-0.100681083,-0.144248806,-0.312094881,-0.151956182,-0.121293958,-0.238289203,-0.171091077
1992/07/21,-0.054024469,-0.094913243,-0.068142653,-0.175859108,-0.11522706,-0.099767197,-0.137038215,-0.39243215,-0.116496188,-0.06226948,-0.076409146,-0.131144227,-0.142862423,0.177661183,-0.204719826,-0.107419101,-0.078276686,-0.125253122,-0.064680709,-0.08624063,-0.312960679,-0.219035474,-0.074941644,-0.132459945,-0.06190118,-0.288250359,-0.176611253,1.199149531,-0.166203762,0.033148755,-0.183536782,-0.176966408,-0.088622261,-0.168077708,-0.139696072,-0.19814998,-0.400671753,-0.247677772,-0.1241152,-0.138720218,-0.210689868,-0.222847048,-0.282924878,-0.331051476,-0.106639419,-0.16632463,-0.145769598,-0.200900416,-0.052076453,-0.058334401,-0.306173263,-0.117447798,-0.094132357,-0.07889364,-0.068933689,-0.108252557,-0.106922282,-0.040060342,-0.102713986,-0.091115427,-0.12217926,-0.124927466,-0.137818369,-0.198186505,-0.27831091,-0.21150647,-0.085306426,-0.072286843,-0.104109844,-0.225210697,-0.130138537,-0.160467164,-0.207163286,-0.246123384,-0.207041967,-0.275221638,-0.070981797,-0.343511689,-0.089972778,0.098445892,-0.202268101,-0.34758899,-0.101912448,-0.111478542,-0.180776007,-0.192549632,-0.052437057,-0.215399346,-0.186887135,-0.275152965,-0.225693664,-0.082960378,-0.129401116,-0.230512847,-0.352232662,-0.161492635,-0.188668509,-0.047999271,-0.224540743,-0.048926147,-0.120921906,-0.100681083,-0.144248806,-0.281156188,-0.151956182,-0.121293958,-0.238289203,-0.171091077
1992/08/07,-0.047089003,0.131447377,-0.046209474,0.156021838,-0.091243169,-0.099767197,-0.093819846,-0.228869867,-0.087125939,-0.060847361,0.988260146,-0.131144227,-0.142862423,-0.073072741,-0.184092109,-0.106883741,-0.107098778,-0.125253122,-0.064230158,-0.08624063,-0.302373907,0.323148917,-0.072122883,-0.110355272,-0.049340963,-0.094159641,-0.176611253,-0.03492157,-0.035648852,-0.145957374,-0.047848515,-0.066542287,-0.084097089,-0.163976883,-0.126080392,-0.133274531,-0.378718633,0.03833577,-0.053534978,-0.021508126,-0.078218182,0.071950553,-0.078054917,-0.313527731,-0.113323267,-0.125733713,-0.108936416,-0.181507134,-0.051957857,-0.058334401,-0.063884196,-0.050655838,-0.087173824,-0.076557274,-0.067546285,-0.067423253,0.921467713,-0.039905499,-0.096692561,-0.090545885,-0.12217926,-0.124465303,0.00694107,-0.130817659,-0.148215414,0.129973966,-0.085306426,-0.071156684,-0.077294438,-0.225210697,-0.127886699,-0.029085615,-0.098811821,0.304422406,-0.207041967,-0.24032154,0.008961108,-0.02593768,-0.064449485,-0.095493748,-0.188163794,-0.436726404,-0.101912448,-0.111478542,-0.175959188,-0.186483949,-0.052437057,-0.215399346,-0.016248071,-0.275080194,-0.224924722,-0.09078557,-0.021621171,-0.150528903,-0.314067285,-0.154747543,0.037261328,-0.045564984,-0.092377136,-0.09991024,-0.104259246,0.145205112,-0.108718907,0.03764909,-0.068670426,-0.121293958,-0.215821418,0.063077716
1992/08/21,-0.054024469,-0.094913243,-0.068142653,-0.175859108,-0.11522706,-0.099767197,0.002814484,-0.311074745,-0.116496188,-0.06226948,-0.076409146,-0.131144227,-0.142862423,-0.186399165,-0.204719826,-0.107419101,-0.107191453,-0.125253122,-0.064680709,-0.08624063,-0.312960679,-0.219035474,-0.074941644,-0.132459945,0.153416826,-0.288250359,-0.176611253,-0.027256532,-0.166203762,-0.078505271,-0.183536782,-0.082630012,-0.088622261,-0.168077708,-0.139696072,-0.19814998,-0.400671753,-0.247677772,-0.1241152,-0.138720218,-0.210689868,0.838424315,-0.282924878,-0.331051476,-0.115045306,-0.16632463,-0.145769598,-0.200900416,-0.052076453,-0.058334401,-0.306173263,-0.117447798,-0.094132357,-0.07889364,-0.064900515,-0.072383689,-0.106922282,-0.040060342,-0.102713986,-0.091115427,-0.12217926,-0.124927466,-0.137818369,-0.198186505,-0.27831091,-0.21150647,-0.085306426,-0.067232716,0.034318839,-0.225210697,-0.128832147,-0.160467164,-0.183123808,-0.246123384,1.119874408,-0.186006372,-0.070981797,-0.343511689,-0.089972778,-0.095493748,-0.202268101,-0.504890309,0.280290872,-0.111478542,-0.180776007,-0.192549632,-0.052437057,-0.215399346,-0.186887135,-0.275152965,-0.225693664,-0.091125796,-0.129401116,-0.230512847,-0.350692317,-0.161492635,-0.188668509,-0.047999271,-0.224540743,0.476199921,-0.120921906,-0.100681083,-0.144248806,-0.219002566,-0.151956182,-0.121293958,-0.238289203,-0.171091077
1992/09/07,-0.054024469,-0.094913243,-0.068142653,-0.175859108,-0.11522706,-0.099767197,-0.137038215,0.082423902,-0.116496188,-0.06226948,-0.076409146,-0.131144227,-0.142862423,-0.186399165,-0.204719826,-0.107419101,-0.107191453,-0.125253122,-0.064680709,-0.08624063,-0.225996432,-0.219035474,-0.074941644,-0.132459945,0.024226022,-0.288250359,-0.176611253,0.708587106,-0.166203762,2.826732483,4.216019597,0.241078595,-0.088622261,-0.168077708,-0.139696072,-0.19814998,-0.400671753,-0.247677772,-0.1241152,-0.138720218,-0.210689868,-0.222847048,-0.282924878,-0.331051476,-0.115045306,-0.16632463,0.993179995,9.231215814,-0.052076453,-0.058334401,-0.306173263,-0.117447798,-0.094132357,-0.07889364,-0.068933689,0.376335841,-0.106922282,-0.040060342,-0.102713986,-0.091115427,-0.12217926,-0.124927466,-0.137818369,-0.198186505,-0.27831091,-0.21150647,-0.085306426,-0.072286843,0.286220795,-0.225210697,-0.130138537,-0.160467164,-0.209991459,-0.246123384,-0.207041967,-0.270922108,5.689170965,-0.343511689,-0.089972778,-0.095493748,-0.202268101,-0.504890309,-0.101912448,-0.111478542,-0.180776007,-0.192549632,-0.052437057,-0.215399346,-0.186887135,-0.275152965,-0.225693664,-0.091125796,-0.129401116,-0.230512847,1.534884426,-0.161492635,-0.188668509,-0.047999271,-0.224540743,-0.227692469,-0.120921906,-0.100681083,-0.144248806,0.12080372,-0.151956182,-0.121293958,-0.238289203,-0.171091077
1992/09/21,-0.054024469,-0.094913243,-0.068142653,-0.175859108,-0.11522706,-0.099767197,0.702077976,-0.202598205,-0.116496188,-0.06226948,-0.076409146,-0.131144227,-0.142862423,-0.186399165,-0.204719826,-0.107419101,-0.107191453,-0.125253122,-0.064680709,-0.08624063,-0.304377975,-0.219035474,-0.074941644,-0.132459945,0.067289624,-0.288250359,-0.176611253,-0.272537745,-0.166203762,-0.078505271,-0.183536782,-0.150013152,-0.088622261,-0.168077708,-0.139696072,-0.19814998,-0.400671753,-0.247677772,-0.1241152,-0.138720218,-0.210689868,-0.222847048,-0.282924878,-0.331051476,-0.115045306,-0.16632463,-0.072336355,-0.200900416,-0.052076453,-0.058334401,-0.306173263,-0.117447798,-0.094132357,-0.07889364,-0.068933689,-0.108252557,-0.106922282,-0.040060342,-0.102713986,-0.091115427,-0.12217926,-0.124927466,-0.137818369,-0.198186505,-0.27831091,-0.21150647,-0.085306426,-0.052070338,0.192754219,-0.225210697,-0.127525757,-0.160467164,-0.193022416,-0.246123384,-0.207041967,-0.253723984,-0.070981797,-0.343511689,-0.089972778,0.680264814,-0.202268101,-0.504890309,0.280290872,-0.111478542,-0.180776007,-0.192549632,-0.052437057,-0.215399346,-0.186887135,-0.275152965,-0.225693664,-0.091125796,-0.129401116,-0.230512847,-0.339588993,-0.161492635,-0.188668509,-0.047999271,-0.224540743,-0.227692469,-0.120921906,-0.100681083,-0.144248806,-0.304912684,-0.151956182,-0.121293958,-0.238289203,-0.171091077
1992/10/07,-0.046597126,-0.068668534,-0.065096379,0.122833743,-0.002555482,0.138784889,-0.11567183,-0.079963038,-0.116496188,-0.06226948,-0.076409146,-0.100604522,-0.093983593,0.117363688,-0.166309595,-0.062823627,-0.105500125,-0.064440454,-0.032931884,-0.019931995,0.860684588,-0.188657627,-0.054002271,-0.093846718,-0.06190118,-0.268841287,-0.031741834,-0.061810037,-0.00152939,-0.06662357,0.22352802,-0.136073934,-0.046861392,-0.167573508,-0.133644659,-0.11796974,-0.168909525,-0.014904846,0.052335356,-0.021508126,0.186725191,-0.008065939,0.080797293,0.019423423,-0.082443306,-0.165227578,-0.088348882,-0.157265533,-0.040389866,-0.057350545,-0.169158586,-0.044022079,-0.056896956,-0.076557274,-0.067648515,-0.030886589,0.092459452,-0.039730009,-0.087058282,-0.065898278,-0.122163778,-0.124434493,-0.130134,-0.116039976,0.041785359,-0.130442393,0.008118392,-0.069205229,-0.067766565,0.267073568,-0.00955908,-0.160467164,-0.092251889,-0.092253024,-0.159652097,-0.230376422,-0.066540524,-0.004636984,-0.089222093,-0.095493748,-0.154313458,-0.135076157,0.049376366,-0.027390751,-0.00799642,-0.077415535,-0.052328404,-0.171136151,0.134701871,-0.203083982,0.765005779,-0.063851031,-0.129401116,-0.173631408,0.226394987,0.163539342,0.152480535,-0.044869725,0.124065386,-0.18599954,-0.118582043,-0.095471252,-0.099170247,-0.179884113,-0.064517603,-0.04002275,-0.210828577,-0.042855785
1992/10/21,-0.054024469,-0.094913243,-0.068142653,-0.175859108,-0.11522706,-0.099767197,5.619298851,-0.004899712,-0.116496188,-0.06226948,-0.076409146,-0.131144227,-0.142862423,-0.186399165,-0.204719826,-0.107419101,0.59121138,-0.125253122,-0.064680709,-0.08624063,2.144310352,-0.219035474,1.600981379,3.322181509,0.110353225,-0.288250359,-0.176611253,-0.272537745,-0.166203762,2.107680556,-0.183536782,0.628127354,-0.088622261,0.506420591,-0.139696072,-0.19814998,-0.400671753,-0.247677772,-0.1241152,-0.138720218,-0.210689868,-0.222847048,-0.282924878,-0.331051476,-0.115045306,-0.16632463,-0.145769598,-0.200900416,-0.052076453,-0.058334401,2.541037113,-0.117447798,-0.094132357,-0.07889364,-0.068933689,-0.036514822,-0.106922282,-0.040060342,-0.102713986,-0.091115427,-0.12217926,-0.124927466,-0.137818369,-0.198186505,-0.132806045,-0.21150647,-0.085306426,-0.072286843,0.746545448,-0.225210697,-0.130138537,-0.160467164,-0.009106271,10.52064793,-0.207041967,-0.24450149,-0.070981797,-0.343511689,-0.089972778,-0.095493748,-0.202268101,-0.504890309,-0.101912448,-0.111478542,-0.180776007,-0.192549632,-0.052437057,-0.215399346,-0.186887135,-0.275152965,10.79669076,-0.091125796,-0.129401116,-0.230512847,-0.258976294,-0.161492635,-0.188668509,-0.047999271,-0.224540743,-0.227692469,-0.120921906,-0.100681083,-0.144248806,-0.150401541,-0.151956182,-0.121293958,-0.238289203,-0.171091077
1992/11/07,-0.054024469,-0.094913243,-0.068142653,-0.175859108,-0.11522706,-0.099767197,-0.137038215,-0.39243215,-0.116496188,-0.06226948,-0.076409146,-0.131144227,-0.142862423,-0.186399165,-0.204719826,-0.107419101,-0.107191453,-0.125253122,-0.064680709,-0.08624063,-0.27309402,-0.219035474,-0.074941644,-0.132459945,-0.06190118,-0.288250359,-0.176611253,-0.272537745,-0.166203762,-0.190159297,-0.183536782,-0.176966408,-0.088622261,-0.168077708,-0.139696072,-0.19814998,-0.400671753,-0.247677772,-0.1241152,-0.138720218,-0.210689868,-0.222847048,-0.282924878,-0.331051476,-0.115045306,-0.16632463,-0.145769598,-0.200900416,-0.052076453,-0.058334401,-0.306173263,-0.117447798,-0.094132357,-0.07889364,-0.068933689,-0.108252557,-0.106922282,-0.040060342,-0.102713986,-0.091115427,-0.12217926,-0.124927466,-0.137818369,-0.198186505,-0.27831091,0.408193376,-0.085306426,-0.072286843,0.28278435,-0.225210697,-0.130138537,-0.160467164,0.932194828,-0.246123384,-0.207041967,-0.14679465,-0.070981797,-0.343511689,-0.089972778,-0.095493748,-0.202268101,-0.504890309,-0.101912448,-0.111478542,-0.180776007,-0.192549632,-0.052437057,-0.215399346,-0.186887135,-0.275152965,-0.225693664,-0.091125796,-0.129401116,-0.230512847,-0.333088735,-0.161492635,-0.188668509,-0.047999271,-0.224540743,-0.227692469,-0.120921906,-0.100681083,-0.144248806,-0.314857264,-0.151956182,-0.121293958,-0.238289203,-0.171091077
1992/11/21,-0.054024469,-0.094913243,-0.068142653,-0.175859108,-0.11522706,-0.099767197,-0.137038215,-0.28395561,-0.116496188,-0.06226948,-0.076409146,-0.131144227,-0.142862423,-0.186399165,-0.204719826,-0.107419101,-0.107191453,-0.125253122,-0.064680709,-0.08624063,-0.031136869,-0.219035474,-0.074941644,-0.132459945,-0.06190118,-0.288250359,-0.176611253,-0.272537745,-0.166203762,-0.190159297,-0.183536782,-0.176966408,-0.088622261,-0.168077708,-0.139696072,-0.19814998,-0.400671753,-0.247677772,-0.1241152,-0.138720218,-0.210689868,-0.222847048,-0.282924878,-0.331051476,-0.115045306,-0.16632463,-0.145769598,-0.200900416,-0.052076453,-0.058334401,-0.306173263,-0.117447798,-0.094132357,-0.07889364,-0.068933689,-0.108252557,-0.106922282,-0.040060342,-0.102713986,-0.091115427,-0.12217926,-0.124927466,-0.137818369,-0.198186505,-0.27831091,-0.21150647,-0.085306426,-0.072286843,0.748960962,-0.225210697,-0.130138537,-0.160467164,1.432866443,0.266580012,-0.207041967,-0.270922108,-0.070981797,-0.343511689,-0.089972778,-0.095493748,-0.202268101,-0.504890309,-0.101912448,-0.111478542,-0.180776007,-0.192549632,-0.052437057,-0.215399346,-0.186887135,-0.220976634,-0.225693664,-0.091125796,-0.129401116,-0.230512847,0.2433445,-0.161492635,-0.188668509,-0.047999271,-0.224540743,-0.138309308,-0.120921906,-0.100681083,-0.144248806,-0.313752311,-0.151956182,-0.121293958,-0.238289203,-0.171091077
1992/12/07,-0.054024469,-0.094913243,-0.068142653,9.382312119,-0.11522706,-0.099767197,-0.137038215,-0.256836475,-0.116496188,-0.06226948,-0.076409146,-0.131144227,-0.142862423,-0.186399165,-0.204719826,-0.107419101,-0.107191453,-0.125253122,-0.064680709,-0.08624063,-0.285066891,-0.219035474,-0.074941644,-0.132459945,-0.06190118,-0.288250359,-0.176611253,-0.272537745,-0.166203762,-0.190159297,-0.183536782,-0.09610664,-0.088622261,-0.168077708,-0.139696072,-0.024712895,-0.400671753,-0.247677772,-0.1241152,-0.138720218,-0.210689868,-0.222847048,-0.282924878,-0.331051476,-0.115045306,-0.16632463,-0.145769598,-0.200900416,-0.052076453,-0.058334401,-0.306173263,-0.117447798,-0.094132357,-0.07889364,-0.068933689,0.135297052,-0.106922282,-0.040060342,-0.102713986,-0.091115427,-0.12217926,-0.124927466,-0.092618879,-0.198186505,-0.27831091,-0.21150647,-0.085306426,-0.072286843,0.342748537,-0.225210697,-0.130138537,-0.160467164,-0.085325556,1.494504645,-0.207041967,-0.255873749,-0.070981797,-0.343511689,-0.089972778,-0.095493748,-0.202268101,-0.504890309,-0.101912448,-0.111478542,-0.180776007,-0.192549632,-0.052437057,-0.215399346,-0.186887135,0.23234408,-0.225693664,-0.091125796,-0.129401116,-0.230512847,-0.353067016,-0.161492635,-0.188668509,-0.047999271,-0.224540743,-0.227692469,-0.120921906,-0.100681083,-0.144248806,-0.308227544,-0.151956182,-0.121293958,0.840164478,-0.171091077
1992/12/21,-0.054024469,-0.094913243,-0.068142653,-0.175859108,-0.11522706,-0.099767197,-0.137038215,0.948609071,-0.116496188,-0.06226948,-0.076409146,-0.131144227,-0.142862423,-0.186399165,-0.204719826,-0.107419101,-0.107191453,-0.125253122,-0.064680709,-0.08624063,-0.063794057,-0.219035474,-0.074941644,-0.132459945,26.03464111,-0.288250359,-0.176611253,-0.272537745,-0.166203762,-0.190159297,-0.183536782,1.325408093,-0.088622261,-0.168077708,-0.139696072,-0.19814998,-0.400671753,-0.247677772,-0.1241152,-0.138720218,-0.210689868,-0.222847048,-0.282924878,-0.331051476,1.056315091,-0.16632463,-0.145769598,-0.200900416,-0.052076453,-0.058334401,-0.306173263,-0.117447798,-0.094132357,-0.07889364,-0.068933689,-0.108252557,-0.106922282,-0.040060342,-0.102713986,-0.091115427,-0.12217926,-0.124927466,-0.137818369,-0.198186505,-0.27831091,-0.21150647,-0.085306426,-0.072286843,0.109826464,-0.225210697,-0.130138537,-0.160467164,4.309090958,-0.246123384,-0.207041967,-0.17813823,-0.070981797,-0.343511689,-0.089972778,14.31810033,-0.202268101,-0.504890309,-0.101912448,-0.111478542,-0.180776007,-0.192549632,-0.052437057,-0.215399346,-0.186887135,6.063058632,-0.225693664,0.364014611,-0.129401116,-0.230512847,-0.318153801,-0.161492635,-0.188668509,-0.047999271,-0.224540743,-0.227692469,-0.120921906,-0.100681083,-0.144248806,0.244586112,-0.151956182,-0.121293958,-0.238289203,-0.171091077
1993/01/07,-0.054024469,-0.094913243,-0.068142653,-0.175859108,-0.11522706,-0.099767197,0.422372579,0.366903627,-0.116496188,-0.06226948,-0.076409146,-0.131144227,-0.142862423,-0.186399165,-0.204719826,-0.107419101,-0.107191453,-0.125253122,-0.064680709,-0.08624063,-0.312960679,-0.219035474,0.285859868,-0.132459945,-0.06190118,-0.288250359,-0.176611253,-0.272537745,-0.166203762,0.033148755,-0.183536782,-0.123059896,-0.088622261,-0.168077708,-0.139696072,-0.19814998,-0.400671753,-0.247677772,-0.1241152,-0.138720218,-0.210689868,-0.222847048,-0.282924878,-0.331051476,-0.115045306,-0.16632463,-0.145769598,1.195415829,-0.052076453,-0.058334401,-0.306173263,-0.117447798,-0.094132357,-0.07889364,-0.068933689,-0.036514822,-0.106922282,-0.040060342,-0.102713986,-0.091115427,-0.12217926,-0.124927466,-0.137818369,-0.198186505,-0.27831091,-0.21150647,-0.085306426,-0.072286843,0.114786947,-0.225210697,-0.130138537,-0.160467164,-0.198678764,-0.246123384,-0.207041967,-0.262323046,-0.070981797,-0.343511689,-0.089972778,-0.095493748,-0.202268101,0.753520243,-0.101912448,-0.111478542,-0.180776007,-0.192549632,-0.052437057,-0.215399346,-0.186887135,-0.26118099,-0.225693664,-0.091125796,-0.129401116,1.209198155,-0.355505897,-0.161492635,-0.188668509,-0.047999271,-0.224540743,-0.227692469,-0.120921906,-0.100681083,-0.144248806,-0.313752311,-0.151956182,-0.121293958,1.91861816,-0.171091077
1993/01/21,-0.054024469,-0.094913243,-0.068142653,-0.175859108,-0.11522706,-0.099767197,-0.137038215,0.746571516,-0.116496188,-0.06226948,-0.076409146,-0.131144227,-0.142862423,-0.186399165,-0.204719826,-0.107419101,-0.107191453,-0.125253122,-0.064680709,-0.08624063,-0.300086623,-0.071996485,-0.074941644,-0.132459945,-0.06190118,-0.288250359,-0.176611253,-0.272537745,-0.166203762,-0.190159297,-0.183536782,-0.123059896,-0.088622261,-0.168077708,-0.139696072,-0.19814998,-0.400671753,-0.247677772,-0.1241152,-0.138720218,-0.210689868,-0.222847048,-0.282924878,-0.331051476,-0.115045306,-0.16632463,0.001096887,-0.200900416,-0.052076453,-0.058334401,-0.306173263,-0.117447798,-0.094132357,-0.07889364,-0.068933689,-0.108252557,-0.106922282,-0.040060342,-0.102713986,-0.091115427,-0.12217926,-0.124927466,-0.137818369,-0.198186505,0.012698821,-0.21150647,-0.085306426,-0.072286843,0.206582376,-0.225210697,-0.130138537,-0.160467164,-0.187366069,0.266580012,-0.207041967,-0.266622577,-0.070981797,-0.343511689,-0.089972778,-0.095493748,3.859772274,-0.504890309,-0.101912448,-0.111478542,-0.180776007,-0.192549632,-0.052437057,-0.215399346,-0.186887135,-0.233237041,-0.225693664,-0.091125796,-0.129401116,-0.230512847,-0.354992448,-0.161492635,-0.188668509,-0.047999271,-0.224540743,0.085148594,-0.120921906,-0.100681083,-0.144248806,-0.311542404,-0.151956182,-0.121293958,4.075525523,-0.171091077
1993/02/07,-0.054024469,-0.094913243,-0.068142653,-0.175859108,-0.11522706,-0.099767197,-0.137038215,7.089059187,-0.116496188,-0.06226948,-0.076409146,-0.131144227,-0.142862423,-0.186399165,-0.204719826,-0.107419101,-0.107191453,-0.125253122,-0.064680709,-0.08624063,4.554676905,-0.219035474,-0.074941644,-0.132459945,1.83289727,-0.288250359,-0.176611253,-0.272537745,-0.166203762,-0.190159297,-0.183536782,0.423147841,-0.088622261,-0.168077708,-0.139696072,-0.19814998,-0.400671753,-0.247677772,-0.1241152,-0.138720218,-0.210689868,-0.222847048,-0.282924878,-0.331051476,-0.115045306,-0.16632463,-0.145769598,-0.200900416,-0.052076453,-0.058334401,-0.306173263,-0.117447798,-0.094132357,-0.07889364,-0.068933689,0.134041642,-0.106922282,-0.040060342,-0.102713986,-0.091115427,-0.12217926,-0.124927466,-0.137818369,-0.198186505,-0.27831091,-0.21150647,-0.085306426,-0.072286843,0.145310399,-0.225210697,-0.130138537,-0.160467164,-0.06212039,-0.246123384,-0.207041967,-0.22305758,-0.070981797,-0.343511689,-0.089972778,-0.095493748,1.828752086,2.249455788,-0.101912448,-0.111478542,-0.180776007,-0.192549632,-0.052437057,-0.215399346,-0.186887135,-0.237585818,-0.225693664,-0.091125796,-0.129401116,-0.230512847,-0.307559433,-0.161492635,-0.188668509,-0.047999271,1.643587797,-0.004234567,-0.120921906,-0.100681083,-0.144248806,-0.309884974,-0.151956182,-0.121293958,-0.238289203,-0.171091077
1993/02/21,-0.054024469,-0.094913243,-0.068142653,-0.175859108,-0.11522706,-0.099767197,-0.137038215,1.99405172,-0.116496188,-0.06226948,-0.076409146,-0.131144227,-0.142862423,-0.186399165,-0.204719826,-0.107419101,-0.107191453,-0.125253122,-0.064680709,-0.08624063,-0.312960679,-0.219035474,-0.074941644,-0.132459945,-0.06190118,-0.288250359,-0.176611253,-0.272537745,-0.166203762,-0.190159297,-0.183536782,-0.176966408,-0.088622261,-0.168077708,-0.139696072,-0.19814998,-0.400671753,-0.247677772,-0.1241152,-0.138720218,-0.210689868,-0.222847048,-0.282924878,-0.331051476,-0.115045306,-0.16632463,-0.145769598,-0.200900416,-0.052076453,-0.058334401,-0.306173263,-0.117447798,-0.094132357,-0.07889364,-0.068933689,-0.036514822,-0.106922282,-0.040060342,-0.102713986,-0.091115427,-0.12217926,-0.124927466,-0.137818369,-0.198186505,-0.27831091,-0.21150647,-0.085306426,-0.072286843,0.479026501,-0.225210697,-0.130138537,-0.160467164,-0.176053373,-0.246123384,-0.207041967,-0.275221638,-0.070981797,-0.343511689,-0.089972778,-0.095493748,-0.202268101,-0.504890309,0.662494192,-0.111478542,-0.180776007,-0.192549632,-0.052437057,-0.215399346,-0.186887135,-0.275152965,-0.225693664,-0.091125796,-0.129401116,-0.230512847,-0.355505897,-0.161492635,-0.188668509,-0.047999271,-0.224540743,0.040457013,-0.120921906,-0.100681083,-0.144248806,-0.300492871,-0.151956182,-0.121293958,-0.238289203,-0.171091077
1993/03/07,-0.054024469,-0.094913243,-0.068142653,-0.175859108,-0.11522706,-0.099767197,-0.137038215,-0.39243215,-0.116496188,-0.06226948,-0.076409146,-0.131144227,-0.142862423,-0.186399165,-0.204719826,-0.107419101,-0.107191453,-0.125253122,-0.064680709,-0.08624063,-0.312960679,-0.219035474,-0.074941644,-0.132459945,-0.06190118,-0.288250359,-0.176611253,-0.272537745,-0.166203762,-0.190159297,-0.183536782,-0.176966408,-0.088622261,-0.168077708,-0.139696072,-0.19814998,-0.400671753,-0.247677772,-0.1241152,-0.138720218,-0.210689868,-0.222847048,-0.282924878,-0.331051476,-0.115045306,-0.16632463,-0.145769598,-0.200900416,-0.052076453,-0.058334401,-0.306173263,-0.117447798,-0.094132357,-0.07889364,-0.068933689,-0.108252557,-0.106922282,-0.040060342,-0.102713986,-0.091115427,-0.12217926,-0.124927466,-0.137818369,-0.198186505,-0.132806045,-0.21150647,-0.085306426,-0.072286843,-0.104109844,-0.225210697,-0.130138537,-0.160467164,-0.209991459,-0.246123384,-0.207041967,-0.268772342,-0.070981797,-0.343511689,-0.089972778,-0.095493748,-0.202268101,-0.504890309,-0.101912448,-0.111478542,-0.180776007,-0.192549632,-0.052437057,-0.215399346,-0.186887135,-0.275152965,-0.225693664,-0.091125796,-0.129401116,-0.230512847,-0.355505897,-0.161492635,-0.188668509,-0.047999271,-0.224540743,-0.227692469,-0.120921906,-0.100681083,-0.144248806,-0.314857264,-0.151956182,-0.121293958,-0.238289203,-0.171091077
1993/03/21,-0.054024469,-0.094913243,-0.068142653,-0.175859108,-0.11522706,-0.099767197,1.752371741,0.42168428,-0.116496188,-0.06226948,-0.076409146,-0.131144227,-0.142862423,-0.186399165,-0.204719826,-0.107419101,-0.107191453,-0.125253122,-0.064680709,-0.08624063,-0.291766765,-0.219035474,-0.074941644,0.109292431,0.519888071,-0.288250359,-0.176611253,0.708587106,-0.166203762,-0.190159297,2.016241408,0.065612897,-0.088622261,-0.168077708,-0.139696072,-0.19814998,-0.400671753,-0.247677772,-0.1241152,-0.138720218,-0.210689868,-0.222847048,-0.282924878,-0.331051476,-0.115045306,-0.16632463,0.350271956,-0.200900416,-0.052076453,-0.058334401,-0.147994908,2.357595061,-0.094132357,-0.07889364,-0.068933689,0.134041642,-0.106922282,-0.040060342,-0.102713986,-0.091115427,-0.12217926,-0.124927466,-0.137818369,-0.198186505,-0.27831091,-0.21150647,-0.085306426,-0.072286843,-0.003351121,-0.225210697,-0.130138537,-0.160467164,-0.103906659,-0.246123384,-0.207041967,-0.243501849,-0.070981797,-0.343511689,-0.089972778,-0.095493748,-0.202268101,1.620250512,5.061654409,-0.111478542,-0.180776007,-0.192549632,-0.052437057,-0.215399346,-0.186887135,-0.275152965,-0.225693664,-0.091125796,-0.129401116,-0.230512847,-0.224416075,-0.161492635,-0.188668509,-0.047999271,-0.224540743,-0.227692469,-0.120921906,-0.100681083,-0.144248806,3.506187235,-0.151956182,-0.121293958,-0.238289203,-0.171091077
1993/04/07,-0.054024469,-0.094913243,-0.068142653,-0.175859108,-0.11522706,-0.099767197,5.059888057,-0.39243215,-0.116496188,-0.06226948,-0.076409146,-0.131144227,-0.142862423,-0.186399165,-0.204719826,-0.107419101,-0.107191453,-0.125253122,-0.064680709,-0.08624063,-0.113627382,-0.219035474,-0.074941644,-0.132459945,-0.06190118,-0.288250359,-0.176611253,-0.272537745,-0.166203762,-0.190159297,-0.183536782,0.824616592,-0.088622261,7.026570813,-0.139696072,-0.19814998,-0.400671753,-0.247677772,-0.1241152,-0.138720218,-0.210689868,-0.222847048,-0.282924878,-0.331051476,-0.115045306,-0.16632463,-0.145769598,-0.200900416,-0.052076453,-0.058334401,-0.306173263,-0.117447798,-0.094132357,-0.07889364,-0.068933689,-0.108252557,-0.106922282,-0.040060342,-0.102713986,-0.091115427,-0.12217926,-0.124927466,-0.137818369,-0.198186505,-0.27831091,-0.21150647,-0.085306426,-0.072286843,0.18015,-0.225210697,-0.130138537,-0.160467164,0.10529336,-0.246123384,-0.207041967,-0.235278996,-0.070981797,-0.343511689,-0.089972778,-0.095493748,-0.202268101,-0.504890309,-0.101912448,-0.111478542,-0.180776007,-0.192549632,-0.052437057,-0.215399346,-0.186887135,-0.210253143,-0.225693664,-0.091125796,-0.129401116,-0.230512847,0.491157855,-0.161492635,-0.188668509,-0.047999271,-0.224540743,-0.227692469,-0.120921906,-0.100681083,-0.144248806,5.033216109,-0.151956182,-0.121293958,-0.238289203,-0.171091077
1993/04/21,-0.054024469,-0.094913243,-0.068142653,-0.175859108,-0.11522706,-0.099767197,-0.137038215,0.523516631,-0.116496188,-0.06226948,-0.076409146,-0.131144227,-0.142862423,-0.186399165,-0.204719826,-0.107419101,-0.107191453,-0.125253122,-0.064680709,-0.08624063,-0.312960679,-0.219035474,-0.074941644,-0.132459945,-0.06190118,-0.288250359,-0.176611253,-0.272537745,-0.166203762,-0.190159297,2.016241408,-0.176966408,-0.088622261,-0.168077708,-0.139696072,-0.19814998,-0.400671753,-0.247677772,-0.1241152,-0.138720218,-0.210689868,-0.222847048,-0.282924878,-0.331051476,-0.115045306,-0.16632463,-0.145769598,-0.200900416,-0.052076453,-0.058334401,-0.306173263,-0.117447798,-0.094132357,-0.07889364,-0.068933689,0.134041642,-0.106922282,-0.040060342,-0.102713986,-0.091115427,-0.12217926,-0.124927466,-0.137818369,-0.198186505,0.704574455,-0.21150647,-0.085306426,-0.072286843,0.003306989,-0.225210697,-0.130138537,-0.160467164,-0.209991459,-0.246123384,-0.207041967,-0.266622577,-0.070981797,-0.343511689,-0.089972778,-0.095493748,-0.202268101,-0.504890309,0.280290872,-0.111478542,-0.180776007,-0.192549632,-0.052437057,-0.215399346,-0.186887135,-0.275152965,-0.225693664,-0.091125796,-0.129401116,-0.230512847,-0.342590099,-0.161492635,-0.188668509,-0.047999271,-0.224540743,-0.227692469,-0.120921906,-0.100681083,-0.144248806,1.801172486,-0.151956182,-0.121293958,-0.238289203,-0.171091077
1993/05/07,-0.044372948,-0.094913243,-0.068142653,0.34984031,-0.11522706,-0.066118899,-0.130698226,-0.201385788,-0.116496188,-0.058209237,-0.075166435,-0.111476657,-0.04901507,0.464373416,0.138240863,-0.107419101,-0.092744584,0.235662994,-0.033764502,-0.078911529,-0.239597081,-0.107481894,-0.067785748,-0.098077385,0.003555494,-0.226141329,0.038010109,-0.121712098,-0.071208627,-0.089627817,0.033021692,-0.11758294,-0.076072452,-0.138811386,0.014832814,-0.141570949,-0.323396769,-0.247677772,-0.09870632,-0.113714972,0.011862565,-0.084431535,0.062618043,-0.278179834,-0.102770673,0.104302759,0.962829071,-0.177628478,-0.051549812,-0.048928738,-0.056718009,-0.095463701,-0.094085967,-0.060821216,-0.061392549,-0.053284786,-0.106922282,-0.039837368,-0.091795136,-0.065804844,-0.010168429,-0.118900883,-0.056543054,-0.094632093,-0.208499439,-0.091858496,-0.077832441,-0.068162676,-0.039224643,-0.125441086,0.205718804,-0.074380968,-0.151878829,-0.200725829,-0.0935169,-0.174632766,-0.032609203,-0.008018338,-0.087666673,-0.074806853,-0.125540672,-0.244154634,0.057084133,-0.107887324,-0.13885041,-0.167328081,-0.052340096,-0.215399346,-0.186887135,-0.227165054,-0.194837558,-0.087111132,-0.12077872,0.012347494,0.205508246,-0.042158356,-0.17712655,-0.047999271,-0.16538334,-0.168672723,0.393223983,0.821519533,-0.037270387,0.35363369,-0.13968054,-7.17E-04,0.011214869,0.288816432
1993/05/21,-0.054024469,-0.094913243,-0.068142653,-0.175859108,-0.11522706,-0.099767197,-0.137038215,-0.202598205,-0.116496188,-0.06226948,-0.076409146,-0.131144227,-0.142862423,-0.186399165,-0.204719826,-0.107419101,-0.107191453,-0.125253122,-0.064680709,-0.08624063,-0.312960679,-0.219035474,-0.074941644,-0.132459945,-0.06190118,-0.288250359,-0.176611253,-0.272537745,-0.166203762,-0.190159297,-0.183536782,-0.176966408,-0.088622261,-0.168077708,-0.139696072,-0.19814998,-0.400671753,-0.247677772,-0.1241152,-0.138720218,-0.210689868,-0.222847048,-0.282924878,1.110902395,-0.115045306,-0.16632463,-0.145769598,-0.200900416,-0.052076453,-0.058334401,-0.147994908,-0.117447798,-0.094132357,-0.07889364,-0.068933689,-0.036514822,-0.106922282,-0.040060342,-0.102713986,-0.091115427,-0.12217926,-0.124927466,-0.137818369,-0.198186505,-0.27831091,0.563118338,-0.085306426,-0.072286843,-0.058506346,-0.225210697,-0.130138537,-0.160467164,-0.209991459,-0.246123384,-0.207041967,-0.270922108,-0.070981797,-0.343511689,-0.089972778,-0.095493748,-0.202268101,-0.504890309,-0.101912448,-0.111478542,-0.180776007,-0.192549632,-0.052437057,-0.215399346,-0.186887135,-0.275152965,-0.225693664,-0.091125796,-0.129401116,-0.230512847,-0.352425206,-0.161492635,-0.188668509,-0.047999271,-0.224540743,-0.227692469,-0.120921906,-0.100681083,-0.144248806,-0.304360208,-0.151956182,-0.121293958,0.840164478,-0.171091077
1993/06/07,-0.054024469,-0.094913243,-0.068142653,-0.175859108,-0.11522706,-0.099767197,-0.137038215,-0.39243215,-0.116496188,-0.06226948,-0.076409146,-0.131144227,-0.142862423,-0.004368991,-0.204719826,-0.107419101,-0.107191453,-0.125253122,-0.064680709,-0.08624063,-0.312960679,-0.219035474,-0.074941644,-0.132459945,-0.06190118,-0.288250359,-0.176611253,-0.272537745,-0.166203762,-0.078505271,-0.183536782,-0.176966408,-0.088622261,-0.047069761,-0.139696072,-0.19814998,-0.400671753,-0.247677772,-0.1241152,-0.138720218,-0.210689868,-0.222847048,-0.282924878,-0.331051476,-0.115045306,-0.16632463,-0.072336355,-0.200900416,-0.052076453,-0.058334401,-0.147994908,-0.117447798,-0.094132357,-0.07889364,-0.068933689,-0.108252557,-0.106922282,-0.040060342,-0.102713986,-0.091115427,-0.12217926,-0.124927466,-0.134646475,-0.198186505,-0.132806045,0.304910069,-0.085306426,-0.072286843,-0.079984122,-0.225210697,-0.127525757,-0.160467164,-0.209991459,-0.246123384,-0.207041967,-0.262323046,-0.070981797,-0.343511689,-0.089972778,-0.095493748,-0.202268101,-0.504890309,-0.101912448,-0.111478542,-0.180776007,-0.192549632,-0.052437057,-0.215399346,-0.186887135,-0.275152965,-0.225693664,-0.082960378,-0.129401116,-0.230512847,-0.352938654,-0.161492635,-0.188668509,-0.047999271,-0.224540743,-0.227692469,-0.120921906,-0.100681083,-0.144248806,-0.295244343,-0.151956182,-0.121293958,-0.238289203,-0.171091077
1993/06/21,-0.054024469,-0.094913243,-0.068142653,-0.175859108,-0.11522706,-0.099767197,-0.137038215,-0.33819388,-0.116496188,-0.06226948,-0.076409146,-0.131144227,-0.142862423,-0.186399165,-0.204719826,-0.107419101,-0.107191453,-0.125253122,-0.064680709,-0.08624063,-0.310815003,-0.219035474,-0.074941644,-0.132459945,-0.06190118,-0.288250359,-0.176611253,-0.272537745,-0.166203762,-0.078505271,-0.183536782,-0.150013152,-0.088622261,-0.168077708,-0.139696072,-0.19814998,-0.400671753,-0.247677772,-0.1241152,-0.138720218,-0.210689868,-0.222847048,-0.282924878,-0.331051476,-0.115045306,-0.16632463,-0.145769598,0.497257707,-0.052076453,-0.058334401,-0.306173263,-0.117447798,-0.094132357,-0.07889364,-0.068933689,-0.108252557,-0.106922282,-0.040060342,-0.102713986,-0.091115427,-0.12217926,-0.124927466,-0.137818369,-0.198186505,-0.27831091,-0.21150647,-0.085306426,-0.072286843,-0.084103148,-0.225210697,-0.130138537,-0.160467164,-0.207163286,-0.246123384,-0.207041967,-0.251574218,-0.070981797,-0.343511689,-0.089972778,-0.095493748,-0.202268101,-0.504890309,-0.101912448,-0.111478542,-0.180776007,-0.192549632,-0.052437057,-0.215399346,-0.186887135,-0.275152965,-0.225693664,-0.091125796,-0.129401116,-0.230512847,-0.354992448,-0.161492635,-0.188668509,-0.047999271,-0.224540743,-0.227692469,-0.120921906,-0.100681083,-0.144248806,-0.309884974,-0.151956182,-0.121293958,-0.238289203,-0.171091077
1993/07/07,-0.054024469,-0.094913243,-0.068142653,-0.175859108,-0.11522706,-0.099767197,-0.137038215,-0.039883396,-0.116496188,-0.06226948,-0.076409146,-0.131144227,-0.142862423,0.359691357,-0.204719826,-0.107419101,-0.107191453,-0.125253122,-0.064680709,-0.08624063,-0.311887841,-0.219035474,-0.074941644,-0.132459945,-0.06190118,-0.288250359,-0.176611253,-0.272537745,-0.166203762,-0.190159297,0.142115059,0.200379178,-0.088622261,-0.168077708,-0.139696072,-0.19814998,-0.400671753,-0.247677772,-0.1241152,-0.138720218,-0.210689868,-0.222847048,-0.282924878,-0.331051476,-0.115045306,-0.16632463,-0.145769598,-0.200900416,-0.052076453,-0.058334401,-0.147994908,-0.117447798,-0.094132357,-0.07889364,-0.068933689,-0.072383689,-0.106922282,-0.040060342,-0.102713986,-0.091115427,-0.12217926,-0.124927466,-0.127509714,-0.198186505,-0.27831091,-0.21150647,-0.085306426,-0.06217859,-0.073805584,-0.225210697,-0.130138537,-0.160467164,-0.170397026,-0.246123384,-0.207041967,-0.238675626,-0.070981797,-0.343511689,-0.089972778,-0.095493748,-0.202268101,-0.504890309,0.280290872,-0.111478542,-0.180776007,-0.192549632,-0.052437057,-0.215399346,-0.186887135,-0.275152965,-0.225693664,-0.082960378,-0.129401116,-0.230512847,-0.355505897,-0.161492635,-0.188668509,-0.047999271,-0.224540743,-0.227692469,-0.120921906,-0.100681083,-0.144248806,-0.286680955,-0.151956182,-0.121293958,-0.238289203,-0.171091077
1993/07/21,-0.054024469,-0.094913243,-0.068142653,-0.175859108,-0.11522706,-0.099767197,-0.137038215,-0.121240801,-0.116496188,-0.06226948,-0.076409146,-0.131144227,-0.142862423,-0.186399165,-0.204719826,-0.107419101,-0.107191453,-0.125253122,-0.064680709,-0.08624063,-0.312960679,-0.219035474,-0.074941644,-0.132459945,-0.06190118,-0.288250359,-0.176611253,-0.272537745,-0.166203762,-0.190159297,-0.183536782,-0.123059896,-0.088622261,-0.168077708,-0.139696072,-0.19814998,-0.400671753,-0.247677772,-0.1241152,-0.138720218,-0.210689868,-0.222847048,-0.282924878,-0.331051476,-0.115045306,-0.16632463,-0.145769598,-0.200900416,-0.052076453,-0.058334401,-0.306173263,-0.117447798,-0.094132357,-0.07889364,-0.068933689,-0.108252557,-0.106922282,-0.040060342,-0.102713986,-0.091115427,-0.12217926,-0.124927466,-0.137818369,-0.198186505,-0.27831091,-0.004939854,-0.085306426,-0.072286843,0.067123936,-0.225210697,-0.130138537,-0.160467164,-0.06292642,-0.246123384,-0.207041967,-0.262323046,-0.070981797,-0.343511689,-0.089972778,-0.095493748,-0.202268101,-0.504890309,1.426900833,-0.111478542,-0.180776007,-0.192549632,-0.052437057,-0.215399346,-0.186887135,-0.275152965,-0.225693664,-0.091125796,-0.129401116,-0.230512847,-0.355505897,-0.161492635,-0.188668509,-0.047999271,-0.224540743,-0.227692469,-0.120921906,-0.100681083,-0.144248806,-0.293863151,-0.151956182,-0.121293958,-0.238289203,-0.171091077
1993/08/07,-0.054024469,-0.094913243,-0.068142653,-0.175859108,-0.11522706,-0.099767197,-0.137038215,-0.33819388,-0.116496188,-0.06226948,-0.076409146,-0.131144227,-0.142862423,-0.186399165,-0.204719826,-0.107419101,-0.107191453,-0.125253122,-0.064680709,-0.08624063,-0.304377975,-0.219035474,-0.074941644,-0.132459945,-0.06190118,-0.288250359,-0.176611253,-0.272537745,-0.166203762,-0.190159297,-0.183536782,0.038659641,-0.088622261,-0.168077708,-0.139696072,0.148724191,-0.400671753,-0.247677772,-0.1241152,-0.138720218,-0.210689868,-0.222847048,-0.282924878,-0.331051476,-0.115045306,-0.16632463,-0.145769598,-0.200900416,-0.052076453,-0.058334401,-0.306173263,-0.117447798,-0.094132357,-0.07889364,-0.068933689,-0.108252557,-0.106922282,-0.040060342,-0.102713986,-0.091115427,-0.12217926,-0.124927466,-0.12671674,-0.198186505,-0.27831091,-0.21150647,-0.085306426,-0.072286843,-0.08998747,-0.225210697,-0.130138537,-0.160467164,-0.209991459,-0.246123384,-0.207041967,-0.240825391,-0.070981797,-0.343511689,-0.089972778,-0.095493748,-0.202268101,-0.504890309,-0.101912448,-0.111478542,-0.180776007,-0.192549632,-0.052437057,-0.215399346,-0.186887135,-0.275152965,-0.225693664,-0.091125796,-0.129401116,-0.230512847,-0.355505897,-0.161492635,-0.188668509,-0.047999271,-0.224540743,-0.227692469,-0.120921906,-0.100681083,-0.144248806,-0.268449226,-0.151956182,-0.121293958,-0.238289203,-0.171091077
1993/08/21,-0.054024469,-0.094913243,-0.068142653,-0.175859108,-0.11522706,-0.099767197,-0.137038215,0.340326875,-0.116496188,-0.06226948,-0.076409146,-0.131144227,-0.142862423,-0.186399165,-0.204719826,-0.107419101,-0.107191453,-0.125253122,-0.064680709,-0.08624063,-0.139032185,-0.219035474,-0.074941644,-0.132459945,-0.06190118,-0.288250359,-0.176611253,-0.272537745,-0.166203762,-0.190159297,-0.183536782,-0.176966408,-0.088622261,-0.168077708,-0.139696072,-0.19814998,-0.400671753,-0.247677772,-0.1241152,-0.138720218,-0.210689868,-0.222847048,-0.282924878,-0.331051476,-0.115045306,-0.16632463,-0.145769598,-0.200900416,-0.052076453,-0.058334401,-0.306173263,-0.117447798,-0.094132357,-0.07889364,-0.068933689,-0.108252557,-0.106922282,-0.040060342,-0.102713986,-0.091115427,-0.12217926,-0.124927466,-0.105679153,-0.198186505,-0.27831091,-0.21150647,-0.085306426,-0.072286843,-0.040512088,-0.225210697,-0.130138537,-0.160467164,-0.171782831,-0.246123384,-0.207041967,-0.246178307,-0.070981797,-0.343511689,-0.089972778,-0.095493748,-0.202268101,-0.504890309,-0.101912448,-0.111478542,-0.180776007,-0.192549632,-0.052437057,-0.215399346,-0.186887135,-0.275152965,-0.225693664,-0.091125796,-0.129401116,-0.230512847,0.352036415,-0.161492635,-0.188668509,-0.047999271,-0.224540743,1.583657281,-0.120921906,-0.100681083,-0.144248806,5.156225034,-0.151956182,-0.121293958,-0.238289203,-0.171091077
1993/09/07,-0.047083101,0.042309096,-0.054523193,-0.175859108,0.079957388,0.114384834,-0.135795079,-0.156644099,-0.116496188,-0.060046098,-0.076409146,-0.120296524,-0.100631114,0.115273952,0.312947667,0.44211192,0.259794063,0.243561233,-0.032228223,-0.082281607,0.033283258,-0.196036709,-0.070130958,0.151656657,-0.058456092,-0.008020332,-0.107932417,0.898645005,0.112598125,0.17334793,0.134801849,0.092944013,-0.06086098,0.047026019,-0.139696072,-0.055485589,-0.138739666,-0.147833045,-0.1241152,-0.063704479,-0.050815467,-0.084376404,0.299283724,0.356050988,0.084460824,-0.120219199,-0.054669017,0.486831879,-0.052017216,-0.056760231,0.235951662,-0.082901361,-0.083387719,-0.07889364,-0.066462058,-0.037541241,0.207387281,-0.039947085,-0.08021565,-0.09020416,-0.122040537,-0.124875633,-0.001051408,0.146046567,-0.229781573,0.784616769,-0.025514543,-0.068162034,-0.038453371,-0.105487163,-0.127881012,0.544238436,-0.165162749,0.853568433,-0.03601719,-0.194373532,0.17050973,0.151470005,0.007748403,-0.087736163,-0.141788833,-0.04036703,-0.101912448,-0.090392961,-0.046918343,-0.081123562,-0.052424465,-0.215399346,-0.133962773,-0.272927429,-0.223558202,-0.086492504,-0.103533929,-0.127287853,0.144617352,0.055006329,0.892400823,-0.012866605,-0.057788032,1.14890681,0.113257252,0.217401148,0.502834073,1.817152401,1.029641083,0.085814632,-0.205216624,0.066199967
1993/09/21,-0.054024469,-0.094913243,-0.068142653,-0.175859108,-0.11522706,-0.099767197,-0.137038215,-0.202598205,-0.116496188,-0.06226948,-0.076409146,-0.131144227,-0.142862423,-0.186399165,-0.204719826,-0.107419101,-0.107191453,-0.125253122,-0.064680709,-0.08624063,-0.309742165,-0.219035474,-0.074941644,-0.132459945,-0.06190118,-0.288250359,-0.176611253,-0.272537745,-0.166203762,-0.078505271,-0.183536782,-0.150013152,-0.088622261,-0.168077708,-0.139696072,-0.024712895,-0.400671753,-0.247677772,-0.1241152,-0.138720218,-0.210689868,-0.222847048,-0.282924878,-0.331051476,-0.115045306,-0.16632463,-0.145769598,1.893573951,-0.052076453,-0.058334401,-0.147994908,-0.117447798,-0.094132357,-0.07889364,-0.068933689,-0.072383689,-0.106922282,-0.040060342,-0.102713986,-0.091115427,-0.12217926,-0.124927466,-0.136232422,-0.198186505,-0.27831091,-0.21150647,-0.085306426,-0.072286843,0.386348424,-0.225210697,-0.130138537,-0.160467164,-0.201506938,0.779283408,-0.207041967,-0.240825391,-0.070981797,-0.343511689,-0.089972778,-0.095493748,-0.202268101,-0.504890309,-0.101912448,-0.111478542,-0.180776007,-0.192549632,-0.052437057,-0.215399346,-0.186887135,-0.275152965,-0.225693664,-0.091125796,-0.129401116,-0.230512847,-0.354350637,-0.161492635,-0.188668509,-0.047999271,-0.224540743,-0.227692469,-0.120921906,-0.100681083,-0.144248806,-0.180605439,-0.151956182,-0.121293958,-0.238289203,-0.171091077
1993/10/07,-0.054024469,-0.094913243,-0.068142653,-0.175859108,-0.11522706,-0.099767197,-0.137038215,-0.33819388,-0.116496188,-0.06226948,-0.076409146,-0.131144227,-0.142862423,-0.186399165,-0.204719826,-0.107419101,-0.107191453,-0.125253122,-0.064680709,-0.08624063,-0.308669327,-0.219035474,-0.074941644,0.189876557,-0.06190118,-0.288250359,-0.176611253,-0.272537745,-0.166203762,-0.190159297,8.934714782,-0.069153384,-0.088622261,-0.168077708,-0.139696072,-0.19814998,-0.400671753,-0.247677772,-0.1241152,-0.138720218,-0.210689868,4.022238406,-0.282924878,-0.331051476,-0.115045306,-0.16632463,-0.145769598,-0.200900416,-0.052076453,-0.058334401,-0.306173263,-0.117447798,-0.094132357,-0.07889364,-0.068933689,-0.108252557,-0.106922282,-0.040060342,-0.102713986,-0.091115427,-0.12217926,-0.124927466,-0.12671674,-0.198186505,-0.27831091,-0.21150647,-0.085306426,-0.072286843,-0.016433441,9.226647189,-0.130138537,-0.160467164,-0.176053373,-0.246123384,-0.207041967,-0.258023515,-0.070981797,-0.343511689,-0.089972778,-0.095493748,-0.202268101,-0.504890309,2.191307473,-0.111478542,-0.180776007,-0.192549632,-0.052437057,-0.215399346,-0.186887135,-0.275152965,-0.225693664,-0.091125796,-0.129401116,-0.230512847,-0.329833471,-0.161492635,-0.188668509,-0.047999271,-0.224540743,-0.227692469,-0.120921906,-0.100681083,-0.144248806,-0.286128478,-0.151956182,-0.121293958,-0.238289203,-0.171091077
1993/10/21,-0.054024469,-0.094913243,-0.068142653,-0.175859108,-0.11522706,-0.099767197,-0.137038215,-0.012764261,-0.116496188,-0.06226948,-0.076409146,-0.131144227,-0.142862423,-0.186399165,-0.204719826,-0.107419101,-0.107191453,-0.125253122,-0.064680709,-0.08624063,-0.203531205,-0.219035474,-0.074941644,0.028708306,0.110353225,-0.288250359,-0.176611253,-0.272537745,-0.166203762,0.256456806,-0.183536782,0.416005228,-0.088622261,0.122341366,-0.139696072,0.495598361,-0.400671753,-0.247677772,-0.1241152,-0.138720218,-0.210689868,8.26732386,-0.282924878,8.32067175,-0.115045306,-0.16632463,-0.145769598,1.195415829,-0.052076453,-0.058334401,-0.306173263,-0.117447798,-0.094132357,-0.07889364,-0.068933689,-0.108252557,-0.106922282,-0.040060342,-0.102713986,-0.091115427,-0.12217926,-0.124927466,-0.137818369,-0.198186505,-0.27831091,-0.21150647,-0.085306426,-0.072286843,-0.065861749,9.226647189,-0.130138537,-0.160467164,-0.113833549,-0.246123384,-0.207041967,-0.266622577,-0.070981797,-0.343511689,-0.089972778,-0.095493748,-0.202268101,-0.504890309,-0.101912448,-0.111478542,-0.180776007,-0.192549632,-0.052437057,-0.215399346,-0.186887135,-0.275152965,-0.225693664,-0.091125796,-0.129401116,-0.230512847,0.596684359,-0.161492635,-0.188668509,-0.047999271,-0.224540743,-0.227692469,-0.120921906,-0.100681083,-0.144248806,-0.040828848,-0.151956182,-0.121293958,-0.238289203,-0.171091077
1993/11/07,1.04077081,-0.083977948,-0.059765397,0.056457554,-0.00761582,-0.012028357,0.584077261,-0.080599764,-0.116496188,0.039513625,0.056966606,-0.010715993,-0.142862423,-0.047348338,0.36912192,0.085890412,0.080808593,0.026778549,-0.036734033,-0.039694826,0.335088297,-0.172243379,1.00833984,0.082095289,-0.06190118,0.099931076,0.456521766,-0.107313595,-0.035398587,0.059395204,-0.16883722,-0.113036654,-2.20E-04,-0.064952046,0.697365648,-0.074997605,-0.016492147,-0.083003308,0.017045244,1.072471401,0.054253505,0.309262621,-0.180764284,0.609723289,0.310426853,0.432254264,0.129860038,-0.099085689,-0.050186409,-0.058334401,-0.109548781,-0.089967677,0.276373292,-0.068613632,-0.067732139,-0.025467709,-0.106922282,-0.039402257,-0.035474745,0.030222326,-0.122166358,-0.121327588,-0.051831956,0.45594326,-0.041562369,-0.081971988,-0.073628324,-0.068861268,0.032121923,0.874224162,-0.119188448,-0.066623201,-0.13631046,-0.003568392,0.170760612,-0.197804852,-0.068761161,-0.153741854,0.439447871,-0.086066127,0.143287417,0.563557053,-0.101912448,0.522435287,0.47972152,-0.058786057,-0.052383496,-0.180972417,0.456290877,0.234195852,0.33486509,-0.070457081,-0.129401116,-0.061921689,1.233710686,0.229835149,-0.087976941,-0.047484427,-0.1123233,-0.180673202,-0.071997499,0.055493809,0.13723875,-0.076378993,-0.105943923,0.240732331,0.364596362,-0.073520746
1993/11/21,-0.054024469,-0.094913243,-0.068142653,-0.175859108,-0.11522706,-0.099767197,0.981783372,0.800809785,-0.116496188,-0.06226948,-0.076409146,-0.131144227,-0.142862423,-0.186399165,-0.204719826,-0.107419101,-0.107191453,-0.125253122,-0.064680709,-0.08624063,-0.312960679,-0.219035474,-0.074941644,0.028708306,0.110353225,-0.288250359,-0.176611253,-0.272537745,-0.166203762,-0.190159297,3.724285317,-0.176966408,-0.088622261,-0.168077708,-0.139696072,-0.19814998,-0.400671753,-0.247677772,-0.1241152,-0.138720218,12.50659202,-0.222847048,-0.282924878,-0.331051476,-0.115045306,-0.16632463,0.001096887,1.195415829,-0.052076453,-0.058334401,-0.306173263,-0.117447798,-0.094132357,-0.07889364,-0.068933689,-0.108252557,-0.106922282,-0.040060342,-0.102713986,-0.091115427,-0.12217926,-0.124927466,-0.137818369,-0.198186505,-0.27831091,-0.21150647,-0.085306426,-0.072286843,0.630253585,-0.225210697,-0.130138537,-0.160467164,-0.187366069,-0.246123384,-0.207041967,-0.270922108,-0.070981797,-0.343511689,-0.089972778,-0.095493748,-0.202268101,1.38272552,0.662494192,-0.111478542,-0.180776007,-0.192549632,-0.052437057,-0.215399346,-0.186887135,-0.275152965,-0.225693664,-0.058464123,-0.129401116,-0.230512847,-0.353452103,-0.161492635,-0.188668509,-0.047999271,2.577652067,-0.138309308,-0.120921906,-0.100681083,-0.144248806,-0.306017637,-0.151956182,-0.121293958,8.38934025,-0.171091077
1993/12/07,-0.054024469,-0.094913243,-0.068142653,-0.175859108,-0.11522706,-0.099767197,-0.137038215,-0.121240801,-0.116496188,-0.06226948,-0.076409146,-0.131144227,-0.142862423,-0.186399165,-0.204719826,-0.107419101,-0.107191453,-0.125253122,-0.064680709,-0.08624063,-0.312960679,-0.219035474,-0.074941644,-0.132459945,0.024226022,-0.288250359,-0.176611253,0.708587106,-0.166203762,0.033148755,-0.183536782,-0.015246871,-0.088622261,-0.168077708,-0.139696072,-0.19814998,-0.400671753,-0.247677772,-0.1241152,-0.138720218,-0.210689868,-0.222847048,-0.282924878,-0.331051476,-0.115045306,-0.16632463,-0.145769598,-0.200900416,-0.052076453,-0.058334401,-0.306173263,-0.117447798,-0.094132357,-0.07889364,-0.068933689,-0.108252557,-0.106922282,-0.040060342,-0.102713986,-0.091115427,-0.12217926,-0.124927466,-0.137818369,-0.198186505,-0.27831091,-0.21150647,-0.085306426,-0.072286843,-0.0028995,-0.225210697,-0.130138537,-0.160467164,-0.181709721,-0.246123384,-0.207041967,-0.262323046,-0.070981797,-0.343511689,-0.089972778,-0.095493748,-0.202268101,-0.504890309,-0.101912448,-0.111478542,-0.180776007,-0.192549632,-0.052437057,-0.215399346,-0.186887135,-0.275152965,-0.225693664,-0.091125796,-0.129401116,-0.230512847,-0.353452103,-0.161492635,-0.188668509,-0.047999271,-0.224540743,-0.227692469,-0.120921906,-0.100681083,-0.144248806,-0.272869039,-0.151956182,-0.121293958,-0.238289203,-0.171091077
1993/12/21,-0.054024469,-0.094913243,-0.068142653,-0.175859108,-0.11522706,-0.099767197,2.464221975,-0.256836475,-0.116496188,-0.06226948,-0.076409146,-0.131144227,-0.142862423,-0.186399165,-0.204719826,-0.107419101,-0.107191453,-0.125253122,-0.064680709,-0.08624063,-0.143344994,-0.219035474,-0.074941644,-0.132459945,0.338590311,-0.288250359,-0.176611253,4.289692811,-0.166203762,-0.190159297,-0.183536782,22.71443409,-0.088622261,-0.168077708,-0.139696072,-0.024712895,-0.400671753,-0.247677772,-0.1241152,-0.138720218,-0.210689868,19.51680031,-0.282924878,-0.331051476,-0.115045306,-0.16632463,-0.145769598,-0.200900416,-0.052076453,-0.058334401,-0.306173263,-0.117447798,-0.094132357,-0.07889364,-0.068933689,-0.108252557,-0.106922282,-0.040060342,-0.102713986,-0.091115427,-0.12217926,-0.124927466,-0.128857769,-0.198186505,-0.27831091,-0.21150647,-0.085306426,-0.072286843,0.176336959,-0.225210697,-0.130138537,-0.160467164,0.237142825,-0.246123384,-0.207041967,0.253190711,-0.070981797,-0.343511689,-0.089972778,-0.095493748,-0.202268101,-0.504890309,0.280290872,-0.111478542,-0.180776007,-0.192549632,-0.052437057,-0.215399346,-0.186887135,-0.275152965,1.83384072,-0.091125796,-0.129401116,-0.230512847,-0.053482649,-0.161492635,-0.188668509,-0.047999271,-0.224540743,-0.227692469,-0.120921906,-0.100681083,-0.144248806,0.630375029,-0.151956182,-0.121293958,9.791330036,-0.171091077
1994/01/07,-0.054024469,-0.094913243,-0.068142653,-0.175859108,-0.11522706,-0.099767197,-0.137038215,-0.22971734,-0.116496188,-0.06226948,-0.076409146,-0.131144227,-0.142862423,-0.186399165,-0.204719826,-0.107419101,-0.107191453,-0.125253122,-0.064680709,-0.08624063,-0.312960679,-0.219035474,0.285859868,-0.132459945,-0.06190118,9.028104079,-0.176611253,-0.272537745,-0.166203762,-0.190159297,-0.183536782,-0.176966408,-0.088622261,-0.07127135,-0.139696072,-0.19814998,-0.400671753,-0.247677772,-0.1241152,-0.138720218,-0.210689868,-0.222847048,-0.282924878,-0.331051476,-0.115045306,-0.16632463,-0.145769598,3.988048317,-0.052076453,-0.058334401,-0.306173263,-0.117447798,-0.094132357,-0.07889364,-0.068933689,-0.108252557,-0.106922282,-0.040060342,-0.102713986,-0.091115427,-0.12217926,-0.124927466,-0.137818369,-0.198186505,-0.27831091,-0.21150647,-0.085306426,-0.072286843,0.046528808,-0.225210697,-0.130138537,-0.160467164,-0.209991459,-0.246123384,-0.207041967,-0.202129613,-0.070981797,-0.343511689,-0.089972778,-0.095493748,-0.202268101,-0.504890309,-0.101912448,-0.111478542,-0.180776007,-0.192549632,-0.052437057,-0.215399346,-0.186887135,-0.275152965,-0.225693664,-0.091125796,-0.129401116,-0.230512847,-0.355505897,-0.161492635,-0.188668509,-0.047999271,-0.224540743,-0.227692469,-0.120921906,-0.100681083,-0.144248806,-0.288338385,-0.151956182,-0.121293958,-0.238289203,-0.171091077
1994/01/21,-0.054024469,-0.094913243,-0.068142653,-0.175859108,-0.11522706,-0.099767197,-0.137038215,0.529618437,-0.116496188,-0.06226948,-0.076409146,-0.131144227,-0.142862423,-0.186399165,-0.204719826,-0.107419101,-0.107191453,-0.125253122,-0.064680709,-0.08624063,-0.312960679,0.075042504,-0.074941644,-0.132459945,-0.06190118,9.028104079,-0.176611253,-0.272537745,-0.166203762,-0.190159297,-0.183536782,-0.176966408,-0.088622261,-0.168077708,-0.139696072,-0.19814998,-0.400671753,-0.247677772,-0.1241152,-0.138720218,-0.210689868,-0.222847048,-0.282924878,-0.331051476,-0.115045306,-0.16632463,1.176028769,-0.200900416,-0.052076453,-0.058334401,-0.306173263,-0.117447798,-0.094132357,-0.07889364,-0.068933689,-0.108252557,-0.106922282,-0.040060342,-0.102713986,-0.091115427,-0.12217926,-0.124927466,-0.137818369,-0.198186505,-0.27831091,0.614759992,-0.085306426,-0.072286843,0.081834742,-0.225210697,-0.130138537,-0.160467164,-0.209991459,-0.246123384,-0.207041967,-0.270922108,-0.070981797,-0.343511689,-0.089972778,-0.095493748,-0.202268101,-0.504890309,-0.101912448,-0.111478542,-0.180776007,-0.192549632,-0.052437057,-0.215399346,-0.186887135,-0.275152965,-0.225693664,-0.091125796,-0.129401116,-0.230512847,-0.354479,-0.161492635,-0.188668509,-0.047999271,-0.224540743,-0.227692469,-0.120921906,-0.100681083,-0.144248806,-0.303807731,-0.151956182,-0.121293958,1.91861816,-0.171091077
1994/02/07,-0.049687397,-0.079563077,-0.057471231,-0.175859108,-0.112516165,-0.02290231,-0.047046043,0.635768701,0.461568692,-0.022696457,-0.04846372,0.062663393,0.539862498,-0.156720332,-0.172247408,-0.090388141,-0.107191453,-0.119719108,-0.062358739,-0.08624063,0.147123099,-0.063614552,0.007321847,0.450607078,0.024226022,-0.115135905,-0.176611253,-0.189253855,-0.125987264,0.026356275,-0.178817191,0.038818589,-0.084032042,0.055244171,0.078154801,0.002469688,0.056716737,-0.139150894,0.023182655,-0.118335507,-0.210689868,-0.167769335,-0.264074461,0.038841039,-0.092958533,0.082835597,-0.113700201,-0.079481612,-0.022384502,-0.057821085,-0.125916529,-0.021333753,-0.084791283,-0.069288904,-0.051226829,1.076354908,0.301148708,-0.039555995,0.612317088,0.807201547,-0.045057618,0.942042528,-0.06614823,0.340159552,1.141293401,0.247808798,-0.080432088,-0.071537269,-0.028113763,-0.060830559,-0.010522253,0.49795607,0.541695193,-0.235481869,0.079769771,0.070315319,-0.070981797,-0.257837428,-0.081591216,-0.093807317,0.064960331,0.069789271,-0.033543159,-0.087234499,-0.045591749,-0.007453864,-0.052198212,0.411042465,0.025412972,-0.096641308,-0.029238045,0.058632706,0.079866031,-0.07501611,-0.151516506,0.171786416,-0.169850098,-0.047533673,0.176594414,-0.087295673,-0.120034053,-0.100590895,-0.11946519,-0.291875608,-0.031498839,-0.021070176,-0.158651837,-0.073351059
1994/02/21,-0.049038133,-0.057060297,-0.068142653,-0.032895008,-0.101160527,-0.06765659,-0.118032591,0.548964896,-0.116496188,0.002625593,-0.054867484,0.169679692,1.024714957,-0.090883332,-0.050011949,0.088008652,-0.099459666,-0.036474086,-0.063559337,-0.085990691,0.233316024,0.133538303,-0.065545772,-0.121454243,-0.058312546,-0.094159641,-0.102319243,-0.229564866,-0.166203762,0.057087966,-0.129768443,-0.040885649,0.030818587,0.235606245,-0.087502634,0.019131235,0.525782092,1.208073696,-0.093711412,-0.095928502,-0.210689868,-0.033755444,-0.123539869,-0.118389689,-0.062353979,0.834477963,-0.059339837,0.22575177,-0.050411931,-0.051291842,0.640508415,0.161715332,-0.048672011,-0.045822516,-0.056761837,-0.023765097,-0.05655216,-0.03595597,0.963803816,-0.075231395,-0.085718553,0.754354853,-0.123558409,0.318196538,0.076932379,0.132424423,-0.033204124,-0.069946455,-0.027583627,0.198911132,0.025357372,-0.041598144,0.403722264,-0.238036098,0.2771853,0.426794537,-0.070981797,-0.079095081,-0.071634614,-0.075227569,0.267017836,0.633086621,-0.055198709,-0.095569925,-0.035716264,0.853066917,0.059722232,1.343591982,-0.147508889,0.021018349,-0.112120924,0.970251381,0.138252412,0.042919445,-0.337865746,-0.159138067,-0.188668509,-0.04773931,0.892344653,0.103078259,-0.099977678,-0.100537033,-0.058323489,-0.199777007,-0.10069557,0.234575421,0.104751901,0.090847733
1994/03/07,-0.054024469,-0.094913243,-0.068142653,-0.175859108,-0.11522706,-0.099767197,-0.137038215,1.158782366,-0.116496188,-0.06226948,-0.076409146,-0.131144227,-0.142862423,-0.186399165,-0.204719826,-0.107419101,-0.107191453,-0.125253122,-0.064680709,-0.08624063,-0.312960679,-0.219035474,-0.074941644,-0.132459945,-0.06190118,-0.288250359,-0.176611253,-0.272537745,-0.166203762,-0.190159297,-0.183536782,-0.123059896,-0.088622261,-0.168077708,-0.139696072,-0.19814998,-0.400671753,-0.247677772,-0.1241152,-0.138720218,-0.210689868,-0.222847048,-0.282924878,-0.331051476,-0.115045306,-0.16632463,-0.145769598,-0.200900416,-0.052076453,-0.058334401,-0.306173263,-0.117447798,-0.094132357,-0.07889364,-0.068933689,-0.108252557,-0.106922282,-0.040060342,-0.102713986,-0.091115427,-0.12217926,-0.124927466,-0.01982391,-0.198186505,-0.27831091,-0.004939854,-0.085306426,-0.072286843,0.050353618,-0.225210697,-0.130138537,-0.160467164,-0.204335112,-0.246123384,-0.207041967,-0.182351771,-0.070981797,-0.343511689,-0.089972778,-0.095493748,-0.202268101,-0.504890309,-0.101912448,-0.111478542,-0.180776007,-0.192549632,-0.052437057,-0.215399346,-0.186887135,-0.275152965,-0.225693664,-0.091125796,-0.129401116,-0.230512847,-0.355505897,-0.161492635,-0.188668509,-0.047999271,-0.224540743,-0.227692469,-0.120921906,-0.100681083,-0.144248806,-0.292095226,-0.151956182,-0.121293958,-0.238289203,-0.171091077
1994/03/21,-0.053567313,-0.05824784,-0.05896799,-0.152432218,0.031193279,-0.081676714,-0.053925264,0.27045904,-0.042091557,-0.031764425,-0.076409146,-0.028876637,-0.002743111,-0.054338059,-0.191100512,-0.092803778,-0.102743027,-0.045701666,-0.064680709,-0.08624063,-0.13141132,0.044182636,-0.056208853,-0.04630768,-0.035865644,0.274993292,0.14532079,-0.137560078,-0.139341985,-0.151432683,0.31074897,-0.008259066,-0.08308051,-0.136611687,0.757425923,-0.028029625,-0.094496162,-0.018866938,0.394328615,-0.138720218,0.38543272,-0.156584588,0.419233781,-0.005080368,-0.10695464,-0.159010951,0.072545547,0.090137325,-0.049504346,-0.035908273,-0.054121741,0.055235152,-0.089056721,0.024685226,0.343822717,-0.017532754,0.012706758,-0.039200174,-0.080399295,-0.069773136,0.303337412,0.286356209,-0.070902248,-0.171341234,-0.011599541,-0.109692035,-0.082192266,-0.070211904,-0.049789756,-0.146445214,-0.115658176,-0.160467164,0.068294562,-0.144472815,0.209570748,0.592562972,-0.06565227,-0.182011616,-0.088888901,-0.064786639,-0.112211725,0.267047889,0.179060076,-0.107109455,0.230871563,-0.146102302,-0.049107062,-0.087108407,-0.003121989,-0.202232689,-0.128422495,-0.019448065,-0.023192962,0.418112204,0.134336204,-0.14572266,-0.188668509,-0.047914783,0.337424067,-0.071856272,0.151353057,-0.100576319,-0.046927778,-0.065989076,-0.099482844,-0.012932348,-0.226658821,-0.028671191
1994/04/07,-0.054024469,-0.094913243,-0.068142653,-0.175859108,-0.11522706,3.534248927,-0.137038215,0.616399668,-0.116496188,1.026017421,-0.076409146,-0.131144227,-0.142862423,-0.186399165,-0.204719826,-0.107419101,-0.107191453,-0.125253122,-0.064680709,-0.08624063,1.622653611,-0.219035474,-0.074941644,20.8516463,-0.06190118,-0.288250359,-0.176611253,-0.272537745,-0.166203762,-0.190159297,-0.183536782,3.33234755,-0.088622261,-0.168077708,-0.139696072,-0.19814998,-0.400671753,-0.247677772,-0.1241152,-0.138720218,-0.210689868,-0.222847048,-0.282924878,-0.331051476,-0.115045306,-0.16632463,-0.145769598,12.78484066,-0.052076453,-0.058334401,-0.306173263,-0.117447798,-0.094132357,-0.07889364,-0.068933689,-0.108252557,-0.106922282,-0.040060342,-0.102713986,-0.091115427,-0.12217926,-0.124927466,-0.049322525,-0.198186505,2.428079585,-0.21150647,-0.085306426,-0.072286843,0.519746011,-0.225210697,-0.130138537,-0.160467164,10.7316475,-0.246123384,-0.207041967,-0.035307813,-0.070981797,-0.343511689,-0.089972778,-0.095493748,-0.202268101,5.346718761,-0.101912448,-0.111478542,-0.180776007,-0.192549632,-0.052437057,-0.215399346,-0.186887135,-0.210183283,-0.225693664,-0.091125796,-0.129401116,-0.230512847,-0.052288881,-0.161492635,-0.188668509,-0.047999271,-0.224540743,1.850466016,-0.120921906,-0.100681083,-0.144248806,3.651704059,-0.151956182,-0.121293958,-0.238289203,-0.171091077
1994/04/21,-0.054024469,-0.094913243,-0.068142653,-0.175859108,-0.11522706,-0.099767197,-0.137038215,-0.17547907,-0.116496188,-0.06226948,-0.076409146,-0.131144227,-0.142862423,-0.186399165,-0.204719826,-0.107419101,-0.107191453,-0.125253122,-0.064680709,-0.08624063,-0.311887841,-0.219035474,0.015258734,-0.132459945,1.07928425,-0.288250359,-0.176611253,-0.272537745,-0.166203762,-0.134332284,-0.183536782,-0.176966408,-0.088622261,-0.168077708,-0.139696072,-0.19814998,-0.400671753,-0.247677772,-0.1241152,-0.138720218,-0.210689868,-0.222847048,-0.282924878,-0.331051476,-0.115045306,-0.16632463,-0.145769598,-0.200900416,-0.052076453,-0.058334401,-0.306173263,-0.117447798,-0.094132357,-0.07889364,-0.068933689,-0.108252557,-0.106922282,-0.040060342,-0.102713986,-0.091115427,-0.12217926,-0.124927466,-0.134646475,-0.198186505,-0.27831091,-0.21150647,-0.085306426,-0.052070338,0.123319215,2.137753775,-0.128832147,-0.160467164,-0.102520853,-0.246123384,-0.207041967,-0.255873749,-0.070981797,-0.343511689,-0.089972778,-0.095493748,-0.202268101,-0.504890309,0.280290872,-0.111478542,-0.180776007,-0.192549632,-0.052437057,-0.215399346,-0.186887135,-0.275152965,-0.225693664,-0.091125796,-0.129401116,-0.230512847,-0.342733865,-0.161492635,-0.188668509,-0.047999271,-0.224540743,-0.194173783,-0.120921906,-0.100681083,-0.144248806,-0.259057123,-0.151956182,-0.121293958,0.300937637,-0.171091077
1994/05/07,-0.054024469,-0.094913243,-0.068142653,-0.175859108,-0.11522706,-0.099767197,-0.137038215,0.258427088,-0.116496188,-0.06226948,-0.076409146,-0.131144227,-0.142862423,-0.186399165,-0.204719826,-0.107419101,-0.107191453,-0.125253122,-0.064680709,-0.08624063,-0.304377975,-0.219035474,-0.074941644,-0.132459945,1.574515663,-0.288250359,-0.176611253,-0.272537745,-0.166203762,0.033148755,-0.183536782,0.308192203,-0.088622261,-0.168077708,-0.139696072,0.148724191,-0.400671753,-0.247677772,-0.1241152,-0.138720218,-0.210689868,-0.222847048,-0.282924878,-0.331051476,-0.115045306,-0.16632463,-0.145769598,-0.200900416,-0.052076453,-0.058334401,-0.306173263,-0.117447798,-0.094132357,-0.07889364,-0.068933689,-0.108252557,-0.106922282,-0.040060342,-0.102713986,-0.091115427,-0.12217926,-0.124927466,-0.125130793,-0.198186505,0.303708551,-0.21150647,-0.085306426,-0.072286843,0.399293933,-0.225210697,-0.130138537,-0.160467164,-0.102520853,-0.246123384,-0.207041967,-0.14193618,-0.070981797,-0.343511689,-0.089972778,-0.095493748,-0.202268101,-0.504890309,0.662494192,-0.111478542,-0.180776007,-0.192549632,-0.052437057,-0.215399346,-0.186887135,-0.275152965,-0.225693664,-0.091125796,-0.129401116,-0.230512847,-0.351911757,-0.161492635,-0.188668509,-0.047999271,-0.224540743,-0.138309308,-0.120921906,-0.100681083,-0.144248806,-0.186682682,-0.151956182,-0.121293958,-0.238289203,-0.171091077
1994/05/21,-0.054024469,-0.094913243,-0.068142653,-0.175859108,-0.11522706,-0.099767197,-0.137038215,-0.39243215,-0.116496188,-0.06226948,-0.076409146,-0.131144227,-0.142862423,-0.186399165,-0.204719826,-0.107419101,-0.107191453,-0.125253122,-0.064680709,-0.08624063,-0.312960679,-0.219035474,-0.074941644,-0.132459945,0.110353225,-0.288250359,-0.176611253,-0.272537745,-0.166203762,-0.190159297,-0.183536782,-0.176966408,-0.088622261,-0.07127135,-0.139696072,-0.19814998,-0.400671753,-0.247677772,-0.1241152,-0.138720218,-0.210689868,-0.222847048,-0.282924878,-0.331051476,-0.115045306,-0.16632463,-0.145769598,-0.200900416,-0.052076453,-0.058334401,-0.306173263,-0.117447798,-0.094132357,-0.07889364,-0.068933689,0.035222913,-0.106922282,-0.040060342,-0.102713986,-0.091115427,-0.12217926,-0.124927466,-0.137818369,-0.198186505,-0.27831091,-0.21150647,-0.085306426,-0.072286843,0.306615856,-0.225210697,-0.130138537,-0.160467164,-0.209991459,-0.246123384,-0.207041967,-0.266622577,-0.070981797,-0.343511689,-0.089972778,-0.095493748,-0.202268101,-0.504890309,-0.101912448,-0.111478542,-0.180776007,-0.192549632,-0.052437057,-0.215399346,-0.186887135,-0.275152965,-0.225693664,-0.091125796,-0.129401116,-0.230512847,-0.353452103,-0.161492635,-0.188668509,-0.047999271,-0.224540743,-0.227692469,-0.120921906,-0.100681083,-0.144248806,-0.297730488,-0.151956182,-0.121293958,-0.238289203,-0.171091077
1994/06/07,-0.054024469,-0.094913243,-0.068142653,-0.175859108,-0.11522706,-0.099767197,-0.137038215,-0.311074745,-0.116496188,-0.06226948,-0.076409146,-0.131144227,-0.142862423,-0.186399165,-0.204719826,-0.107419101,-0.107191453,-0.125253122,-0.064680709,-0.08624063,-0.312960679,-0.219035474,-0.074941644,-0.132459945,0.024226022,-0.288250359,-0.176611253,-0.272537745,-0.166203762,-0.190159297,-0.183536782,-0.150013152,-0.088622261,-0.168077708,-0.139696072,-0.19814998,-0.400671753,-0.247677772,-0.1241152,-0.138720218,-0.210689868,-0.222847048,-0.282924878,-0.331051476,-0.115045306,-0.16632463,-0.145769598,-0.200900416,-0.052076453,-0.058334401,-0.306173263,-0.117447798,-0.094132357,-0.07889364,-0.068933689,-0.108252557,-0.106922282,-0.040060342,-0.102713986,-0.091115427,-0.12217926,-0.124927466,-0.137818369,-0.198186505,-0.27831091,-0.21150647,-0.085306426,-0.072286843,-0.085868445,-0.225210697,-0.130138537,-0.160467164,-0.209991459,-0.246123384,-0.207041967,-0.273071873,-0.070981797,3.560324909,-0.089972778,-0.095493748,-0.202268101,-0.504890309,-0.101912448,-0.111478542,-0.180776007,-0.192549632,-0.052437057,-0.215399346,-0.186887135,-0.275152965,-0.225693664,-0.091125796,-0.129401116,-0.230512847,-0.355505897,-0.161492635,-0.188668509,-0.047999271,-0.224540743,-0.227692469,-0.120921906,-0.100681083,-0.144248806,-0.305465161,-0.151956182,-0.121293958,-0.238289203,-0.171091077
1994/06/21,-0.054024469,-0.094913243,-0.068142653,-0.175859108,-0.11522706,-0.099767197,-0.137038215,-0.311074745,-0.116496188,-0.06226948,-0.076409146,-0.131144227,-0.142862423,-0.186399165,-0.204719826,-0.107419101,-0.107191453,-0.125253122,-0.064680709,-0.08624063,-0.312960679,-0.219035474,-0.074941644,-0.132459945,0.024226022,9.028104079,-0.176611253,-0.272537745,-0.166203762,-0.190159297,-0.183536782,-0.09610664,-0.088622261,-0.168077708,-0.139696072,-0.19814998,-0.400671753,-0.247677772,-0.1241152,-0.138720218,-0.210689868,-0.222847048,-0.282924878,-0.331051476,-0.115045306,-0.16632463,-0.145769598,-0.200900416,-0.052076453,-0.058334401,-0.306173263,-0.117447798,-0.094132357,-0.07889364,-0.068933689,-0.108252557,-0.106922282,-0.040060342,-0.102713986,-0.091115427,-0.12217926,-0.124927466,-0.137818369,-0.198186505,0.012698821,-0.108223162,-0.085306426,-0.072286843,-0.093223848,-0.225210697,-0.130138537,-0.160467164,-0.207163286,-0.246123384,-0.207041967,-0.264472811,-0.070981797,-0.343511689,-0.089972778,-0.095493748,-0.202268101,-0.504890309,-0.101912448,-0.111478542,-0.180776007,-0.192549632,-0.052437057,-0.215399346,-0.186887135,-0.275152965,-0.225693664,-0.091125796,-0.129401116,-0.230512847,-0.355505897,-0.161492635,-0.188668509,-0.047999271,-0.224540743,-0.227692469,-0.120921906,-0.100681083,-0.144248806,-0.303255254,-0.151956182,-0.121293958,-0.238289203,-0.171091077
1994/07/07,-0.053316166,-0.071480467,-0.043076163,-0.175859108,1.171743282,-0.050845363,-0.010970996,-0.301008057,-0.090062964,-0.059970871,-0.076409146,-0.129311844,-0.142862423,-0.117357721,-0.131313606,-0.102793592,-0.105825151,-0.11737374,-0.060355419,-0.083721251,-0.264018321,-0.069108219,-0.055612992,-0.131596543,-0.06190118,-0.288250359,-0.121422903,-0.026468129,0.195879644,-0.077142826,-0.011794204,-0.138641445,-0.08294825,-0.158051335,-0.139696072,-0.069744595,-0.358333592,-0.206075802,-0.105966,-0.138720218,-0.210689868,-0.162202971,0.022524621,-0.267880164,-0.110870382,-0.161058781,-0.131969394,-0.165992509,-0.052018462,-0.058334401,-0.172230092,-0.007527316,-0.093535911,-0.07889364,-0.068554379,-0.096108383,-0.106922282,-0.040060342,-0.07923043,-0.089162712,-0.122130601,-0.122918952,-0.098904185,0.05216482,-0.237976615,-0.156852386,-0.05327506,-0.070120788,-0.0943156,-0.090184155,-0.125885616,-0.160467164,-0.203889001,-0.125928007,-0.164391084,-0.251068588,-0.063875761,0.032464955,-0.085339979,-0.095493748,-0.187760814,-0.375659785,-0.063692116,-0.095338621,-0.068046103,-0.166330085,-0.052370947,-0.215399346,0.191144023,-0.274708398,-0.18697194,-0.080102481,-0.129401116,-0.208017363,-0.349219129,-0.160547268,-0.157615144,-0.047581059,-0.118624527,-0.070618855,-0.095396128,-0.093741959,-0.102366007,-0.274415908,0.164641792,-0.079919525,-0.222882722,-0.161055271
1994/07/21,-0.049471093,-0.04492332,-0.068142653,-0.175859108,-0.114022218,-0.083668821,0.37120425,-0.258093426,-0.032581191,-0.06226948,-0.076216559,-0.128090256,-0.108486103,0.253507088,-0.190493814,-0.107419101,-0.105814559,-0.125253122,-0.055469444,-0.08624063,-0.291079729,-0.195579254,-0.069214636,0.040540102,-0.060875856,0.147802047,-0.176611253,0.31375623,-0.072771494,-0.123640627,-0.168460308,-0.130104657,-0.087637189,-0.163517132,-0.139696072,-0.113699108,-0.287769991,-0.102401052,-0.036730163,0.106867022,-0.002358327,-0.020700122,-0.031379628,-0.261506692,-0.113719933,-0.163817083,-0.03546432,-0.158419895,-0.05199607,-0.057901937,0.248979326,0.039581462,-0.091961957,-0.046184524,-0.067557288,-0.076667661,-0.106922282,-0.039931022,-0.099273172,-0.083087597,-0.122135025,-0.124681538,0.606024422,-0.198186505,-0.215226231,-0.107747731,-0.075296624,-0.07024421,-0.078534294,-0.187703324,-0.127981957,-0.117567066,-0.19793057,-0.004509039,-0.017482485,-0.240232447,-0.037989487,0.059265103,-0.084825223,-0.086258527,-0.202268101,-0.3074954,-0.026078456,-0.111478542,-0.180776007,-0.191635014,-0.052437057,-0.215399346,0.163141715,-0.275028215,0.308526712,-0.019536315,-0.119136359,-0.226227993,-0.33478074,-0.161367121,0.597512934,-0.047963062,-0.180061492,-0.119483184,-0.079594456,-0.031624583,-0.125711468,-0.225683684,-0.13565062,-0.044361906,-0.055465627,0.006465481
1994/08/07,-0.054024469,-0.094913243,0.370520937,-0.175859108,-0.11522706,-0.099767197,-0.137038215,-0.067002531,-0.116496188,-0.06226948,-0.076409146,-0.131144227,-0.142862423,0.26867627,-0.204719826,-0.107419101,-0.107191453,-0.125253122,-0.064680709,-0.08624063,-0.311887841,-0.219035474,-0.074941644,-0.132459945,0.239544028,2.040838251,-0.176611253,-0.272537745,-0.166203762,-0.190159297,-0.183536782,0.483388369,-0.088622261,-0.09547294,-0.139696072,-0.19814998,-0.400671753,-0.247677772,-0.1241152,-0.138720218,2.968630604,-0.222847048,-0.282924878,-0.331051476,-0.106639419,-0.16632463,-0.145769598,-0.200900416,-0.052076453,-0.058334401,-0.306173263,-0.117447798,-0.094132357,-0.07889364,-0.068933689,-6.46E-04,-0.106922282,-0.040060342,-0.102713986,-0.091115427,-0.12217926,-0.124927466,-0.129095661,-0.198186505,-0.205558477,0.304910069,-0.085306426,-0.072286843,0.001219526,-0.225210697,-0.130138537,-0.160467164,-0.200092851,-0.117947535,-0.207041967,-0.242975157,-0.070981797,-0.343511689,-0.089972778,-0.095493748,-0.202268101,-0.504890309,-0.101912448,-0.111478542,-0.180776007,-0.192549632,-0.052437057,-0.215399346,-0.186887135,-0.275152965,-0.225693664,-0.091125796,-0.129401116,-0.230512847,-0.351975938,-0.161492635,-0.188668509,-0.047999271,-0.224540743,-0.115963518,-0.120921906,-0.100681083,-0.144248806,-0.268172987,-0.151956182,-0.121293958,-0.238289203,-0.171091077
1994/08/21,-0.054024469,-0.094913243,-0.068142653,-0.175859108,-0.11522706,-0.099767197,-0.137038215,-0.148359936,-0.116496188,-0.06226948,-0.076409146,-0.131144227,-0.142862423,-0.186399165,-0.204719826,-0.107419101,-0.107191453,-0.125253122,-0.064680709,-0.08624063,-0.311887841,-0.182275727,-0.074941644,-0.132459945,0.239544028,-0.288250359,-0.176611253,-0.027256532,-0.166203762,-0.134332284,-0.183536782,0.941593724,-0.088622261,-0.168077708,-0.139696072,0.322161276,-0.400671753,-0.247677772,-0.1241152,-0.138720218,-0.210689868,-0.222847048,-0.282924878,-0.331051476,-0.115045306,-0.16632463,-0.145769598,-0.200900416,-0.052076453,-0.058334401,-0.227084085,-0.117447798,-0.094132357,-0.07889364,-0.068933689,-0.072383689,-0.106922282,-0.040060342,-0.102713986,-0.091115427,-0.12217926,-0.124927466,-0.131078094,-0.198186505,-0.205558477,-0.21150647,-0.085306426,-0.072286843,0.157154068,2.137753775,-0.126219367,2.091787948,-0.150599809,2.445569444,-0.207041967,-0.249424453,-0.070981797,1.60840661,-0.089972778,-0.095493748,-0.202268101,-0.504890309,-0.101912448,-0.111478542,-0.180776007,-0.192549632,-0.052437057,-0.215399346,-0.186887135,-0.275152965,-0.225693664,-0.091125796,-0.129401116,-0.230512847,-0.351526671,-0.161492635,-0.188668509,-0.047999271,-0.224540743,-0.194173783,-0.120921906,-0.100681083,-0.144248806,-0.163754901,-0.151956182,-0.121293958,-0.238289203,-0.171091077
1994/09/07,-0.054024469,-0.094913243,-0.068142653,-0.175859108,-0.11522706,-0.099767197,-0.137038215,0.93640546,-0.116496188,-0.06226948,-0.076409146,-0.131144227,-0.142862423,-0.186399165,-0.204719826,-0.107419101,-0.107191453,-0.125253122,-0.064680709,-0.08624063,-0.310815003,-0.219035474,-0.074941644,-0.092167882,-0.06190118,-0.288250359,-0.176611253,-0.027256532,-0.166203762,-0.190159297,-0.020710862,0.132996038,-0.088622261,-0.168077708,-0.139696072,-0.111431437,-0.400671753,-0.247677772,-0.1241152,-0.138720218,-0.210689868,-0.222847048,-0.282924878,3.994810137,-0.060407039,-0.16632463,0.037813508,-0.200900416,-0.052076453,-0.058334401,-0.306173263,-0.117447798,-0.094132357,-0.07889364,-0.068933689,-0.090318123,1.404181385,-0.040060342,-0.102713986,-0.091115427,-0.12217926,-0.124927466,0.763792515,-0.198186505,-0.27831091,-0.082402335,-0.085306426,-0.067232716,0.386201316,-0.225210697,-0.127525757,-0.160467164,0.058685056,-0.117947535,-0.207041967,-0.217177971,-0.070981797,1.60840661,-0.089972778,0.098445892,-0.202268101,-0.032986352,-0.101912448,-0.111478542,-0.180776007,-0.192549632,-0.052437057,-0.215399346,-0.186887135,-0.275152965,-0.225693664,-0.091125796,-0.129401116,-0.050548972,-0.289014315,-0.161492635,-0.188668509,-0.047999271,-0.224540743,-0.194173783,-0.120921906,-0.100681083,-0.144248806,0.610264879,-0.151956182,-0.121293958,-0.238289203,-0.171091077
1994/09/21,-0.054024469,-0.094913243,-0.068142653,1.41716943,-0.11522706,-0.099767197,-0.137038215,-0.292995322,-0.116496188,-0.06226948,-0.076409146,-0.131144227,-0.142862423,-0.186399165,-0.204719826,-0.107419101,-0.107191453,-0.125253122,-0.064680709,-0.08624063,-0.312960679,-0.194528976,-0.074941644,-0.132459945,0.110353225,1.264475381,-0.176611253,-0.272537745,-0.166203762,-0.11572328,-0.183536782,-0.132044315,-0.088622261,0.138475759,-0.139696072,-0.19814998,-0.400671753,-0.247677772,-0.1241152,-0.138720218,-0.210689868,0.484667194,-0.282924878,-0.331051476,-0.115045306,-0.16632463,-0.145769598,1.660854577,-0.052076453,-0.058334401,-0.306173263,-0.117447798,-0.094132357,-0.07889364,-0.068933689,-0.072383689,-0.106922282,-0.040060342,-0.102713986,-0.091115427,-0.12217926,-0.124927466,-0.100548614,-0.198186505,-0.27831091,-0.1770787,-0.085306426,-0.065548008,2.39E-04,-0.225210697,-0.129267611,-0.160467164,-0.203392387,0.010228314,-0.207041967,-0.258740103,-0.070981797,0.957767177,-0.089972778,-0.095493748,-0.202268101,-0.085420125,-0.101912448,-0.111478542,-0.180776007,-0.192549632,-0.052437057,-0.215399346,-0.186887135,-0.275152965,-0.225693664,-0.091125796,-0.129401116,-0.230512847,0.306072504,-0.161492635,-0.188668509,-0.047999271,-0.224540743,-0.212795275,-0.120921906,-0.100681083,-0.144248806,0.478499199,-0.151956182,-0.121293958,-0.238289203,-0.171091077
1994/10/07,-0.054024469,-0.094913243,-0.068142653,4.603226505,-0.11522706,-0.099767197,-0.137038215,-0.067002531,-0.116496188,-0.06226948,-0.076409146,-0.131144227,-0.142862423,-0.186399165,-0.204719826,-0.107419101,-0.107191453,-0.125253122,-0.064680709,-0.08624063,-0.312960679,-0.219035474,-0.074941644,-0.132459945,-0.06190118,-0.288250359,-0.176611253,-0.272537745,-0.166203762,-0.078505271,-0.183536782,-0.176966408,-0.088622261,-0.168077708,-0.139696072,-0.19814998,-0.400671753,-0.247677772,-0.1241152,-0.138720218,-0.210689868,-0.222847048,-0.282924878,1.110902395,-0.081421757,-0.16632463,0.07453013,0.497257707,-0.052076453,-0.058334401,-0.306173263,-0.117447798,-0.094132357,-0.07889364,-0.068933689,-0.072383689,-0.106922282,-0.040060342,-0.102713986,-0.091115427,-0.12217926,-0.124927466,-0.137818369,-0.198186505,-0.27831091,-0.108223162,-0.085306426,-0.072286843,0.022403087,-0.225210697,-0.130138537,-0.160467164,-0.193022416,2.061041897,-0.207041967,-0.266622577,-0.070981797,-0.343511689,-0.089972778,-0.095493748,-0.202268101,-0.190287671,-0.101912448,-0.111478542,-0.180776007,-0.192549632,-0.052437057,-0.215399346,-0.186887135,-0.275152965,-0.225693664,-0.091125796,-0.129401116,-0.230512847,1.153390902,-0.161492635,-0.188668509,-0.047999271,-0.224540743,-0.160655098,-0.120921906,-0.100681083,-0.144248806,0.20005097,-0.151956182,-0.121293958,-0.238289203,-0.171091077
1994/10/21,-0.054024469,0.220023272,-0.068142653,0.779958015,-0.11522706,-0.099767197,-0.137038215,0.453684859,-0.116496188,-0.06226948,-0.076409146,-0.131144227,-0.142862423,-0.186399165,-0.204719826,-0.107419101,-0.107191453,-0.125253122,-0.064680709,-0.08624063,-0.312746111,0.030930807,-0.074941644,0.012591481,-0.06190118,0.643385085,-0.176611253,-0.272537745,-0.166203762,-0.190159297,0.337506164,-0.128450547,-0.088622261,-0.168077708,-0.139696072,-0.19814998,-0.400671753,-0.247677772,-0.1241152,0.986515866,-0.210689868,-0.222847048,-0.282924878,0.822511621,-0.108320596,-0.16632463,0.177336669,2.312468824,-0.052076453,-0.058334401,-0.306173263,-0.117447798,-0.094132357,-0.07889364,-0.068933689,-0.108252557,-0.106922282,-0.040060342,-0.102713986,-0.091115427,-0.12217926,-0.124927466,-0.134963665,-0.198186505,-0.27831091,-0.21150647,-0.085306426,-0.072286843,0.126673279,-0.225210697,-0.129615981,-0.160467164,-0.201506938,1.497068162,-0.207041967,-0.266192623,-0.070981797,-0.343511689,-0.089972778,0.835416526,-0.202268101,-0.253208199,-0.101912448,-0.111478542,-0.180776007,-0.192549632,-0.052437057,-0.215399346,-0.186887135,-0.275152965,-0.225693664,-0.091125796,-0.129401116,-0.230512847,6.752084764,-0.161492635,-0.188668509,-0.047999271,0.242491392,-0.191939204,-0.120921906,-0.100681083,-0.144248806,-0.231764776,-0.151956182,-0.121293958,-0.022598467,-0.171091077
1994/11/07,-0.054024469,-0.094913243,-0.068142653,-0.175859108,-0.11522706,-0.099767197,-0.137038215,-0.012764261,-0.116496188,-0.06226948,-0.076409146,-0.131144227,-0.142862423,-0.186399165,-0.204719826,-0.107419101,-0.107191453,-0.125253122,-0.064680709,-0.08624063,-0.312960679,-0.219035474,-0.074941644,0.834549559,-0.06190118,9.028104079,-0.176611253,-0.272537745,-0.166203762,-0.190159297,-0.183536782,0.038659641,-0.088622261,-0.168077708,-0.139696072,-0.19814998,-0.400671753,-0.247677772,-0.1241152,-0.138720218,-0.210689868,-0.222847048,-0.282924878,5.436764008,-0.098233532,-0.16632463,1.322895254,-0.200900416,-0.052076453,-0.058334401,-0.306173263,-0.117447798,-0.094132357,-0.07889364,-0.068933689,-0.108252557,-0.106922282,-0.040060342,-0.102713986,-0.091115427,-0.12217926,-0.124927466,-0.106099429,-0.198186505,-0.27831091,-0.21150647,-0.085306426,-0.072286843,0.027698977,9.226647189,-0.124912977,-0.160467164,-0.187366069,-0.246123384,-0.207041967,-0.266622577,-0.070981797,-0.343511689,-0.089972778,-0.095493748,-0.202268101,0.753520243,-0.101912448,-0.111478542,-0.180776007,-0.192549632,-0.052437057,-0.215399346,-0.186887135,-0.275152965,-0.225693664,-0.091125796,-0.129401116,-0.230512847,6.873335629,-0.161492635,-0.188668509,-0.047999271,-0.224540743,0.085148594,-0.120921906,-0.100681083,-0.144248806,-0.076187353,-0.151956182,-0.121293958,8.38934025,-0.171091077
1994/11/21,-0.050843463,-0.033500623,-0.063103646,-0.175859108,-0.018071499,-0.097596339,-0.036530742,-0.105008955,-0.04130835,-0.06226948,0.028480495,0.046776019,-0.088118134,-0.077181061,0.214002911,0.58268799,0.155849889,0.740719278,-0.063402345,0.810098143,0.120405441,0.103028925,-0.065681072,-0.025014444,-0.055011004,-0.210614072,-0.022083872,-0.042916794,-0.136212004,0.91127045,0.005758788,-0.132106515,0.119587344,0.673842843,0.080478543,-0.131496774,0.040146904,0.115646098,-0.108478966,-0.101212349,0.509956106,0.249064951,-0.249267467,0.075172811,0.373434815,-0.141035054,-0.115686446,0.106289158,-0.049300794,-0.058334401,0.207557585,-0.102791734,-0.018005201,-0.078548576,-0.068842271,-0.067437771,-0.01961407,-0.039974868,-0.040669227,-0.087379232,-0.12205251,-0.123000645,-0.117232736,-0.136738093,-0.166158993,0.422538722,-0.085306426,-0.069790104,-0.00200828,0.119782116,-0.120096127,-0.108723046,-0.125328379,-0.209077277,-0.001812235,-0.154319472,-0.066647115,-0.045518829,0.74934118,-0.082435146,0.38943578,0.131472849,-0.071336183,-0.104647004,-0.047237443,-0.095995452,-0.05238917,-0.11624979,-0.186887135,0.336361155,-0.10832235,-0.049947592,0.232739497,-0.152768453,-0.10105108,0.101904947,-0.165504439,-0.047664701,0.045455723,-0.204316862,-0.061021414,-0.100681083,0.121762003,-0.210703011,-0.151956182,-0.121293958,0.187340516,-0.128004019
1994/12/07,0.002966,-0.060892323,-0.065643146,0.178147234,0.050639559,-0.099767197,-0.125722498,-0.185342271,-0.116496188,0.906469113,-0.076409146,0.196843497,-0.084931958,-0.186399165,-0.18480341,0.555536838,-0.016136868,0.133324617,-0.058930087,-0.060714878,0.005406591,0.165206868,-0.048215606,-0.128729198,-0.052331491,-0.035213571,-0.147995072,-0.209551952,-0.116792466,-0.042957302,0.240228114,-0.155089605,0.293465023,0.59247965,0.001503568,-0.113679696,0.087850847,0.330127364,-0.105293808,0.034927326,-0.210689868,-0.079378883,-0.246663582,-0.232113995,0.66381723,-0.082845551,0.014856031,-0.200900416,-0.036512165,-0.05799804,0.084060098,-0.117447798,0.268955627,0.008197542,-0.067902415,-0.068290619,-0.05095548,-0.039721539,-0.04124399,-0.076152645,-0.122175732,-0.115948571,-0.127424881,0.332294402,0.300482019,-0.17540145,-0.085306426,-0.067623655,-0.05769233,-0.066333313,-0.007449218,-0.160467164,-0.064044072,0.022561436,-0.102829257,0.055564845,-0.041889564,-0.192251923,-0.070077699,-0.086874209,0.151858496,-0.086361244,-0.073601091,-0.098787322,0.253394503,0.01300407,-0.05198646,-0.096052658,-0.186887135,0.828007601,-0.142647923,-0.010455652,-0.129401116,-0.142376693,0.005439154,0.506965192,0.026496403,-0.047691921,-0.167747329,-0.183175962,0.159498035,-0.090729032,0.641500654,-0.284758646,-0.150529446,-0.113632026,-0.058546923,-0.171091077
1994/12/21,-0.052689985,-0.094913243,-0.066675551,0.291660137,-0.033711623,-0.089856759,-0.008972433,-0.016051396,0.016308417,-0.058544462,-0.074408962,1.079837783,0.04415223,-0.179364182,-0.090416915,-0.077815672,-0.099902454,-0.078086292,-0.064680709,-0.028417109,-0.147459484,0.600002606,-0.06465793,-0.118445314,1.090143767,-0.054562538,-0.059589801,-0.014730094,-0.160579077,-0.113329805,0.081704283,0.953792745,0.979694036,-0.098717356,-0.139696072,-0.093056056,0.0063284,0.092691139,-0.050466273,-0.121247608,-0.049419989,0.787667859,-0.279396229,0.35752226,0.273761499,0.532545071,0.029099134,-0.200900416,1.091700385,-0.058334401,-0.183093171,-0.111075596,0.049998547,-3.92E-04,-0.068308255,-0.075592408,-0.106922282,-0.040023055,-0.026657036,-0.066898274,-0.122148488,-0.107786957,-0.120189484,0.308900523,-0.115971062,-0.091175824,0.039259998,-0.067855782,0.134731242,-0.146181784,0.149813212,0.133305242,0.196784238,0.05914975,-0.160888354,0.088072757,-0.059625041,-0.105886853,-0.072758597,0.558354543,0.221596981,0.099825831,-0.085294913,0.365460183,4.11E-04,0.267260197,-0.052337823,-0.021411084,0.180397318,1.391714964,0.082418072,0.242676497,0.111932238,-0.177157098,0.054037489,-0.035911157,-0.176122902,-0.047961124,-0.099348015,-0.103452865,-0.104530771,-0.096687034,0.033901838,-0.228119844,-0.06962727,-0.121293958,0.263792617,-0.171091077
1995/01/07,-0.022769198,-0.094913243,-0.065158547,-0.024142104,-0.111411726,-0.091045,-0.075674276,-0.034500565,0.487691796,0.007385339,0.016225219,0.113852068,-0.031139384,-0.166895932,-0.151067439,-0.037669363,-0.091737965,0.2753543,-0.025203862,-0.07724285,-0.12791417,-0.147272001,-0.020535067,-0.119029257,-0.057799885,0.482831131,-0.071490586,-0.207370439,-0.121394409,0.314731262,-0.183536782,-0.114599059,-0.056114906,0.255390656,0.106312396,0.694290665,0.595731098,0.038158891,-0.1241152,-0.138720218,-0.210689868,-0.118965989,-0.264618351,0.655591564,0.041553261,-0.059803636,-0.088987884,0.286702082,-0.048002501,-0.02835022,-0.234676168,-0.117447798,-0.002109306,0.007313475,-0.067494337,-0.001447107,-0.022972078,-0.03951049,7.35E-05,0.767490406,-0.114808273,-0.093363126,-0.078953722,-0.078971588,0.018984235,-0.189374332,0.097729952,0.305303753,-0.060379333,-0.096613991,-0.117323473,-0.160467164,-0.184361321,-0.193806711,-0.080668979,0.01842048,-0.060105211,-0.203351267,0.419635147,0.961572576,-0.022654071,0.226293305,-0.092812369,0.869756504,-0.117222648,0.429496069,-0.052431227,-0.038346567,0.103136769,0.69698637,0.418767652,-0.086163592,-0.021621171,-0.139102625,0.002482729,0.131779045,-0.171492975,-0.047727705,0.11690811,-0.056631476,-0.119532748,-0.089235428,-0.104194914,-0.266773797,-0.043143728,-0.107221022,-0.027978508,-0.171091077
1995/01/21,-0.049043934,-0.078236003,-0.056405835,-0.022043252,-0.098932223,-0.097744658,-0.070267557,0.113060495,0.680331443,-0.027527101,-0.076409146,0.065222946,0.162881313,-0.162656099,-0.204719826,-0.100560766,-0.10650708,-0.09375181,-0.051928157,-0.08624063,-0.236994054,0.115154912,-0.068345965,-0.098424414,-0.060028849,0.147966906,0.01719399,-0.247790867,-0.121206282,0.119336338,-0.1629422,0.347906329,-0.086832083,-0.154540197,-0.114438,0.248240191,0.295378422,-0.013006017,1.074611227,0.024357475,-0.072458543,-0.071720863,-0.2462574,0.696635632,-0.107872166,-0.084541069,0.002009367,0.038142855,-0.046187623,0.038123908,-0.068020493,-0.074966452,-0.091025453,-0.030673871,-0.04105104,0.013730038,-0.096814565,-0.032572209,-0.082414334,-0.08101205,0.273888315,0.053857295,-0.070939001,-0.025101846,0.331685604,-0.138430546,-0.058548695,-0.067681462,-0.049474112,0.283208638,-0.113002975,0.555132287,-0.097164331,-0.205398616,-0.165991879,-0.191326253,-0.065990936,-0.31739907,-0.067979463,0.033200324,0.470210155,0.375642213,-0.099249382,-0.109221367,-0.153234913,0.253565918,-0.047004424,1.271324216,-0.186887135,0.092811271,-0.039287523,0.150688203,-0.129401116,-0.140491175,-0.238034986,-0.157635289,-0.188668509,-0.047872116,-0.065937751,-0.15086367,-0.118360791,-0.100212798,-0.134809643,-0.299401425,-0.139301648,-0.025100154,0.169915407,-0.082480621
1995/02/07,-0.054024469,-0.094913243,-0.068142653,-0.175859108,-0.11522706,-0.099767197,-0.137038215,0.095712278,-0.116496188,-0.06226948,-0.076409146,-0.131144227,-0.142862423,-0.186399165,-0.204719826,-0.107419101,-0.107191453,-0.125253122,-0.064680709,-0.08624063,-0.312960679,-0.219035474,-0.074941644,-0.132459945,-0.06190118,-0.288250359,-0.176611253,-0.272537745,-0.166203762,-0.190159297,-0.183536782,-0.176966408,-0.088622261,-0.168077708,-0.139696072,-0.19814998,-0.400671753,-0.247677772,-0.1241152,-0.138720218,-0.210689868,-0.222847048,-0.282924878,-0.331051476,-0.115045306,-0.16632463,0.441696343,1.195415829,-0.052076453,-0.058334401,-0.306173263,-0.117447798,-0.094132357,-0.07889364,-0.068933689,-0.108252557,-0.106922282,-0.040060342,-0.102713986,-0.091115427,-0.12217926,-0.124927466,-0.137818369,-0.198186505,-0.27831091,1.544309761,-0.085306426,-0.072286843,0.051236266,-0.225210697,-0.130138537,-0.160467164,-0.198678764,-0.246123384,-0.207041967,-0.270922108,-0.070981797,-0.343511689,-0.089972778,-0.095493748,-0.202268101,-0.504890309,-0.101912448,-0.111478542,-0.180776007,-0.192549632,-0.052437057,-0.215399346,-0.186887135,-0.275152965,-0.225693664,-0.091125796,-0.129401116,-0.230512847,-0.353965551,-0.161492635,-0.188668509,-0.047999271,-0.224540743,-0.227692469,-0.120921906,-0.100681083,-0.144248806,-0.313752311,-0.151956182,-0.121293958,-0.238289203,-0.171091077
1995/02/21,-0.054024469,-0.094913243,-0.068142653,-0.175859108,-0.11522706,-0.099767197,-0.137038215,3.539842409,-0.116496188,-0.06226948,-0.076409146,-0.131144227,-0.142862423,-0.186399165,-0.204719826,-0.107419101,-0.107191453,-0.125253122,-0.064680709,-0.08624063,-0.312960679,0.075042504,-0.074941644,-0.132459945,0.024226022,-0.288250359,-0.176611253,-0.272537745,-0.166203762,-0.190159297,-0.183536782,-0.176966408,-0.088622261,-0.168077708,-0.139696072,-0.19814998,-0.400671753,-0.247677772,-0.1241152,-0.138720218,-0.210689868,-0.222847048,-0.282924878,-0.331051476,-0.115045306,-0.16632463,0.441696343,8.17699705,-0.052076453,-0.058334401,0.326540154,-0.117447798,-0.094132357,-0.07889364,-0.068933689,-0.108252557,-0.106922282,-0.040060342,-0.102713986,-0.091115427,-0.12217926,-0.124927466,-0.137818369,-0.198186505,0.303708551,2.680426146,-0.085306426,-0.072286843,0.045057728,-0.225210697,-0.124912977,-0.160467164,-0.209991459,-0.246123384,-0.207041967,-0.219327736,-0.070981797,-0.343511689,-0.089972778,-0.095493748,-0.202268101,-0.504890309,-0.101912448,-0.111478542,-0.180776007,-0.192549632,-0.052437057,-0.215399346,-0.186887135,-0.275152965,-0.225693664,-0.091125796,-0.129401116,-0.230512847,-0.353837189,-0.161492635,-0.188668509,-0.047999271,-0.224540743,-0.227692469,-0.120921906,-0.100681083,-0.144248806,-0.293863151,-0.151956182,-0.121293958,-0.238289203,2.638934436
1995/03/07,-0.049701216,1.020048041,0.2624444,-0.095941288,-0.047077514,-0.099767197,-0.11706594,0.133308711,-0.042942869,-0.027013425,-0.037240711,-0.059189006,0.027150898,-0.181122928,-0.146369389,-0.107419101,-0.106463067,-0.117590641,-0.064680709,-0.08624063,-0.162939178,0.117851012,0.163501094,-7.22E-04,-0.058156519,-0.119475822,-0.073248457,-0.233790423,-0.125002944,-0.125164705,0.185172259,-0.096344021,-0.080432414,0.164834446,-0.007091193,-0.10675231,0.392283765,-0.037580868,-0.087290736,-0.097950795,0.268512058,-0.019821222,-0.146805199,-0.305974017,-0.087150786,-0.086118769,-0.114783553,-0.200900416,-0.049087556,1.087183221,-0.248580118,-0.090896957,-0.08161747,1.11215574,0.046948811,-0.056646574,-0.106922282,-0.039391667,-0.064692415,-0.083707445,0.12571316,0.207309026,0.006488489,-0.079133565,-0.159944243,-0.121450219,-0.077807444,0.998855473,-0.041376982,-0.146181784,-0.094154118,0.327898075,0.594644492,-0.225718132,0.216032819,0.382131463,1.041267312,-0.155065619,-0.057494978,-0.062262396,0.585686219,0.072319604,0.055954141,-0.10336612,-0.096062457,0.333546893,1.083024822,0.333819557,-0.114979034,0.086815218,-0.079300471,-0.080392413,0.051013139,0.884721482,-0.24269321,-0.161415909,-0.188668509,-0.047999271,-0.014896943,0.719112611,0.464548944,-0.100681083,-0.042669305,-0.047181867,0.100390122,0.871178466,-0.065880889,-0.070844904
1995/03/21,-0.054024469,-0.094913243,-0.068142653,-0.175859108,-0.11522706,-0.099767197,-0.137038215,0.49345959,-0.116496188,-0.06226948,-0.076409146,-0.131144227,-0.142862423,-0.186399165,-0.204719826,-0.107419101,-0.107191453,-0.125253122,-0.064680709,-0.08624063,-0.312960679,-0.047489987,-0.074941644,-0.132459945,-0.018837579,4.36992686,-0.176611253,-0.272537745,-0.166203762,-0.190159297,-0.183536782,-0.09610664,-0.088622261,-0.168077708,-0.139696072,-0.19814998,-0.400671753,-0.247677772,-0.1241152,-0.138720218,-0.210689868,-0.222847048,-0.282924878,-0.331051476,-0.115045306,-0.16632463,0.46617409,1.428135203,-0.052076453,-0.058334401,2.330132641,-0.117447798,-0.094132357,-0.07889364,-0.068933689,-0.108252557,-0.106922282,-0.040060342,-0.102713986,-0.091115427,-0.12217926,-0.123237272,-0.131210257,-0.198186505,0.594718282,-0.21150647,-0.085306426,-0.072286843,0.052315058,-0.225210697,-0.130138537,-0.160467164,-0.198678764,-0.075222252,-0.207041967,-0.222910679,-0.070981797,-0.343511689,-0.089972778,-0.095493748,-0.202268101,-0.504890309,-0.101912448,-0.111478542,-0.180776007,-0.192549632,-0.052437057,-0.215399346,4.223476374,-0.275152965,-0.225693664,-0.091125796,-0.129401116,-0.230512847,-0.351826182,-0.161492635,-0.188668509,-0.047999271,-0.224540743,-0.220243872,-0.120921906,-0.100681083,-0.144248806,-0.287970067,-0.151956182,-0.121293958,-0.238289203,-0.171091077
1995/04/07,-0.054024469,-0.094913243,-0.068142653,3.408455102,-0.11522706,-0.099767197,-0.137038215,0.00757509,-0.116496188,-0.06226948,-0.076409146,-0.131144227,-0.142862423,5.593058855,-0.204719826,-0.107419101,-0.107191453,-0.125253122,-0.064680709,-0.08624063,-0.261732665,0.05666263,-0.074941644,-0.092167882,-0.06190118,2.040838251,-0.176611253,-0.272537745,-0.166203762,-0.078505271,-0.183536782,-0.09610664,-0.088622261,-0.168077708,-0.139696072,-0.19814998,-0.400671753,-0.247677772,-0.1241152,2.674369993,2.968630604,-0.222847048,-0.282924878,-0.331051476,-0.115045306,-0.16632463,0.294829858,-0.200900416,-0.052076453,-0.058334401,1.512877811,-0.117447798,-0.094132357,-0.07889364,-0.068933689,-0.036514822,-0.106922282,-0.040060342,-0.102713986,-0.091115427,-0.12217926,-0.124927466,-0.103324021,-0.198186505,-0.169182261,-0.108223162,-0.085306426,-0.06217859,0.103091857,-0.225210697,-0.128832147,-0.160467164,-0.182416764,-0.246123384,-0.207041967,-0.175257545,-0.070981797,1.60840661,-0.089972778,-0.095493748,-0.202268101,-0.032986352,-0.101912448,-0.111478542,-0.180776007,-0.192549632,-0.052437057,-0.215399346,-0.186887135,-0.269913474,-0.142647923,-0.089084441,7.954094693,-0.230512847,-0.336091125,-0.161492635,-0.188668509,-0.047999271,-0.224540743,1.36444508,-0.120921906,-0.100681083,-0.144248806,1.335804833,0.310306516,-0.121293958,2.997071841,-0.171091077
1995/04/21,-0.054024469,-0.094913243,-0.068142653,-0.175859108,-0.11522706,-0.099767197,-0.137038215,-0.012764261,-0.116496188,-0.06226948,-0.076409146,-0.131144227,-0.142862423,0.056307733,-0.204719826,-0.107419101,-0.107191453,-0.125253122,-0.064680709,-0.08624063,-0.248948013,-0.219035474,-0.074941644,-0.132459945,-0.06190118,-0.288250359,-0.176611253,-0.272537745,-0.166203762,-0.152941289,-0.183536782,-0.015246871,-0.088622261,-0.168077708,-0.139696072,-0.19814998,1.706827803,-0.247677772,-0.1241152,-0.138720218,-0.210689868,-0.222847048,-0.282924878,-0.331051476,-0.098233532,-0.16632463,-0.145769598,-0.200900416,-0.052076453,-0.058334401,-0.306173263,-0.117447798,-0.094132357,-0.07889364,-0.068933689,-0.084339979,-0.106922282,-0.040060342,-0.102713986,-0.091115427,-0.12217926,-0.124927466,-0.136761071,-0.198186505,0.061200442,-0.21150647,-0.085306426,-0.072286843,0.056826372,-0.225210697,-0.130138537,-0.160467164,-0.09969268,-0.246123384,-0.207041967,-0.167016777,-0.070981797,-0.343511689,-0.089972778,-0.095493748,-0.202268101,0.334050059,-0.101912448,-0.111478542,-0.180776007,-0.192549632,-0.052437057,-0.215399346,-0.186887135,-0.275152965,-0.225693664,-0.091125796,-0.129401116,-0.230512847,-0.103060381,-0.161492635,-0.188668509,-0.047999271,-0.224540743,2.617671478,-0.120921906,-0.100681083,-0.144248806,1.619731789,1.097865187,-0.121293958,3.356556402,-0.171091077
1995/05/07,-0.054024469,-0.094913243,-0.068142653,-0.175859108,-0.11522706,-0.099767197,-0.137038215,-0.202598205,-0.116496188,-0.06226948,-0.076409146,-0.131144227,-0.142862423,-0.186399165,-0.204719826,-0.107419101,-0.107191453,-0.125253122,-0.064680709,-0.08624063,-0.312960679,-0.219035474,-0.074941644,-0.132459945,-0.06190118,-0.288250359,-0.176611253,-0.272537745,-0.166203762,-0.190159297,-0.183536782,-0.176966408,-0.088622261,-0.168077708,-0.139696072,-0.19814998,-0.400671753,-0.247677772,-0.1241152,-0.138720218,-0.210689868,-0.222847048,-0.282924878,-0.331051476,-0.115045306,-0.16632463,-0.145769598,-0.200900416,-0.052076453,-0.058334401,-0.306173263,-0.117447798,-0.094132357,-0.07889364,-0.068933689,-0.108252557,-0.106922282,-0.040060342,-0.102713986,-0.091115427,-0.12217926,-0.124927466,-0.137818369,-0.198186505,-0.27831091,-0.21150647,-0.085306426,-0.072286843,-0.034527732,-0.225210697,-0.130138537,-0.160467164,-0.209991459,-0.246123384,-0.207041967,-0.265547694,-0.070981797,-0.343511689,-0.089972778,-0.095493748,-0.202268101,-0.34758899,-0.101912448,-0.111478542,-0.180776007,-0.192549632,-0.052437057,-0.215399346,-0.186887135,-0.275152965,-0.225693664,-0.091125796,-0.129401116,-0.230512847,-0.355377534,-0.161492635,-0.188668509,-0.047999271,-0.224540743,-0.205346678,-0.120921906,-0.100681083,-0.144248806,-0.311266166,-0.151956182,-0.121293958,-0.238289203,-0.171091077
1995/05/21,-0.054024469,-0.094913243,-0.068142653,-0.175859108,-0.11522706,-0.099767197,-0.137038215,2.10252826,-0.116496188,-0.06226948,-0.076409146,-0.131144227,-0.142862423,-0.186399165,-0.204719826,-0.107419101,-0.107191453,-0.125253122,-0.064680709,-0.08624063,-0.312960679,1.398393404,0.285859868,-0.132459945,-0.06190118,-0.288250359,-0.176611253,-0.272537745,-0.166203762,-0.190159297,-0.183536782,-0.176966408,-0.088622261,-0.168077708,-0.139696072,-0.19814998,-0.400671753,-0.247677772,-0.1241152,-0.138720218,-0.210689868,-0.222847048,-0.282924878,-0.331051476,-0.115045306,-0.16632463,-0.145769598,-0.200900416,-0.052076453,-0.058334401,-0.306173263,-0.117447798,-0.094132357,-0.07889364,-0.068933689,-0.108252557,-0.106922282,-0.040060342,-0.102713986,-0.091115427,-0.12217926,-0.124927466,-0.137818369,-0.198186505,-0.27831091,-0.21150647,-0.085306426,-0.031853833,-0.039382298,-0.225210697,-0.130138537,-0.160467164,-0.209991459,-0.246123384,-0.207041967,-0.262323046,-0.070981797,-0.343511689,-0.089972778,-0.095493748,-0.202268101,-0.504890309,-0.101912448,-0.111478542,-0.180776007,-0.192549632,-0.052437057,-0.215399346,-0.186887135,-0.275152965,-0.225693664,-0.091125796,-0.129401116,-0.230512847,-0.32854985,-0.161492635,-0.188668509,-0.047999271,-0.224540743,-0.227692469,-0.120921906,-0.100681083,-0.144248806,-0.296073058,0.258943994,-0.121293958,4.075525523,-0.171091077
1995/06/07,-0.054024469,-0.094913243,-0.068142653,-0.175859108,-0.11522706,-0.099767197,-0.137038215,-0.39243215,-0.116496188,-0.06226948,-0.076409146,-0.131144227,-0.142862423,-0.186399165,-0.204719826,-0.107419101,-0.107191453,-0.125253122,-0.064680709,-0.08624063,-0.312960679,-0.219035474,-0.074941644,-0.132459945,-0.040369379,-0.288250359,-0.176611253,-0.272537745,-0.166203762,-0.190159297,-0.183536782,-0.176966408,-0.088622261,-0.168077708,-0.139696072,-0.19814998,-0.400671753,-0.247677772,-0.1241152,-0.138720218,-0.210689868,-0.222847048,-0.282924878,-0.331051476,-0.115045306,-0.16632463,-0.145769598,0.148178646,-0.052076453,-0.058334401,-0.306173263,-0.117447798,-0.094132357,-0.07889364,-0.068933689,-0.108252557,-0.106922282,-0.040060342,-0.102713986,-0.091115427,-0.12217926,-0.124927466,-0.137818369,-0.198186505,-0.205558477,-0.21150647,-0.085306426,-0.072286843,-0.090134578,-0.225210697,-0.130138537,-0.160467164,-0.208577372,-0.246123384,-0.207041967,-0.274146756,-0.070981797,-0.343511689,-0.089972778,0.098445892,-0.202268101,-0.504890309,-0.101912448,-0.111478542,-0.180776007,-0.192549632,-0.052437057,-0.215399346,-0.186887135,-0.275152965,-0.225693664,-0.091125796,-0.129401116,-0.230512847,-0.336187397,-0.161492635,-0.188668509,-0.047999271,-0.224540743,-0.227692469,-0.120921906,-0.100681083,-0.144248806,-0.311266166,-0.151956182,-0.121293958,-0.238289203,-0.171091077
1995/06/21,-0.054024469,-0.094913243,-0.068142653,-0.175859108,-0.11522706,-0.099767197,-0.137038215,-0.39243215,-0.116496188,-0.06226948,-0.076409146,-0.131144227,-0.142862423,-0.186399165,-0.204719826,-0.107419101,-0.107191453,-0.125253122,-0.064680709,-0.08624063,-0.312960679,-0.219035474,-0.074941644,-0.132459945,-0.06190118,4.36992686,-0.176611253,-0.272537745,-0.166203762,-0.190159297,-0.183536782,-0.176966408,-0.088622261,-0.168077708,-0.139696072,-0.19814998,-0.400671753,-0.247677772,-0.1241152,-0.138720218,-0.210689868,-0.222847048,-0.282924878,-0.331051476,-0.115045306,-0.16632463,-0.145769598,-0.200900416,-0.052076453,-0.058334401,0.010183446,-0.117447798,-0.094132357,-0.07889364,-0.068933689,-0.108252557,-0.106922282,-0.040060342,-0.102713986,-0.091115427,-0.12217926,-0.124927466,-0.137818369,-0.198186505,-0.27831091,0.020880973,-0.085306426,-0.072286843,-0.055269968,-0.225210697,-0.128832147,-0.160467164,-0.209991459,0.010228314,-0.207041967,-0.258023515,-0.070981797,3.560324909,-0.089972778,-0.095493748,-0.202268101,-0.504890309,-0.101912448,-0.111478542,-0.180776007,-0.192549632,-0.052437057,-0.215399346,-0.186887135,-0.275152965,-0.225693664,-0.091125796,-0.129401116,-0.230512847,-0.355249172,-0.161492635,-0.188668509,-0.047999271,-0.224540743,-0.227692469,-0.120921906,-0.100681083,-0.144248806,-0.311542404,-0.151956182,-0.121293958,-0.238289203,-0.171091077
1995/07/07,-0.054024469,-0.094913243,-0.068142653,-0.175859108,-0.11522706,-0.099767197,-0.137038215,-0.365313015,-0.116496188,-0.06226948,-0.076409146,-0.131144227,-0.142862423,-0.186399165,-0.204719826,-0.107419101,-0.107191453,-0.125253122,-0.064680709,-0.08624063,-0.312960679,-0.219035474,-0.074941644,-0.132459945,-0.06190118,-0.288250359,-0.176611253,-0.272537745,-0.166203762,-0.190159297,-0.183536782,-0.176966408,-0.088622261,-0.168077708,-0.139696072,-0.19814998,-0.400671753,-0.247677772,-0.1241152,-0.138720218,-0.210689868,-0.222847048,-0.282924878,-0.331051476,-0.115045306,-0.16632463,-0.145769598,-0.200900416,-0.052076453,-0.058334401,-0.306173263,-0.117447798,-0.094132357,-0.07889364,-0.068933689,-0.108252557,-0.106922282,-0.040060342,-0.102713986,-0.091115427,-0.12217926,-0.124927466,-0.137818369,-0.198186505,-0.27831091,-0.21150647,-0.085306426,-0.067232716,-0.083661824,-0.225210697,-0.130138537,-0.160467164,-0.209991459,-0.246123384,-0.207041967,-0.273071873,-0.070981797,-0.343511689,-0.089972778,-0.095493748,-0.202268101,-0.504890309,-0.101912448,-0.111478542,-0.180776007,-0.192549632,-0.052437057,-0.215399346,-0.186887135,-0.275152965,-0.225693664,-0.091125796,-0.129401116,-0.230512847,-0.354864086,-0.161492635,-0.188668509,-0.047999271,-0.224540743,-0.227692469,-0.120921906,-0.100681083,-0.144248806,-0.308780021,-0.151956182,-0.121293958,-0.238289203,-0.171091077
1995/07/21,-0.054024469,-0.094913243,-0.068142653,-0.175859108,-0.11522706,-0.099767197,-0.137038215,-0.358533231,-0.116496188,-0.06226948,-0.076409146,-0.131144227,-0.142862423,-0.186399165,-0.204719826,-0.107419101,-0.107191453,-0.125253122,-0.064680709,-0.08624063,-0.312960679,-0.2006556,-0.074941644,-0.051875819,-0.040369379,-0.288250359,-0.176611253,-0.272537745,-0.166203762,-0.162245791,-0.102123822,-0.176966408,-0.088622261,-0.168077708,-0.139696072,-0.19814998,-0.400671753,-0.247677772,-0.1241152,-0.138720218,-0.210689868,-0.222847048,-0.282924878,-0.331051476,-0.115045306,-0.16632463,-0.145769598,-0.200900416,-0.052076453,-0.058334401,2.857393821,-0.117447798,-0.094132357,-0.07889364,-0.068933689,-0.108252557,-0.106922282,-0.040060342,-0.102713986,-0.091115427,-0.12217926,-0.124927466,-0.137818369,-0.198186505,-0.27831091,-0.185685643,-0.085306426,-0.072286843,-0.037322785,-0.225210697,-0.129485342,-0.160467164,-0.207870329,-0.246123384,-0.207041967,-0.273071873,-0.070981797,-0.343511689,-0.089972778,-0.095493748,-0.202268101,-0.504890309,-0.101912448,-0.111478542,-0.180776007,-0.192549632,-0.052437057,-0.215399346,-0.186887135,-0.275152965,-0.225693664,-0.091125796,-0.129401116,-0.230512847,-0.355184991,-0.161492635,-0.188668509,-0.047999271,-0.224540743,-0.183000888,-0.120921906,-0.100681083,-0.144248806,-0.297039892,0.002131384,-0.121293958,0.570551058,-0.171091077
1995/08/07,-0.054024469,-0.094913243,-0.068142653,-0.175859108,-0.11522706,-0.099767197,-0.137038215,-0.28395561,-0.116496188,-0.06226948,-0.076409146,-0.131144227,-0.142862423,-0.186399165,-0.204719826,-0.107419101,-0.107191453,-0.125253122,-0.064680709,-0.08624063,-0.312960679,-0.219035474,-0.074941644,-0.132459945,-0.06190118,2.040838251,-0.176611253,-0.272537745,-0.166203762,-0.022678258,-0.183536782,-0.16348978,-0.088622261,-0.168077708,-0.139696072,-0.19814998,-0.400671753,-0.247677772,-0.1241152,-0.138720218,-0.210689868,-0.222847048,-0.282924878,-0.331051476,-0.115045306,-0.16632463,-0.145769598,-0.200900416,-0.052076453,-0.058334401,-0.306173263,-0.117447798,-0.094132357,-0.07889364,-0.068933689,-0.108252557,-0.106922282,-0.040060342,-0.102713986,-0.091115427,-0.12217926,-0.124927466,-0.137818369,-0.198186505,-0.27831091,-0.21150647,-0.085306426,-0.072286843,-0.064831992,-0.225210697,-0.130138537,-0.160467164,-0.209991459,-0.246123384,-0.207041967,-0.266622577,-0.070981797,-0.343511689,-0.089972778,-0.095493748,-0.202268101,-0.34758899,-0.101912448,-0.111478542,-0.180776007,-0.192549632,-0.052437057,-0.215399346,-0.186887135,-0.275152965,-0.225693664,-0.091125796,-0.129401116,-0.230512847,-0.355505897,-0.161492635,-0.188668509,-0.047999271,-0.224540743,0.040457013,-0.120921906,-0.100681083,-0.144248806,-0.292205721,-0.151956182,-0.121293958,-0.238289203,-0.171091077
1995/08/21,-0.054024469,-0.094913243,-0.068142653,-0.175859108,-0.11522706,-0.099767197,-0.137038215,0.177069683,-0.116496188,-0.06226948,-0.076409146,-0.131144227,-0.142862423,-0.186399165,-0.204719826,-0.107419101,-0.107191453,-0.125253122,-0.064680709,-0.08624063,-0.312960679,-0.071996485,-0.074941644,-0.011583757,-0.06190118,-0.288250359,-0.176611253,-0.272537745,-0.166203762,-0.190159297,-0.183536782,-0.136536524,-0.088622261,-0.168077708,-0.139696072,-0.19814998,-0.400671753,-0.247677772,-0.1241152,-0.138720218,-0.210689868,-0.222847048,-0.282924878,-0.331051476,-0.115045306,-0.16632463,0.294829858,-0.200900416,-0.052076453,-0.058334401,0.1683618,-0.117447798,-0.094132357,-0.07889364,-0.068933689,-0.072383689,-0.106922282,-0.040060342,-0.102713986,-0.091115427,-0.12217926,-0.124927466,-0.137421883,-0.198186505,-0.060053612,-0.108223162,-0.085306426,-0.067232716,0.001807958,-0.225210697,-0.126219367,-0.160467164,-0.209991459,0.52293171,-0.207041967,-0.262323046,-0.070981797,-0.343511689,-0.089972778,-0.095493748,-0.202268101,-0.504890309,-0.101912448,-0.111478542,-0.180776007,-0.192549632,-0.052437057,-0.215399346,-0.186887135,-0.275152965,-0.225693664,-0.091125796,-0.129401116,-0.230512847,-0.355249172,-0.161492635,-0.188668509,-0.047999271,-0.224540743,0.107494384,-0.120921906,-0.100681083,-0.144248806,-0.276183899,-0.151956182,-0.121293958,-0.238289203,-0.171091077
1995/09/07,-0.054024469,-0.094913243,0.078078543,-0.175859108,-0.11522706,-0.099767197,-0.137038215,-0.134800368,-0.116496188,-0.06226948,-0.076409146,-0.131144227,-0.142862423,-0.186399165,-0.204719826,-0.107419101,-0.107191453,-0.125253122,-0.064680709,-0.08624063,-0.306523651,-0.096502983,-0.014808059,1.277762249,-0.06190118,1.264475381,-0.176611253,-0.272537745,-0.166203762,-0.078505271,-0.183536782,0.168933713,-0.088622261,-0.168077708,-0.139696072,-0.19814998,-0.400671753,-0.247677772,-0.1241152,1.736673256,-0.210689868,-0.222847048,-0.282924878,-0.331051476,4.673508499,-0.16632463,0.086769004,0.264538333,-0.052076453,-0.058334401,0.511081567,-0.117447798,-0.094132357,-0.07889364,-0.068933689,-0.078361834,-0.106922282,-0.040060342,-0.102713986,-0.091115427,-0.12217926,-0.124927466,-0.091561581,-0.198186505,-0.254060099,0.339337838,-0.085306426,-0.068917425,0.141266398,1.350098951,-0.130138537,-0.160467164,-0.154370707,0.09567888,-0.207041967,-0.184931489,-0.070981797,-0.343511689,-0.089972778,-0.095493748,-0.202268101,-0.400022763,-0.101912448,-0.111478542,-0.180776007,-0.192549632,-0.052437057,-0.215399346,-0.186887135,-0.275152965,-0.225693664,-0.091125796,-0.129401116,-0.230512847,-0.230695122,-0.161492635,-0.188668509,-0.047999271,-0.224540743,0.301157898,-0.120921906,-0.100681083,-0.144248806,2.089521097,-0.08347282,-0.121293958,0.480679918,-0.171091077
1995/09/21,-0.054024469,-0.094913243,-0.068142653,-0.175859108,-0.11522706,-0.099767197,-0.137038215,-0.112201089,-0.116496188,-0.06226948,-0.076409146,-0.131144227,-0.142862423,-0.186399165,-0.204719826,-0.107419101,-0.107191453,-0.125253122,-0.064680709,-0.08624063,-0.310815003,-0.145515979,-0.074941644,-0.10559857,-0.06190118,2.817201121,-0.176611253,-0.272537745,-0.166203762,-0.11572328,-0.183536782,-0.019739081,-0.088622261,-0.168077708,-0.139696072,-0.19814998,-0.400671753,-0.247677772,-0.1241152,-0.138720218,-0.210689868,-0.222847048,-0.282924878,1.110902395,1.068783824,-0.16632463,-0.072336355,-0.200900416,-0.052076453,-0.058334401,1.407425575,-0.117447798,-0.094132357,-0.07889364,-0.068933689,-0.108252557,0.900480162,-0.040060342,-0.102713986,-0.091115427,-0.12217926,-0.124927466,-0.109932134,-0.198186505,-0.132806045,-0.108223162,-0.085306426,-0.072286843,0.034711127,2.925408599,-0.128396684,-0.160467164,-0.169454301,0.394755861,-0.207041967,-0.206070849,-0.070981797,-0.343511689,-0.089972778,-0.095493748,-0.202268101,2.588702299,-0.101912448,-0.111478542,-0.180776007,-0.192549632,-0.052437057,-0.215399346,-0.186887135,-0.275152965,-0.225693664,-0.091125796,-0.129401116,-0.230512847,1.00074694,-0.161492635,-0.188668509,-0.047999271,0.709523527,0.781592387,-0.120921906,-0.100681083,-0.144248806,1.884276023,-0.014989457,-0.121293958,2.997071841,-0.171091077
1995/10/07,-0.046597126,-0.068668534,-0.065096379,0.122833743,-0.002555482,0.138784889,-0.11567183,-0.079963038,-0.116496188,-0.06226948,-0.076409146,-0.100604522,-0.093983593,0.117363688,-0.166309595,-0.062823627,-0.105500125,-0.064440454,-0.032931884,-0.019931995,0.860684588,-0.188657627,-0.054002271,-0.093846718,-0.06190118,-0.268841287,-0.031741834,-0.061810037,-0.00152939,-0.06662357,0.22352802,-0.136073934,-0.046861392,-0.167573508,-0.133644659,-0.11796974,-0.168909525,-0.014904846,0.052335356,-0.021508126,0.186725191,-0.008065939,0.080797293,0.019423423,-0.082443306,-0.165227578,-0.088348882,-0.157265533,-0.040389866,-0.057350545,-0.169158586,-0.044022079,-0.056896956,-0.076557274,-0.067648515,-0.030886589,0.092459452,-0.039730009,-0.087058282,-0.065898278,-0.122163778,-0.124434493,-0.130134,-0.116039976,0.041785359,-0.130442393,0.008118392,-0.069205229,-0.067766565,0.267073568,-0.00955908,-0.160467164,-0.092251889,-0.092253024,-0.159652097,-0.230376422,-0.066540524,-0.004636984,-0.089222093,-0.095493748,-0.154313458,-0.135076157,0.049376366,-0.027390751,-0.00799642,-0.077415535,-0.052328404,-0.171136151,0.134701871,-0.203083982,0.765005779,-0.063851031,-0.129401116,-0.173631408,0.226394987,0.163539342,0.152480535,-0.044869725,0.124065386,-0.18599954,-0.118582043,-0.095471252,-0.099170247,-0.179884113,-0.064517603,-0.04002275,-0.210828577,-0.042855785
1995/10/21,-0.054024469,-0.094913243,-0.068142653,-0.175859108,-0.11522706,-0.099767197,-0.137038215,-0.216157773,-0.116496188,-0.06226948,-0.076409146,-0.131144227,-0.142862423,-0.186399165,-0.204719826,-0.107419101,-0.107191453,-0.125253122,-0.064680709,-0.08624063,-0.312960679,-0.182275727,-0.074941644,-0.132459945,-0.06190118,4.36992686,-0.176611253,-0.272537745,-0.166203762,0.479764858,-0.183536782,-0.069153384,-0.088622261,-0.168077708,-0.139696072,-0.19814998,-0.400671753,-0.247677772,-0.1241152,5.487460205,-0.210689868,-0.222847048,-0.282924878,0.38992546,-0.115045306,-0.16632463,-0.035619734,0.148178646,-0.052076453,-0.058334401,3.252839707,-0.117447798,-0.094132357,-0.07889364,-0.068933689,-0.108252557,-0.106922282,-0.040060342,-0.102713986,-0.091115427,-0.12217926,-0.124927466,-0.121958899,-0.198186505,0.376460984,0.0467018,-0.085306426,-0.072286843,0.125672944,4.500718246,-0.130138537,-0.160467164,-0.201506938,1.804690199,-0.207041967,-0.086042278,-0.070981797,1.60840661,-0.089972778,-0.095493748,-0.202268101,1.068122882,-0.101912448,-0.111478542,-0.180776007,-0.192549632,-0.052437057,-0.215399346,-0.186887135,-0.275152965,-0.225693664,-0.091125796,-0.129401116,-0.230512847,-0.02375398,-0.161492635,-0.188668509,-0.047999271,-0.224540743,1.615835219,-0.120921906,-0.100681083,-0.144248806,1.836210555,-0.151956182,-0.121293958,0.840164478,-0.171091077
1995/11/07,-0.054024469,-0.094913243,-0.068142653,-0.175859108,-0.11522706,-0.099767197,-0.137038215,-0.17547907,-0.116496188,-0.06226948,-0.076409146,-0.131144227,-0.142862423,-0.186399165,-0.204719826,-0.107419101,-0.107191453,-0.125253122,-0.064680709,-0.08624063,-0.312960679,-0.219035474,-0.074941644,-0.132459945,-0.06190118,-0.288250359,-0.176611253,-0.272537745,-0.166203762,-0.190159297,-0.183536782,-0.176966408,-0.088622261,-0.168077708,-0.139696072,-0.19814998,-0.400671753,-0.247677772,-0.1241152,22.36600147,-0.210689868,-0.222847048,-0.282924878,-0.331051476,-0.115045306,-0.16632463,0.441696343,-0.200900416,-0.052076453,-0.058334401,-0.306173263,-0.117447798,-0.094132357,-0.07889364,-0.068933689,-0.108252557,-0.106922282,-0.040060342,-0.102713986,-0.091115427,-0.12217926,-0.124927466,-0.118787005,-0.198186505,-0.27831091,-0.21150647,-0.085306426,-0.072286843,0.121848134,-0.225210697,-0.130138537,-0.160467164,-0.209991459,-0.246123384,-0.207041967,-0.232226329,-0.070981797,-0.343511689,-0.089972778,-0.095493748,-0.202268101,5.787162454,-0.101912448,-0.111478542,-0.180776007,-0.192549632,-0.052437057,-0.215399346,-0.186887135,-0.275152965,-0.225693664,-0.091125796,-0.129401116,-0.230512847,4.568465282,-0.161492635,-0.188668509,-0.047999271,-0.224540743,-0.227692469,-0.120921906,-0.100681083,-0.144248806,-0.067347727,-0.151956182,-0.121293958,4.075525523,-0.171091077
1995/11/21,-0.054024469,-0.094913243,-0.068142653,-0.175859108,-0.11522706,-0.099767197,-0.137038215,0.258427088,-0.116496188,-0.06226948,-0.076409146,-0.131144227,-0.142862423,-0.186399165,-0.204719826,-0.107419101,-0.107191453,-0.125253122,-0.064680709,-0.08624063,-0.312960679,-0.219035474,-0.074941644,-0.132459945,-0.06190118,-0.288250359,-0.176611253,-0.272537745,-0.166203762,-0.041287263,-0.183536782,-0.176966408,-0.088622261,-0.168077708,-0.139696072,-0.19814998,-0.400671753,-0.247677772,-0.1241152,-0.138720218,-0.210689868,-0.222847048,-0.282924878,-0.331051476,-0.115045306,-0.16632463,0.050052382,-0.200900416,-0.052076453,-0.058334401,-0.306173263,-0.117447798,-0.094132357,-0.07889364,-0.068933689,-0.108252557,-0.106922282,-0.040060342,-0.102713986,-0.091115427,-0.12217926,-0.124927466,-0.136761071,-0.198186505,-0.181307667,0.442621146,-0.085306426,-0.072286843,0.143816271,-0.225210697,-0.12665483,-0.160467164,-0.177938823,-0.246123384,-0.207041967,-0.25085763,-0.070981797,-0.343511689,-0.089972778,-0.095493748,-0.202268101,0.543785151,-0.101912448,-0.111478542,-0.180776007,-0.192549632,-0.052437057,-0.215399346,-0.186887135,-0.275152965,-0.225693664,-0.091125796,-0.129401116,-0.230512847,0.067746822,-0.161492635,-0.188668509,-0.047999271,-0.224540743,-0.197898082,-0.120921906,-0.100681083,-0.144248806,-0.293494834,-0.151956182,-0.121293958,-0.238289203,-0.171091077
1995/12/07,-0.054024469,-0.094913243,-0.068142653,-0.175859108,-0.11522706,-0.099767197,-0.137038215,-0.012764261,-0.116496188,-0.06226948,-0.076409146,-0.131144227,-0.142862423,-0.186399165,-0.204719826,-0.107419101,-0.107191453,-0.125253122,-0.064680709,-0.08624063,-0.312960679,-0.219035474,-0.074941644,-0.132459945,0.110353225,-0.288250359,-0.176611253,-0.272537745,-0.166203762,-0.190159297,-0.183536782,-0.176966408,-0.088622261,-0.168077708,-0.139696072,-0.19814998,-0.400671753,-0.247677772,-0.1241152,-0.138720218,-0.210689868,-0.222847048,-0.282924878,-0.331051476,-0.115045306,-0.16632463,-0.145769598,-0.200900416,-0.052076453,-0.058334401,8.235457864,-0.117447798,-0.094132357,-0.07889364,-0.068933689,-0.108252557,-0.106922282,-0.040060342,-0.102713986,-0.091115427,-0.12217926,-0.124927466,-0.137818369,-0.198186505,9.907029664,0.304910069,-0.085306426,-0.072286843,0.114198515,-0.225210697,-0.130138537,-0.160467164,-0.187366069,-0.246123384,-0.207041967,-0.219327736,-0.070981797,-0.343511689,-0.089972778,-0.095493748,-0.202268101,-0.504890309,-0.101912448,-0.111478542,-0.180776007,-0.192549632,-0.052437057,-0.215399346,-0.186887135,-0.275152965,-0.225693664,-0.091125796,-0.129401116,-0.230512847,-0.354479,-0.161492635,-0.188668509,-0.047999271,-0.224540743,-0.227692469,-0.120921906,-0.100681083,-0.144248806,-0.309332497,-0.151956182,-0.121293958,-0.238289203,-0.171091077
1995/12/21,-0.054024469,-0.094913243,-0.068142653,-0.175859108,-0.11522706,-0.099767197,-0.137038215,1.234715944,-0.116496188,-0.06226948,-0.076409146,-0.131144227,-0.142862423,-0.186399165,-0.204719826,-0.107419101,-0.107191453,-0.125253122,-0.064680709,-0.08624063,-0.312960679,-0.145515979,-0.074941644,-0.132459945,-0.06190118,-0.288250359,-0.176611253,-0.272537745,-0.166203762,-0.190159297,-0.183536782,-0.09610664,-0.088622261,-0.168077708,-0.139696072,-0.19814998,-0.400671753,-0.247677772,-0.1241152,-0.138720218,-0.210689868,-0.222847048,-0.282924878,-0.331051476,-0.115045306,-0.16632463,3.011859834,-0.200900416,-0.052076453,-0.058334401,-0.227084085,-0.117447798,-0.094132357,-0.07889364,-0.068933689,-0.108252557,-0.106922282,-0.040060342,-0.102713986,-0.091115427,-0.12217926,-0.124927466,-0.12671674,-0.198186505,-0.27831091,-0.108223162,-0.085306426,-0.072286843,-0.046443485,-0.225210697,-0.130138537,-0.160467164,-0.207163286,-0.246123384,-0.207041967,-0.27199699,-0.070981797,-0.343511689,-0.089972778,-0.095493748,-0.202268101,-0.504890309,-0.101912448,-0.111478542,-0.180776007,-0.192549632,-0.052437057,-0.215399346,-0.186887135,-0.275152965,-0.225693664,-0.091125796,-0.129401116,-0.230512847,-0.354992448,-0.161492635,-0.188668509,-0.047999271,-0.224540743,-0.138309308,-0.120921906,-0.100681083,-0.144248806,-0.313199834,-0.151956182,-0.121293958,-0.238289203,-0.171091077
1996/01/07,-0.054024469,-0.094913243,-0.068142653,-0.175859108,-0.11522706,-0.099767197,-0.137038215,-0.094121666,-0.116496188,-0.06226948,-0.076409146,-0.131144227,-0.142862423,-0.186399165,-0.204719826,-0.107419101,-0.107191453,-0.125253122,-0.064680709,-0.08624063,-0.307596489,-0.219035474,-0.074941644,0.028708306,0.024226022,4.36992686,-0.176611253,-0.272537745,-0.166203762,-0.190159297,-0.183536782,-0.150013152,-0.088622261,-0.168077708,-0.139696072,-0.19814998,-0.400671753,-0.247677772,-0.1241152,-0.138720218,-0.210689868,-0.222847048,-0.282924878,-0.331051476,-0.115045306,-0.16632463,0.515129585,-0.200900416,-0.052076453,-0.058334401,-0.147994908,-0.117447798,-0.094132357,-0.07889364,-0.068933689,-0.108252557,-0.106922282,-0.040060342,-0.102713986,-0.091115427,-0.12217926,-0.124927466,-0.136232422,-0.198186505,-0.132806045,-0.21150647,-0.085306426,-0.072286843,0.007692281,-0.225210697,-0.130138537,-0.160467164,-0.209991459,-0.246123384,-0.207041967,-0.262323046,-0.070981797,-0.343511689,-0.089972778,-0.095493748,-0.202268101,-0.504890309,-0.101912448,-0.111478542,-0.180776007,-0.192549632,-0.052437057,-0.215399346,-0.186887135,-0.275152965,-0.225693664,-0.082960378,-0.129401116,-0.230512847,-0.355505897,-0.161492635,-0.188668509,-0.047999271,-0.224540743,-0.183000888,-0.120921906,-0.100681083,-0.144248806,-0.289443338,-0.151956182,-0.121293958,-0.238289203,-0.171091077
1996/01/21,-0.054024469,-0.094913243,-0.068142653,-0.175859108,-0.11522706,-0.099767197,-0.137038215,-0.33819388,-0.116496188,-0.06226948,-0.076409146,-0.131144227,-0.142862423,-0.186399165,-0.204719826,-0.107419101,-0.107191453,-0.125253122,-0.064680709,-0.08624063,-0.312960679,-0.219035474,-0.074941644,-0.132459945,-0.018837579,-0.288250359,-0.176611253,-0.272537745,-0.166203762,-0.190159297,-0.183536782,-0.176966408,-0.088622261,-0.168077708,-0.139696072,-0.19814998,-0.400671753,-0.247677772,-0.1241152,-0.138720218,-0.210689868,-0.222847048,-0.282924878,-0.331051476,-0.115045306,-0.16632463,0.147963372,-0.200900416,-0.052076453,-0.058334401,1.433788634,-0.117447798,-0.094132357,-0.07889364,-0.068933689,-0.108252557,-0.106922282,-0.040060342,-0.102713986,-0.091115427,-0.12217926,-0.124927466,-0.137818369,-0.198186505,0.012698821,-0.134043989,-0.085306426,-0.072286843,-0.021288007,-0.225210697,-0.128832147,-0.160467164,-0.207163286,-0.246123384,-0.207041967,-0.255873749,-0.070981797,-0.343511689,-0.089972778,-0.095493748,-0.202268101,-0.504890309,-0.101912448,-0.111478542,-0.180776007,-0.192549632,-0.052437057,-0.215399346,-0.186887135,-0.275152965,-0.225693664,-0.091125796,-0.129401116,-0.230512847,-0.355505897,-0.161492635,-0.188668509,-0.047999271,-0.224540743,-0.227692469,-0.120921906,-0.100681083,-0.144248806,-0.309884974,-0.151956182,-0.121293958,-0.238289203,-0.171091077
1996/02/07,-0.054024469,-0.094913243,-0.068142653,-0.175859108,-0.11522706,-0.099767197,-0.137038215,-0.28395561,-0.116496188,-0.06226948,-0.076409146,-0.131144227,-0.142862423,-0.186399165,-0.204719826,-0.107419101,-0.107191453,-0.125253122,-0.064680709,-0.08624063,-0.312960679,-0.219035474,-0.074941644,-0.132459945,0.024226022,-0.288250359,-0.176611253,-0.272537745,-0.166203762,-0.190159297,-0.183536782,-0.176966408,-0.088622261,-0.168077708,-0.139696072,-0.19814998,-0.400671753,-0.247677772,-0.1241152,-0.138720218,-0.210689868,-0.222847048,-0.282924878,-0.331051476,-0.115045306,-0.16632463,-0.145769598,-0.200900416,-0.052076453,-0.058334401,1.275610279,-0.117447798,-0.094132357,-0.07889364,-0.068933689,-0.108252557,-0.106922282,-0.040060342,-0.102713986,-0.091115427,-0.12217926,-0.124927466,-0.137818369,-0.198186505,-0.27831091,-0.21150647,-0.085306426,-0.072286843,6.31E-04,-0.225210697,-0.130138537,-0.160467164,-0.198678764,-0.246123384,-0.207041967,-0.240825391,-0.070981797,-0.343511689,-0.089972778,-0.095493748,-0.202268101,-0.504890309,-0.101912448,-0.111478542,-0.180776007,-0.192549632,-0.052437057,-0.215399346,-0.186887135,-0.275152965,-0.225693664,-0.091125796,-0.129401116,-0.230512847,-0.355505897,-0.161492635,-0.188668509,-0.047999271,-0.224540743,-0.227692469,-0.120921906,-0.100681083,-0.144248806,-0.310437451,-0.151956182,-0.121293958,-0.238289203,-0.171091077
1996/02/21,-0.054024469,-0.094913243,-0.068142653,-0.175859108,-0.11522706,-0.099767197,-0.137038215,-0.28395561,-0.116496188,-0.06226948,-0.076409146,-0.131144227,-0.142862423,-0.186399165,-0.204719826,-0.107419101,-0.107191453,-0.125253122,-0.064680709,-0.08624063,-0.312960679,-0.219035474,-0.074941644,-0.132459945,-0.06190118,4.36992686,-0.176611253,-0.272537745,-0.166203762,-0.190159297,-0.183536782,-0.176966408,-0.088622261,-0.168077708,-0.139696072,-0.19814998,-0.400671753,-0.247677772,-0.1241152,-0.138720218,-0.210689868,-0.222847048,-0.282924878,-0.331051476,-0.115045306,-0.16632463,-0.145769598,-0.200900416,-0.052076453,-0.058334401,0.959253571,-0.117447798,-0.094132357,-0.07889364,-0.068933689,-0.108252557,-0.106922282,-0.040060342,-0.102713986,-0.091115427,-0.12217926,-0.124927466,-0.12433782,-0.198186505,-0.27831091,-0.21150647,-0.085306426,-0.072286843,3.37E-04,-0.225210697,-0.127525757,-0.160467164,-0.127974418,-0.246123384,-0.207041967,-0.238675626,-0.070981797,-0.343511689,-0.089972778,-0.095493748,-0.202268101,-0.504890309,-0.101912448,-0.111478542,-0.180776007,-0.192549632,-0.052437057,-0.215399346,-0.186887135,-0.275152965,-0.225693664,-0.091125796,-0.129401116,-0.230512847,-0.353195378,-0.161492635,-0.188668509,-0.047999271,-0.224540743,0.308606495,-0.120921906,-0.100681083,-0.144248806,-0.267896749,-0.151956182,-0.121293958,-0.238289203,-0.171091077
1996/03/07,-0.054024469,-0.094913243,-0.068142653,-0.175859108,-0.11522706,-0.099767197,-0.137038215,-0.22971734,-0.116496188,-0.06226948,-0.076409146,-0.131144227,-0.142862423,-0.186399165,-0.204719826,-0.107419101,-0.107191453,-0.125253122,-0.064680709,-0.08624063,-0.312960679,-0.219035474,-0.074941644,0.351044807,0.024226022,-0.288250359,-0.176611253,-0.272537745,-0.166203762,-0.190159297,-0.183536782,0.038659641,-0.088622261,-0.168077708,-0.139696072,-0.19814998,-0.400671753,-0.247677772,-0.1241152,-0.138720218,-0.210689868,-0.222847048,-0.282924878,-0.331051476,-0.115045306,-0.16632463,0.001096887,-0.200900416,-0.052076453,-0.058334401,-0.306173263,-0.117447798,-0.094132357,-0.07889364,-0.068933689,-0.108252557,-0.106922282,-0.040060342,-0.102713986,-0.091115427,-0.12217926,-0.124927466,-0.137818369,-0.198186505,-0.27831091,-0.21150647,-0.085306426,-0.072286843,0.030641138,-0.225210697,-0.130138537,-0.160467164,1.62266519,-0.246123384,-0.207041967,-0.23652586,-0.070981797,-0.343511689,-0.089972778,-0.095493748,-0.202268101,-0.504890309,-0.101912448,-0.111478542,-0.180776007,-0.192549632,-0.052437057,-0.215399346,-0.186887135,-0.275152965,-0.225693664,-0.042133287,-0.129401116,-0.230512847,-0.353452103,-0.161492635,-0.188668509,-0.047999271,-0.224540743,8.17432463,-0.120921906,-0.100681083,-0.144248806,1.414394636,-0.151956182,-0.121293958,-0.238289203,-0.171091077
1996/03/21,-0.054024469,-0.094913243,-0.068142653,-0.175859108,-0.11522706,-0.099767197,-0.137038215,2.867287864,-0.116496188,-0.056418475,-0.076409146,-0.131144227,-0.142862423,2.90811379,-0.204719826,-0.107419101,-0.107191453,-0.125253122,-0.064680709,-0.08624063,-0.310815003,-0.219035474,-0.002781342,0.012591481,-0.06190118,3.438291417,-0.176611253,-0.272537745,-0.166203762,0.167133586,-0.183536782,-0.004465569,-0.088622261,-0.168077708,-0.139696072,-0.19814998,-0.400671753,-0.247677772,-0.1241152,-0.138720218,-0.210689868,-0.222847048,-0.282924878,-0.331051476,-0.115045306,-0.16632463,1.954421141,0.91615258,-0.052076453,-0.058334401,0.737803875,-0.117447798,-0.094132357,-0.07889364,-0.068933689,-0.079557463,-0.106922282,-0.040060342,-0.102713986,-0.091115427,-0.12217926,-0.124927466,-0.130523013,-0.198186505,0.623819255,-0.108223162,-0.085306426,-0.064200241,0.340803769,1.665160881,-0.130138537,-0.160467164,-0.118924262,1.958501218,-0.207041967,-0.239105579,-0.070981797,-0.343511689,-0.089972778,-0.095493748,-0.202268101,-0.441969782,-0.101912448,-0.111478542,-0.180776007,-0.192549632,-0.052437057,-0.215399346,-0.186887135,-0.275152965,-0.225693664,-0.089492712,-0.129401116,-0.230512847,-0.241237931,-0.161492635,-0.188668509,-0.047999271,-0.224540743,-0.214284995,-0.120921906,-0.100681083,-0.144248806,-0.303034264,-0.151956182,-0.121293958,-0.238289203,-0.171091077
1996/04/07,-0.054024469,-0.094913243,-0.068142653,-0.175859108,-0.11522706,-0.099767197,-0.137038215,4.651726939,-0.116496188,-0.06226948,-0.076409146,-0.131144227,-0.142862423,0.359691357,-0.204719826,-0.107419101,-0.107191453,-0.125253122,-0.064680709,-0.08624063,-0.308669327,-0.219035474,-0.074941644,0.189876557,-0.06190118,-0.288250359,-0.176611253,0.21802468,-0.166203762,0.256456806,-0.183536782,0.11951941,-0.088622261,-0.168077708,-0.139696072,-0.19814998,-0.400671753,-0.247677772,-0.1241152,-0.138720218,-0.210689868,-0.222847048,-0.282924878,-0.331051476,-0.115045306,-0.16632463,0.661996071,-0.200900416,-0.052076453,-0.058334401,0.010183446,-0.117447798,-0.094132357,-0.07889364,-0.068933689,-0.036514822,-0.106922282,-0.040060342,-0.102713986,-0.091115427,-0.12217926,-0.124927466,-0.137818369,-0.198186505,-0.27831091,-0.21150647,-0.085306426,-0.072286843,0.009751794,-0.225210697,-0.130138537,-0.160467164,-0.088379984,-0.246123384,-0.207041967,-0.238675626,-0.070981797,-0.343511689,-0.089972778,-0.095493748,-0.202268101,-0.504890309,-0.101912448,-0.111478542,-0.180776007,-0.192549632,-0.052437057,-0.215399346,-0.186887135,-0.275152965,-0.225693664,-0.074794959,-0.129401116,-0.230512847,1.788526705,-0.161492635,-0.188668509,-0.047999271,-0.224540743,-0.227692469,-0.120921906,-0.100681083,-0.144248806,-0.288890861,-0.151956182,-0.121293958,-0.238289203,-0.171091077
1996/04/21,-0.054024469,-0.094913243,-0.068142653,2.555046957,-0.11522706,-0.099767197,-0.137038215,0.1344539,-0.116496188,-0.06226948,-0.076409146,-0.131144227,-0.142862423,0.307682735,-0.204719826,-0.107419101,-0.107191453,-0.125253122,-0.064680709,-0.08624063,-0.278170076,-0.219035474,-0.074941644,0.00568427,-0.06190118,-0.288250359,-0.176611253,0.007783641,-0.166203762,-0.094455846,-0.183536782,0.408304298,-0.088622261,-0.168077708,-0.139696072,-0.19814998,0.95414939,-0.247677772,0.601852801,-0.138720218,0.69768741,-0.222847048,-0.282924878,-0.331051476,-0.115045306,-0.16632463,-0.135279135,-0.101163541,-0.052076453,-0.058334401,-0.057607277,-0.117447798,-0.094132357,-0.07889364,-0.068933689,-0.098004309,-0.106922282,-0.040060342,-0.102713986,-0.091115427,-0.12217926,-0.124927466,-0.124790947,-0.198186505,-0.257524501,-0.071336266,-0.085306426,-0.021745581,-0.038163403,0.44992201,-0.101397956,-0.160467164,-0.199082789,-0.172880041,-0.207041967,-0.204586488,-0.070981797,-0.343511689,-0.089972778,-0.095493748,-0.202268101,1.068122882,-0.101912448,-0.111478542,-0.180776007,-0.192549632,-0.052437057,-0.215399346,-0.186887135,-0.275152965,-0.225693664,-0.088792819,-0.129401116,-0.230512847,0.491262378,-0.161492635,-0.188668509,-0.047999271,-0.157821867,-0.214923446,-0.120921906,-0.100681083,-0.144248806,-0.078160484,-0.151956182,0.132018897,-0.238289203,-0.171091077
1996/05/07,-0.054024469,-0.094913243,-0.068142653,1.018912295,-0.11522706,-0.099767197,-0.137038215,-0.263616259,-0.116496188,-0.06226948,-0.076409146,-0.131144227,-0.142862423,-0.186399165,-0.204719826,-0.107419101,-0.107191453,-0.125253122,-0.064680709,-0.08624063,-0.228206478,-0.219035474,-0.074941644,-0.132459945,-0.06190118,-0.288250359,-0.176611253,-0.149897139,-0.166203762,-0.190159297,-0.183536782,0.33514546,-0.088622261,-0.041019363,-0.139696072,-0.154790709,-0.400671753,-0.247677772,-0.1241152,-0.138720218,-0.210689868,-0.222847048,-0.282924878,-0.331051476,-0.115045306,-0.16632463,-0.145769598,-0.200900416,-0.052076453,-0.058334401,2.382858759,-0.117447798,-0.094132357,-0.07889364,-0.068933689,-0.108252557,-0.106922282,-0.040060342,-0.102713986,-0.091115427,-0.12217926,-0.124927466,-0.134646475,-0.198186505,-0.27831091,-0.21150647,-0.085306426,-0.072286843,-0.042912891,0.956271539,-0.113808661,-0.160467164,-0.108177201,-0.246123384,-0.207041967,-0.098940871,-0.070981797,-0.343511689,-0.089972778,-0.095493748,-0.202268101,0.674869584,-0.101912448,-0.111478542,-0.180776007,-0.192549632,-0.052437057,-0.215399346,-0.186887135,-0.275152965,-0.225693664,-0.060505478,-0.129401116,-0.230512847,-0.012618566,-0.161492635,-0.188668509,-0.047999271,-0.10778271,-0.216519574,-0.120921906,-0.100681083,-0.144248806,0.520763662,-0.151956182,-0.121293958,-0.238289203,-0.171091077
1996/05/21,-0.054024469,-0.094913243,-0.068142653,-0.175859108,-0.11522706,-0.099767197,-0.137038215,-0.297515177,-0.116496188,-0.06226948,-0.076409146,-0.131144227,-0.142862423,-0.186399165,-0.204719826,-0.107419101,-0.107191453,-0.125253122,-0.064680709,-0.08624063,-0.300623042,-0.219035474,-0.074941644,-0.132459945,-0.05759482,0.177567363,-0.176611253,0.463305893,-0.166203762,-0.190159297,-0.183536782,-0.123059896,-0.088622261,-0.168077708,-0.139696072,-0.163462563,-0.400671753,-0.247677772,-0.1241152,-0.138720218,-0.210689868,-0.222847048,-0.282924878,-0.331051476,-0.115045306,-0.16632463,-0.145769598,0.148178646,-0.052076453,-0.058334401,2.319587417,-0.117447798,-0.094132357,-0.07889364,-0.068933689,-0.061623029,-0.106922282,-0.040060342,-0.102713986,-0.091115427,-0.12217926,-0.121547078,-0.137818369,-0.198186505,-0.132806045,-0.21150647,-0.085306426,-0.072286843,-0.016668814,-0.225210697,-0.120471251,-0.160467164,-0.194436503,1.035635106,-0.207041967,-0.116783924,-0.070981797,-0.343511689,-0.089972778,-0.095493748,-0.202268101,0.029934176,-0.101912448,-0.111478542,-0.180776007,-0.192549632,-0.052437057,-0.215399346,-0.186887135,-0.275152965,-0.225693664,0.064017149,-0.129401116,-0.230512847,-0.299219104,-0.161492635,-0.188668509,-0.047999271,-0.224540743,-0.227692469,-0.120921906,-0.100681083,-0.144248806,-0.102595737,-0.151956182,-0.121293958,-0.238289203,-0.171091077
1996/06/07,-0.054024469,-0.094913243,-0.068142653,14.16139773,-0.11522706,-0.099767197,-0.137038215,-0.324634312,-0.116496188,-0.06226948,3.985107042,-0.131144227,-0.142862423,-0.186399165,-0.204719826,-0.107419101,-0.107191453,-0.125253122,-0.064680709,-0.08624063,-0.287748986,-0.219035474,-0.074941644,-0.011583757,-0.06190118,-0.288250359,-0.176611253,0.21802468,-0.166203762,-0.190159297,-0.183536782,-0.09610664,-0.088622261,-0.168077708,-0.139696072,-0.024712895,-0.400671753,-0.247677772,2.416772803,-0.138720218,-0.210689868,-0.222847048,-0.282924878,-0.331051476,-0.115045306,-0.16632463,-0.145769598,-0.200900416,-0.052076453,-0.058334401,-0.068905731,-0.117447798,-0.094132357,-0.07889364,-0.068933689,-0.036514822,-0.106922282,-0.040060342,-0.102713986,-0.091115427,-0.12217926,-0.124927466,-0.137818369,-0.198186505,-0.27831091,-0.21150647,-0.085306426,-0.072286843,-0.060712967,2.137753775,-0.130138537,-0.160467164,1.489741019,0.266580012,-0.207041967,-0.265547694,-0.070981797,-0.343511689,-0.089972778,-0.095493748,-0.202268101,1.068122882,-0.101912448,-0.111478542,-0.180776007,-0.192549632,-0.052437057,-0.215399346,-0.186887135,-0.275152965,-0.225693664,-0.082960378,-0.129401116,-0.230512847,0.850905551,-0.161492635,-0.188668509,-0.047999271,-0.224540743,-0.227692469,-0.120921906,-0.100681083,-0.144248806,0.668827403,-0.151956182,0.587982036,-0.238289203,-0.171091077
1996/06/21,-0.054024469,-0.094913243,-0.068142653,4.603226505,-0.11522706,-0.010219309,-0.137038215,-0.331414096,-0.116496188,-0.06226948,0.515073794,-0.131144227,0.443683534,0.223168726,-0.204719826,-0.107419101,-0.107191453,-0.125253122,-0.064680709,-0.08624063,-0.257441313,-0.219035474,-0.074941644,-0.011583757,-0.06190118,0.876293946,-0.176611253,1.812352563,-0.166203762,-0.106418778,-0.183536782,-0.16348978,-0.088622261,-0.168077708,-0.139696072,-0.154790709,-0.400671753,-0.247677772,-0.1241152,-0.138720218,-0.210689868,-0.222847048,-0.282924878,0.029436992,-0.115045306,-0.16632463,-0.127411287,-0.200900416,-0.052076453,-0.058334401,0.207906389,-0.117447798,-0.094132357,-0.07889364,-0.068933689,-0.072383689,-0.106922282,-0.040060342,-0.102713986,-0.091115427,-0.12217926,-0.12365982,-0.127707957,-0.198186505,-0.27831091,-0.21150647,-0.085306426,-0.069759779,-0.055858401,-0.225210697,-0.130138537,-0.160467164,0.608764868,-0.182035459,-0.207041967,0.049392946,-0.070981797,0.632447461,-0.089972778,-0.095493748,-0.202268101,1.068122882,-0.101912448,-0.111478542,-0.180776007,-0.192549632,-0.052437057,-0.215399346,-0.186887135,-0.275152965,-0.059602182,-0.054381414,-0.129401116,-0.230512847,-0.34542947,-0.161492635,-0.188668509,-0.047999271,0.008975324,-0.188587336,-0.120921906,-0.100681083,-0.144248806,1.676544804,-0.151956182,-0.121293958,-0.238289203,-0.171091077
1996/07/07,-0.054024469,-0.094913243,-0.068142653,-0.175859108,-0.11522706,-0.099767197,-0.137038215,-0.39243215,-0.116496188,-0.06226948,-0.076409146,-0.131144227,-0.142862423,-0.186399165,-0.204719826,-0.107419101,-0.107191453,-0.125253122,-0.064680709,-0.08624063,-0.300086623,-0.219035474,-0.074941644,-0.132459945,-0.06190118,-0.288250359,-0.176611253,0.708587106,-0.166203762,0.033148755,-0.183536782,-0.176966408,-0.088622261,0.025535008,-0.139696072,-0.19814998,-0.400671753,-0.247677772,-0.1241152,-0.138720218,-0.210689868,-0.222847048,-0.282924878,-0.331051476,-0.115045306,-0.16632463,-0.145769598,-0.200900416,-0.052076453,-0.058334401,0.484718508,-0.117447798,-0.094132357,-0.07889364,-0.068933689,-0.108252557,-0.106922282,-0.040060342,-0.102713986,-0.091115427,-0.12217926,-0.124927466,-0.114822137,-0.198186505,-0.27831091,-0.21150647,-0.085306426,-0.072286843,-0.081455203,-0.225210697,-0.130138537,-0.160467164,-0.209991459,-0.246123384,-0.207041967,-0.268772342,-0.070981797,-0.343511689,-0.089972778,-0.095493748,-0.202268101,-0.504890309,-0.101912448,-0.111478542,-0.180776007,-0.192549632,-0.052437057,-0.215399346,-0.186887135,-0.275152965,-0.225693664,0.121175076,-0.129401116,-0.230512847,-0.349344515,-0.161492635,-0.188668509,-0.047999271,-0.224540743,-0.227692469,-0.120921906,-0.100681083,-0.144248806,-0.273973992,-0.151956182,-0.121293958,-0.238289203,-0.171091077
1996/07/21,-0.054024469,-0.094913243,-0.068142653,-0.175859108,-0.11522706,0.158926703,-0.137038215,-0.130280512,-0.116496188,-0.06226948,-0.076409146,-0.131144227,-0.142862423,7.519544861,-0.204719826,-0.107419101,-0.107191453,-0.125253122,-0.064680709,-0.08624063,-0.282921215,-0.219035474,-0.074941644,0.780826809,-0.06190118,0.746900134,-0.176611253,4.796607317,-0.166203762,0.070366763,-0.111169707,-0.138033927,-0.088622261,-0.141187053,-0.139696072,0.01382868,-0.400671753,0.307015159,0.440526578,-0.138720218,0.495825792,-0.222847048,-0.282924878,-0.331051476,-0.105705431,-0.16632463,-0.113132601,0.342111457,-0.052076453,-0.058334401,0.81865059,-0.117447798,-0.094132357,-0.07889364,-0.068933689,-0.06839826,-0.106922282,-0.040060342,-0.102713986,-0.091115427,-0.12217926,-0.119762984,0.706962747,-0.198186505,-0.165140459,-0.21150647,-0.085306426,-0.072286843,-0.007345432,-0.225210697,-0.129267611,-0.160467164,-0.191451209,-0.18915634,-0.207041967,-0.242258568,-0.070981797,-0.343511689,-0.089972778,-0.095493748,-0.202268101,1.38272552,-0.101912448,-0.111478542,-0.180776007,-0.192549632,-0.052437057,-0.215399346,2.753355204,-0.275152965,2.265678575,1.373205855,0.086158773,-0.230512847,-0.351498146,-0.161492635,-0.188668509,-0.047999271,-0.224540743,-0.227692469,-0.120921906,-0.100681083,-0.144248806,-0.060779393,-0.151956182,1.49427914,-0.238289203,-0.171091077
1996/08/07,-0.054024469,-0.094913243,-0.068142653,-0.175859108,-0.11522706,-0.099767197,-0.137038215,-0.365313015,-0.116496188,-0.06226948,-0.076409146,-0.131144227,-0.142862423,-0.186399165,-0.204719826,-0.107419101,-0.107191453,-0.125253122,-0.064680709,-0.08624063,-0.312960679,-0.219035474,-0.074941644,-0.011583757,-0.06190118,-0.288250359,-0.176611253,0.463305893,-0.166203762,-0.190159297,-0.183536782,-0.176966408,-0.088622261,-0.168077708,-0.139696072,-0.19814998,-0.400671753,-0.247677772,-0.1241152,2.674369993,-0.210689868,-0.222847048,-0.282924878,-0.331051476,-0.115045306,-0.16632463,-0.145769598,-0.200900416,-0.052076453,-0.058334401,0.484718508,-0.117447798,-0.094132357,-0.07889364,-0.068933689,-0.108252557,-0.106922282,-0.040060342,-0.102713986,-0.091115427,-0.12217926,-0.124927466,-0.133853502,-0.198186505,-0.132806045,-0.21150647,-0.085306426,-0.072286843,-0.07866015,-0.225210697,-0.130138537,-0.160467164,-0.207163286,0.138404163,-0.207041967,-0.27199699,-0.070981797,-0.343511689,-0.089972778,-0.095493748,-0.202268101,-0.504890309,-0.101912448,-0.111478542,-0.180776007,-0.192549632,-0.052437057,-0.215399346,-0.186887135,-0.275152965,-0.225693664,-0.091125796,-0.129401116,-0.230512847,-0.355313353,-0.161492635,-0.188668509,-0.047999271,-0.224540743,-0.227692469,-0.120921906,-0.100681083,-0.144248806,-0.303531493,-0.151956182,-0.121293958,-0.238289203,-0.171091077
1996/08/21,-0.054024469,-0.094913243,-0.068142653,-0.175859108,-0.11522706,-0.099767197,-0.137038215,-0.39243215,-0.116496188,-0.06226948,-0.076409146,-0.131144227,-0.142862423,-0.186399165,-0.204719826,-0.107419101,-0.107191453,-0.125253122,-0.064680709,-0.08624063,-0.312960679,-0.219035474,-0.074941644,0.270460682,-0.06190118,2.040838251,-0.176611253,0.21802468,-0.166203762,-0.134332284,-0.183536782,-0.176966408,-0.088622261,-0.168077708,-0.139696072,-0.19814998,-0.400671753,-0.247677772,-0.1241152,-0.138720218,-0.210689868,-0.222847048,-0.282924878,-0.331051476,-0.115045306,-0.16632463,-0.145769598,-0.200900416,-0.052076453,-0.058334401,0.010183446,-0.117447798,-0.094132357,-0.07889364,-0.068933689,-0.108252557,-0.106922282,-0.040060342,-0.102713986,-0.091115427,-0.12217926,-0.124927466,-0.131871068,-0.198186505,-0.27831091,-0.21150647,-0.085306426,-0.072286843,-0.083808932,-0.225210697,-0.128832147,-0.160467164,-0.187366069,-0.246123384,-0.207041967,-0.258023515,-0.070981797,-0.343511689,-0.089972778,-0.095493748,-0.202268101,-0.34758899,-0.101912448,-0.111478542,-0.180776007,-0.192549632,-0.052437057,-0.215399346,-0.186887135,-0.275152965,-0.225693664,-0.091125796,-0.129401116,-0.230512847,-0.354222275,-0.161492635,-0.188668509,-0.047999271,-0.224540743,-0.227692469,-0.120921906,-0.100681083,-0.144248806,-0.23474815,-0.151956182,-0.121293958,-0.238289203,-0.171091077
1996/09/07,-0.054024469,-0.094913243,-0.068142653,-0.175859108,-0.11522706,-0.099767197,-0.137038215,-0.148359936,-0.116496188,-0.06226948,-0.076409146,-0.131144227,-0.142862423,-0.186399165,-0.204719826,-0.107419101,-0.107191453,-0.125253122,-0.064680709,-0.08624063,-0.312960679,-0.219035474,-0.074941644,5.024924077,-0.06190118,-0.288250359,-0.176611253,16.89714714,-0.166203762,-0.190159297,-0.183536782,-0.015246871,-0.088622261,-0.168077708,-0.139696072,-0.19814998,-0.400671753,-0.247677772,-0.1241152,-0.138720218,-0.210689868,-0.222847048,-0.282924878,-0.331051476,-0.115045306,-0.16632463,0.441696343,-0.200900416,-0.052076453,-0.058334401,5.546425843,-0.117447798,-0.094132357,-0.07889364,-0.068933689,0.142829515,-0.106922282,-0.040060342,-0.102713986,-0.091115427,-0.12217926,-0.124927466,0.023155254,-0.198186505,0.012698821,0.511476684,-0.085306426,-0.072286843,0.111256354,-0.225210697,-0.127525757,-0.160467164,0.202921921,15.39133019,-0.207041967,-0.227926798,-0.070981797,-0.343511689,-0.089972778,-0.095493748,-0.202268101,5.157957178,-0.101912448,-0.111478542,-0.180776007,-0.192549632,-0.052437057,-0.215399346,-0.186887135,-0.275152965,-0.225693664,-0.033967869,-0.129401116,-0.230512847,1.713306499,-0.161492635,-0.188668509,-0.047999271,-0.224540743,-0.227692469,-0.120921906,-0.100681083,-0.144248806,12.06172454,-0.151956182,4.489000005,-0.238289203,5.448959948
1996/09/21,-0.054024469,-0.094913243,-0.068142653,-0.175859108,-0.11522706,-0.099767197,-0.137038215,-0.39243215,-0.116496188,-0.06226948,-0.076409146,-0.131144227,-0.142862423,-0.186399165,-0.204719826,-0.107419101,-0.107191453,-0.125253122,-0.064680709,-0.08624063,-0.307596489,-0.219035474,-0.074941644,-0.132459945,-0.06190118,-0.288250359,-0.176611253,0.21802468,-0.166203762,-0.078505271,-0.183536782,-0.069153384,-0.088622261,-0.168077708,-0.139696072,-0.19814998,-0.400671753,-0.247677772,-0.1241152,5.487460205,-0.210689868,-0.222847048,-0.282924878,-0.331051476,-0.115045306,-0.16632463,-0.145769598,-0.200900416,-0.052076453,-0.058334401,3.648285592,-0.117447798,-0.094132357,-0.07889364,-0.068933689,-0.108252557,-0.106922282,-0.040060342,-0.102713986,-0.091115427,-0.12217926,-0.124927466,-0.137818369,-0.198186505,-0.27831091,-0.21150647,-0.085306426,-0.072286843,-0.010549119,-0.225210697,-0.130138537,-0.160467164,-0.102520853,0.010228314,-0.207041967,-0.266622577,-0.070981797,-0.343511689,-0.089972778,-0.095493748,-0.202268101,3.899546625,-0.101912448,-0.111478542,-0.180776007,-0.192549632,-0.052437057,-0.215399346,-0.186887135,-0.275152965,-0.225693664,-0.091125796,-0.129401116,-0.230512847,-0.135878298,-0.161492635,-0.188668509,-0.047999271,-0.224540743,-0.227692469,-0.120921906,-0.100681083,-0.144248806,1.163017762,-0.151956182,-0.121293958,-0.238289203,-0.171091077
1996/10/07,-0.046597126,-0.068668534,-0.065096379,0.122833743,-0.002555482,0.138784889,-0.11567183,-0.079963038,-0.116496188,-0.06226948,-0.076409146,-0.100604522,-0.093983593,0.117363688,-0.166309595,-0.062823627,-0.105500125,-0.064440454,-0.032931884,-0.019931995,0.860684588,-0.188657627,-0.054002271,-0.093846718,-0.06190118,-0.268841287,-0.031741834,-0.061810037,-0.00152939,-0.06662357,0.22352802,-0.136073934,-0.046861392,-0.167573508,-0.133644659,-0.11796974,-0.168909525,-0.014904846,0.052335356,-0.021508126,0.186725191,-0.008065939,0.080797293,0.019423423,-0.082443306,-0.165227578,-0.088348882,-0.157265533,-0.040389866,-0.057350545,-0.169158586,-0.044022079,-0.056896956,-0.076557274,-0.067648515,-0.030886589,0.092459452,-0.039730009,-0.087058282,-0.065898278,-0.122163778,-0.124434493,-0.130134,-0.116039976,0.041785359,-0.130442393,0.008118392,-0.069205229,-0.067766565,0.267073568,-0.00955908,-0.160467164,-0.092251889,-0.092253024,-0.159652097,-0.230376422,-0.066540524,-0.004636984,-0.089222093,-0.095493748,-0.154313458,-0.135076157,0.049376366,-0.027390751,-0.00799642,-0.077415535,-0.052328404,-0.171136151,0.134701871,-0.203083982,0.765005779,-0.063851031,-0.129401116,-0.173631408,0.226394987,0.163539342,0.152480535,-0.044869725,0.124065386,-0.18599954,-0.118582043,-0.095471252,-0.099170247,-0.179884113,-0.064517603,-0.04002275,-0.210828577,-0.042855785
1996/10/21,-0.054024469,-0.094913243,-0.068142653,-0.175859108,-0.11522706,-0.099767197,-0.137038215,-0.148359936,-0.116496188,-0.06226948,-0.076409146,-0.131144227,-0.142862423,-0.186399165,-0.204719826,-0.107419101,-0.107191453,-0.125253122,-0.064680709,-0.08624063,-0.308669327,-0.219035474,-0.074941644,-0.132459945,-0.06190118,-0.288250359,-0.176611253,-0.272537745,-0.166203762,-0.190159297,-0.183536782,0.065612897,-0.088622261,-0.168077708,-0.139696072,-0.19814998,-0.400671753,-0.247677772,-0.1241152,-0.138720218,-0.210689868,-0.222847048,-0.282924878,-0.331051476,-0.115045306,-0.16632463,0.001096887,0.497257707,-0.052076453,-0.058334401,-0.306173263,-0.117447798,-0.094132357,-0.07889364,-0.068933689,-0.108252557,-0.106922282,-0.040060342,-0.102713986,-0.091115427,-0.12217926,-0.124927466,-0.137818369,-0.198186505,-0.27831091,-0.21150647,-0.085306426,-0.072286843,0.029170057,-0.225210697,-0.130138537,-0.160467164,-0.209991459,0.010228314,-0.207041967,-0.232226329,0.568561441,-0.343511689,-0.089972778,-0.095493748,-0.202268101,4.528751902,-0.101912448,-0.111478542,-0.180776007,-0.192549632,-0.052437057,-0.215399346,-0.186887135,-0.275152965,-0.225693664,-0.091125796,-0.129401116,-0.230512847,4.220860643,-0.161492635,-0.188668509,-0.047999271,-0.224540743,-0.227692469,-0.120921906,-0.100681083,-0.144248806,-0.287233432,-0.151956182,-0.121293958,-0.238289203,-0.171091077
1996/11/07,1.04077081,-0.083977948,-0.059765397,0.056457554,-0.00761582,-0.012028357,0.584077261,-0.080599764,-0.116496188,0.039513625,0.056966606,-0.010715993,-0.142862423,-0.047348338,0.36912192,0.085890412,0.080808593,0.026778549,-0.036734033,-0.039694826,0.335088297,-0.172243379,1.00833984,0.082095289,-0.06190118,0.099931076,0.456521766,-0.107313595,-0.035398587,0.059395204,-0.16883722,-0.113036654,-2.20E-04,-0.064952046,0.697365648,-0.074997605,-0.016492147,-0.083003308,0.017045244,1.072471401,0.054253505,0.309262621,-0.180764284,0.609723289,0.310426853,0.432254264,0.129860038,-0.099085689,-0.050186409,-0.058334401,-0.109548781,-0.089967677,0.276373292,-0.068613632,-0.067732139,-0.025467709,-0.106922282,-0.039402257,-0.035474745,0.030222326,-0.122166358,-0.121327588,-0.051831956,0.45594326,-0.041562369,-0.081971988,-0.073628324,-0.068861268,0.032121923,0.874224162,-0.119188448,-0.066623201,-0.13631046,-0.003568392,0.170760612,-0.197804852,-0.068761161,-0.153741854,0.439447871,-0.086066127,0.143287417,0.563557053,-0.101912448,0.522435287,0.47972152,-0.058786057,-0.052383496,-0.180972417,0.456290877,0.234195852,0.33486509,-0.070457081,-0.129401116,-0.061921689,1.233710686,0.229835149,-0.087976941,-0.047484427,-0.1123233,-0.180673202,-0.071997499,0.055493809,0.13723875,-0.076378993,-0.105943923,0.240732331,0.364596362,-0.073520746
1996/11/21,-0.054024469,-0.094913243,-0.068142653,-0.175859108,-0.11522706,-0.099767197,-0.137038215,-0.085081954,-0.116496188,-0.06226948,-0.076409146,-0.131144227,-0.142862423,-0.186399165,-0.204719826,-0.107419101,-0.107191453,-0.125253122,-0.064680709,-0.08624063,-0.301517074,-0.219035474,-0.074941644,0.88827231,-0.06190118,-0.288250359,-0.176611253,-0.272537745,-0.166203762,-0.11572328,-0.183536782,0.182410341,-0.088622261,-0.168077708,-0.139696072,-0.19814998,-0.400671753,-0.247677772,-0.1241152,-0.138720218,-0.210689868,-0.222847048,-0.282924878,0.630251105,-0.115045306,-0.16632463,-0.096814103,5.384364561,-0.052076453,-0.058334401,-0.306173263,-0.117447798,-0.094132357,-0.07889364,-0.068933689,-0.108252557,-0.106922282,-0.040060342,-0.102713986,-0.091115427,-0.12217926,-0.124927466,0.120162347,-0.198186505,-0.27831091,-0.21150647,-0.085306426,-0.072286843,0.057709021,-0.225210697,-0.119687417,-0.160467164,-0.209991459,-0.246123384,-0.207041967,-0.192097374,-0.070981797,-0.343511689,-0.089972778,-0.095493748,-0.202268101,-0.504890309,-0.101912448,-0.111478542,-0.180776007,-0.192549632,-0.052437057,-0.215399346,-0.186887135,-0.275152965,-0.225693664,-0.042133287,-0.129401116,-0.230512847,-0.324784561,-0.161492635,-0.188668509,-0.047999271,-0.224540743,-0.227692469,-0.120921906,-0.100681083,-0.144248806,0.076296201,-0.151956182,-0.121293958,-0.238289203,-0.171091077
1996/12/07,-0.054024469,-0.094913243,-0.068142653,-0.175859108,-0.11522706,-0.099767197,-0.137038215,-0.33819388,-0.116496188,-0.06226948,-0.076409146,-0.131144227,-0.142862423,-0.186399165,-0.204719826,-0.107419101,-0.107191453,-0.125253122,-0.064680709,-0.08624063,-0.312960679,-0.219035474,-0.074941644,-0.132459945,-0.06190118,-0.288250359,-0.176611253,-0.272537745,-0.166203762,-0.190159297,-0.183536782,-0.176966408,-0.088622261,-0.168077708,-0.139696072,-0.19814998,-0.400671753,-0.247677772,-0.1241152,-0.138720218,-0.210689868,-0.222847048,-0.282924878,-0.331051476,-0.115045306,-0.16632463,-0.145769598,-0.200900416,-0.052076453,-0.058334401,0.326540154,-0.117447798,-0.094132357,-0.07889364,-0.068933689,-0.108252557,-0.106922282,-0.040060342,-0.102713986,-0.091115427,-0.12217926,-0.124927466,-0.137818369,-0.198186505,-0.27831091,-0.21150647,-0.085306426,-0.072286843,-0.067627045,-0.225210697,-0.130138537,-0.160467164,-0.198678764,1.291986804,-0.207041967,-0.258023515,-0.070981797,-0.343511689,-0.089972778,-0.095493748,-0.202268101,0.124314967,-0.101912448,-0.111478542,-0.180776007,-0.192549632,-0.052437057,-0.215399346,-0.186887135,-0.275152965,-0.225693664,-0.091125796,-0.129401116,-0.230512847,-0.355505897,-0.161492635,-0.188668509,-0.047999271,-0.224540743,-0.227692469,-0.120921906,-0.100681083,-0.144248806,-0.309332497,-0.151956182,-0.121293958,-0.238289203,-0.171091077
1996/12/21,-0.052689985,-0.094913243,-0.066675551,0.291660137,-0.033711623,-0.089856759,-0.008972433,-0.016051396,0.016308417,-0.058544462,-0.074408962,1.079837783,0.04415223,-0.179364182,-0.090416915,-0.077815672,-0.099902454,-0.078086292,-0.064680709,-0.028417109,-0.147459484,0.600002606,-0.06465793,-0.118445314,1.090143767,-0.054562538,-0.059589801,-0.014730094,-0.160579077,-0.113329805,0.081704283,0.953792745,0.979694036,-0.098717356,-0.139696072,-0.093056056,0.0063284,0.092691139,-0.050466273,-0.121247608,-0.049419989,0.787667859,-0.279396229,0.35752226,0.273761499,0.532545071,0.029099134,-0.200900416,1.091700385,-0.058334401,-0.183093171,-0.111075596,0.049998547,-3.92E-04,-0.068308255,-0.075592408,-0.106922282,-0.040023055,-0.026657036,-0.066898274,-0.122148488,-0.107786957,-0.120189484,0.308900523,-0.115971062,-0.091175824,0.039259998,-0.067855782,0.134731242,-0.146181784,0.149813212,0.133305242,0.196784238,0.05914975,-0.160888354,0.088072757,-0.059625041,-0.105886853,-0.072758597,0.558354543,0.221596981,0.099825831,-0.085294913,0.365460183,4.11E-04,0.267260197,-0.052337823,-0.021411084,0.180397318,1.391714964,0.082418072,0.242676497,0.111932238,-0.177157098,0.054037489,-0.035911157,-0.176122902,-0.047961124,-0.099348015,-0.103452865,-0.104530771,-0.096687034,0.033901838,-0.228119844,-0.06962727,-0.121293958,0.263792617,-0.171091077
1997/01/07,-0.022769198,-0.094913243,-0.065158547,-0.024142104,-0.111411726,-0.091045,-0.075674276,-0.034500565,0.487691796,0.007385339,0.016225219,0.113852068,-0.031139384,-0.166895932,-0.151067439,-0.037669363,-0.091737965,0.2753543,-0.025203862,-0.07724285,-0.12791417,-0.147272001,-0.020535067,-0.119029257,-0.057799885,0.482831131,-0.071490586,-0.207370439,-0.121394409,0.314731262,-0.183536782,-0.114599059,-0.056114906,0.255390656,0.106312396,0.694290665,0.595731098,0.038158891,-0.1241152,-0.138720218,-0.210689868,-0.118965989,-0.264618351,0.655591564,0.041553261,-0.059803636,-0.088987884,0.286702082,-0.048002501,-0.02835022,-0.234676168,-0.117447798,-0.002109306,0.007313475,-0.067494337,-0.001447107,-0.022972078,-0.03951049,7.35E-05,0.767490406,-0.114808273,-0.093363126,-0.078953722,-0.078971588,0.018984235,-0.189374332,0.097729952,0.305303753,-0.060379333,-0.096613991,-0.117323473,-0.160467164,-0.184361321,-0.193806711,-0.080668979,0.01842048,-0.060105211,-0.203351267,0.419635147,0.961572576,-0.022654071,0.226293305,-0.092812369,0.869756504,-0.117222648,0.429496069,-0.052431227,-0.038346567,0.103136769,0.69698637,0.418767652,-0.086163592,-0.021621171,-0.139102625,0.002482729,0.131779045,-0.171492975,-0.047727705,0.11690811,-0.056631476,-0.119532748,-0.089235428,-0.104194914,-0.266773797,-0.043143728,-0.107221022,-0.027978508,-0.171091077
1997/01/21,-0.054024469,-0.094913243,-0.068142653,-0.175859108,-0.11522706,-0.099767197,-0.137038215,-0.33819388,-0.116496188,-0.06226948,-0.076409146,-0.131144227,-0.142862423,-0.186399165,-0.204719826,-0.107419101,-0.107191453,-0.125253122,-0.064680709,-0.08624063,-0.306523651,-0.219035474,-0.074941644,-0.132459945,-0.06190118,-0.288250359,-0.176611253,-0.272537745,-0.166203762,-0.190159297,-0.183536782,-0.150013152,-0.088622261,-0.168077708,-0.139696072,-0.19814998,-0.400671753,-0.247677772,-0.1241152,-0.138720218,-0.210689868,-0.222847048,-0.282924878,-0.331051476,-0.115045306,-0.16632463,-0.072336355,-0.200900416,-0.052076453,-0.058334401,0.801075217,-0.117447798,-0.094132357,-0.07889364,-0.068933689,-0.108252557,-0.106922282,-0.040060342,-0.102713986,-0.091115427,-0.12217926,-0.124927466,-0.129095661,-0.198186505,-0.132806045,-0.21150647,-0.085306426,-0.072286843,-0.05821213,-0.225210697,-0.130138537,-0.160467164,-0.178881547,-0.246123384,-0.207041967,-0.266622577,-0.070981797,-0.343511689,-0.089972778,-0.095493748,-0.202268101,-0.504890309,-0.101912448,-0.111478542,-0.180776007,-0.192549632,-0.052437057,-0.215399346,-0.186887135,-0.275152965,-0.225693664,-0.091125796,-0.129401116,-0.230512847,-0.352810292,-0.161492635,-0.188668509,-0.047999271,-0.224540743,-0.227692469,-0.120921906,-0.100681083,-0.144248806,-0.304360208,-0.151956182,-0.121293958,-0.238289203,-0.171091077
1997/02/07,-0.049687397,-0.079563077,-0.057471231,-0.175859108,-0.112516165,-0.02290231,-0.047046043,0.635768701,0.461568692,-0.022696457,-0.04846372,0.062663393,0.539862498,-0.156720332,-0.172247408,-0.090388141,-0.107191453,-0.119719108,-0.062358739,-0.08624063,0.147123099,-0.063614552,0.007321847,0.450607078,0.024226022,-0.115135905,-0.176611253,-0.189253855,-0.125987264,0.026356275,-0.178817191,0.038818589,-0.084032042,0.055244171,0.078154801,0.002469688,0.056716737,-0.139150894,0.023182655,-0.118335507,-0.210689868,-0.167769335,-0.264074461,0.038841039,-0.092958533,0.082835597,-0.113700201,-0.079481612,-0.022384502,-0.057821085,-0.125916529,-0.021333753,-0.084791283,-0.069288904,-0.051226829,1.076354908,0.301148708,-0.039555995,0.612317088,0.807201547,-0.045057618,0.942042528,-0.06614823,0.340159552,1.141293401,0.247808798,-0.080432088,-0.071537269,-0.028113763,-0.060830559,-0.010522253,0.49795607,0.541695193,-0.235481869,0.079769771,0.070315319,-0.070981797,-0.257837428,-0.081591216,-0.093807317,0.064960331,0.069789271,-0.033543159,-0.087234499,-0.045591749,-0.007453864,-0.052198212,0.411042465,0.025412972,-0.096641308,-0.029238045,0.058632706,0.079866031,-0.07501611,-0.151516506,0.171786416,-0.169850098,-0.047533673,0.176594414,-0.087295673,-0.120034053,-0.100590895,-0.11946519,-0.291875608,-0.031498839,-0.021070176,-0.158651837,-0.073351059
1997/02/21,-0.054024469,-0.094913243,-0.068142653,-0.175859108,-0.11522706,-0.099767197,-0.137038215,1.867495758,-0.116496188,-0.06226948,-0.076409146,-0.131144227,-0.142862423,-0.186399165,-0.204719826,-0.107419101,-0.107191453,-0.125253122,-0.064680709,-0.08624063,-0.312960679,-0.219035474,-0.074941644,-0.132459945,-0.06190118,-0.288250359,-0.176611253,-0.272537745,-0.166203762,-0.190159297,-0.183536782,-0.141028733,-0.088622261,-0.168077708,-0.139696072,-0.19814998,-0.400671753,-0.247677772,-0.1241152,-0.138720218,-0.210689868,-0.222847048,-0.282924878,-0.331051476,-0.115045306,-0.16632463,0.490651838,1.660854577,-0.052076453,-0.058334401,-0.200721026,-0.117447798,-0.094132357,-0.07889364,-0.068933689,-0.084339979,-0.106922282,-0.040060342,-0.102713986,-0.091115427,-0.12217926,-0.124927466,-0.137818369,-0.198186505,-0.181307667,-0.21150647,-0.085306426,-0.072286843,0.035937028,-0.225210697,-0.128396684,-0.160467164,-0.209991459,-0.246123384,-0.207041967,-0.266622577,-0.070981797,-0.343511689,-0.089972778,-0.095493748,-0.202268101,-0.504890309,-0.101912448,-0.111478542,-0.180776007,-0.192549632,-0.052437057,-0.215399346,-0.186887135,-0.275152965,-0.225693664,-0.091125796,-0.129401116,-0.230512847,-0.355505897,-0.161492635,-0.188668509,-0.047999271,-0.224540743,-0.227692469,-0.120921906,-0.100681083,-0.144248806,-0.314488946,-0.151956182,-0.003081292,-0.238289203,-0.171091077
1997/03/07,-0.049701216,1.020048041,0.2624444,-0.095941288,-0.047077514,-0.099767197,-0.11706594,0.133308711,-0.042942869,-0.027013425,-0.037240711,-0.059189006,0.027150898,-0.181122928,-0.146369389,-0.107419101,-0.106463067,-0.117590641,-0.064680709,-0.08624063,-0.162939178,0.117851012,0.163501094,-7.22E-04,-0.058156519,-0.119475822,-0.073248457,-0.233790423,-0.125002944,-0.125164705,0.185172259,-0.096344021,-0.080432414,0.164834446,-0.007091193,-0.10675231,0.392283765,-0.037580868,-0.087290736,-0.097950795,0.268512058,-0.019821222,-0.146805199,-0.305974017,-0.087150786,-0.086118769,-0.114783553,-0.200900416,-0.049087556,1.087183221,-0.248580118,-0.090896957,-0.08161747,1.11215574,0.046948811,-0.056646574,-0.106922282,-0.039391667,-0.064692415,-0.083707445,0.12571316,0.207309026,0.006488489,-0.079133565,-0.159944243,-0.121450219,-0.077807444,0.998855473,-0.041376982,-0.146181784,-0.094154118,0.327898075,0.594644492,-0.225718132,0.216032819,0.382131463,1.041267312,-0.155065619,-0.057494978,-0.062262396,0.585686219,0.072319604,0.055954141,-0.10336612,-0.096062457,0.333546893,1.083024822,0.333819557,-0.114979034,0.086815218,-0.079300471,-0.080392413,0.051013139,0.884721482,-0.24269321,-0.161415909,-0.188668509,-0.047999271,-0.014896943,0.719112611,0.464548944,-0.100681083,-0.042669305,-0.047181867,0.100390122,0.871178466,-0.065880889,-0.070844904
1997/03/21,-0.054024469,-0.094913243,-0.068142653,-0.175859108,-0.11522706,-0.099767197,-0.137038215,-0.17547907,-0.116496188,-0.06226948,-0.076409146,-0.131144227,-0.142862423,-0.186399165,-0.204719826,-0.107419101,-0.107191453,-0.125253122,-0.064680709,-0.08624063,-0.312960679,-0.219035474,-0.074941644,-0.132459945,-0.06190118,-0.288250359,-0.176611253,-0.272537745,-0.166203762,-0.190159297,-0.183536782,-0.015246871,-0.088622261,-0.168077708,-0.139696072,-0.19814998,-0.400671753,-0.247677772,-0.1241152,-0.138720218,-0.210689868,-0.222847048,-0.282924878,-0.331051476,-0.115045306,-0.16632463,-0.145769598,-0.200900416,-0.052076453,-0.058334401,-0.306173263,-0.117447798,-0.094132357,-0.07889364,-0.068933689,-0.108252557,-0.106922282,-0.040060342,-0.102713986,-0.091115427,-0.12217926,-0.124927466,-0.137818369,-0.198186505,-0.27831091,-0.21150647,-0.085306426,-0.072286843,-0.104109844,-0.225210697,-0.130138537,-0.160467164,0.949559815,-0.246123384,-0.207041967,0.537389705,-0.070981797,-0.343511689,-0.089972778,-0.095493748,-0.202268101,0.124314967,-0.101912448,-0.111478542,-0.180776007,-0.192549632,-0.052437057,-0.215399346,-0.186887135,-0.275152965,-0.225693664,-0.091125796,-0.129401116,-0.230512847,-0.355505897,-0.161492635,-0.188668509,-0.047999271,-0.224540743,-0.227692469,-0.120921906,-0.100681083,-0.144248806,-0.303807731,-0.151956182,-0.121293958,-0.238289203,-0.171091077
1997/04/07,-0.054024469,-0.094913243,-0.068142653,-0.175859108,-0.11522706,-0.099767197,-0.137038215,2.259819242,-0.116496188,-0.06226948,-0.076409146,-0.131144227,-0.142862423,0.032037044,-0.204719826,-0.107419101,-0.107191453,-0.125253122,-0.064680709,-0.08624063,-0.3101713,-0.219035474,-0.074941644,0.093175606,-0.06190118,-0.288250359,-0.176611253,-0.272537745,-0.166203762,-0.167828492,-0.053276046,2.491405956,-0.088622261,-0.168077708,-0.139696072,-0.19814998,0.231578114,-0.247677772,-0.1241152,-0.138720218,-0.210689868,-0.222847048,-0.282924878,-0.331051476,-0.104958241,-0.16632463,-0.145769598,0.776520955,-0.052076453,-0.058334401,0.010183446,-0.117447798,-0.094132357,-0.07889364,-0.068933689,-0.09390501,-0.106922282,-0.040060342,-0.102713986,-0.091115427,-0.12217926,-0.124927466,-0.137818369,-0.198186505,-0.045503126,-0.190849808,-0.085306426,-0.072286843,0.010634442,-0.225210697,-0.130138537,-0.160467164,0.179730896,-0.246123384,-0.207041967,8.745194229,-0.070981797,0.437255631,-0.089972778,-0.095493748,-0.202268101,-0.316128726,-0.101912448,-0.111478542,-0.180776007,-0.192549632,-0.052437057,-0.215399346,-0.186887135,-0.275152965,-0.225693664,-0.078061127,-0.129401116,-0.230512847,-0.35278462,-0.161492635,-0.188668509,-0.047999271,-0.224540743,-0.124901834,-0.120921906,-0.100681083,-0.144248806,-0.19596429,-0.151956182,4.276217207,-0.238289203,-0.171091077
1997/04/21,-0.054024469,-0.094913243,-0.068142653,-0.175859108,-0.11522706,-0.099767197,-0.137038215,5.519539256,-0.116496188,-0.06226948,-0.076409146,-0.131144227,-0.142862423,-0.186399165,-0.204719826,-0.107419101,-0.107191453,-0.125253122,-0.064680709,-0.08624063,-0.312960679,-0.219035474,-0.074941644,-0.132459945,-0.06190118,-0.288250359,-0.176611253,-0.272537745,-0.166203762,-0.190159297,-0.183536782,0.146472666,-0.088622261,-0.168077708,-0.139696072,-0.19814998,-0.400671753,-0.247677772,-0.1241152,-0.138720218,-0.210689868,-0.222847048,-0.282924878,-0.331051476,-0.115045306,-0.16632463,-0.072336355,-0.200900416,-0.052076453,-0.058334401,-0.306173263,-0.117447798,-0.094132357,-0.07889364,-0.068933689,-0.108252557,-0.106922282,-0.040060342,-0.102713986,-0.091115427,-0.12217926,-0.124927466,-0.134646475,-0.198186505,-0.27831091,-0.21150647,-0.085306426,-0.072286843,-0.027319437,-0.225210697,-0.130138537,-0.160467164,0.04737236,-0.246123384,-0.207041967,3.701844461,-0.070981797,-0.343511689,-0.089972778,-0.095493748,-0.202268101,8.933188836,-0.101912448,-0.111478542,-0.180776007,-0.192549632,-0.052437057,-0.215399346,-0.186887135,-0.275152965,-0.225693664,-0.091125796,-0.129401116,-0.230512847,-0.355505897,-0.161492635,-0.188668509,-0.047999271,-0.224540743,-0.227692469,-0.120921906,-0.100681083,-0.144248806,0.133753772,-0.151956182,-0.121293958,-0.238289203,-0.171091077
1997/05/07,-0.054024469,-0.094913243,-0.068142653,-0.175859108,-0.11522706,-0.099767197,-0.137038215,-0.365313015,-0.116496188,-0.06226948,-0.076409146,-0.131144227,-0.142862423,-0.186399165,-0.204719826,-0.107419101,-0.107191453,-0.125253122,-0.064680709,-0.08624063,-0.303305137,-0.219035474,-0.074941644,0.069000369,-0.06190118,-0.288250359,-0.176611253,-0.272537745,-0.166203762,-0.190159297,-0.183536782,-0.176966408,-0.088622261,-0.168077708,-0.139696072,-0.19814998,-0.400671753,-0.247677772,-0.1241152,-0.138720218,-0.210689868,-0.222847048,-0.282924878,-0.331051476,-0.115045306,-0.16632463,-0.145769598,-0.200900416,-0.052076453,-0.058334401,0.880164394,-0.117447798,-0.094132357,-0.07889364,-0.068933689,-0.108252557,-0.106922282,-0.040060342,-0.102713986,-0.091115427,-0.12217926,-0.124927466,-0.129492147,-0.198186505,-0.132806045,-0.056581508,-0.085306426,-0.072286843,-0.075865097,-0.225210697,-0.128832147,-0.160467164,-0.133630766,-0.117947535,-0.207041967,-0.230076564,-0.070981797,-0.343511689,-0.089972778,-0.095493748,-0.202268101,-0.032986352,-0.101912448,-0.111478542,-0.180776007,-0.192549632,-0.052437057,-0.215399346,-0.186887135,-0.275152965,-0.225693664,-0.091125796,-0.129401116,-0.230512847,-0.349216152,-0.161492635,-0.188668509,-0.047999271,-0.224540743,-0.227692469,-0.120921906,-0.100681083,-0.144248806,-0.23474815,-0.151956182,0.499322537,-0.238289203,-0.171091077
1997/05/21,-0.054024469,-0.094913243,-0.068142653,-0.175859108,-0.11522706,-0.03464146,-0.137038215,-0.365313015,-0.116496188,-0.06226948,-0.076409146,-0.131144227,-0.142862423,0.177661183,-0.204719826,-0.107419101,-0.107191453,-0.125253122,-0.064680709,-0.08624063,-0.293113176,-0.219035474,-0.074941644,-0.119029257,-0.06190118,0.488112511,-0.176611253,-0.272537745,-0.166203762,-0.171550293,-0.183536782,-0.132044315,-0.088622261,-0.168077708,-0.139696072,-0.169243799,7.502451581,2.248440417,-0.1241152,-0.138720218,-0.210689868,-0.222847048,-0.282924878,-0.090725831,-0.112243344,-0.16632463,-0.121291851,-0.200900416,-0.052076453,-0.058334401,-0.306173263,-0.117447798,-0.094132357,-0.07889364,-0.068933689,-0.066405545,-0.106922282,-0.040060342,-0.102713986,-0.091115427,-0.12217926,-0.124927466,-0.116804571,-0.198186505,-0.229809288,0.098343453,-0.085306426,-0.072286843,-0.025603177,-0.225210697,-0.129267611,-0.160467164,0.300022557,0.010228314,-0.207041967,0.270460494,-0.070981797,-0.343511689,-0.089972778,-0.030847202,-0.202268101,0.019447421,-0.101912448,-0.111478542,-0.180776007,-0.192549632,-0.052437057,-0.215399346,-0.186887135,-0.275152965,-0.225693664,-0.091125796,-0.129401116,-0.230512847,-0.239231204,-0.161492635,-0.188668509,-0.047999271,-0.224540743,-0.127136413,-0.120921906,-0.100681083,-0.144248806,-0.169647986,-0.151956182,0.794854201,-0.238289203,-0.171091077
1997/06/07,-0.054024469,-0.094913243,-0.068142653,-0.175859108,-0.11522706,-0.099767197,-0.137038215,-0.39243215,-0.116496188,-0.06226948,-0.076409146,-0.131144227,-0.142862423,-0.186399165,-0.204719826,-0.107419101,-0.107191453,-0.125253122,-0.064680709,-0.08624063,-0.312960679,-0.219035474,-0.074941644,-0.132459945,-0.06190118,-0.288250359,-0.176611253,-0.272537745,-0.166203762,-0.190159297,-0.183536782,-0.176966408,-0.088622261,-0.168077708,-0.139696072,-0.19814998,-0.400671753,-0.247677772,-0.1241152,-0.138720218,-0.210689868,-0.222847048,-0.282924878,-0.331051476,-0.115045306,-0.16632463,-0.145769598,-0.200900416,-0.052076453,-0.058334401,-0.306173263,-0.117447798,-0.094132357,-0.07889364,-0.068933689,-0.108252557,-0.106922282,-0.040060342,-0.102713986,-0.091115427,-0.12217926,-0.124927466,-0.137818369,-0.198186505,-0.27831091,-0.21150647,-0.085306426,-0.072286843,-0.071157639,-0.225210697,-0.130138537,-0.160467164,-0.164740678,1.804690199,-0.207041967,-0.255873749,-0.070981797,-0.343511689,-0.089972778,-0.095493748,-0.202268101,-0.504890309,-0.101912448,-0.111478542,-0.180776007,-0.192549632,-0.052437057,-0.215399346,-0.186887135,-0.275152965,-0.225693664,-0.091125796,-0.129401116,-0.230512847,-0.346392186,-0.161492635,-0.188668509,-0.047999271,-0.224540743,-0.227692469,-0.120921906,-0.100681083,-0.144248806,-0.289443338,-0.151956182,-0.121293958,-0.238289203,-0.171091077
1997/06/21,-0.054024469,-0.094913243,-0.068142653,-0.175859108,-0.11522706,-0.099767197,-0.137038215,-0.39243215,-0.116496188,-0.06226948,-0.076409146,-0.131144227,-0.142862423,-0.186399165,-0.204719826,-0.107419101,-0.107191453,-0.125253122,-0.064680709,-0.08624063,-0.312960679,-0.219035474,-0.074941644,0.189876557,-0.06190118,-0.288250359,-0.176611253,-0.272537745,-0.166203762,-0.190159297,-0.183536782,-0.150013152,-0.088622261,-0.168077708,-0.139696072,-0.19814998,-0.400671753,-0.247677772,-0.1241152,-0.138720218,-0.210689868,-0.222847048,-0.282924878,-0.331051476,-0.115045306,-0.16632463,0.441696343,-0.200900416,-0.052076453,-0.058334401,-0.306173263,-0.117447798,-0.094132357,-0.07889364,-0.068933689,-0.108252557,-0.106922282,-0.040060342,-0.102713986,-0.091115427,-0.12217926,-0.124927466,-0.121165925,-0.198186505,-0.27831091,-0.056581508,-0.085306426,-0.072286843,-0.078807258,-0.225210697,-0.127525757,-0.160467164,-0.184537895,-0.246123384,-0.207041967,-0.251574218,-0.070981797,-0.343511689,-0.089972778,-0.095493748,-0.202268101,-0.190287671,-0.101912448,-0.111478542,-0.180776007,-0.192549632,-0.052437057,-0.215399346,-0.186887135,-0.275152965,-0.225693664,-0.091125796,-0.129401116,-0.230512847,-0.353965551,-0.161492635,-0.188668509,-0.047999271,-0.224540743,-0.227692469,-0.120921906,-0.100681083,-0.144248806,-0.308780021,-0.151956182,-0.121293958,-0.238289203,-0.171091077
1997/07/07,-0.053316166,-0.071480467,-0.043076163,-0.175859108,1.171743282,-0.050845363,-0.010970996,-0.301008057,-0.090062964,-0.059970871,-0.076409146,-0.129311844,-0.142862423,-0.117357721,-0.131313606,-0.102793592,-0.105825151,-0.11737374,-0.060355419,-0.083721251,-0.264018321,-0.069108219,-0.055612992,-0.131596543,-0.06190118,-0.288250359,-0.121422903,-0.026468129,0.195879644,-0.077142826,-0.011794204,-0.138641445,-0.08294825,-0.158051335,-0.139696072,-0.069744595,-0.358333592,-0.206075802,-0.105966,-0.138720218,-0.210689868,-0.162202971,0.022524621,-0.267880164,-0.110870382,-0.161058781,-0.131969394,-0.165992509,-0.052018462,-0.058334401,-0.172230092,-0.007527316,-0.093535911,-0.07889364,-0.068554379,-0.096108383,-0.106922282,-0.040060342,-0.07923043,-0.089162712,-0.122130601,-0.122918952,-0.098904185,0.05216482,-0.237976615,-0.156852386,-0.05327506,-0.070120788,-0.0943156,-0.090184155,-0.125885616,-0.160467164,-0.203889001,-0.125928007,-0.164391084,-0.251068588,-0.063875761,0.032464955,-0.085339979,-0.095493748,-0.187760814,-0.375659785,-0.063692116,-0.095338621,-0.068046103,-0.166330085,-0.052370947,-0.215399346,0.191144023,-0.274708398,-0.18697194,-0.080102481,-0.129401116,-0.208017363,-0.349219129,-0.160547268,-0.157615144,-0.047581059,-0.118624527,-0.070618855,-0.095396128,-0.093741959,-0.102366007,-0.274415908,0.164641792,-0.079919525,-0.222882722,-0.161055271
1997/07/21,-0.054024469,-0.094913243,-0.068142653,-0.175859108,-0.11522706,-0.099767197,-0.137038215,-0.311074745,-0.116496188,-0.06226948,-0.076409146,-0.131144227,-0.142862423,-0.186399165,-0.204719826,-0.107419101,-0.107191453,-0.125253122,-0.064680709,-0.08624063,-0.312960679,-0.219035474,-0.074941644,-0.132459945,-0.06190118,-0.288250359,-0.176611253,-0.272537745,-0.166203762,-0.190159297,-0.183536782,-0.150013152,-0.088622261,-0.168077708,-0.139696072,-0.19814998,-0.400671753,-0.247677772,-0.1241152,-0.138720218,-0.210689868,-0.222847048,-0.282924878,-0.331051476,-0.115045306,-0.16632463,0.588562828,-0.200900416,-0.052076453,-0.058334401,0.010183446,-0.117447798,-0.094132357,-0.07889364,-0.068933689,-0.108252557,-0.106922282,-0.040060342,-0.102713986,-0.091115427,-0.12217926,-0.124927466,-0.135439449,-0.198186505,0.012698821,0.408193376,-0.085306426,-0.06217859,-0.039088082,-0.225210697,-0.130138537,-0.160467164,-0.201506938,-0.246123384,-0.207041967,-0.215028206,-0.070981797,-0.343511689,-0.089972778,-0.095493748,-0.202268101,-0.504890309,-0.101912448,-0.111478542,-0.180776007,-0.192549632,-0.052437057,-0.215399346,-0.186887135,-0.275152965,-0.225693664,-0.091125796,-0.129401116,-0.230512847,-0.355505897,-0.161492635,-0.188668509,-0.047999271,-0.224540743,-0.205346678,-0.120921906,-0.100681083,-0.144248806,-0.301045348,-0.151956182,-0.121293958,-0.238289203,-0.171091077
1997/08/07,-0.054024469,-0.094913243,-0.068142653,-0.175859108,-0.11522706,-0.099767197,-0.137038215,-0.365313015,-0.116496188,-0.06226948,-0.076409146,-0.131144227,-0.142862423,-0.186399165,-0.204719826,-0.107419101,-0.107191453,-0.125253122,-0.064680709,-0.08624063,-0.312960679,-0.219035474,-0.074941644,-0.132459945,-0.06190118,-0.288250359,-0.176611253,-0.272537745,-0.166203762,-0.190159297,-0.183536782,-0.150013152,-0.088622261,-0.168077708,-0.139696072,-0.19814998,-0.400671753,-0.247677772,-0.1241152,-0.138720218,-0.210689868,-0.222847048,-0.282924878,-0.331051476,-0.115045306,-0.16632463,-0.145769598,0.264538333,-0.052076453,-0.058334401,0.062909564,-0.117447798,-0.094132357,-0.07889364,-0.068933689,-0.108252557,-0.106922282,-0.040060342,-0.102713986,-0.091115427,-0.12217926,-0.124927466,-0.135439449,-0.198186505,-0.27831091,-0.21150647,-0.085306426,-0.072286843,-0.084299292,-0.225210697,-0.130138537,-0.160467164,-0.199621489,-0.246123384,-0.207041967,-0.268772342,-0.070981797,-0.343511689,-0.089972778,-0.095493748,-0.202268101,-0.504890309,-0.101912448,-0.111478542,-0.180776007,-0.192549632,-0.052437057,-0.215399346,-0.186887135,-0.275152965,-0.225693664,-0.091125796,-0.129401116,-0.230512847,-0.34746187,-0.161492635,-0.188668509,-0.047999271,-0.224540743,-0.227692469,-0.120921906,-0.100681083,-0.144248806,-0.305096843,-0.151956182,-0.121293958,-0.238289203,-0.171091077
1997/08/21,-0.054024469,-0.094913243,-0.068142653,-0.175859108,-0.11522706,-0.099767197,-0.137038215,-0.33819388,-0.116496188,-0.06226948,-0.076409146,-0.131144227,-0.142862423,0.359691357,-0.204719826,-0.107419101,-0.107191453,-0.125253122,-0.064680709,-0.08624063,-0.307596489,-0.219035474,-0.074941644,-0.132459945,-0.06190118,0.876293946,-0.176611253,-0.149897139,-0.166203762,-0.190159297,-0.183536782,-0.116321582,-0.088622261,-0.168077708,-0.139696072,-0.19814998,-0.400671753,-0.247677772,-0.1241152,-0.138720218,-0.210689868,-0.222847048,-0.282924878,-0.331051476,-0.115045306,-0.16632463,-0.145769598,-0.200900416,-0.052076453,-0.058334401,-0.266628674,-0.117447798,-0.094132357,-0.07889364,-0.068933689,-0.108252557,-0.106922282,-0.040060342,-0.102713986,-0.091115427,-0.12217926,-0.124927466,-0.136232422,-0.198186505,-0.169182261,0.149985107,-0.085306426,-0.072286843,25.78632005,-0.225210697,-0.129485342,-0.160467164,-0.205749199,-0.246123384,-0.207041967,-0.249424453,-0.070981797,-0.343511689,-0.089972778,-0.095493748,-0.202268101,-0.42623965,-0.101912448,-0.111478542,-0.180776007,-0.192549632,-0.052437057,-0.215399346,-0.186887135,-0.275152965,-0.225693664,-0.082960378,-0.129401116,-0.230512847,-0.349119881,-0.161492635,-0.188668509,-0.047999271,-0.224540743,-0.227692469,-0.120921906,-0.100681083,-0.144248806,0.066765979,-0.151956182,0.05602504,-0.238289203,-0.171091077
1997/09/07,-0.054024469,-0.094913243,-0.068142653,-0.175859108,-0.11522706,0.558002747,-0.137038215,-0.22971734,-0.116496188,-0.06226948,-0.076409146,-0.131144227,-0.142862423,-0.077181061,-0.204719826,-0.107419101,-0.107191453,-0.125253122,-0.064680709,-0.08624063,-0.303734272,-0.219035474,-0.074941644,0.028708306,-0.06190118,-0.288250359,-0.176611253,0.904812076,-0.166203762,-0.190159297,-0.183536782,0.022487688,-0.088622261,-0.168077708,-0.139696072,-0.19814998,-0.400671753,-0.247677772,-0.1241152,-0.138720218,1.061038321,-0.222847048,-0.282924878,-0.331051476,-0.101595887,-0.16632463,-0.13108295,0.636889331,-0.052076453,-0.058334401,0.041819117,-0.117447798,-0.094132357,-0.07889364,-0.068933689,0.020875366,-0.106922282,-0.040060342,-0.102713986,-0.091115427,-0.12217926,-0.124927466,-0.058996802,-0.198186505,-0.220108964,-0.21150647,-0.085306426,-0.070265192,0.032936024,-0.225210697,-0.130138537,-0.160467164,-0.209991459,-0.246123384,-0.207041967,-0.097651011,-0.070981797,-0.343511689,-0.089972778,-0.095493748,-0.202268101,-0.064446616,-0.101912448,-0.111478542,-0.180776007,-0.192549632,-0.052437057,-0.215399346,1.136221918,-0.275152965,-0.225693664,-0.091125796,-0.129401116,-0.230512847,-0.342926408,-0.161492635,-0.188668509,-0.047999271,-0.224540743,-0.120432676,-0.120921906,-0.100681083,-0.144248806,5.849345659,-0.151956182,0.446126837,-0.238289203,-0.171091077
1997/09/21,-0.054024469,-0.094913243,-0.068142653,-0.175859108,-0.11522706,-0.099767197,-0.137038215,-0.33819388,-0.116496188,-0.06226948,-0.076409146,-0.131144227,-0.142862423,-0.186399165,-0.204719826,-0.107419101,-0.107191453,-0.125253122,-0.064680709,-0.08624063,-0.312960679,-0.219035474,-0.074941644,-0.132459945,-0.06190118,2.040838251,-0.176611253,-0.272537745,-0.166203762,-0.190159297,-0.183536782,-0.176966408,-0.088622261,-0.168077708,-0.139696072,-0.19814998,-0.400671753,-0.247677772,-0.1241152,-0.138720218,-0.210689868,-0.222847048,-0.282924878,0.38992546,-0.115045306,-0.16632463,-0.145769598,-0.200900416,-0.052076453,-0.058334401,-0.306173263,-0.117447798,-0.094132357,-0.07889364,-0.068933689,-0.108252557,-0.106922282,-0.040060342,-0.102713986,-0.091115427,-0.12217926,-0.124927466,-0.132267555,-0.198186505,-0.27831091,1.079534877,-0.085306426,-0.072286843,-0.066155965,-0.225210697,-0.130138537,-0.160467164,-0.209991459,-0.246123384,-0.207041967,-0.195680316,-0.070981797,-0.343511689,-0.089972778,-0.095493748,-0.202268101,-0.504890309,-0.101912448,-0.111478542,-0.180776007,-0.192549632,-0.052437057,-0.215399346,-0.186887135,-0.275152965,-0.225693664,-0.091125796,-0.129401116,-0.230512847,-0.354286456,-0.161492635,-0.188668509,-0.047999271,-0.224540743,-0.227692469,-0.120921906,-0.100681083,-0.144248806,0.384578169,-0.151956182,-0.121293958,-0.238289203,-0.171091077
1997/10/07,-0.054024469,-0.094913243,-0.068142653,-0.175859108,-0.11522706,-0.099767197,-0.137038215,-0.121240801,-0.116496188,-0.06226948,-0.076409146,-0.131144227,-0.142862423,-0.186399165,-0.204719826,-0.107419101,-0.107191453,-0.125253122,-0.064680709,-0.08624063,-0.312960679,-0.219035474,-0.074941644,-0.132459945,-0.06190118,-0.288250359,-0.176611253,-0.272537745,-0.166203762,-0.190159297,-0.183536782,-0.150013152,-0.088622261,-0.168077708,-0.139696072,-0.19814998,-0.400671753,-0.247677772,-0.1241152,-0.138720218,-0.210689868,-0.222847048,-0.282924878,-0.331051476,-0.115045306,-0.16632463,0.147963372,-0.200900416,-0.052076453,-0.058334401,-0.306173263,-0.117447798,-0.094132357,-0.07889364,-0.068933689,0.250436117,-0.106922282,-0.040060342,-0.102713986,-0.091115427,-0.12217926,-0.124927466,-0.136232422,-0.198186505,-0.27831091,-0.21150647,-0.085306426,-0.072286843,-0.060271642,-0.225210697,-0.130138537,-0.160467164,-0.209991459,-0.246123384,-0.207041967,-0.262323046,-0.070981797,-0.343511689,-0.089972778,-0.095493748,-0.202268101,-0.504890309,-0.101912448,-0.111478542,-0.180776007,-0.192549632,-0.052437057,-0.215399346,-0.186887135,-0.275152965,-0.225693664,-0.091125796,-0.129401116,-0.230512847,-0.353195378,-0.161492635,-0.188668509,-0.047999271,-0.224540743,-0.227692469,-0.120921906,-0.100681083,-0.144248806,-0.104363662,-0.151956182,-0.121293958,-0.238289203,-0.171091077
1997/10/21,-0.054024469,-0.094913243,-0.068142653,-0.175859108,-0.11522706,-0.099767197,-0.137038215,0.728492092,-0.116496188,-0.06226948,-0.076409146,-0.131144227,-0.142862423,-0.186399165,-0.204719826,-0.107419101,-0.107191453,-0.125253122,-0.064680709,-0.08624063,-0.312960679,-0.219035474,-0.074941644,-0.10559857,-0.06190118,1.264475381,-0.176611253,-0.272537745,-0.166203762,-0.190159297,-0.183536782,-0.123059896,-0.088622261,-0.168077708,-0.139696072,-0.19814998,-0.400671753,-0.247677772,-0.1241152,-0.138720218,-0.210689868,-0.222847048,-0.282924878,0.630251105,-0.115045306,-0.16632463,0.001096887,0.962696455,-0.052076453,-0.058334401,-0.306173263,-0.117447798,-0.094132357,-0.07889364,-0.068933689,-0.108252557,-0.106922282,-0.040060342,-0.102713986,-0.091115427,-0.12217926,-0.124927466,-0.137818369,-0.198186505,0.158203686,-0.21150647,-0.085306426,-0.072286843,6.31E-04,-0.225210697,-0.130138537,-0.160467164,-0.209991459,-0.160672818,-0.207041967,0.953011027,-0.070981797,-0.343511689,-0.089972778,-0.095493748,-0.202268101,-0.400022763,-0.101912448,-0.111478542,-0.180776007,-0.192549632,-0.052437057,-0.215399346,-0.186887135,-0.275152965,-0.225693664,-0.091125796,-0.129401116,-0.230512847,3.686660259,-0.161492635,-0.188668509,-0.047999271,-0.224540743,-0.227692469,-0.120921906,-0.100681083,-0.144248806,0.012577228,-0.151956182,0.115131373,-0.238289203,-0.171091077
1997/11/07,-0.054024469,-0.094913243,-0.068142653,-0.175859108,-0.11522706,0.063047146,-0.137038215,2.644910958,-0.116496188,-0.06226948,-0.076409146,-0.131144227,-0.142862423,-0.186399165,-0.204719826,-0.107419101,-0.107191453,-0.125253122,-0.064680709,-0.08624063,-0.312960679,-0.219035474,-0.074941644,-0.132459945,-0.06190118,-0.288250359,-0.176611253,-0.272537745,-0.166203762,-0.190159297,-0.183536782,0.416005228,-0.088622261,-0.168077708,-0.139696072,-0.19814998,-0.400671753,-0.247677772,-0.1241152,-0.138720218,-0.210689868,-0.222847048,-0.282924878,12.64653336,-0.115045306,-0.16632463,2.350960651,1.893573951,-0.052076453,-0.058334401,-0.306173263,-0.117447798,-0.094132357,-0.07889364,-0.068933689,0.106960647,-0.106922282,-0.040060342,-0.102713986,-0.091115427,-0.12217926,-0.124927466,-0.137818369,-0.198186505,-0.27831091,-0.21150647,-0.085306426,-0.072286843,0.277782676,9.226647189,-0.130138537,-0.160467164,-0.209991459,-0.246123384,-0.207041967,0.178378873,-0.070981797,-0.343511689,-0.089972778,-0.095493748,-0.202268101,2.011930796,-0.101912448,-0.111478542,-0.180776007,-0.192549632,-0.052437057,-0.215399346,-0.186887135,-0.275152965,-0.225693664,-0.091125796,-0.129401116,-0.230512847,13.767152,-0.161492635,-0.188668509,-0.047999271,-0.224540743,-0.227692469,-0.120921906,-0.100681083,-0.144248806,-0.067900203,-0.151956182,-0.121293958,-0.238289203,-0.171091077
1997/11/21,-0.054024469,-0.094913243,-0.068142653,-0.175859108,-0.11522706,-0.078058618,-0.137038215,-0.33819388,-0.116496188,-0.06226948,-0.076409146,-0.131144227,-0.142862423,-0.186399165,-0.204719826,-0.107419101,-0.107191453,-0.125253122,-0.064680709,-0.08624063,-0.311172616,-0.219035474,-0.074941644,0.082431056,-0.06190118,-0.288250359,-0.176611253,-0.272537745,-0.166203762,-0.190159297,-0.183536782,-0.16798199,-0.088622261,-0.168077708,-0.139696072,-0.19814998,-0.400671753,-0.247677772,-0.1241152,-0.138720218,1.908857114,-0.222847048,-0.282924878,-0.331051476,-0.115045306,-0.16632463,-0.145769598,-0.200900416,-0.052076453,-0.058334401,-0.306173263,-0.117447798,-0.094132357,-0.07889364,-0.068933689,-0.096296268,-0.106922282,-0.040060342,-0.102713986,-0.091115427,-0.12217926,-0.124927466,-0.13200323,-0.198186505,-0.132806045,-0.21150647,-0.085306426,-0.072286843,-0.040951451,-0.225210697,-0.130138537,-0.160467164,-0.209991459,-0.246123384,-0.207041967,0.162613927,-0.070981797,-0.343511689,-0.089972778,-0.095493748,-0.202268101,1.068122882,-0.101912448,-0.111478542,-0.180776007,-0.192549632,-0.052437057,-0.215399346,-0.186887135,-0.275152965,-0.225693664,-0.091125796,-0.129401116,-0.230512847,0.612087814,-0.161492635,-0.188668509,-0.047999271,-0.224540743,-0.227692469,-0.120921906,-0.100681083,-0.144248806,-0.112650812,-0.151956182,-0.121293958,-0.238289203,-0.171091077
1997/12/07,-0.054024469,-0.094913243,-0.068142653,-0.175859108,-0.11522706,-0.099767197,-0.137038215,-0.365313015,-0.116496188,-0.06226948,-0.076409146,-0.131144227,-0.142862423,-0.186399165,-0.204719826,-0.107419101,-0.107191453,-0.125253122,-0.064680709,-0.08624063,-0.312960679,-0.219035474,-0.074941644,-0.132459945,-0.06190118,-0.288250359,-0.176611253,-0.272537745,-0.166203762,-0.190159297,-0.183536782,-0.176966408,-0.088622261,-0.168077708,-0.139696072,-0.19814998,-0.400671753,-0.247677772,-0.1241152,-0.138720218,-0.210689868,-0.222847048,-0.282924878,-0.331051476,-0.115045306,-0.16632463,-0.145769598,-0.200900416,-0.052076453,-0.058334401,-0.147994908,-0.117447798,-0.094132357,-0.07889364,-0.068933689,-0.108252557,-0.106922282,-0.040060342,-0.102713986,-0.091115427,-0.12217926,-0.124927466,-0.137818369,-0.198186505,-0.27831091,-0.21150647,-0.085306426,-0.072286843,-0.080866771,-0.225210697,-0.130138537,-0.160467164,-0.209991459,-0.246123384,-0.207041967,0.156881219,-0.070981797,-0.343511689,-0.089972778,-0.095493748,-0.202268101,-0.504890309,-0.101912448,-0.111478542,-0.180776007,-0.192549632,-0.052437057,-0.215399346,-0.186887135,-0.275152965,-0.225693664,-0.091125796,-0.129401116,-0.230512847,-0.355505897,-0.161492635,-0.188668509,-0.047999271,-0.224540743,-0.227692469,-0.120921906,-0.100681083,-0.144248806,-0.253532356,-0.151956182,-0.121293958,-0.238289203,-0.171091077
1997/12/21,-0.054024469,-0.094913243,-0.068142653,-0.175859108,-0.11522706,-0.099767197,-0.137038215,-0.365313015,-0.116496188,-0.06226948,-0.076409146,-0.131144227,-0.142862423,-0.186399165,-0.204719826,-0.107419101,-0.107191453,-0.125253122,-0.064680709,-0.08624063,-0.307596489,-0.219035474,-0.074941644,0.189876557,-0.06190118,-0.288250359,-0.176611253,-0.272537745,-0.166203762,-0.190159297,-0.183536782,-0.176966408,-0.088622261,-0.168077708,-0.139696072,-0.19814998,-0.400671753,-0.247677772,-0.1241152,-0.138720218,-0.210689868,-0.222847048,-0.282924878,-0.331051476,-0.115045306,-0.16632463,-0.145769598,-0.200900416,-0.052076453,-0.058334401,-0.306173263,-0.117447798,-0.094132357,-0.07889364,-0.068933689,-0.108252557,-0.106922282,-0.040060342,-0.102713986,-0.091115427,-0.12217926,-0.124927466,-0.137818369,-0.198186505,-0.27831091,-0.21150647,-0.085306426,-0.072286843,-0.076747745,-0.225210697,-0.130138537,-0.160467164,-0.209991459,-0.246123384,-0.207041967,-0.199979847,-0.070981797,-0.343511689,-0.089972778,-0.095493748,-0.202268101,-0.504890309,-0.101912448,-0.111478542,-0.180776007,-0.192549632,-0.052437057,-0.215399346,-0.186887135,-0.275152965,-0.225693664,-0.091125796,-0.129401116,-0.230512847,-0.325597521,-0.161492635,-0.188668509,-0.047999271,-0.224540743,-0.227692469,-0.120921906,-0.100681083,-0.144248806,-0.286128478,-0.151956182,-0.121293958,-0.238289203,-0.171091077
1998/01/07,-0.054024469,-0.094913243,-0.068142653,-0.175859108,-0.11522706,-0.099767197,-0.137038215,-0.33819388,-0.116496188,-0.06226948,-0.076409146,-0.131144227,-0.142862423,-0.186399165,-0.204719826,-0.107419101,-0.107191453,-0.125253122,-0.064680709,-0.08624063,-0.312960679,-0.219035474,-0.074941644,-0.132459945,-0.06190118,-0.288250359,-0.176611253,-0.272537745,-0.166203762,-0.190159297,-0.183536782,-0.176966408,-0.088622261,-0.168077708,-0.139696072,-0.19814998,-0.400671753,-0.247677772,-0.1241152,-0.138720218,-0.210689868,-0.222847048,-0.282924878,-0.331051476,-0.115045306,-0.16632463,-0.145769598,-0.200900416,-0.052076453,-0.058334401,-0.306173263,-0.117447798,-0.094132357,-0.07889364,-0.068933689,-0.108252557,-0.106922282,-0.040060342,-0.102713986,-0.091115427,-0.12217926,-0.124927466,-0.137818369,-0.198186505,-0.132806045,-0.21150647,-0.085306426,-0.072286843,-0.072040287,-0.225210697,-0.130138537,-0.160467164,-0.209991459,-0.246123384,-0.207041967,-0.262323046,-0.070981797,-0.343511689,-0.089972778,-0.095493748,-0.202268101,-0.504890309,-0.101912448,-0.111478542,-0.180776007,-0.192549632,-0.052437057,-0.215399346,-0.186887135,-0.275152965,-0.225693664,-0.091125796,-0.129401116,-0.230512847,-0.355505897,-0.161492635,-0.188668509,-0.047999271,-0.224540743,-0.227692469,-0.120921906,-0.100681083,-0.144248806,-0.277841329,-0.151956182,-0.121293958,-0.238289203,-0.171091077
1998/01/21,-0.049043934,-0.078236003,-0.056405835,-0.022043252,-0.098932223,-0.097744658,-0.070267557,0.113060495,0.680331443,-0.027527101,-0.076409146,0.065222946,0.162881313,-0.162656099,-0.204719826,-0.100560766,-0.10650708,-0.09375181,-0.051928157,-0.08624063,-0.236994054,0.115154912,-0.068345965,-0.098424414,-0.060028849,0.147966906,0.01719399,-0.247790867,-0.121206282,0.119336338,-0.1629422,0.347906329,-0.086832083,-0.154540197,-0.114438,0.248240191,0.295378422,-0.013006017,1.074611227,0.024357475,-0.072458543,-0.071720863,-0.2462574,0.696635632,-0.107872166,-0.084541069,0.002009367,0.038142855,-0.046187623,0.038123908,-0.068020493,-0.074966452,-0.091025453,-0.030673871,-0.04105104,0.013730038,-0.096814565,-0.032572209,-0.082414334,-0.08101205,0.273888315,0.053857295,-0.070939001,-0.025101846,0.331685604,-0.138430546,-0.058548695,-0.067681462,-0.049474112,0.283208638,-0.113002975,0.555132287,-0.097164331,-0.205398616,-0.165991879,-0.191326253,-0.065990936,-0.31739907,-0.067979463,0.033200324,0.470210155,0.375642213,-0.099249382,-0.109221367,-0.153234913,0.253565918,-0.047004424,1.271324216,-0.186887135,0.092811271,-0.039287523,0.150688203,-0.129401116,-0.140491175,-0.238034986,-0.157635289,-0.188668509,-0.047872116,-0.065937751,-0.15086367,-0.118360791,-0.100212798,-0.134809643,-0.299401425,-0.139301648,-0.025100154,0.169915407,-0.082480621
1998/02/07,-0.054024469,-0.094913243,-0.068142653,-0.175859108,-0.11522706,-0.099767197,-0.137038215,-0.39243215,-0.116496188,-0.06226948,-0.076409146,-0.131144227,-0.142862423,-0.186399165,-0.204719826,-0.107419101,-0.107191453,-0.125253122,-0.064680709,-0.08624063,-0.312960679,-0.219035474,-0.074941644,-0.132459945,-0.06190118,-0.288250359,-0.176611253,-0.272537745,-0.166203762,-0.190159297,-0.183536782,-0.176966408,-0.088622261,-0.168077708,-0.139696072,-0.19814998,-0.400671753,-0.247677772,-0.1241152,-0.138720218,-0.210689868,-0.222847048,-0.282924878,-0.331051476,-0.115045306,-0.16632463,-0.145769598,-0.200900416,-0.052076453,-0.058334401,0.326540154,-0.117447798,-0.094132357,-0.07889364,-0.068933689,-0.108252557,-0.106922282,-0.040060342,-0.102713986,-0.091115427,-0.12217926,-0.124927466,-0.137818369,-0.198186505,-0.27831091,-0.21150647,-0.085306426,-0.072286843,0.027110544,-0.225210697,-0.130138537,-0.160467164,-0.209991459,-0.246123384,-0.207041967,-0.049496265,-0.070981797,-0.343511689,-0.089972778,-0.095493748,-0.202268101,-0.190287671,-0.101912448,-0.111478542,-0.180776007,-0.192549632,-0.052437057,-0.215399346,-0.186887135,-0.275152965,-0.225693664,-0.091125796,-0.129401116,-0.230512847,-0.346905634,-0.161492635,-0.188668509,-0.047999271,-0.224540743,-0.227692469,-0.120921906,-0.100681083,-0.144248806,-0.311542404,-0.151956182,-0.121293958,-0.238289203,-0.171091077
1998/02/21,-0.049038133,-0.057060297,-0.068142653,-0.032895008,-0.101160527,-0.06765659,-0.118032591,0.548964896,-0.116496188,0.002625593,-0.054867484,0.169679692,1.024714957,-0.090883332,-0.050011949,0.088008652,-0.099459666,-0.036474086,-0.063559337,-0.085990691,0.233316024,0.133538303,-0.065545772,-0.121454243,-0.058312546,-0.094159641,-0.102319243,-0.229564866,-0.166203762,0.057087966,-0.129768443,-0.040885649,0.030818587,0.235606245,-0.087502634,0.019131235,0.525782092,1.208073696,-0.093711412,-0.095928502,-0.210689868,-0.033755444,-0.123539869,-0.118389689,-0.062353979,0.834477963,-0.059339837,0.22575177,-0.050411931,-0.051291842,0.640508415,0.161715332,-0.048672011,-0.045822516,-0.056761837,-0.023765097,-0.05655216,-0.03595597,0.963803816,-0.075231395,-0.085718553,0.754354853,-0.123558409,0.318196538,0.076932379,0.132424423,-0.033204124,-0.069946455,-0.027583627,0.198911132,0.025357372,-0.041598144,0.403722264,-0.238036098,0.2771853,0.426794537,-0.070981797,-0.079095081,-0.071634614,-0.075227569,0.267017836,0.633086621,-0.055198709,-0.095569925,-0.035716264,0.853066917,0.059722232,1.343591982,-0.147508889,0.021018349,-0.112120924,0.970251381,0.138252412,0.042919445,-0.337865746,-0.159138067,-0.188668509,-0.04773931,0.892344653,0.103078259,-0.099977678,-0.100537033,-0.058323489,-0.199777007,-0.10069557,0.234575421,0.104751901,0.090847733
1998/03/07,-0.054024469,-0.094913243,-0.068142653,-0.175859108,-0.11522706,-0.099767197,-0.137038215,-0.17547907,-0.116496188,-0.06226948,-0.076409146,-0.131144227,-0.142862423,-0.186399165,-0.204719826,-0.107419101,-0.107191453,-0.125253122,-0.064680709,-0.08624063,0.207365743,-0.219035474,-0.074941644,-0.132459945,-0.06190118,-0.288250359,-0.176611253,-0.272537745,-0.166203762,-0.190159297,-0.183536782,-0.176966408,-0.088622261,-0.168077708,-0.139696072,-0.19814998,-0.400671753,-0.247677772,-0.1241152,-0.138720218,-0.210689868,-0.222847048,-0.282924878,-0.331051476,-0.115045306,-0.16632463,-0.145769598,-0.200900416,-0.052076453,-0.058334401,-0.306173263,-0.117447798,-0.094132357,-0.07889364,-0.068933689,-0.108252557,-0.106922282,-0.040060342,-0.102713986,-0.091115427,-0.12217926,-0.124927466,-0.088654011,-0.198186505,-0.27831091,-0.21150647,-0.085306426,24.54130764,-0.055858401,-0.225210697,-0.130138537,-0.160467164,-0.209991459,-0.246123384,-0.207041967,3.061214354,-0.070981797,-0.343511689,-0.089972778,-0.095493748,-0.202268101,0.124314967,-0.101912448,-0.111478542,-0.180776007,-0.192549632,-0.052437057,-0.215399346,-0.186887135,-0.275152965,-0.225693664,-0.091125796,-0.129401116,-0.230512847,-0.355505897,-0.161492635,-0.188668509,-0.047999271,-0.224540743,-0.227692469,-0.120921906,-0.100681083,-0.144248806,-0.237510533,-0.151956182,-0.121293958,-0.238289203,-0.171091077
1998/03/21,-0.054024469,-0.094913243,-0.068142653,-0.175859108,-0.11522706,-0.099767197,-0.137038215,0.339784492,-0.116496188,-0.06226948,-0.076409146,-0.131144227,1.030229491,-0.186399165,-0.204719826,-0.107419101,-0.107191453,-0.125253122,-0.064680709,-0.08624063,-0.295795271,-0.219035474,-0.074941644,-0.132459945,-0.06190118,-0.288250359,-0.176611253,-0.272537745,-0.166203762,-0.190159297,-0.183536782,-0.123059896,-0.088622261,-0.168077708,-0.139696072,-0.19814998,-0.400671753,-0.247677772,-0.1241152,-0.138720218,6.147951077,-0.222847048,-0.282924878,-0.331051476,-0.115045306,-0.16632463,-0.145769598,2.940811134,-0.052076453,-0.058334401,-0.306173263,-0.117447798,-0.094132357,-0.07889364,-0.068933689,-0.108252557,-0.106922282,-0.040060342,-0.102713986,-0.091115427,-0.12217926,-0.124927466,-0.136232422,-0.198186505,-0.205558477,-0.21150647,-0.085306426,-0.072286843,-0.0028995,-0.225210697,-0.130138537,-0.160467164,-0.209991459,-0.246123384,-0.207041967,10.08127346,-0.070981797,-0.343511689,-0.089972778,-0.095493748,-0.202268101,1.697328158,-0.101912448,-0.111478542,-0.180776007,-0.192549632,-0.052437057,-0.215399346,-0.186887135,-0.275152965,-0.225693664,-0.091125796,-0.129401116,-0.230512847,-0.355505897,-0.161492635,-0.188668509,-0.047999271,1.643587797,-0.227692469,-0.120921906,-0.100681083,-0.144248806,-0.303531493,-0.151956182,-0.121293958,-0.238289203,-0.171091077
1998/04/07,-0.054024469,-0.094913243,-0.068142653,-0.175859108,-0.11522706,-0.099767197,-0.137038215,-0.297515177,-0.116496188,-0.06226948,-0.076409146,-0.131144227,-0.142862423,-0.186399165,-0.204719826,-0.107419101,-0.107191453,-0.125253122,-0.064680709,-0.08624063,-0.312960679,-0.219035474,-0.074941644,-0.132459945,-0.06190118,-0.288250359,-0.176611253,-0.272537745,-0.166203762,-0.190159297,-0.183536782,-0.176966408,-0.088622261,-0.168077708,-0.139696072,-0.19814998,-0.400671753,-0.247677772,-0.1241152,-0.138720218,-0.210689868,-0.222847048,-0.282924878,-0.331051476,-0.115045306,-0.16632463,-0.072336355,-0.200900416,-0.052076453,-0.058334401,-0.147994908,-0.117447798,-0.094132357,-0.07889364,-0.068933689,-0.108252557,-0.106922282,-0.040060342,-0.102713986,-0.091115427,-0.12217926,-0.124927466,-0.137818369,-0.198186505,-0.060053612,-0.21150647,-0.085306426,-0.072286843,-0.082484959,-0.225210697,-0.130138537,-0.160467164,-0.209991459,-0.246123384,-0.207041967,-0.209653792,-0.070981797,-0.343511689,-0.089972778,-0.095493748,-0.202268101,-0.504890309,-0.101912448,-0.111478542,-0.180776007,-0.192549632,-0.052437057,-0.215399346,-0.186887135,-0.275152965,-0.225693664,-0.091125796,-0.129401116,-0.230512847,-0.355505897,-0.161492635,-0.188668509,-0.047999271,-0.224540743,-0.227692469,-0.120921906,-0.100681083,-0.144248806,-0.313199834,-0.151956182,-0.121293958,-0.238289203,-0.171091077
1998/04/21,-0.054024469,-0.094913243,-0.068142653,-0.175859108,-0.11522706,-0.099767197,-0.137038215,-0.256836475,-0.116496188,-0.06226948,0.38363314,-0.131144227,2.203321406,-0.186399165,-0.204719826,-0.107419101,-0.107191453,-0.125253122,-0.064680709,-0.08624063,-0.129505384,-0.219035474,-0.074941644,-0.132459945,-0.06190118,-0.288250359,-0.176611253,-0.272537745,-0.166203762,1.093862001,-0.183536782,-0.176966408,-0.088622261,-0.168077708,0.731707418,0.842472531,-0.400671753,-0.247677772,-0.1241152,-0.138720218,6.147951077,-0.222847048,-0.282924878,1.831879331,-0.115045306,-0.16632463,-0.145769598,-0.200900416,-0.052076453,-0.058334401,-0.227084085,-0.117447798,-0.094132357,-0.07889364,-0.068933689,-0.108252557,-0.106922282,-0.040060342,-0.102713986,-0.091115427,-0.12217926,-0.124927466,-0.137818369,-0.198186505,-0.205558477,-0.21150647,-0.085306426,0.099553448,-0.059388994,-0.225210697,-0.130138537,-0.160467164,-0.209991459,-0.246123384,-0.207041967,0.041868767,-0.070981797,-0.343511689,-0.089972778,-0.095493748,-0.202268101,-0.190287671,-0.101912448,-0.111478542,-0.180776007,-0.192549632,-0.052437057,-0.215399346,-0.186887135,-0.275152965,-0.225693664,-0.046215996,-0.129401116,-0.230512847,-0.355505897,-0.161492635,-0.188668509,-0.047999271,-0.224540743,-0.227692469,-0.120921906,-0.100681083,-0.144248806,-0.307122591,-0.151956182,-0.121293958,-0.238289203,-0.171091077
1998/05/07,-0.054024469,-0.094913243,-0.068142653,-0.175859108,-0.11522706,-0.099767197,-0.137038215,-0.378872582,-0.116496188,-0.06226948,-0.050121016,-0.131144227,-0.142862423,-0.186399165,-0.204719826,-0.107419101,-0.107191453,-0.125253122,-0.064680709,-0.08624063,-0.308132908,-0.219035474,-0.074941644,-0.092167882,-0.06190118,-0.288250359,-0.176611253,-0.272537745,-0.166203762,0.926380962,-0.183536782,-0.176966408,-0.088622261,-0.168077708,-0.139696072,0.148724191,-0.400671753,-0.247677772,-0.1241152,-0.138720218,2.968630604,-0.222847048,-0.282924878,-0.331051476,-0.115045306,-0.16632463,-0.109052977,-0.200900416,-0.052076453,-0.058334401,0.247450977,-0.117447798,-0.094132357,-0.07889364,-0.068933689,-0.090318123,-0.106922282,-0.040060342,-0.102713986,-0.091115427,-0.12217926,-0.124927466,-0.137818369,-0.198186505,0.158203686,-0.21150647,-0.085306426,-0.072286843,-0.074688232,-0.225210697,-0.130138537,-0.160467164,-0.209991459,-0.246123384,-0.207041967,-0.001126542,-0.070981797,-0.343511689,-0.089972778,-0.095493748,-0.202268101,-0.504890309,-0.101912448,-0.111478542,-0.180776007,-0.192549632,-0.052437057,-0.215399346,-0.186887135,-0.275152965,-0.225693664,-0.050298705,-0.129401116,-0.230512847,-0.351590852,-0.161492635,-0.188668509,-0.047999271,-0.224540743,-0.227692469,-0.120921906,-0.100681083,-0.144248806,-0.304636446,-0.151956182,-0.121293958,-0.238289203,-0.171091077
1998/05/21,-0.054024469,-0.094913243,-0.068142653,-0.175859108,-0.11522706,-0.099767197,-0.137038215,-0.099545493,-0.116496188,-0.06226948,0.543990737,-0.131144227,-0.142862423,0.650939635,-0.204719826,-0.107419101,-0.107191453,-0.125253122,-0.064680709,-0.08624063,0.003526526,-0.219035474,-0.074941644,1.076301935,-0.06190118,0.643385085,-0.176611253,1.591599471,-0.166203762,0.144802781,-0.183536782,-0.176966408,-0.088622261,-0.168077708,-0.139696072,20.89179958,0.86382798,-0.247677772,1.908595203,-0.138720218,11.23486383,-0.222847048,-0.282924878,-0.331051476,-0.115045306,-0.16632463,-0.13108295,-0.200900416,-0.052076453,-0.034721858,-0.147994908,-0.117447798,-0.094132357,-0.07889364,-0.068933689,-0.079557463,-0.106922282,-0.040060342,-0.102713986,-0.091115427,-0.12217926,-0.124927466,-0.133853502,-0.198186505,-0.161907018,-0.21150647,-0.085306426,0.376519562,0.007162692,-0.225210697,-0.129615981,-0.160467164,-0.209991459,-0.246123384,0.323724583,9.256838408,-0.070981797,-0.343511689,-0.089972778,-0.095493748,-0.202268101,2.200692379,24.81774403,-0.111478542,-0.180776007,1.322380043,-0.052437057,-0.215399346,-0.186887135,-0.275152965,1.258056914,0.122808159,20.95235595,-0.230512847,-0.318691639,-0.161492635,-0.188668509,-0.047999271,-0.224540743,-0.160655098,-0.120921906,-0.100681083,-0.144248806,-0.205466888,-0.151956182,-0.121293958,-0.238289203,-0.171091077
1998/06/07,-0.053386997,-0.063419592,-0.044893483,0.397631166,-0.079045647,-0.09651091,-0.130511755,-0.275651128,-0.088300749,-0.06226948,0.086051501,-0.126013556,-0.142862423,0.036041707,0.712550645,-0.107419101,-0.106622055,-0.115070536,-0.064680709,-0.08624063,-0.265269097,-0.184889753,-0.071333629,-0.126550442,-0.05759482,-0.250984941,-0.176611253,-0.1016585,0.156698155,-0.141738668,-0.134544272,-0.155574507,-0.087960293,-0.13653497,-0.135339054,-0.111315813,-0.22680304,-0.207739881,-0.02247968,-0.037448971,-0.210689868,-0.222847048,-0.105215278,-0.285389603,-0.111458794,-0.144895551,-0.090694666,-0.186937253,-0.051938404,-0.057389899,-0.045829267,-0.082639645,-0.091929981,-0.078146003,-0.064133315,-0.073591275,-0.082744623,-0.039822503,-0.095777305,-0.087196978,-0.122168251,-0.124402661,-0.130408913,-0.145612727,-0.235467811,-0.003820952,-0.070358455,-0.071757844,-0.090136409,-0.130692118,-0.113232398,-0.160467164,-0.133560061,-0.027256001,-0.185811305,-0.246551889,-0.070981797,0.226448454,-0.088147112,-0.087736163,-0.202268101,-0.29302291,-0.094268382,-0.110820609,-0.177849993,-0.174162324,-0.051976734,-0.215399346,0.318834547,-0.273838435,-0.216835452,-0.090390908,0.032268801,-0.191480682,-0.277077464,-0.145673915,-0.17905021,-0.047424758,-0.17129908,-0.199804923,-0.102134934,0.154101844,-0.138798829,-0.241785598,-0.112920666,-0.092922918,-0.195151056,-0.036209852
1998/06/21,-0.049718036,-0.088485967,-0.068142653,0.222398027,-0.10980527,-0.095503012,-0.103232551,-0.298242966,0.031673722,-0.044995085,-0.048243292,-0.131144227,-0.114931663,-0.13779587,0.467459225,-0.107419101,-0.094608763,-0.120057925,-0.052305575,-0.085740753,-0.291806625,0.292140903,-0.074941644,-0.111354579,-0.057799885,0.448502161,-0.12405092,-0.032095414,0.032721163,-0.124422673,-0.043971707,-0.166041477,-0.088411174,-0.160603204,-0.139696072,-0.14783946,-0.370564617,-0.230697376,-0.1241152,-0.111928883,-0.210689868,-0.19252501,0.15622838,-0.297209701,-0.112672216,-0.151906235,-0.105264754,-0.167654791,-0.051831334,-0.057531253,-0.159078154,0.203880596,-0.093821708,-0.076223508,-0.061826477,-0.081952787,-0.092530819,-0.039688718,-0.095340813,-0.088511807,-0.12213994,-0.124383039,-0.124468768,-0.183284641,-0.200898033,-0.093892896,-0.073866653,-0.070944806,-0.091262407,-0.19306152,-0.115832825,-0.133654603,-0.16894446,-0.216608061,-0.191245344,-0.220769907,-0.070981797,0.201564816,-0.089972778,-0.095493748,-0.202268101,-0.355222206,0.041413797,-0.10729303,-0.180042904,-0.141570726,-0.052353108,-0.215399346,-0.186887135,-0.274064672,-0.185708678,-0.088948351,-0.129401116,-0.230512847,-0.34713825,-0.159063464,0.113424597,-0.046528288,-0.182576688,-0.095994185,-0.118838169,-0.099081828,-0.084995527,-0.169965453,-0.135010044,-0.106517375,-0.202340747,0.071042641
1998/07/07,-0.053316166,-0.071480467,-0.043076163,-0.175859108,1.171743282,-0.050845363,-0.010970996,-0.301008057,-0.090062964,-0.059970871,-0.076409146,-0.129311844,-0.142862423,-0.117357721,-0.131313606,-0.102793592,-0.105825151,-0.11737374,-0.060355419,-0.083721251,-0.264018321,-0.069108219,-0.055612992,-0.131596543,-0.06190118,-0.288250359,-0.121422903,-0.026468129,0.195879644,-0.077142826,-0.011794204,-0.138641445,-0.08294825,-0.158051335,-0.139696072,-0.069744595,-0.358333592,-0.206075802,-0.105966,-0.138720218,-0.210689868,-0.162202971,0.022524621,-0.267880164,-0.110870382,-0.161058781,-0.131969394,-0.165992509,-0.052018462,-0.058334401,-0.172230092,-0.007527316,-0.093535911,-0.07889364,-0.068554379,-0.096108383,-0.106922282,-0.040060342,-0.07923043,-0.089162712,-0.122130601,-0.122918952,-0.098904185,0.05216482,-0.237976615,-0.156852386,-0.05327506,-0.070120788,-0.0943156,-0.090184155,-0.125885616,-0.160467164,-0.203889001,-0.125928007,-0.164391084,-0.251068588,-0.063875761,0.032464955,-0.085339979,-0.095493748,-0.187760814,-0.375659785,-0.063692116,-0.095338621,-0.068046103,-0.166330085,-0.052370947,-0.215399346,0.191144023,-0.274708398,-0.18697194,-0.080102481,-0.129401116,-0.208017363,-0.349219129,-0.160547268,-0.157615144,-0.047581059,-0.118624527,-0.070618855,-0.095396128,-0.093741959,-0.102366007,-0.274415908,0.164641792,-0.079919525,-0.222882722,-0.161055271
1998/07/21,-0.054024469,-0.094913243,-0.068142653,-0.175859108,-0.11522706,-0.099767197,-0.137038215,0.366903627,-0.116496188,-0.06226948,-0.072364819,-0.131144227,0.579040293,-0.004368991,-0.204719826,-0.107419101,-0.107191453,-0.125253122,-0.064680709,-0.08624063,-0.236830445,-0.219035474,-0.074941644,1.640390813,-0.06190118,0.070070966,-0.176611253,2.633101236,-0.166203762,-0.160098598,-0.183536782,-7.34E-04,-0.088622261,-0.099196261,-0.139696072,0.055334991,-0.400671753,-0.247677772,-0.1241152,-0.138720218,0.278436358,-0.222847048,-0.282924878,0.889063338,-0.106639419,-0.16632463,-0.145769598,-0.200900416,-0.052076453,-0.049252654,0.095356406,-0.117447798,-0.094132357,-0.07889364,-0.068933689,-0.099975126,-0.106922282,-0.039202748,-0.102713986,-0.018214055,-0.12217926,-0.124927466,13.56494693,-0.198186505,-0.267118228,-0.159864816,-0.085306426,-0.071509285,0.022335191,-0.225210697,-0.130138537,-0.160467164,-0.209991459,-0.206684661,-0.207041967,0.17226031,-0.070981797,-0.343511689,-0.089972778,-0.095493748,-0.202268101,0.55991862,-0.101912448,-0.111478542,-0.180776007,-0.192195912,-0.052437057,-0.215399346,-0.186887135,-0.275152965,-0.204399884,-0.069770087,-0.129401116,-0.230512847,-0.226966038,-0.161492635,-0.188668509,-0.047999271,-0.224540743,-0.145184936,-0.120921906,-0.100681083,-0.144248806,0.034987947,-0.151956182,-0.121293958,-0.238289203,0.045064732
1998/08/07,-0.054024469,-0.094913243,-0.068142653,-0.175859108,-0.11522706,-0.099767197,-0.137038215,-0.28395561,-0.116496188,-0.06226948,-0.076409146,-0.131144227,-0.142862423,-0.186399165,-0.204719826,-0.107419101,-0.107191453,-0.125253122,-0.064680709,-0.08624063,-0.306881264,-0.219035474,-0.074941644,0.055569681,-0.06190118,-0.288250359,-0.176611253,0.054503872,-0.166203762,-0.190159297,-0.183536782,-0.015246871,-0.088622261,-0.168077708,-0.139696072,-0.19814998,-0.400671753,-0.247677772,-0.1241152,-0.138720218,-0.210689868,-0.222847048,-0.282924878,-0.331051476,-0.098233532,-0.16632463,-0.145769598,-0.200900416,-0.052076453,-0.058334401,-0.306173263,-0.117447798,-0.094132357,-0.07889364,-0.068933689,-0.108252557,-0.106922282,-0.040060342,-0.102713986,-0.091115427,-0.12217926,-0.124927466,-0.086539415,-0.198186505,-0.27831091,-0.21150647,-0.085306426,-0.072286843,-0.042324459,-0.225210697,-0.130138537,-0.160467164,-0.209991459,-0.246123384,-0.207041967,-0.155551361,-0.070981797,-0.343511689,-0.089972778,-0.095493748,-0.202268101,-0.295155217,-0.101912448,-0.111478542,-0.180776007,-0.187951272,-0.052437057,-0.215399346,-0.186887135,-0.275152965,-0.225693664,-0.091125796,-0.129401116,-0.230512847,-0.164503052,-0.161492635,-0.188668509,-0.047999271,-0.224540743,-0.227692469,-0.120921906,-0.100681083,-0.144248806,0.741109764,-0.151956182,-0.121293958,-0.238289203,-0.171091077
1998/08/21,-0.054024469,-0.094913243,-0.068142653,-0.175859108,-0.11522706,-0.099767197,-0.137038215,-0.317854529,-0.116496188,-0.06226948,-0.076409146,-0.131144227,-0.142862423,-0.004368991,-0.204719826,-0.107419101,-0.107191453,-0.125253122,-0.064680709,-0.08624063,-0.288553615,-0.219035474,-0.074941644,0.069000369,-0.06190118,-0.288250359,-0.176611253,0.340665287,-0.166203762,-0.190159297,-0.183536782,-0.16348978,-0.088622261,-0.168077708,-0.139696072,-0.19814998,-0.400671753,-0.247677772,-0.1241152,-0.138720218,-0.210689868,-0.222847048,-0.282924878,-0.331051476,-0.115045306,-0.16632463,-0.090694666,0.846336768,-0.052076453,-0.058334401,-0.306173263,-0.117447798,-0.094132357,-0.07889364,-0.068933689,-0.090318123,-0.106922282,-0.040060342,-0.102713986,-0.054664741,-0.12217926,-0.124927466,-0.134448232,-0.198186505,-0.27831091,-0.21150647,-0.085306426,-0.049543275,-0.032247557,-0.225210697,-0.130138537,-0.160467164,-0.209991459,-0.246123384,-0.207041967,-0.252649101,-0.070981797,-0.343511689,-0.089972778,-0.095493748,-0.202268101,-0.34758899,-0.101912448,-0.111478542,-0.180776007,-0.189100862,-0.052437057,-0.215399346,-0.186887135,-0.275152965,-0.225693664,-0.091125796,-0.129401116,-0.230512847,1.177619254,-0.161492635,-0.188668509,-0.047999271,-0.224540743,-0.194173783,-0.120921906,-0.100681083,-0.144248806,1.552928155,-0.151956182,-0.121293958,-0.238289203,-0.171091077
1998/09/07,-0.054024469,-0.094913243,-0.068142653,-0.175859108,-0.11522706,-0.099767197,-0.137038215,-0.331414096,-0.116496188,-0.06226948,-0.076409146,-0.131144227,0.443683534,-0.186399165,-0.204719826,-0.107419101,-0.107191453,-0.125253122,-0.064680709,-0.08624063,-0.31215605,-0.219035474,-0.074941644,-0.132459945,-0.06190118,0.876293946,-0.176611253,-0.272537745,-0.166203762,-0.190159297,0.060702099,-0.16348978,-0.088622261,-0.168077708,-0.139696072,-0.19814998,-0.400671753,-0.247677772,-0.1241152,-0.138720218,-0.210689868,-0.222847048,-0.282924878,0.38992546,-0.115045306,-0.16632463,-0.145769598,6.257062214,-0.052076453,-0.058334401,-0.306173263,-0.117447798,-0.094132357,-0.07889364,-0.068933689,-0.108252557,-0.106922282,-0.040060342,-0.102713986,-0.091115427,-0.12217926,-0.124927466,-0.137818369,-0.198186505,-0.241934694,-0.21150647,-0.085306426,-0.072286843,-0.085868445,-0.225210697,-0.130138537,-0.160467164,-0.209991459,-0.246123384,-0.207041967,-0.264472811,-0.070981797,-0.343511689,-0.089972778,-0.095493748,-0.202268101,-0.504890309,-0.101912448,-0.111478542,-0.180776007,-0.192549632,-0.052437057,-0.215399346,-0.186887135,-0.275152965,-0.225693664,-0.091125796,-0.129401116,-0.230512847,-0.347130268,-0.161492635,-0.188668509,-0.047999271,-0.224540743,-0.205346678,-0.120921906,-0.100681083,-0.144248806,-0.314581025,-0.151956182,-0.121293958,-0.238289203,-0.171091077
1998/09/21,-0.054024469,-0.094913243,-0.068142653,-0.175859108,-0.11522706,-0.099767197,-0.137038215,-0.184518782,-0.116496188,-0.06226948,-0.076409146,0.039878118,-0.142862423,-0.186399165,-0.204719826,-0.107419101,-0.107191453,-0.125253122,-0.064680709,-0.08624063,-0.312960679,-0.219035474,-0.074941644,-0.025014444,-0.06190118,1.264475381,-0.176611253,-0.109016937,-0.166203762,-0.078505271,-0.183536782,-0.176966408,-0.088622261,-0.168077708,-0.139696072,2.345593936,-0.400671753,-0.247677772,-0.1241152,-0.138720218,-0.210689868,-0.222847048,-0.282924878,1.591553685,-0.115045306,-0.16632463,-0.145769598,9.34059392,-0.052076453,-0.058334401,1.591966988,-0.117447798,-0.094132357,-0.07889364,-0.068933689,-0.0604274,-0.106922282,-0.040060342,-0.102713986,-0.078965198,-0.12217926,-0.124927466,-0.137818369,-0.198186505,0.061200442,-0.21150647,-0.085306426,0.008579176,0.024168383,-0.225210697,-0.128396684,-0.160467164,-0.209991459,-0.246123384,-0.207041967,-0.268055754,-0.070981797,-0.343511689,-0.089972778,-0.095493748,-0.202268101,-0.400022763,-0.101912448,-0.111478542,-0.180776007,-0.192549632,-0.052437057,-0.215399346,-0.186887135,-0.275152965,-0.225693664,-0.091125796,-0.129401116,-0.230512847,0.263028404,-0.161492635,-0.188668509,-0.047999271,-0.224540743,-0.168103695,-0.120921906,-0.100681083,-0.144248806,-0.311174086,-0.151956182,-0.121293958,-0.238289203,-0.171091077
1998/10/07,-0.054024469,-0.094913243,-0.068142653,-0.175859108,-0.11522706,-0.099767197,-0.137038215,0.977084162,-0.116496188,-0.06226948,-0.076409146,0.12538929,1.030229491,3.545219399,0.512271162,-0.107419101,-0.107191453,-0.125253122,-0.064680709,-0.08624063,12.76708001,-0.219035474,-0.074941644,-0.011583757,-0.06190118,-0.288250359,-0.176611253,-0.272537745,-0.166203762,-0.190159297,-0.183536782,-0.16348978,-0.088622261,-0.168077708,-0.139696072,0.148724191,-0.400671753,-0.247677772,-0.1241152,-0.138720218,2.968630604,-0.222847048,-0.282924878,-0.331051476,-0.094030588,-0.16632463,-0.145769598,0.148178646,-0.052076453,-0.058334401,-0.306173263,-0.117447798,-0.094132357,-0.07889364,-0.068933689,0.07109178,-0.106922282,-0.040060342,-0.102713986,0.337180136,-0.12217926,-0.124927466,-0.137818369,-0.198186505,-0.132806045,0.0467018,-0.085306426,-0.072286843,0.237769284,-0.225210697,-0.130138537,-0.160467164,0.412206786,-0.246123384,-0.207041967,0.177303991,0.035608743,-0.343511689,-0.089972778,-0.095493748,-0.202268101,1.854629477,-0.101912448,-0.111478542,-0.180776007,-0.091960509,-0.052437057,-0.215399346,-0.186887135,-0.275152965,6.694784778,0.558024945,-0.129401116,-0.230512847,0.021622032,-0.161492635,-0.188668509,-0.047999271,-0.224540743,-0.227692469,-0.120921906,-0.100681083,-0.144248806,-0.278393805,-0.151956182,-0.121293958,-0.238289203,1.23392168
1998/10/21,-0.054024469,-0.094913243,-0.068142653,-0.175859108,-0.11522706,-0.099767197,-0.137038215,0.529618437,-0.116496188,-0.06226948,-0.076409146,-0.131144227,-0.142862423,-0.004368991,3.559482863,-0.107419101,-0.107191453,-0.125253122,-0.064680709,-0.08624063,3.511706732,-0.219035474,-0.074941644,-0.132459945,-0.06190118,-0.288250359,-0.176611253,-0.272537745,-0.166203762,0.033148755,-0.183536782,-0.150013152,-0.088622261,-0.168077708,-0.139696072,-0.024712895,-0.400671753,-0.247677772,-0.1241152,-0.138720218,2.968630604,-0.222847048,-0.282924878,-0.331051476,-0.115045306,-0.16632463,-0.145769598,-0.200900416,-0.052076453,-0.058334401,-0.306173263,-0.117447798,-0.094132357,-0.07889364,-0.068933689,-0.036514822,-0.106922282,-0.040060342,-0.102713986,0.510320896,-0.12217926,-0.124927466,-0.137818369,-0.198186505,-0.060053612,-0.21150647,-0.085306426,-0.072286843,0.109196841,-0.225210697,-0.130138537,-0.160467164,0.38251096,-0.246123384,-0.207041967,-0.249424453,-0.070981797,-0.343511689,-0.089972778,0.098445892,-0.202268101,0.281616286,-0.101912448,-0.111478542,-0.180776007,-0.192549632,-0.052437057,-0.215399346,-0.186887135,-0.275152965,-0.225693664,0.080347985,-0.129401116,-0.230512847,-0.045382999,-0.161492635,-0.188668509,-0.047999271,-0.224540743,-0.227692469,-0.120921906,-0.100681083,-0.144248806,-0.310437451,-0.151956182,-0.121293958,-0.238289203,-0.171091077
1998/11/07,-0.054024469,-0.094913243,-0.068142653,-0.175859108,-0.11522706,-0.099767197,-0.137038215,-0.39243215,-0.116496188,-0.06226948,-0.076409146,-0.131144227,-0.142862423,-0.186399165,-0.204719826,-0.107419101,-0.107191453,-0.125253122,-0.064680709,-0.08624063,0.293192782,-0.219035474,-0.074941644,0.109292431,-0.06190118,-0.288250359,-0.176611253,-0.272537745,-0.166203762,-0.152941289,-0.183536782,-0.141028733,-0.088622261,-0.168077708,-0.139696072,-0.19814998,-0.400671753,-0.247677772,-0.1241152,-0.138720218,-0.210689868,-0.222847048,-0.282924878,-0.331051476,-0.115045306,-0.16632463,-0.145769598,-0.200900416,-0.052076453,-0.058334401,-0.306173263,-0.117447798,-0.094132357,-0.07889364,-0.068933689,-0.108252557,-0.106922282,-0.040060342,-0.102713986,-0.06681497,-0.12217926,-0.124927466,-0.137818369,-0.198186505,-0.181307667,-0.21150647,-0.085306426,-0.072286843,-0.006626237,-0.225210697,-0.130138537,-0.160467164,-0.209991459,-0.246123384,-0.207041967,-0.055945562,-0.070981797,-0.343511689,-0.089972778,-0.095493748,-0.202268101,-0.190287671,-0.101912448,-0.053909396,3.246840079,-0.004783269,-0.052437057,-0.215399346,-0.186887135,0.252289074,-0.059602182,-0.08840399,-0.129401116,-0.230512847,-0.350285837,-0.161492635,-0.188668509,-0.047999271,-0.224540743,-0.227692469,-0.120921906,-0.100681083,-0.144248806,-0.301229507,-0.151956182,-0.121293958,-0.238289203,-0.171091077
1998/11/21,-0.054024469,-0.094913243,-0.068142653,-0.175859108,-0.11522706,-0.099767197,-0.137038215,0.014354874,-0.116496188,-0.06226948,-0.076409146,0.381922806,-0.142862423,-0.186399165,-0.204719826,-0.107419101,-0.107191453,-0.125253122,-0.064680709,-0.08624063,-0.224987964,-0.219035474,-0.074941644,-0.132459945,-0.06190118,-0.288250359,-0.176611253,-0.272537745,-0.166203762,-0.078505271,-0.183536782,0.011706385,-0.088622261,-0.168077708,-0.139696072,-0.024712895,-0.400671753,-0.247677772,-0.1241152,-0.138720218,-0.210689868,-0.222847048,-0.282924878,1.110902395,-0.115045306,-0.16632463,-0.072336355,0.497257707,-0.052076453,-0.058334401,-0.306173263,-0.117447798,-0.094132357,-0.07889364,-0.068933689,-0.108252557,-0.106922282,-0.040060342,-0.102713986,-0.091115427,-0.12217926,-0.124927466,-0.137818369,-0.198186505,-0.132806045,-0.21150647,-0.085306426,-0.052070338,-0.007312741,-0.225210697,-0.130138537,-0.160467164,-0.209991459,-0.246123384,-0.207041967,-0.262323046,-0.070981797,-0.343511689,-0.089972778,-0.095493748,-0.202268101,0.124314967,-0.101912448,-0.111478542,-0.133750786,0.309821189,-0.052437057,-0.215399346,-0.186887135,-0.268166978,-0.225693664,-0.091125796,-0.129401116,-0.230512847,-0.355505897,-0.161492635,-0.188668509,-0.047999271,-0.224540743,-0.227692469,-0.120921906,-0.100681083,-0.144248806,-0.288890861,-0.151956182,-0.121293958,-0.238289203,-0.171091077
1998/12/07,-0.054024469,-0.094913243,-0.068142653,-0.175859108,-0.11522706,-0.099767197,-0.137038215,-0.351753447,-0.116496188,-0.06226948,-0.076409146,0.12538929,-0.142862423,-0.186399165,-0.204719826,-0.107419101,-0.107191453,-0.125253122,-0.064680709,-0.08624063,-0.250199657,-0.219035474,-0.074941644,-0.132459945,-0.06190118,-0.288250359,-0.176611253,-0.272537745,-0.166203762,-0.190159297,-0.183536782,-0.176966408,-0.088622261,-0.168077708,-0.139696072,-0.19814998,-0.400671753,-0.247677772,-0.1241152,-0.138720218,-0.210689868,-0.222847048,-0.282924878,-0.331051476,-0.115045306,-0.16632463,-0.145769598,-0.200900416,-0.052076453,-0.058334401,-0.306173263,-0.117447798,-0.094132357,-0.02282087,-0.068933689,-0.108252557,-0.106922282,-0.040060342,-0.102713986,-0.036439398,-0.12217926,-0.124927466,-0.137818369,-0.198186505,-0.27831091,-0.21150647,-0.085306426,-0.072286843,-0.046002161,-0.225210697,-0.130138537,-0.160467164,-0.209991459,-0.246123384,-0.207041967,-0.275221638,-0.070981797,-0.343511689,-0.089972778,-0.095493748,-0.202268101,-0.504890309,-0.101912448,-0.111478542,-0.180776007,0.284530209,-0.052437057,-0.215399346,-0.186887135,1.338610093,-0.225693664,-0.091125796,-0.129401116,-0.230512847,-0.353708827,-0.161492635,-0.188668509,-0.047999271,-0.224540743,-0.227692469,-0.120921906,-0.100681083,-0.144248806,-0.293034436,-0.151956182,-0.121293958,-0.238289203,-0.171091077
1998/12/21,-0.054024469,-0.094913243,-0.068142653,-0.175859108,-0.11522706,-0.099767197,-0.137038215,0.122831413,-0.116496188,-0.06226948,-0.076409146,-0.002877469,1.030229491,-0.186399165,-0.204719826,-0.107419101,-0.107191453,-0.125253122,-0.064680709,-0.08624063,-0.215332422,-0.219035474,-0.074941644,-0.132459945,-0.06190118,-0.288250359,-0.176611253,-0.272537745,-0.166203762,-0.190159297,-0.183536782,-0.028723499,-0.088622261,-0.168077708,-0.139696072,-0.19814998,-0.400671753,-0.247677772,-0.1241152,-0.138720218,1.378970368,-0.222847048,-0.282924878,-0.331051476,-0.115045306,-0.16632463,-0.145769598,-0.200900416,-0.052076453,-0.058334401,-0.306173263,-0.117447798,-0.094132357,-0.008802678,-0.068933689,-0.090318123,-0.106922282,-0.040060342,-0.102713986,-0.091115427,-0.12217926,-0.124927466,-0.137421883,-0.198186505,-0.27831091,-0.21150647,-0.085306426,-0.072286843,-0.037249231,-0.225210697,-0.130138537,-0.160467164,-0.209991459,-0.246123384,-0.207041967,-0.269309783,-0.070981797,-0.343511689,-0.089972778,0.001476072,-0.202268101,-0.504890309,-0.101912448,-0.111478542,-0.180776007,-0.139955891,-0.052437057,-0.215399346,-0.186887135,-0.073432583,-0.225693664,7.086276736,-0.129401116,-0.230512847,-0.355152901,-0.161492635,-0.188668509,-0.047999271,-0.10778271,-0.227692469,-0.120921906,-0.100681083,-0.144248806,-0.312509238,-0.151956182,-0.121293958,-0.238289203,-0.171091077
1999/01/07,-0.054024469,-0.094913243,-0.068142653,-0.175859108,-0.11522706,-0.099767197,-0.137038215,-0.39243215,-0.116496188,-0.06226948,-0.076409146,-0.131144227,-0.142862423,-0.186399165,-0.204719826,-0.107419101,-0.107191453,-0.125253122,-0.064680709,-0.08624063,-0.261464456,-0.219035474,-0.074941644,-0.132459945,-0.06190118,-0.288250359,-0.176611253,-0.272537745,-0.166203762,-0.190159297,-0.183536782,-0.123059896,-0.088622261,2.010065345,-0.139696072,-0.19814998,-0.400671753,-0.247677772,-0.1241152,-0.138720218,-0.210689868,-0.222847048,-0.282924878,-0.331051476,-0.106639419,-0.16632463,-0.145769598,-0.200900416,-0.052076453,-0.058334401,-0.306173263,-0.117447798,-0.094132357,0.145397437,-0.068933689,-0.108252557,-0.106922282,-0.040060342,-0.102713986,-0.091115427,-0.12217926,-0.122392175,-0.087068064,-0.198186505,-0.27831091,-0.21150647,-0.085306426,-0.072286843,0.015930332,-0.225210697,-0.130138537,-0.160467164,-0.209991459,-0.246123384,-0.207041967,-0.264472811,-0.070981797,-0.343511689,-0.089972778,0.292385533,-0.202268101,-0.190287671,-0.101912448,-0.111478542,-0.180776007,-0.187951272,-0.052437057,-0.215399346,-0.186887135,-0.247209016,-0.225693664,-0.050298705,-0.129401116,-0.230512847,-0.150639942,-0.161492635,-0.188668509,-0.047999271,-0.224540743,-0.183000888,-0.120921906,-0.100681083,-0.144248806,-0.310437451,-0.151956182,-0.121293958,-0.238289203,-0.171091077
1999/01/21,-0.054024469,-0.094913243,-0.068142653,-0.175859108,-0.11522706,-0.099767197,-0.137038215,-0.39243215,-0.116496188,-0.06226948,-0.076409146,-0.131144227,-0.142862423,-0.186399165,-0.204719826,-0.107419101,-0.107191453,-0.125253122,-0.064680709,-0.08624063,-0.312960679,-0.219035474,-0.074941644,-0.132459945,-0.06190118,-0.288250359,-0.176611253,-0.272537745,-0.166203762,-0.190159297,-0.183536782,-0.136536524,-0.088622261,-0.168077708,-0.139696072,-0.19814998,-0.400671753,-0.247677772,-0.1241152,-0.138720218,2.968630604,-0.222847048,-0.282924878,-0.331051476,-0.115045306,-0.16632463,-0.145769598,-0.200900416,-0.052076453,-0.058334401,-0.306173263,-0.117447798,-0.094132357,0.622015975,-0.068933689,-0.108252557,-0.106922282,-0.040060342,-0.102713986,-0.091115427,-0.12217926,0.26254949,-0.137818369,-0.198186505,-0.27831091,-0.21150647,-0.085306426,-0.072286843,-0.061448507,-0.225210697,-0.130138537,-0.160467164,-0.209991459,-0.246123384,-0.207041967,-0.274146756,-0.070981797,-0.343511689,-0.089972778,-0.095493748,-0.202268101,-0.504890309,-0.101912448,-0.111478542,-0.180776007,-0.145991238,-0.052437057,-0.215399346,-0.186887135,-0.271659971,-0.225693664,0.108926948,-0.129401116,-0.230512847,-0.354864086,-0.161492635,-0.188668509,-0.047999271,-0.224540743,-0.227692469,-0.120921906,-0.100681083,-0.144248806,-0.314857264,-0.151956182,-0.121293958,-0.238289203,-0.171091077
1999/02/07,-0.054024469,-0.094913243,-0.068142653,-0.175859108,-0.11522706,-0.099767197,-0.137038215,-0.297515177,-0.116496188,-0.06226948,-0.076409146,-0.131144227,8.068780978,-0.186399165,-0.204719826,-0.107419101,-0.107191453,-0.125253122,-0.064680709,-0.08624063,-0.280775539,-0.219035474,-0.074941644,-0.132459945,-0.06190118,-0.288250359,-0.176611253,-0.272537745,-0.166203762,-0.190159297,-0.183536782,0.11951941,-0.088622261,-0.168077708,-0.139696072,-0.19814998,-0.400671753,-0.247677772,-0.1241152,-0.138720218,-0.210689868,-0.222847048,-0.282924878,1.110902395,-0.115045306,-0.16632463,-0.145769598,-0.200900416,-0.051598884,-0.058334401,-0.306173263,-0.117447798,-0.094132357,-0.07889364,-0.068933689,-0.108252557,-0.106922282,-0.040060342,-0.102713986,-0.091115427,-0.12217926,-0.123237272,-0.137818369,-0.198186505,12.6716221,-0.21150647,-0.085306426,-0.072286843,0.45784294,2.137753775,-0.130138537,-0.160467164,-0.209991459,-0.246123384,-0.207041967,0.036494353,-0.070981797,-0.343511689,-0.089972778,-0.095493748,-0.202268101,-0.504890309,-0.101912448,-0.111478542,-0.180776007,-0.192549632,-0.052437057,-0.215399346,-0.186887135,-0.275152965,-0.225693664,-0.091125796,-0.129401116,0.129414903,-0.355505897,-0.161492635,-0.188668509,-0.047999271,-0.224540743,-0.227692469,-0.120921906,-0.100681083,-0.144248806,-0.309332497,-0.151956182,-0.121293958,-0.238289203,-0.171091077
1999/02/21,-0.049038133,-0.057060297,-0.068142653,-0.032895008,-0.101160527,-0.06765659,-0.118032591,0.548964896,-0.116496188,0.002625593,-0.054867484,0.169679692,1.024714957,-0.090883332,-0.050011949,0.088008652,-0.099459666,-0.036474086,-0.063559337,-0.085990691,0.233316024,0.133538303,-0.065545772,-0.121454243,-0.058312546,-0.094159641,-0.102319243,-0.229564866,-0.166203762,0.057087966,-0.129768443,-0.040885649,0.030818587,0.235606245,-0.087502634,0.019131235,0.525782092,1.208073696,-0.093711412,-0.095928502,-0.210689868,-0.033755444,-0.123539869,-0.118389689,-0.062353979,0.834477963,-0.059339837,0.22575177,-0.050411931,-0.051291842,0.640508415,0.161715332,-0.048672011,-0.045822516,-0.056761837,-0.023765097,-0.05655216,-0.03595597,0.963803816,-0.075231395,-0.085718553,0.754354853,-0.123558409,0.318196538,0.076932379,0.132424423,-0.033204124,-0.069946455,-0.027583627,0.198911132,0.025357372,-0.041598144,0.403722264,-0.238036098,0.2771853,0.426794537,-0.070981797,-0.079095081,-0.071634614,-0.075227569,0.267017836,0.633086621,-0.055198709,-0.095569925,-0.035716264,0.853066917,0.059722232,1.343591982,-0.147508889,0.021018349,-0.112120924,0.970251381,0.138252412,0.042919445,-0.337865746,-0.159138067,-0.188668509,-0.04773931,0.892344653,0.103078259,-0.099977678,-0.100537033,-0.058323489,-0.199777007,-0.10069557,0.234575421,0.104751901,0.090847733
1999/03/07,-0.054024469,-0.094913243,-0.068142653,-0.175859108,-0.11522706,-0.099767197,-0.137038215,-0.067002531,-0.116496188,-0.06226948,-0.076409146,-0.131144227,-0.142862423,-0.186399165,-0.204719826,-0.107419101,-0.107191453,-0.125253122,-0.064680709,-0.08624063,0.102227621,-0.219035474,-0.074941644,2.016450064,-0.06190118,-0.288250359,-0.176611253,0.054503872,-0.166203762,-0.190159297,-0.183536782,0.002721966,-0.088622261,-0.168077708,-0.139696072,-0.19814998,-0.400671753,-0.247677772,-0.1241152,-0.138720218,1.908857114,-0.222847048,-0.282924878,-0.331051476,-0.115045306,-0.16632463,-0.145769598,-0.200900416,-0.052076453,-0.058334401,-0.306173263,-0.117447798,-0.094132357,-0.07889364,-0.068933689,-0.108252557,-0.106922282,-0.040060342,-0.102713986,-0.018214055,-0.12217926,-0.121547078,-0.135439449,-0.198186505,-0.181307667,-0.21150647,-0.085306426,-0.072286843,0.534829491,-0.225210697,-0.130138537,-0.160467164,-0.209991459,-0.246123384,-0.207041967,0.485795334,-0.070981797,-0.343511689,-0.053939894,-0.095493748,-0.202268101,-0.504890309,-0.101912448,-0.111478542,-0.180776007,-0.192549632,-0.052437057,-0.215399346,-0.186887135,-0.269331309,-0.225693664,-0.080238572,-0.129401116,0.849270404,-0.355249172,-0.161492635,-0.188668509,-0.047999271,-0.224540743,4.606446802,-0.120921906,-0.100681083,-0.144248806,2.570912414,5.583525445,22.1026872,-0.238289203,-0.171091077
1999/03/21,-0.054024469,-0.094913243,-0.068142653,-0.175859108,-0.11522706,-0.099767197,-0.137038215,-0.221969016,-0.116496188,-0.06226948,-0.076409146,-0.131144227,-0.142862423,-0.186399165,-0.204719826,-0.107419101,-0.107191453,-0.125253122,-0.064680709,-0.08624063,-0.304531238,-0.219035474,-0.074941644,-0.132459945,-0.06190118,-0.288250359,-0.176611253,-0.062296706,-0.166203762,-0.174208722,-0.183536782,-0.165415013,-0.088622261,-0.168077708,-0.139696072,-0.148596527,-0.400671753,-0.247677772,-0.1241152,-0.138720218,-0.210689868,-0.222847048,-0.282924878,-0.331051476,-0.115045306,-0.16632463,-0.103807745,0.896205205,-0.052076453,-0.058334401,-0.306173263,-0.117447798,-0.094132357,-0.07889364,-0.068933689,-0.103128433,-0.106922282,-0.040060342,-0.102713986,-0.091115427,-0.12217926,-0.124927466,-0.137365242,-0.198186505,-0.27831091,0.009814904,-0.085306426,-0.067954734,0.02353792,-0.225210697,-0.130138537,-0.160467164,-0.209991459,-0.246123384,-0.207041967,-0.223934377,-0.070981797,-0.343511689,-0.089972778,-0.095493748,-0.202268101,-0.370060607,-0.101912448,-0.111478542,-0.180776007,-0.192549632,-0.052437057,-0.215399346,-0.186887135,-0.275152965,-0.225693664,-0.009471614,-0.129401116,0.335087904,-0.355359197,-0.161492635,-0.188668509,-0.047999271,-0.224540743,-0.214923446,-0.120921906,-0.100681083,-0.144248806,0.009446527,0.787244221,-0.121293958,-0.238289203,0.230341139
1999/04/07,-0.054024469,-0.094913243,-0.068142653,-0.175859108,-0.11522706,-0.099767197,-0.137038215,-0.166439359,-0.116496188,-0.06226948,-0.076409146,-0.131144227,0.639198853,-0.186399165,0.392772664,-0.107419101,-0.107191453,-0.125253122,-0.064680709,-0.08624063,-0.285066891,-0.219035474,-0.074941644,-0.132459945,-0.06190118,1.264475381,-0.176611253,-0.272537745,-0.166203762,-0.004069254,-0.183536782,-0.150013152,-0.088622261,-0.168077708,-0.139696072,0.090911829,-0.400671753,-0.247677772,-0.1241152,-0.138720218,-0.210689868,-0.222847048,-0.282924878,0.149599814,-0.115045306,-0.16632463,-0.145769598,3.522609569,-0.052076453,-0.058334401,0.379266272,-0.117447798,-0.094132357,-0.07889364,-0.068933689,-0.108252557,-0.106922282,-0.040060342,-0.102713986,-0.091115427,-0.12217926,-0.124927466,-0.137818369,-0.198186505,0.061200442,-0.21150647,-0.085306426,-0.065548008,-0.070373062,-0.225210697,-0.130138537,-0.160467164,-0.209991459,-0.246123384,-0.207041967,-0.260889869,-0.070981797,-0.343511689,-0.089972778,0.163092439,-0.202268101,0.019447421,-0.101912448,-0.111478542,-0.180776007,-0.192549632,-0.052437057,-0.215399346,-0.186887135,-0.275152965,0.014216255,-0.091125796,-0.129401116,-0.230512847,-0.355505897,-0.161492635,-0.188668509,-0.047999271,-0.224540743,-0.227692469,-0.120921906,-0.100681083,-0.144248806,-0.314120628,-0.151956182,-0.121293958,-0.238289203,3.575609607
1999/04/21,-0.054024469,-0.094913243,-0.068142653,-0.175859108,-0.11522706,-0.099767197,-0.137038215,-0.190975719,-0.116496188,-0.06226948,-0.076409146,0.162036935,0.192306695,17.21048459,-0.204719826,-0.107419101,-0.107191453,-0.125253122,-0.064680709,-0.08624063,-0.062376379,-0.219035474,-0.074941644,-0.132459945,-0.06190118,-0.288250359,-0.176611253,-0.272537745,-0.166203762,0.384061407,-0.183536782,-0.165415013,-0.088622261,-0.168077708,-0.139696072,0.297384549,-0.400671753,-0.247677772,0.601852801,-0.138720218,1.606064688,-0.222847048,-0.197494416,-0.331051476,-0.115045306,-0.16632463,-0.124788672,0.098310208,-0.052076453,-0.058334401,-0.170591816,-0.117447798,-0.094132357,-0.07889364,-0.068933689,-0.062135442,-0.106922282,-0.040060342,-0.102713986,-0.091115427,-0.12217926,-0.124927466,-0.137818369,-0.198186505,-0.132806045,-0.21150647,-0.085306426,-0.056402446,0.026564143,-0.225210697,-0.127525757,-0.160467164,-0.209991459,-0.063015028,-0.207041967,-0.272457654,-0.070981797,0.771870196,-0.089972778,0.236974207,-0.202268101,0.304087903,-0.101912448,-0.111478542,-0.180776007,-0.192549632,-0.052437057,-0.215399346,-0.186887135,-0.27215897,-0.225693664,-0.030468404,-0.129401116,-0.230512847,0.368309798,-0.161492635,-0.188668509,-0.047999271,-0.157821867,-0.119155774,-0.120921906,-0.100681083,-0.144248806,-0.308148619,-0.151956182,0.081356326,-0.238289203,20.70338416
1999/05/07,-0.054024469,-0.094913243,-0.068142653,-0.175859108,-0.11522706,-0.099767197,-0.137038215,-0.22971734,-0.116496188,-0.06226948,-0.076409146,0.189522669,-0.142862423,12.98803467,1.498133771,-0.107419101,-0.107191453,-0.125253122,-0.064680709,-0.08624063,0.292254048,-0.219035474,-0.05239155,-0.132459945,-0.06190118,-0.288250359,-0.176611253,-0.272537745,-0.166203762,0.047105508,-0.142830302,-0.166858937,-0.088622261,-0.168077708,-0.139696072,-0.068072166,-0.400671753,-0.247677772,0.511106801,-0.138720218,2.173800486,-0.222847048,0.16558505,0.029436992,-0.115045306,-0.16632463,-0.145769598,0.148178646,-0.052076453,-0.043576562,-0.306173263,-0.117447798,-0.094132357,-0.07889364,-0.068933689,-0.018580388,-0.106922282,-0.040060342,-0.102713986,-0.056942909,-0.12217926,-0.124927466,-0.137818369,-0.198186505,-0.187370369,-0.21150647,-0.085306426,-0.067232716,0.044726734,-0.225210697,-0.129158745,-0.160467164,-0.209991459,-0.246123384,-0.207041967,-0.266085135,-0.070981797,-0.343511689,-0.089972778,0.098445892,-0.202268101,0.006338978,-0.101912448,-0.111478542,-0.008350198,-0.187520176,-0.052437057,-0.215399346,-0.186887135,-0.274716341,-0.225693664,-0.067650219,-0.129401116,-0.230512847,1.683943662,-0.161492635,-0.188668509,-0.047999271,-0.224540743,-0.068478714,-0.120921906,-0.100681083,-0.144248806,-0.30228842,-0.107013976,-0.121293958,-0.238289203,1.585174869
1999/05/21,-0.054024469,-0.094913243,-0.068142653,-0.175859108,-0.11522706,-0.099767197,-0.137038215,-0.317854529,-0.116496188,-0.06226948,-0.076409146,-0.131144227,-0.142862423,0.177661183,-0.204719826,-0.107419101,-0.107191453,-0.125253122,-0.064680709,-0.08624063,-0.308132908,-0.219035474,-0.074941644,-0.132459945,-0.06190118,-0.288250359,-0.176611253,-0.272537745,-0.166203762,-0.190159297,-0.183536782,-0.176966408,-0.088622261,-0.168077708,-0.139696072,-0.111431437,-0.400671753,-0.247677772,-0.1241152,-0.138720218,-0.210689868,-0.222847048,-0.282924878,-0.331051476,-0.115045306,-0.16632463,-0.145769598,-0.026360885,-0.052076453,-0.058334401,-0.306173263,-0.117447798,-0.094132357,-0.07889364,-0.068933689,-0.09928534,-0.106922282,-0.040060342,-0.102713986,0.004567624,-0.12217926,-0.124927466,-0.137818369,-0.198186505,-0.27831091,-0.21150647,-0.085306426,-0.069759779,-0.084985796,-0.225210697,-0.130138537,-0.160467164,-0.209991459,-0.246123384,-0.207041967,-0.274684197,-0.070981797,-0.343511689,-0.089972778,0.001476072,-0.202268101,-0.42623965,-0.101912448,-0.111478542,-0.178816623,-0.187951272,-0.052437057,-0.215399346,-0.186887135,-0.275152965,-0.225693664,-0.07071225,-0.129401116,-0.230512847,-0.248644426,-0.161492635,-0.188668509,-0.047999271,-0.224540743,-0.149482203,-0.120921906,-0.100681083,-0.144248806,-0.309884974,-0.151956182,0.499322537,-0.238289203,-0.171091077
1999/06/07,-0.053386997,-0.063419592,-0.044893483,0.397631166,-0.079045647,-0.09651091,-0.130511755,-0.275651128,-0.088300749,-0.06226948,0.086051501,-0.126013556,-0.142862423,0.036041707,0.712550645,-0.107419101,-0.106622055,-0.115070536,-0.064680709,-0.08624063,-0.265269097,-0.184889753,-0.071333629,-0.126550442,-0.05759482,-0.250984941,-0.176611253,-0.1016585,0.156698155,-0.141738668,-0.134544272,-0.155574507,-0.087960293,-0.13653497,-0.135339054,-0.111315813,-0.22680304,-0.207739881,-0.02247968,-0.037448971,-0.210689868,-0.222847048,-0.105215278,-0.285389603,-0.111458794,-0.144895551,-0.090694666,-0.186937253,-0.051938404,-0.057389899,-0.045829267,-0.082639645,-0.091929981,-0.078146003,-0.064133315,-0.073591275,-0.082744623,-0.039822503,-0.095777305,-0.087196978,-0.122168251,-0.124402661,-0.130408913,-0.145612727,-0.235467811,-0.003820952,-0.070358455,-0.071757844,-0.090136409,-0.130692118,-0.113232398,-0.160467164,-0.133560061,-0.027256001,-0.185811305,-0.246551889,-0.070981797,0.226448454,-0.088147112,-0.087736163,-0.202268101,-0.29302291,-0.094268382,-0.110820609,-0.177849993,-0.174162324,-0.051976734,-0.215399346,0.318834547,-0.273838435,-0.216835452,-0.090390908,0.032268801,-0.191480682,-0.277077464,-0.145673915,-0.17905021,-0.047424758,-0.17129908,-0.199804923,-0.102134934,0.154101844,-0.138798829,-0.241785598,-0.112920666,-0.092922918,-0.195151056,-0.036209852
1999/06/21,-0.049718036,-0.088485967,-0.068142653,0.222398027,-0.10980527,-0.095503012,-0.103232551,-0.298242966,0.031673722,-0.044995085,-0.048243292,-0.131144227,-0.114931663,-0.13779587,0.467459225,-0.107419101,-0.094608763,-0.120057925,-0.052305575,-0.085740753,-0.291806625,0.292140903,-0.074941644,-0.111354579,-0.057799885,0.448502161,-0.12405092,-0.032095414,0.032721163,-0.124422673,-0.043971707,-0.166041477,-0.088411174,-0.160603204,-0.139696072,-0.14783946,-0.370564617,-0.230697376,-0.1241152,-0.111928883,-0.210689868,-0.19252501,0.15622838,-0.297209701,-0.112672216,-0.151906235,-0.105264754,-0.167654791,-0.051831334,-0.057531253,-0.159078154,0.203880596,-0.093821708,-0.076223508,-0.061826477,-0.081952787,-0.092530819,-0.039688718,-0.095340813,-0.088511807,-0.12213994,-0.124383039,-0.124468768,-0.183284641,-0.200898033,-0.093892896,-0.073866653,-0.070944806,-0.091262407,-0.19306152,-0.115832825,-0.133654603,-0.16894446,-0.216608061,-0.191245344,-0.220769907,-0.070981797,0.201564816,-0.089972778,-0.095493748,-0.202268101,-0.355222206,0.041413797,-0.10729303,-0.180042904,-0.141570726,-0.052353108,-0.215399346,-0.186887135,-0.274064672,-0.185708678,-0.088948351,-0.129401116,-0.230512847,-0.34713825,-0.159063464,0.113424597,-0.046528288,-0.182576688,-0.095994185,-0.118838169,-0.099081828,-0.084995527,-0.169965453,-0.135010044,-0.106517375,-0.202340747,0.071042641
1999/07/07,-0.053316166,-0.071480467,-0.043076163,-0.175859108,1.171743282,-0.050845363,-0.010970996,-0.301008057,-0.090062964,-0.059970871,-0.076409146,-0.129311844,-0.142862423,-0.117357721,-0.131313606,-0.102793592,-0.105825151,-0.11737374,-0.060355419,-0.083721251,-0.264018321,-0.069108219,-0.055612992,-0.131596543,-0.06190118,-0.288250359,-0.121422903,-0.026468129,0.195879644,-0.077142826,-0.011794204,-0.138641445,-0.08294825,-0.158051335,-0.139696072,-0.069744595,-0.358333592,-0.206075802,-0.105966,-0.138720218,-0.210689868,-0.162202971,0.022524621,-0.267880164,-0.110870382,-0.161058781,-0.131969394,-0.165992509,-0.052018462,-0.058334401,-0.172230092,-0.007527316,-0.093535911,-0.07889364,-0.068554379,-0.096108383,-0.106922282,-0.040060342,-0.07923043,-0.089162712,-0.122130601,-0.122918952,-0.098904185,0.05216482,-0.237976615,-0.156852386,-0.05327506,-0.070120788,-0.0943156,-0.090184155,-0.125885616,-0.160467164,-0.203889001,-0.125928007,-0.164391084,-0.251068588,-0.063875761,0.032464955,-0.085339979,-0.095493748,-0.187760814,-0.375659785,-0.063692116,-0.095338621,-0.068046103,-0.166330085,-0.052370947,-0.215399346,0.191144023,-0.274708398,-0.18697194,-0.080102481,-0.129401116,-0.208017363,-0.349219129,-0.160547268,-0.157615144,-0.047581059,-0.118624527,-0.070618855,-0.095396128,-0.093741959,-0.102366007,-0.274415908,0.164641792,-0.079919525,-0.222882722,-0.161055271
1999/07/21,-0.049471093,-0.04492332,-0.068142653,-0.175859108,-0.114022218,-0.083668821,0.37120425,-0.258093426,-0.032581191,-0.06226948,-0.076216559,-0.128090256,-0.108486103,0.253507088,-0.190493814,-0.107419101,-0.105814559,-0.125253122,-0.055469444,-0.08624063,-0.291079729,-0.195579254,-0.069214636,0.040540102,-0.060875856,0.147802047,-0.176611253,0.31375623,-0.072771494,-0.123640627,-0.168460308,-0.130104657,-0.087637189,-0.163517132,-0.139696072,-0.113699108,-0.287769991,-0.102401052,-0.036730163,0.106867022,-0.002358327,-0.020700122,-0.031379628,-0.261506692,-0.113719933,-0.163817083,-0.03546432,-0.158419895,-0.05199607,-0.057901937,0.248979326,0.039581462,-0.091961957,-0.046184524,-0.067557288,-0.076667661,-0.106922282,-0.039931022,-0.099273172,-0.083087597,-0.122135025,-0.124681538,0.606024422,-0.198186505,-0.215226231,-0.107747731,-0.075296624,-0.07024421,-0.078534294,-0.187703324,-0.127981957,-0.117567066,-0.19793057,-0.004509039,-0.017482485,-0.240232447,-0.037989487,0.059265103,-0.084825223,-0.086258527,-0.202268101,-0.3074954,-0.026078456,-0.111478542,-0.180776007,-0.191635014,-0.052437057,-0.215399346,0.163141715,-0.275028215,0.308526712,-0.019536315,-0.119136359,-0.226227993,-0.33478074,-0.161367121,0.597512934,-0.047963062,-0.180061492,-0.119483184,-0.079594456,-0.031624583,-0.125711468,-0.225683684,-0.13565062,-0.044361906,-0.055465627,0.006465481
1999/08/07,-0.047089003,0.131447377,-0.046209474,0.156021838,-0.091243169,-0.099767197,-0.093819846,-0.228869867,-0.087125939,-0.060847361,0.988260146,-0.131144227,-0.142862423,-0.073072741,-0.184092109,-0.106883741,-0.107098778,-0.125253122,-0.064230158,-0.08624063,-0.302373907,0.323148917,-0.072122883,-0.110355272,-0.049340963,-0.094159641,-0.176611253,-0.03492157,-0.035648852,-0.145957374,-0.047848515,-0.066542287,-0.084097089,-0.163976883,-0.126080392,-0.133274531,-0.378718633,0.03833577,-0.053534978,-0.021508126,-0.078218182,0.071950553,-0.078054917,-0.313527731,-0.113323267,-0.125733713,-0.108936416,-0.181507134,-0.051957857,-0.058334401,-0.063884196,-0.050655838,-0.087173824,-0.076557274,-0.067546285,-0.067423253,0.921467713,-0.039905499,-0.096692561,-0.090545885,-0.12217926,-0.124465303,0.00694107,-0.130817659,-0.148215414,0.129973966,-0.085306426,-0.071156684,-0.077294438,-0.225210697,-0.127886699,-0.029085615,-0.098811821,0.304422406,-0.207041967,-0.24032154,0.008961108,-0.02593768,-0.064449485,-0.095493748,-0.188163794,-0.436726404,-0.101912448,-0.111478542,-0.175959188,-0.186483949,-0.052437057,-0.215399346,-0.016248071,-0.275080194,-0.224924722,-0.09078557,-0.021621171,-0.150528903,-0.314067285,-0.154747543,0.037261328,-0.045564984,-0.092377136,-0.09991024,-0.104259246,0.145205112,-0.108718907,0.03764909,-0.068670426,-0.121293958,-0.215821418,0.063077716
1999/08/21,-0.033441308,0.10797855,0.086514382,-0.175859108,-0.082302428,0.309616943,-0.1063782,-0.040830248,-0.100229589,-0.06226948,-0.01023945,-0.114699771,-0.142862423,-0.048631884,-0.133480337,-0.09750259,-0.100124349,-0.088156306,-0.06254579,-0.082292886,-0.027722723,-0.169472652,-0.074941644,0.00112374,-0.042025672,-0.153879862,-0.127083247,0.536156509,0.14643498,-0.08287123,-0.130931485,-0.062098311,-0.08790619,-0.164137193,-0.139696072,-0.101758984,-0.301376101,-0.026867317,-0.1241152,-0.138720218,-0.088408311,0.013898102,-0.053430909,-0.197948042,-0.113078544,-0.10303318,0.05455566,-0.133769827,-0.051640274,-0.058334401,0.284933839,-0.079868146,-0.091121453,-0.07889364,-0.067375574,-0.068260303,-0.035887494,-0.039860237,-0.094932452,-0.08807787,-0.121933128,-0.124437743,0.787213598,-0.17291065,-0.005054017,0.391553288,-0.085306426,-0.069416358,0.928272182,-0.093934893,-0.126753647,-0.056516928,-0.026779095,0.437152488,-0.156006722,-0.19662162,-0.069615252,0.004330162,-0.083043377,-0.085548126,-0.202268101,-0.400560545,-0.087212321,-0.109799442,-0.125084279,-0.173842512,-0.052418693,-0.215399346,-0.133171169,-0.274184928,-0.224841913,-0.090497687,-0.079656526,0.064351041,-0.133336196,-0.145783265,0.569789861,-0.04629003,0.015861054,0.187331881,-0.096966945,-0.010500956,-0.075999316,0.770286835,0.429032961,-0.114473997,-0.041264012,-0.13746684
1999/09/07,-0.047083101,0.042309096,-0.054523193,-0.175859108,0.079957388,0.114384834,-0.135795079,-0.156644099,-0.116496188,-0.060046098,-0.076409146,-0.120296524,-0.100631114,0.115273952,0.312947667,0.44211192,0.259794063,0.243561233,-0.032228223,-0.082281607,0.033283258,-0.196036709,-0.070130958,0.151656657,-0.058456092,-0.008020332,-0.107932417,0.898645005,0.112598125,0.17334793,0.134801849,0.092944013,-0.06086098,0.047026019,-0.139696072,-0.055485589,-0.138739666,-0.147833045,-0.1241152,-0.063704479,-0.050815467,-0.084376404,0.299283724,0.356050988,0.084460824,-0.120219199,-0.054669017,0.486831879,-0.052017216,-0.056760231,0.235951662,-0.082901361,-0.083387719,-0.07889364,-0.066462058,-0.037541241,0.207387281,-0.039947085,-0.08021565,-0.09020416,-0.122040537,-0.124875633,-0.001051408,0.146046567,-0.229781573,0.784616769,-0.025514543,-0.068162034,-0.038453371,-0.105487163,-0.127881012,0.544238436,-0.165162749,0.853568433,-0.03601719,-0.194373532,0.17050973,0.151470005,0.007748403,-0.087736163,-0.141788833,-0.04036703,-0.101912448,-0.090392961,-0.046918343,-0.081123562,-0.052424465,-0.215399346,-0.133962773,-0.272927429,-0.223558202,-0.086492504,-0.103533929,-0.127287853,0.144617352,0.055006329,0.892400823,-0.012866605,-0.057788032,1.14890681,0.113257252,0.217401148,0.502834073,1.817152401,1.029641083,0.085814632,-0.205216624,0.066199967
1999/09/21,-0.054024469,-0.094913243,-0.068142653,-0.175859108,-0.11522706,-0.099767197,-0.137038215,-0.36983287,-0.116496188,-0.06226948,-0.076409146,-0.131144227,-0.142862423,-0.186399165,-0.204719826,-0.107419101,-0.107191453,-0.125253122,-0.064680709,-0.08624063,-0.312960679,-0.219035474,-0.074941644,-0.132459945,-0.06190118,-0.288250359,-0.176611253,-0.272537745,-0.166203762,-0.190159297,-0.183536782,-0.176966408,-0.088622261,-0.168077708,-0.139696072,-0.19814998,-0.400671753,-0.247677772,-0.1241152,-0.138720218,-0.210689868,-0.222847048,-0.282924878,-0.331051476,-0.115045306,-0.16632463,-0.145769598,-0.084540729,-0.052076453,-0.058334401,0.273814036,-0.117447798,-0.094132357,-0.07889364,-0.068933689,-0.090318123,-0.106922282,-0.040060342,-0.102713986,-0.091115427,-0.12217926,-0.124927466,-0.137818369,-0.198186505,-0.27831091,-0.21150647,-0.085306426,-0.070602134,-0.051739375,-0.225210697,-0.130138537,-0.160467164,-0.209991459,-0.246123384,-0.207041967,-0.273788461,-0.070981797,-0.343511689,-0.089972778,-0.095493748,-0.202268101,-0.34758899,-0.101912448,-0.111478542,-0.180776007,-0.192549632,-0.052437057,-0.215399346,-0.186887135,-0.275152965,-0.225693664,-0.091125796,-0.129401116,-0.230512847,0.960911893,-0.161492635,-0.188668509,-0.047999271,-0.224540743,-0.227692469,-0.120921906,-0.100681083,-0.144248806,-0.189168827,-0.151956182,-0.121293958,-0.238289203,-0.171091077
1999/10/07,-0.054024469,-0.094913243,-0.068142653,-0.175859108,-0.11522706,-0.099767197,-0.137038215,1.939813451,-0.116496188,-0.06226948,-0.076409146,-0.131144227,-0.142862423,-0.186399165,-0.204719826,-0.107419101,-0.107191453,-0.125253122,-0.064680709,-0.08624063,-0.308132908,-0.219035474,0.19565949,-0.132459945,-0.06190118,-0.288250359,-0.176611253,-0.272537745,-0.166203762,-0.190159297,-0.183536782,-0.176966408,-0.088622261,-0.168077708,-0.139696072,-0.19814998,-0.400671753,-0.247677772,-0.1241152,-0.138720218,-0.210689868,-0.222847048,-0.282924878,0.38992546,-0.115045306,-0.16632463,-0.145769598,-0.200900416,0.206765656,-0.058334401,-0.306173263,-0.117447798,-0.094132357,-0.07889364,-0.068933689,0.46564932,-0.106922282,-0.040060342,-0.102713986,-0.091115427,-0.12217926,-0.124927466,-0.137818369,-0.198186505,-0.27831091,-0.21150647,-0.085306426,-0.072286843,-0.033645084,-0.225210697,-0.130138537,-0.160467164,-0.209991459,-0.246123384,-0.207041967,-0.275221638,-0.070981797,1.60840661,-0.089972778,-0.095493748,-0.202268101,0.281616286,-0.101912448,-0.111478542,-0.180776007,-0.190250452,-0.052437057,-0.215399346,-0.186887135,-0.275152965,-0.225693664,-0.091125796,-0.129401116,-0.230512847,0.130280572,-0.161492635,-0.188668509,-0.047999271,-0.224540743,-0.227692469,-0.120921906,-0.100681083,-0.144248806,-0.28419481,-0.151956182,-0.121293958,-0.238289203,-0.171091077
1999/10/21,-0.054024469,-0.094913243,-0.068142653,-0.175859108,-0.11522706,-0.099767197,-0.137038215,18.26553265,-0.116496188,-0.06226948,-0.076409146,-0.131144227,-0.142862423,-0.186399165,-0.204719826,-0.107419101,-0.107191453,-0.125253122,-0.064680709,-0.08624063,-0.309742165,-0.219035474,-0.074941644,-0.132459945,-0.06190118,-0.288250359,-0.176611253,-0.272537745,-0.166203762,-0.190159297,-0.183536782,-0.176966408,-0.088622261,-0.168077708,-0.139696072,-0.19814998,-0.400671753,-0.247677772,-0.1241152,-0.138720218,-0.210689868,-0.222847048,-0.282924878,-0.331051476,-0.115045306,-0.16632463,-0.145769598,-0.200900416,0.325202635,-0.058334401,-0.306173263,-0.117447798,-0.094132357,-0.07889364,-0.068933689,-0.036514822,-0.106922282,-0.040060342,-0.102713986,-0.091115427,-0.12217926,-0.124927466,-0.137818369,-0.198186505,-0.27831091,-0.21150647,-0.085306426,-0.06217859,0.221881614,-0.225210697,-0.130138537,-0.160467164,-0.209991459,-0.246123384,-0.207041967,-0.275221638,-0.070981797,-0.343511689,-0.089972778,-0.095493748,-0.202268101,0.438917605,-0.101912448,-0.111478542,-0.157263397,-0.192549632,-0.052437057,-0.215399346,-0.186887135,-0.275152965,-0.225693664,-0.091125796,-0.129401116,-0.230512847,-0.349344515,-0.161492635,-0.188668509,-0.047999271,-0.224540743,-0.227692469,-0.120921906,-0.100681083,-0.144248806,-0.312647357,-0.151956182,-0.121293958,-0.238289203,-0.171091077
1999/11/07,-0.054024469,-0.094913243,-0.068142653,-0.175859108,-0.11522706,-0.099767197,-0.137038215,0.217748385,-0.116496188,-0.06226948,-0.076409146,-0.131144227,-0.142862423,-0.186399165,-0.204719826,-0.107419101,-0.107191453,-0.125253122,-0.064680709,-0.08624063,0.553892412,-0.219035474,-0.074941644,3.614701884,-0.06190118,-0.288250359,-0.176611253,-0.272537745,-0.166203762,-0.190159297,-0.183536782,0.065612897,-0.088622261,-0.168077708,-0.139696072,-0.024712895,-0.400671753,-0.247677772,-0.1241152,-0.138720218,-0.210689868,-0.222847048,-0.282924878,-0.331051476,-0.098233532,-0.16632463,-0.145769598,-0.200900416,-0.052076453,-0.058334401,-0.306173263,-0.117447798,-0.094132357,-0.07889364,-0.066917102,-0.018580388,-0.106922282,-0.040060342,-0.102713986,-0.091115427,-0.12217926,-0.124927466,-0.029973971,-0.198186505,-0.27831091,-0.21150647,-0.085306426,-0.072286843,0.944476398,-0.225210697,-0.128832147,-0.160467164,-0.209991459,-0.246123384,-0.207041967,-0.270922108,-0.070981797,-0.343511689,-0.089972778,0.098445892,-0.202268101,-0.34758899,-0.101912448,-0.111478542,-0.180776007,0.112666507,-0.052437057,-0.215399346,-0.186887135,-0.275152965,-0.225693664,-0.091125796,-0.129401116,-0.230512847,0.095045168,-0.161492635,-0.188668509,-0.047999271,-0.224540743,-0.227692469,-0.120921906,-0.100681083,-0.144248806,0.689545277,-0.151956182,-0.121293958,-0.238289203,-0.171091077
1999/11/21,-0.050843463,-0.033500623,-0.063103646,-0.175859108,-0.018071499,-0.097596339,-0.036530742,-0.105008955,-0.04130835,-0.06226948,0.028480495,0.046776019,-0.088118134,-0.077181061,0.214002911,0.58268799,0.155849889,0.740719278,-0.063402345,0.810098143,0.120405441,0.103028925,-0.065681072,-0.025014444,-0.055011004,-0.210614072,-0.022083872,-0.042916794,-0.136212004,0.91127045,0.005758788,-0.132106515,0.119587344,0.673842843,0.080478543,-0.131496774,0.040146904,0.115646098,-0.108478966,-0.101212349,0.509956106,0.249064951,-0.249267467,0.075172811,0.373434815,-0.141035054,-0.115686446,0.106289158,-0.049300794,-0.058334401,0.207557585,-0.102791734,-0.018005201,-0.078548576,-0.068842271,-0.067437771,-0.01961407,-0.039974868,-0.040669227,-0.087379232,-0.12205251,-0.123000645,-0.117232736,-0.136738093,-0.166158993,0.422538722,-0.085306426,-0.069790104,-0.00200828,0.119782116,-0.120096127,-0.108723046,-0.125328379,-0.209077277,-0.001812235,-0.154319472,-0.066647115,-0.045518829,0.74934118,-0.082435146,0.38943578,0.131472849,-0.071336183,-0.104647004,-0.047237443,-0.095995452,-0.05238917,-0.11624979,-0.186887135,0.336361155,-0.10832235,-0.049947592,0.232739497,-0.152768453,-0.10105108,0.101904947,-0.165504439,-0.047664701,0.045455723,-0.204316862,-0.061021414,-0.100681083,0.121762003,-0.210703011,-0.151956182,-0.121293958,0.187340516,-0.128004019
1999/12/07,-0.054024469,-0.094913243,-0.068142653,-0.175859108,-0.11522706,-0.099767197,-0.137038215,-0.243276908,-0.116496188,-0.06226948,-0.076409146,-0.131144227,-0.142862423,-0.186399165,-0.204719826,-0.107419101,-0.107191453,-0.125253122,-0.064680709,-0.08624063,-0.30169588,-0.219035474,-0.074941644,-0.132459945,-0.06190118,-0.288250359,-0.176611253,-0.272537745,-0.166203762,-0.190159297,-0.183536782,-0.150013152,-0.088622261,-0.168077708,-0.139696072,-0.19814998,-0.400671753,4.744558607,-0.1241152,-0.138720218,-0.210689868,-0.222847048,-0.282924878,-0.331051476,-0.115045306,-0.16632463,-0.145769598,-0.200900416,-0.052076453,-0.058334401,-0.306173263,-0.117447798,-0.094132357,-0.07889364,-0.068933689,0.035222913,-0.106922282,-0.040060342,-0.102713986,-0.091115427,-0.12217926,-0.124927466,-0.136232422,-0.198186505,-0.27831091,-0.21150647,-0.085306426,-0.067232716,-0.030702923,-0.225210697,-0.130138537,-0.160467164,-0.209991459,-0.246123384,-0.207041967,-0.266622577,-0.070981797,-0.343511689,-0.089972778,-0.095493748,-0.202268101,-0.190287671,-0.101912448,-0.111478542,-0.180776007,1.10476266,-0.052437057,-0.215399346,-0.186887135,3.390743853,-0.225693664,-0.091125796,-0.129401116,-0.230512847,-0.349729601,-0.161492635,-0.188668509,-0.047999271,-0.224540743,-0.227692469,-0.120921906,-0.100681083,-0.144248806,-0.314581025,-0.151956182,-0.121293958,-0.238289203,-0.171091077
1999/12/21,-0.054024469,-0.094913243,-0.068142653,-0.175859108,-0.11522706,-0.099767197,-0.137038215,0.041474009,-0.116496188,-0.06226948,-0.076409146,-0.131144227,-0.142862423,-0.186399165,-0.204719826,-0.107419101,-0.107191453,-0.125253122,-0.064680709,-0.08624063,-0.297940947,-0.219035474,-0.074941644,-0.132459945,-0.06190118,4.36992686,-0.176611253,-0.272537745,-0.166203762,-0.190159297,-0.183536782,0.038659641,-0.088622261,-0.168077708,-0.139696072,-0.19814998,-0.400671753,-0.247677772,-0.1241152,-0.138720218,-0.210689868,-0.222847048,-0.282924878,1.110902395,-0.115045306,-0.16632463,-0.145769598,-0.200900416,-0.052076453,-0.058334401,-0.306173263,-0.117447798,-0.094132357,-0.07889364,-0.068933689,-0.036514822,-0.106922282,-0.040060342,-0.102713986,-0.091115427,-0.12217926,-0.124927466,-0.131474581,-0.198186505,-0.27831091,-0.21150647,-0.085306426,-0.072286843,0.010634442,-0.225210697,-0.130138537,-0.160467164,-0.209991459,-0.246123384,-0.207041967,-0.230076564,-0.070981797,-0.343511689,-0.089972778,-0.095493748,-0.202268101,1.38272552,-0.101912448,-0.111478542,-0.180776007,1.637597616,-0.052437057,-0.215399346,-0.186887135,3.780212643,0.106489301,-0.091125796,-0.129401116,-0.230512847,-0.355505897,-0.161492635,-0.188668509,-0.047999271,-0.224540743,-0.227692469,-0.120921906,-0.100681083,-0.144248806,-0.314304787,-0.151956182,-0.121293958,-0.238289203,-0.171091077
2000/01/07,-0.054024469,-0.094913243,-0.068142653,-0.175859108,-0.11522706,-0.099767197,-0.137038215,0.312665358,-0.116496188,-0.06226948,-0.076409146,-0.131144227,-0.142862423,-0.186399165,-0.204719826,-0.107419101,-0.107191453,-0.125253122,-0.064680709,-0.08624063,0.005672202,-0.219035474,0.105459112,-0.132459945,-0.06190118,-0.288250359,-0.176611253,-0.272537745,-0.166203762,-0.190159297,-0.183536782,-0.123059896,-0.088622261,-0.168077708,-0.139696072,-0.19814998,-0.400671753,-0.247677772,-0.1241152,-0.138720218,-0.210689868,-0.222847048,-0.282924878,-0.331051476,-0.115045306,-0.16632463,-0.072336355,1.195415829,-0.052076453,-0.058334401,-0.306173263,-0.117447798,-0.094132357,-0.07889364,-0.068933689,0.178698382,-0.106922282,-0.040060342,-0.102713986,-0.091115427,-0.12217926,-0.119856884,0.115933155,-0.198186505,-0.27831091,-0.21150647,-0.085306426,-0.06217859,0.086836416,-0.225210697,-0.130138537,-0.160467164,-0.209991459,-0.246123384,2.446790784,0.23212301,-0.070981797,-0.343511689,-0.089972778,-0.095493748,-0.202268101,-0.190287671,-0.101912448,-0.111478542,-0.180776007,-0.078740224,-0.052437057,-0.215399346,-0.186887135,-0.271659971,5.144597607,-0.091125796,-0.129401116,-0.230512847,-0.355505897,-0.161492635,-0.188668509,-0.047999271,-0.224540743,-0.227692469,-0.120921906,-0.100681083,-0.144248806,-0.280603712,-0.151956182,-0.121293958,-0.238289203,-0.171091077
2000/01/21,-0.054024469,-0.094913243,-0.068142653,-0.175859108,-0.11522706,-0.099767197,-0.137038215,0.122831413,-0.116496188,-0.06226948,-0.076409146,-0.131144227,-0.142862423,-0.186399165,-0.204719826,-0.107419101,-0.107191453,-0.125253122,-0.064680709,-0.08624063,-0.312960679,-0.219035474,-0.074941644,0.028708306,-0.06190118,-0.288250359,-0.176611253,-0.272537745,-0.166203762,-0.190159297,-0.183536782,-0.176966408,-0.088622261,-0.168077708,-0.139696072,-0.19814998,-0.400671753,-0.247677772,-0.1241152,-0.138720218,-0.210689868,-0.222847048,-0.282924878,-0.331051476,-0.115045306,-0.16632463,-0.145769598,-0.200900416,-0.052076453,-0.058334401,-0.306173263,-0.117447798,-0.094132357,-0.07889364,-0.068933689,-0.108252557,-0.106922282,-0.040060342,-0.102713986,-0.091115427,-0.12217926,1.207790441,0.570306978,-0.198186505,-0.27831091,-0.21150647,-0.085306426,-0.072286843,-0.053504672,-0.225210697,-0.130138537,-0.160467164,-0.209991459,-0.246123384,-0.207041967,-0.275221638,-0.070981797,-0.343511689,-0.089972778,-0.095493748,-0.202268101,2.011930796,-0.101912448,-0.111478542,-0.180776007,-0.063795555,-0.052437057,-0.215399346,-0.186887135,-0.275152965,-0.225693664,-0.091125796,-0.129401116,-0.230512847,-0.355505897,-0.161492635,-0.188668509,-0.047999271,-0.224540743,-0.227692469,-0.120921906,-0.100681083,-0.144248806,-0.307675067,-0.151956182,-0.121293958,-0.238289203,-0.171091077
2000/02/07,-0.054024469,-0.094913243,-0.068142653,-0.175859108,-0.11522706,-0.099767197,-0.137038215,0.177069683,-0.116496188,-0.06226948,-0.076409146,-0.002877469,-0.142862423,-0.186399165,-0.204719826,-0.107419101,-0.107191453,-0.125253122,-0.064680709,-0.08624063,-0.212650328,-0.219035474,-0.074941644,-0.092167882,-0.06190118,-0.288250359,-0.176611253,-0.272537745,-0.166203762,-0.162245791,-0.183536782,0.011706385,-0.088622261,-0.168077708,-0.139696072,-0.111431437,-0.400671753,-0.247677772,-0.1241152,-0.138720218,-0.210689868,-0.222847048,-0.282924878,0.029436992,-0.115045306,-0.16632463,-0.145769598,-0.200900416,-0.052076453,-0.058334401,-0.306173263,-0.117447798,-0.094132357,-0.07889364,-0.065908808,0.07109178,-0.106922282,-0.040060342,-0.102713986,-0.091115427,-0.12217926,9.198182201,0.339948172,-0.198186505,0.049075037,-0.21150647,-0.085306426,-0.072286843,0.059474317,-0.225210697,-0.130138537,-0.160467164,-0.209991459,-0.246123384,2.446790784,-0.274684197,-0.070981797,-0.343511689,-0.089972778,-0.095493748,-0.202268101,0.674869584,-0.101912448,-0.111478542,-0.180776007,0.076454423,-0.052437057,-0.215399346,-0.186887135,-0.275152965,-0.19801175,-0.091125796,-0.129401116,-0.230512847,-0.318698057,-0.161492635,-0.188668509,-0.047999271,-0.224540743,-0.227692469,-0.120921906,-0.100681083,-0.144248806,-0.257399693,-0.151956182,-0.121293958,-0.238289203,-0.171091077
2000/02/21,-0.054024469,-0.094913243,-0.068142653,1.41716943,-0.11522706,0.584053042,-0.137038215,0.689320009,-0.116496188,-0.06226948,-0.076409146,0.039878118,-0.142862423,-0.186399165,-0.204719826,-0.107419101,-0.107191453,-0.125253122,-0.064680709,-0.08624063,-0.161928932,-0.219035474,-0.074941644,-0.096644778,-0.06190118,-0.288250359,-0.176611253,-0.272537745,-0.166203762,-0.177753294,-0.183536782,-0.102096252,-0.088622261,-0.168077708,-0.139696072,-0.043983682,0.301828099,0.307015159,-0.1241152,0.48641094,-0.210689868,-0.222847048,-0.249701921,-0.331051476,-0.115045306,-0.16632463,-0.145769598,-0.200900416,-0.052076453,-0.045216321,-0.271022517,-0.117447798,-0.094132357,-0.07889364,-0.068933689,0.230508968,-0.106922282,-0.040060342,-0.102713986,-0.091115427,-0.12217926,16.38319656,-0.136408639,-0.198186505,-0.084304423,-0.21150647,-0.085306426,-0.072286843,0.353657744,-0.225210697,-0.130138537,-0.160467164,-0.209991459,-0.246123384,0.67756895,-0.27283301,-0.070981797,0.090247933,-0.089972778,-0.05239605,-0.202268101,1.662372309,-0.101912448,-0.111478542,-0.180776007,-0.081805798,-0.052437057,1.437093252,-0.186887135,-0.272824303,-0.225693664,-0.091125796,-0.129401116,-0.150528903,-0.162477783,-0.161492635,-0.188668509,-0.047999271,-0.224540743,-0.227692469,-0.120921906,-0.100681083,-0.144248806,-0.293494834,-0.151956182,-0.121293958,-0.238289203,-0.171091077
2000/03/07,-0.054024469,-0.094913243,-0.068142653,-0.175859108,-0.11522706,-0.099767197,-0.137038215,2.378239465,-0.116496188,-0.06226948,-0.076409146,-0.131144227,-0.142862423,-0.186399165,-0.204719826,-0.107419101,-0.107191453,-0.125253122,-0.064680709,-0.08624063,-0.291325113,-0.219035474,0.045325526,-0.078737195,-0.06190118,0.488112511,-0.176611253,-0.190777341,-0.166203762,-0.11572328,-0.183536782,-0.158997571,-0.088622261,-0.168077708,-0.139696072,-0.111431437,0.126203136,-0.247677772,-0.1241152,-0.138720218,0.849083623,-0.222847048,-0.233090442,-0.331051476,-0.115045306,-0.16632463,-0.145769598,-0.200900416,-0.052076453,-0.058334401,-0.306173263,-0.117447798,-0.094132357,-0.07889364,-0.068933689,0.035222913,-0.106922282,-0.040060342,-0.102713986,-0.091115427,-0.12217926,3.438846416,0.745157638,-0.198186505,-0.229809288,-0.21150647,-0.085306426,-0.072286843,-0.006135877,-0.225210697,-0.130138537,-0.160467164,-0.209991459,-0.246123384,5.985234453,-0.261964751,-0.070981797,0.307127744,-0.089972778,-0.030847202,-0.202268101,0.438917605,-0.101912448,-0.111478542,-0.180776007,-0.176072176,-0.052437057,0.197723804,-0.186887135,-0.274570799,-0.225693664,-0.091125796,-0.129401116,-0.170524889,-0.355505897,-0.161492635,-0.188668509,-0.047999271,-0.224540743,-0.227692469,-0.120921906,-0.100681083,-0.144248806,-0.314028549,-0.151956182,-0.121293958,-0.238289203,1.702259265
2000/03/21,-0.054024469,-0.094913243,-0.068142653,-0.175859108,-0.11522706,-0.099767197,-0.137038215,0.075372927,-0.116496188,-0.06226948,-0.076409146,-0.067010848,-0.142862423,-0.186399165,-0.204719826,-0.107419101,-0.107191453,-0.125253122,-0.064680709,-0.08624063,-0.174832789,-0.219035474,0.015258734,0.119365447,-0.06190118,-0.288250359,-0.176611253,-0.027256532,-0.166203762,-0.008721505,6.45161949,0.038659641,-0.088622261,-0.168077708,-0.139696072,-0.003033259,2.365421414,-0.247677772,-0.1241152,-0.138720218,7.737611313,-0.222847048,0.053457568,4.715787073,-0.110842363,-0.16632463,-0.090694666,-0.200900416,-0.052076453,-0.058334401,-0.147994908,-0.117447798,-0.094132357,-0.07889364,-0.068933689,0.196632816,0.648629551,-0.040060342,-0.102713986,-0.091115427,-0.12217926,8.783239594,-0.136926274,-0.198186505,-0.023677396,-0.21150647,-0.085306426,-0.064705653,0.028912618,-0.225210697,-0.130138537,-0.160467164,-0.209991459,-0.246123384,0.456416221,-0.262591766,-0.070981797,-0.343511689,-0.089972778,0.098445892,-0.202268101,3.270341349,-0.101912448,-0.086806051,-0.060273879,-0.174299891,-0.052437057,0.094443016,-0.186887135,-0.272096596,-0.225693664,-0.091125796,0.113103759,2.064026562,-0.352264753,-0.161492635,-0.188668509,-0.047999271,-0.224540743,-0.227692469,-0.120921906,-0.100681083,-0.144248806,-0.244968968,-0.151956182,-0.121293958,-0.238289203,0.531415301
2000/04/07,-0.054024469,-0.094913243,-0.068142653,-0.175859108,-0.11522706,-0.099767197,-0.137038215,-0.094121666,-0.116496188,-0.06226948,-0.076409146,-0.131144227,-0.142862423,-0.186399165,-0.204719826,-0.107419101,-0.107191453,-0.125253122,-0.064680709,-0.08624063,0.15050533,-0.219035474,-0.074941644,-0.132459945,-0.06190118,4.36992686,-0.176611253,-0.272537745,-0.166203762,-0.190159297,-0.183536782,-0.176966408,-0.088622261,-0.168077708,-0.139696072,-0.19814998,5.921826914,4.744558607,-0.1241152,-0.138720218,-0.210689868,-0.222847048,-0.282924878,-0.331051476,-0.115045306,-0.16632463,-0.145769598,-0.200900416,-0.052076453,-0.058334401,-0.306173263,-0.117447798,-0.094132357,-0.07889364,-0.068933689,-0.072383689,-0.106922282,-0.040060342,-0.102713986,-0.091115427,-0.12217926,-0.124927466,-0.137818369,-0.198186505,-0.27831091,-0.21150647,-0.085306426,-0.072286843,-0.085280012,-0.225210697,-0.130138537,-0.160467164,-0.209991459,-0.246123384,-0.207041967,-0.275221638,-0.070981797,-0.343511689,-0.089972778,-0.095493748,-0.202268101,-0.190287671,-0.101912448,-0.111478542,0.94782929,-0.192549632,-0.052437057,-0.215399346,-0.186887135,-0.275152965,-0.225693664,-0.091125796,-0.129401116,-0.230512847,0.108908278,-0.161492635,-0.188668509,-0.047999271,-0.224540743,-0.227692469,-0.120921906,-0.100681083,-0.144248806,-0.313199834,-0.151956182,-0.121293958,-0.238289203,-0.171091077
2000/04/21,-0.053372892,-0.089800638,0.824851084,0.035461004,-0.114038843,-0.076895658,-0.11448621,0.026888878,-0.113349376,-0.061921206,-0.046877675,-0.117341867,0.036692462,0.659293238,-0.104426444,-0.106776669,-0.106344134,-0.102615969,-0.050713629,-0.083991185,-0.253799876,-0.131404965,-0.065277318,-0.12153038,-0.013454629,-0.288250359,0.458890963,0.469223662,-0.158468298,-0.090573936,0.622897358,-0.041535985,-0.06771748,-0.120591256,-0.099682646,-0.011872034,-0.044371388,-0.18554496,-0.072260343,-0.07174188,0.113730588,-0.083871037,0.138656887,-0.230200536,-0.079920706,-0.061606048,-0.02344898,-0.180418736,-0.05142217,0.007596725,-0.221728814,-0.069466635,-0.085253449,-0.052859854,-0.067886657,-0.062767472,-0.088932953,0.902513912,-0.09160954,-0.020847262,0.227379819,-0.122126939,-0.07610344,0.017551853,-0.174051433,-0.152710355,-0.085306426,-0.060471221,-0.068269707,-0.116707226,1.309243372,-0.160467164,0.009186001,-0.217616742,0.429131144,0.13606018,-0.051255626,0.317388292,-0.089329333,0.059526032,-0.202268101,0.035832975,-0.074612211,-0.108518454,-0.074929273,-0.167856241,-0.052397706,-0.215399346,-0.186887135,-0.225649919,-0.177721096,-0.086057126,-0.098606846,-0.150853513,0.022331455,-0.089424598,-0.185233403,-0.047178401,-0.102322087,-0.095694076,-0.042024047,-0.07075971,-0.121656425,0.032640554,-0.099982202,-0.100787679,0.564715269,0.927199662
2000/05/07,-0.054024469,-0.094913243,-0.068142653,-0.175859108,-0.11522706,-0.099767197,-0.137038215,-0.130280512,-0.116496188,-0.06226948,-0.076409146,-0.131144227,-0.142862423,-0.186399165,-0.204719826,-0.107419101,-0.107191453,-0.125253122,-0.064680709,-0.08624063,-0.292219145,-0.219035474,-0.074941644,-0.132459945,-0.06190118,-0.288250359,-0.176611253,-0.272537745,-0.166203762,-0.190159297,-0.183536782,-0.087122221,-0.088622261,-0.168077708,-0.139696072,-0.19814998,-0.400671753,-0.247677772,-0.1241152,-0.138720218,-0.210689868,-0.222847048,-0.282924878,-0.331051476,-0.115045306,-0.16632463,-0.145769598,0.031818958,-0.052076453,-0.058334401,-0.306173263,-0.117447798,-0.094132357,-0.07889364,-0.068933689,-0.084339979,-0.106922282,-0.040060342,-0.102713986,-0.091115427,-0.12217926,-0.124927466,-0.136232422,-0.198186505,-0.27831091,-0.21150647,-0.085306426,-0.072286843,-0.091458551,-0.225210697,-0.130138537,-0.160467164,-0.209991459,-0.246123384,-0.207041967,-0.219327736,-0.070981797,-0.343511689,-0.089972778,-0.095493748,-0.202268101,-0.295155217,-0.101912448,-0.111478542,-0.162488421,-0.162277096,-0.052437057,-0.215399346,-0.186887135,-0.275152965,-0.225693664,-0.091125796,-0.129401116,-0.230512847,-0.352211269,-0.161492635,-0.188668509,-0.047999271,-0.224540743,-0.227692469,-0.120921906,-0.100681083,-0.144248806,-0.276552216,-0.151956182,-0.121293958,-0.238289203,-0.171091077
2000/05/21,-0.054024469,-0.094913243,-0.068142653,-0.175859108,-0.11522706,-0.099767197,-0.137038215,-0.148359936,-0.116496188,-0.06226948,-0.076409146,-0.131144227,-0.142862423,-0.040775026,-0.204719826,-0.107419101,-0.107191453,-0.125253122,-0.064680709,-0.08624063,0.02906007,-0.219035474,-0.074941644,-0.08410947,-0.06190118,-0.288250359,-0.176611253,0.904812076,-0.166203762,-0.190159297,-0.118406414,-0.020637522,-0.088622261,-0.168077708,-0.139696072,-0.128775146,-0.400671753,-0.247677772,-0.1241152,-0.138720218,1.061038321,-0.222847048,-0.043719583,-0.042660702,-0.115045306,-0.16632463,-0.145769598,-0.200900416,-0.052076453,-0.058334401,-0.306173263,-0.117447798,-0.094132357,-0.07889364,-0.068127054,-0.043688596,-0.106922282,-0.040060342,-0.102713986,-0.091115427,-0.12217926,-0.124927466,-0.052970203,-0.198186505,-0.161907018,-0.170193147,-0.085306426,-0.072286843,-0.039794201,-0.225210697,-0.130138537,-0.160467164,-0.209991459,-0.246123384,0.854491133,-0.117858807,-0.028345581,-0.343511689,-0.089972778,-0.095493748,-0.202268101,-0.379049254,-0.101912448,-0.099142297,5.095453755,0.03093066,-0.052437057,-0.215399346,-0.186887135,-0.275152965,-0.225693664,-0.091125796,-0.129401116,-0.014556197,0.710156479,-0.161492635,-0.188668509,-0.047999271,-0.224540743,-0.165124256,-0.120921906,-0.100681083,-0.144248806,0.737831736,0.074038915,-0.121293958,-0.238289203,-0.171091077
2000/06/07,-0.054024469,-0.094913243,-0.068142653,-0.175859108,-0.11522706,-0.099767197,-0.137038215,-0.365313015,-0.116496188,-0.06226948,-0.076409146,-0.131144227,-0.142862423,-0.186399165,-0.204719826,-0.107419101,-0.107191453,-0.125253122,-0.064680709,-0.08624063,-0.312960679,-0.219035474,-0.074941644,-0.132459945,-0.06190118,-0.288250359,-0.176611253,-0.272537745,-0.166203762,-0.190159297,-0.183536782,-0.176966408,-0.088622261,-0.168077708,-0.139696072,-0.19814998,-0.400671753,-0.247677772,-0.1241152,-0.138720218,-0.210689868,-0.222847048,-0.282924878,-0.331051476,-0.115045306,-0.16632463,-0.145769598,-0.200900416,-0.052076453,-0.058334401,-0.306173263,-0.117447798,-0.094132357,-0.07889364,-0.068933689,-0.108252557,-0.106922282,-0.040060342,-0.102713986,-0.091115427,-0.12217926,-0.124927466,-0.137818369,-0.198186505,-0.27831091,-0.21150647,-0.085306426,-0.072286843,-0.099990818,-0.225210697,-0.130138537,-0.160467164,-0.209991459,-0.246123384,-0.207041967,-0.270922108,-0.070981797,-0.343511689,-0.089972778,-0.095493748,-0.202268101,-0.504890309,-0.101912448,-0.111478542,-0.180776007,-0.185652093,-0.052437057,-0.215399346,-0.186887135,-0.275152965,-0.225693664,-0.091125796,-0.129401116,-0.230512847,-0.355505897,-0.161492635,-0.188668509,-0.047999271,-0.224540743,-0.227692469,-0.120921906,-0.100681083,-0.144248806,-0.314857264,-0.151956182,-0.121293958,-0.238289203,2.638934436
2000/06/21,-0.049718036,-0.088485967,-0.068142653,0.222398027,-0.10980527,-0.095503012,-0.103232551,-0.298242966,0.031673722,-0.044995085,-0.048243292,-0.131144227,-0.114931663,-0.13779587,0.467459225,-0.107419101,-0.094608763,-0.120057925,-0.052305575,-0.085740753,-0.291806625,0.292140903,-0.074941644,-0.111354579,-0.057799885,0.448502161,-0.12405092,-0.032095414,0.032721163,-0.124422673,-0.043971707,-0.166041477,-0.088411174,-0.160603204,-0.139696072,-0.14783946,-0.370564617,-0.230697376,-0.1241152,-0.111928883,-0.210689868,-0.19252501,0.15622838,-0.297209701,-0.112672216,-0.151906235,-0.105264754,-0.167654791,-0.051831334,-0.057531253,-0.159078154,0.203880596,-0.093821708,-0.076223508,-0.061826477,-0.081952787,-0.092530819,-0.039688718,-0.095340813,-0.088511807,-0.12213994,-0.124383039,-0.124468768,-0.183284641,-0.200898033,-0.093892896,-0.073866653,-0.070944806,-0.091262407,-0.19306152,-0.115832825,-0.133654603,-0.16894446,-0.216608061,-0.191245344,-0.220769907,-0.070981797,0.201564816,-0.089972778,-0.095493748,-0.202268101,-0.355222206,0.041413797,-0.10729303,-0.180042904,-0.141570726,-0.052353108,-0.215399346,-0.186887135,-0.274064672,-0.185708678,-0.088948351,-0.129401116,-0.230512847,-0.34713825,-0.159063464,0.113424597,-0.046528288,-0.182576688,-0.095994185,-0.118838169,-0.099081828,-0.084995527,-0.169965453,-0.135010044,-0.106517375,-0.202340747,0.071042641
2000/07/07,-0.054024469,-0.094913243,0.370520937,-0.175859108,-0.11522706,-0.099767197,-0.137038215,-0.256836475,-0.116496188,-0.06226948,-0.076409146,-0.131144227,-0.142862423,-0.186399165,-0.204719826,-0.107419101,-0.107191453,-0.125253122,-0.064680709,-0.08624063,-0.311887841,-0.219035474,0.105459112,-0.132459945,-0.06190118,-0.288250359,-0.176611253,0.21802468,-0.166203762,-0.190159297,1.444722426,-0.09610664,-0.088622261,-0.168077708,-0.139696072,-0.19814998,-0.400671753,-0.247677772,-0.1241152,-0.138720218,-0.210689868,-0.222847048,0.01608174,-0.331051476,-0.115045306,-0.16632463,-0.145769598,-0.200900416,-0.052076453,-0.058334401,-0.147994908,-0.117447798,-0.094132357,-0.07889364,-0.068933689,-0.108252557,-0.106922282,-0.040060342,-0.102713986,-0.091115427,-0.12217926,-0.124927466,-0.136232422,-0.198186505,-0.27831091,-0.21150647,-0.085306426,-0.072286843,-0.095871793,-0.225210697,-0.130138537,-0.160467164,-0.209991459,-0.246123384,-0.207041967,-0.270922108,-0.070981797,3.560324909,-0.089972778,-0.095493748,-0.202268101,-0.504890309,0.280290872,-0.111478542,-0.180776007,-0.192549632,-0.052437057,-0.215399346,-0.186887135,-0.275152965,-0.225693664,-0.091125796,-0.129401116,-0.230512847,-0.352425206,-0.161492635,-0.188668509,-0.047999271,-0.224540743,-0.227692469,-0.120921906,-0.100681083,-0.144248806,-0.310989927,-0.151956182,-0.121293958,-0.238289203,-0.171091077
2000/07/21,-0.049471093,-0.04492332,-0.068142653,-0.175859108,-0.114022218,-0.083668821,0.37120425,-0.258093426,-0.032581191,-0.06226948,-0.076216559,-0.128090256,-0.108486103,0.253507088,-0.190493814,-0.107419101,-0.105814559,-0.125253122,-0.055469444,-0.08624063,-0.291079729,-0.195579254,-0.069214636,0.040540102,-0.060875856,0.147802047,-0.176611253,0.31375623,-0.072771494,-0.123640627,-0.168460308,-0.130104657,-0.087637189,-0.163517132,-0.139696072,-0.113699108,-0.287769991,-0.102401052,-0.036730163,0.106867022,-0.002358327,-0.020700122,-0.031379628,-0.261506692,-0.113719933,-0.163817083,-0.03546432,-0.158419895,-0.05199607,-0.057901937,0.248979326,0.039581462,-0.091961957,-0.046184524,-0.067557288,-0.076667661,-0.106922282,-0.039931022,-0.099273172,-0.083087597,-0.122135025,-0.124681538,0.606024422,-0.198186505,-0.215226231,-0.107747731,-0.075296624,-0.07024421,-0.078534294,-0.187703324,-0.127981957,-0.117567066,-0.19793057,-0.004509039,-0.017482485,-0.240232447,-0.037989487,0.059265103,-0.084825223,-0.086258527,-0.202268101,-0.3074954,-0.026078456,-0.111478542,-0.180776007,-0.191635014,-0.052437057,-0.215399346,0.163141715,-0.275028215,0.308526712,-0.019536315,-0.119136359,-0.226227993,-0.33478074,-0.161367121,0.597512934,-0.047963062,-0.180061492,-0.119483184,-0.079594456,-0.031624583,-0.125711468,-0.225683684,-0.13565062,-0.044361906,-0.055465627,0.006465481
2000/08/07,-0.047089003,0.131447377,-0.046209474,0.156021838,-0.091243169,-0.099767197,-0.093819846,-0.228869867,-0.087125939,-0.060847361,0.988260146,-0.131144227,-0.142862423,-0.073072741,-0.184092109,-0.106883741,-0.107098778,-0.125253122,-0.064230158,-0.08624063,-0.302373907,0.323148917,-0.072122883,-0.110355272,-0.049340963,-0.094159641,-0.176611253,-0.03492157,-0.035648852,-0.145957374,-0.047848515,-0.066542287,-0.084097089,-0.163976883,-0.126080392,-0.133274531,-0.378718633,0.03833577,-0.053534978,-0.021508126,-0.078218182,0.071950553,-0.078054917,-0.313527731,-0.113323267,-0.125733713,-0.108936416,-0.181507134,-0.051957857,-0.058334401,-0.063884196,-0.050655838,-0.087173824,-0.076557274,-0.067546285,-0.067423253,0.921467713,-0.039905499,-0.096692561,-0.090545885,-0.12217926,-0.124465303,0.00694107,-0.130817659,-0.148215414,0.129973966,-0.085306426,-0.071156684,-0.077294438,-0.225210697,-0.127886699,-0.029085615,-0.098811821,0.304422406,-0.207041967,-0.24032154,0.008961108,-0.02593768,-0.064449485,-0.095493748,-0.188163794,-0.436726404,-0.101912448,-0.111478542,-0.175959188,-0.186483949,-0.052437057,-0.215399346,-0.016248071,-0.275080194,-0.224924722,-0.09078557,-0.021621171,-0.150528903,-0.314067285,-0.154747543,0.037261328,-0.045564984,-0.092377136,-0.09991024,-0.104259246,0.145205112,-0.108718907,0.03764909,-0.068670426,-0.121293958,-0.215821418,0.063077716
2000/08/21,-0.054024469,-0.094913243,-0.068142653,-0.175859108,-0.11522706,9.734219089,-0.137038215,-0.22971734,-0.116496188,-0.06226948,-0.076409146,-0.131144227,-0.142862423,-0.186399165,-0.204719826,-0.107419101,-0.107191453,-0.125253122,-0.064680709,-0.08624063,5.319438734,-0.219035474,-0.074941644,0.028708306,-0.06190118,-0.288250359,-0.176611253,-0.272537745,-0.166203762,-0.190159297,-0.183536782,-0.09610664,-0.088622261,-0.168077708,-0.139696072,-0.024712895,-0.400671753,-0.247677772,-0.1241152,-0.138720218,-0.210689868,-0.222847048,0.913101597,-0.331051476,-0.115045306,-0.16632463,-0.145769598,0.497257707,-0.052076453,-0.058334401,-0.306173263,-0.117447798,-0.094132357,-0.07889364,-0.068933689,-0.072383689,-0.106922282,-0.040060342,-0.102713986,-0.091115427,-0.12217926,-0.124927466,3.44642191,-0.198186505,-0.27831091,-0.21150647,-0.085306426,-0.072286843,0.103018303,-0.225210697,-0.130138537,-0.160467164,-0.209991459,0.266580012,-0.207041967,-0.275221638,-0.070981797,-0.343511689,-0.089972778,-0.095493748,-0.202268101,-0.504890309,-0.101912448,-0.111478542,0.516764767,-0.192549632,-0.052437057,-0.215399346,-0.186887135,-0.275152965,-0.225693664,-0.091125796,-0.129401116,-0.230512847,1.876711486,-0.161492635,-0.188668509,-0.047999271,-0.224540743,-0.004234567,-0.120921906,-0.100681083,-0.144248806,2.287307736,-0.151956182,-0.121293958,-0.238289203,-0.171091077
2000/09/07,-0.054024469,-0.094913243,-0.068142653,-0.175859108,-0.11522706,0.665460213,-0.137038215,-0.39243215,-0.116496188,-0.06226948,-0.076409146,-0.131144227,-0.142862423,-0.186399165,-0.204719826,-0.107419101,-0.107191453,-0.125253122,-0.064680709,-0.08624063,-0.117167747,-0.219035474,-0.074941644,-0.132459945,-0.06190118,-0.288250359,-0.176611253,-0.272537745,-0.166203762,-0.190159297,-0.183536782,-0.176966408,-0.088622261,-0.168077708,-0.139696072,-0.19814998,-0.400671753,-0.247677772,-0.1241152,-0.138720218,-0.210689868,-0.222847048,-0.282924878,-0.331051476,-0.115045306,-0.16632463,-0.145769598,-0.200900416,-0.052076453,-0.058334401,-0.306173263,-0.117447798,-0.094132357,-0.07889364,-0.068933689,-0.108252557,-0.106922282,-0.040060342,-0.102713986,-0.091115427,-0.12217926,-0.124927466,0.093729897,-0.198186505,-0.205558477,-0.21150647,-0.085306426,-0.072286843,-0.087339525,-0.225210697,-0.130138537,-0.160467164,-0.209991459,-0.246123384,-0.207041967,-0.273071873,-0.070981797,-0.343511689,-0.089972778,-0.095493748,-0.202268101,-0.34758899,-0.101912448,-0.092974174,-0.180776007,-0.192549632,-0.052437057,-0.215399346,-0.186887135,-0.275152965,-0.225693664,-0.091125796,-0.129401116,-0.230512847,-0.354671543,-0.161492635,-0.188668509,-0.047999271,-0.224540743,-0.227692469,-0.120921906,-0.100681083,-0.144248806,-0.294415628,-0.151956182,-0.121293958,-0.238289203,-0.171091077
2000/09/21,-0.053093686,0.056498543,-0.042835139,-0.114588779,0.055826946,-0.081763688,-0.070339235,-0.206075018,-0.111073989,-0.06226948,-0.076409146,-0.116015327,-0.142862423,-0.081381757,-0.088898205,-0.026219016,0.634284118,0.011167426,1.202166948,0.265220702,0.239925688,-0.185574678,-0.019433719,-0.031213223,-0.050307133,0.249231628,0.170084794,-0.084174352,0.828849888,-0.04515221,-0.183536782,-0.118792297,-0.085121469,-0.14953867,-0.139696072,-0.041167182,-0.112917006,-0.151673226,-0.1241152,0.095703966,-0.210689868,-0.01195338,0.453091414,0.098761697,-0.066576744,-0.102948791,-0.129859062,0.322718176,-0.051419613,-0.057426226,0.291761196,-0.113924706,-0.055766752,-0.078030982,-0.052524357,-0.06452013,-0.068176034,-0.039552932,-0.080481034,-0.086091775,-0.122107803,-0.124784991,-0.120984965,-0.130784225,0.344841657,-0.031819997,0.744737151,-0.065716478,-0.051099832,0.089851233,-0.127981319,-0.146029631,-0.179325715,0.224840697,-0.156006722,-0.238135428,-0.038184708,-0.133305103,-0.088309722,-0.065656881,0.004739726,-0.031574674,-0.087212321,-0.108932215,-0.082128549,-0.064486782,-0.052426463,-0.215399346,0.470426657,-0.265206889,-0.13129124,-0.090497687,-0.129401116,-0.167294768,0.087432389,-0.096008712,0.074170009,-0.012482973,0.003885871,0.192551629,-0.113067821,-0.043743409,0.158943626,0.195287275,0.199613696,-0.08492083,0.173735408,-0.160283286
2000/10/07,-0.054024469,-0.094913243,-0.068142653,-0.175859108,-0.11522706,4.540441564,-0.137038215,-0.365313015,-0.116496188,-0.06226948,-0.076409146,-0.131144227,-0.142862423,-0.004368991,-0.204719826,-0.107419101,-0.107191453,-0.125253122,-0.064680709,-0.08624063,4.976130579,-0.219035474,-0.074941644,-0.132459945,-0.06190118,-0.288250359,-0.176611253,1.689711956,-0.166203762,-0.190159297,-0.183536782,-0.09610664,-0.088622261,-0.168077708,-0.139696072,0.322161276,-0.400671753,-0.247677772,-0.1241152,-0.138720218,6.147951077,-0.222847048,-0.282924878,-0.331051476,-0.115045306,-0.16632463,-0.145769598,-0.200900416,-0.052076453,-0.058334401,-0.306173263,-0.117447798,-0.094132357,-0.07889364,-0.068933689,-0.036514822,-0.106922282,-0.040060342,-0.102713986,-0.091115427,-0.12217926,-0.124927466,-0.137818369,-0.198186505,-0.27831091,-0.21150647,-0.085306426,-0.072286843,-0.030850031,-0.225210697,-0.130138537,-0.160467164,-0.209991459,-0.246123384,-0.207041967,-0.275221638,-0.070981797,3.560324909,-0.089972778,-0.095493748,-0.202268101,-0.190287671,-0.101912448,1.319525948,1.974546608,-0.192549632,-0.052437057,-0.215399346,-0.186887135,-0.275152965,-0.225693664,-0.091125796,-0.129401116,-0.230512847,-0.330090196,-0.161492635,-0.188668509,-0.047999271,-0.224540743,-0.183000888,-0.120921906,-0.100681083,-0.144248806,-0.22977586,-0.151956182,-0.121293958,-0.238289203,-0.171091077
2000/10/21,-0.054024469,-0.094913243,-0.068142653,-0.175859108,-0.11522706,23.15826163,-0.137038215,-0.365313015,-0.116496188,-0.06226948,-0.076409146,-0.131144227,-0.142862423,2.817098703,-0.204719826,-0.107419101,-0.107191453,-0.125253122,-0.064680709,-0.08624063,11.05643985,-0.219035474,-0.074941644,-0.132459945,-0.06190118,-0.288250359,-0.176611253,1.199149531,-0.166203762,-0.190159297,-0.183536782,-0.001770243,-0.088622261,0.013434213,-0.139696072,0.062005648,-0.400671753,-0.247677772,-0.1241152,-0.138720218,6.147951077,-0.222847048,0.01608174,-0.331051476,-0.115045306,-0.16632463,-0.145769598,-0.200900416,-0.052076453,-0.058334401,0.326540154,-0.117447798,-0.094132357,-0.07889364,-0.062883928,-0.090318123,-0.106922282,-0.040060342,-0.102713986,-0.091115427,-0.12217926,-0.124927466,-0.126320253,-0.198186505,0.594718282,-0.21150647,-0.085306426,-0.072286843,0.043292431,-0.225210697,-0.130138537,-0.160467164,-0.209991459,0.010228314,1.119874408,-0.274146756,-0.070981797,-0.343511689,-0.089972778,-0.095493748,-0.202268101,0.281616286,-0.101912448,2.605579552,11.88903064,0.888064949,-0.052437057,-0.215399346,-0.186887135,-0.273406468,-0.087284095,-0.091125796,0.193938717,-0.050548972,0.388801895,-0.161492635,-0.188668509,-0.047999271,-0.224540743,-0.127136413,-0.120921906,-0.100681083,-0.144248806,-0.232814482,-0.151956182,-0.121293958,-0.238289203,-0.171091077
2000/11/07,-0.054024469,-0.094913243,-0.068142653,-0.175859108,-0.11522706,-0.099767197,-0.137038215,-0.39243215,-0.116496188,-0.06226948,-0.076409146,-0.131144227,-0.142862423,-0.186399165,-0.204719826,-0.107419101,-0.107191453,-0.125253122,-0.064680709,-0.08624063,-0.300086623,-0.219035474,-0.074941644,-0.132459945,-0.06190118,-0.288250359,-0.176611253,-0.272537745,-0.166203762,-0.190159297,-0.183536782,-0.176966408,-0.088622261,-0.168077708,-0.139696072,-0.19814998,-0.400671753,-0.247677772,-0.1241152,-0.138720218,-0.210689868,-0.222847048,-0.282924878,-0.331051476,-0.115045306,-0.16632463,-0.145769598,-0.200900416,-0.052076453,-0.058334401,-0.306173263,-0.117447798,-0.094132357,-0.07889364,-0.068933689,-0.108252557,-0.106922282,-0.040060342,-0.102713986,-0.091115427,-0.12217926,-0.124927466,-0.137818369,-0.198186505,-0.27831091,-0.21150647,-0.085306426,-0.072286843,-0.084985796,-0.225210697,-0.130138537,-0.160467164,-0.209991459,-0.246123384,-0.207041967,-0.275221638,-0.070981797,-0.343511689,-0.089972778,-0.095493748,-0.202268101,0.438917605,-0.101912448,-0.111478542,-0.180776007,-0.192549632,-0.052437057,-0.215399346,-0.186887135,-0.275152965,-0.225693664,-0.058464123,-0.129401116,-0.230512847,-0.348959428,-0.161492635,-0.188668509,-0.047999271,-0.224540743,-0.227692469,-0.120921906,-0.100681083,-0.144248806,-0.314857264,-0.151956182,-0.121293958,-0.238289203,-0.171091077
2000/11/21,-0.054024469,-0.094913243,-0.068142653,-0.175859108,-0.11522706,-0.099767197,-0.137038215,-0.39243215,-0.116496188,-0.06226948,-0.076409146,0.894989838,-0.142862423,-0.186399165,-0.204719826,-0.107419101,-0.107191453,-0.125253122,-0.064680709,-0.08624063,-0.312960679,-0.219035474,-0.074941644,-0.132459945,-0.06190118,-0.288250359,-0.176611253,-0.272537745,-0.166203762,0.256456806,-0.183536782,-0.176966408,-0.088622261,-0.047069761,-0.139696072,0.148724191,-0.400671753,-0.247677772,-0.1241152,-0.138720218,-0.210689868,-0.222847048,-0.282924878,1.110902395,-0.115045306,-0.16632463,-0.145769598,-0.200900416,-0.052076453,-0.058334401,1.117431925,-0.117447798,-0.094132357,-0.07889364,-0.068933689,-0.072383689,-0.106922282,-0.040060342,-0.102713986,-0.091115427,-0.12217926,-0.124927466,-0.137818369,-0.198186505,-0.27831091,-0.21150647,-0.085306426,-0.072286843,-0.04526662,-0.225210697,-0.130138537,-0.160467164,-0.209991459,-0.246123384,-0.207041967,-0.275221638,-0.070981797,-0.343511689,-0.089972778,-0.095493748,-0.202268101,-0.504890309,-0.101912448,-0.111478542,-0.180776007,-0.192549632,-0.052437057,-0.215399346,-0.186887135,1.177932386,-0.170329837,0.055851731,-0.129401116,0.129414903,-0.351655033,-0.161492635,-0.188668509,-0.047999271,-0.224540743,-0.183000888,-0.120921906,-0.100681083,-0.144248806,-0.313752311,-0.151956182,-0.121293958,-0.238289203,-0.171091077
2000/12/07,-0.054024469,-0.094913243,-0.068142653,-0.175859108,-0.11522706,-0.099767197,-0.137038215,-0.365313015,-0.116496188,-0.06226948,-0.076409146,-0.131144227,-0.142862423,-0.186399165,-0.204719826,-0.107419101,-0.107191453,-0.125253122,-0.064680709,-0.08624063,-0.312960679,-0.219035474,-0.074941644,-0.132459945,-0.06190118,-0.288250359,-0.176611253,-0.272537745,-0.166203762,0.144802781,-0.183536782,-0.176966408,-0.088622261,-0.168077708,-0.139696072,0.148724191,-0.400671753,-0.247677772,-0.1241152,-0.138720218,-0.210689868,-0.222847048,-0.282924878,-0.331051476,-0.115045306,-0.16632463,-0.145769598,-0.200900416,-0.052076453,-0.058334401,-0.306173263,-0.117447798,-0.094132357,-0.07889364,-0.068933689,-0.108252557,-0.106922282,-0.040060342,-0.102713986,-0.091115427,-0.12217926,-0.124927466,-0.137818369,-0.198186505,-0.27831091,-0.21150647,-0.085306426,-0.072286843,-0.086456877,-0.225210697,-0.130138537,-0.160467164,-0.207163286,-0.246123384,-0.207041967,-0.275221638,-0.070981797,-0.343511689,-0.089972778,-0.095493748,-0.202268101,-0.504890309,-0.101912448,-0.111478542,-0.180776007,-0.192549632,-0.052437057,-0.215399346,-0.186887135,-0.275152965,-0.225693664,-0.091125796,-0.129401116,-0.230512847,-0.355505897,-0.161492635,-0.188668509,-0.047999271,-0.224540743,-0.227692469,-0.120921906,-0.100681083,-0.144248806,-0.312647357,-0.151956182,-0.121293958,-0.238289203,-0.171091077
2000/12/21,-0.054024469,-0.094913243,-0.068142653,-0.175859108,-0.11522706,-0.099767197,-0.137038215,-0.347233591,2.938009734,-0.06226948,-0.076409146,-0.131144227,-0.142862423,-0.186399165,-0.204719826,-0.107419101,-0.107191453,-0.125253122,-0.064680709,-0.08624063,-0.136300024,-0.219035474,-0.074941644,-0.132459945,-0.06190118,-0.288250359,-0.176611253,-0.272537745,-0.166203762,-0.190159297,-0.183536782,-0.141028733,-0.088622261,-0.168077708,-0.139696072,0.148724191,-0.400671753,-0.247677772,-0.1241152,-0.138720218,1.908857114,-0.222847048,-0.282924878,-0.331051476,-0.115045306,-0.16632463,-0.145769598,-0.200900416,26.18235128,-0.058334401,-0.306173263,-0.117447798,-0.094132357,-0.07889364,-0.068933689,-0.108252557,-0.106922282,-0.040060342,-0.102713986,-0.091115427,-0.12217926,-0.124927466,-0.137818369,-0.198186505,0.061200442,-0.21150647,-0.085306426,-0.068917425,4.094354151,-0.225210697,-0.129267611,-0.160467164,-0.121375346,-0.246123384,-0.207041967,-0.265905988,-0.070981797,0.957767177,-0.089972778,-0.095493748,-0.202268101,0.334050059,-0.101912448,-0.111478542,-0.180776007,-0.192549632,-0.052437057,-0.215399346,-0.186887135,-0.255359334,-0.225693664,-0.091125796,0.086158773,-0.230512847,3.629410751,-0.161492635,-0.188668509,-0.047999271,0.086814013,0.100045787,-0.120921906,-0.100681083,-0.144248806,-0.301229507,-0.151956182,-0.121293958,-0.238289203,-0.171091077
2001/01/07,-0.022769198,-0.094913243,-0.065158547,-0.024142104,-0.111411726,-0.091045,-0.075674276,-0.034500565,0.487691796,0.007385339,0.016225219,0.113852068,-0.031139384,-0.166895932,-0.151067439,-0.037669363,-0.091737965,0.2753543,-0.025203862,-0.07724285,-0.12791417,-0.147272001,-0.020535067,-0.119029257,-0.057799885,0.482831131,-0.071490586,-0.207370439,-0.121394409,0.314731262,-0.183536782,-0.114599059,-0.056114906,0.255390656,0.106312396,0.694290665,0.595731098,0.038158891,-0.1241152,-0.138720218,-0.210689868,-0.118965989,-0.264618351,0.655591564,0.041553261,-0.059803636,-0.088987884,0.286702082,-0.048002501,-0.02835022,-0.234676168,-0.117447798,-0.002109306,0.007313475,-0.067494337,-0.001447107,-0.022972078,-0.03951049,7.35E-05,0.767490406,-0.114808273,-0.093363126,-0.078953722,-0.078971588,0.018984235,-0.189374332,0.097729952,0.305303753,-0.060379333,-0.096613991,-0.117323473,-0.160467164,-0.184361321,-0.193806711,-0.080668979,0.01842048,-0.060105211,-0.203351267,0.419635147,0.961572576,-0.022654071,0.226293305,-0.092812369,0.869756504,-0.117222648,0.429496069,-0.052431227,-0.038346567,0.103136769,0.69698637,0.418767652,-0.086163592,-0.021621171,-0.139102625,0.002482729,0.131779045,-0.171492975,-0.047727705,0.11690811,-0.056631476,-0.119532748,-0.089235428,-0.104194914,-0.266773797,-0.043143728,-0.107221022,-0.027978508,-0.171091077
2001/01/21,-0.054024469,-0.094913243,-0.068142653,-0.175859108,-0.11522706,-0.099767197,-0.137038215,-0.297515177,-0.116496188,-0.06226948,-0.076409146,-0.131144227,-0.142862423,-0.186399165,-0.204719826,-0.107419101,-0.107191453,-0.125253122,-0.064680709,-0.08624063,-0.240007696,-0.219035474,-0.074941644,-0.132459945,-0.06190118,-0.288250359,-0.176611253,-0.272537745,-0.166203762,-0.190159297,-0.183536782,-0.16348978,-0.088622261,-0.168077708,-0.139696072,-0.19814998,-0.400671753,-0.247677772,-0.1241152,-0.138720218,-0.210689868,-0.222847048,-0.282924878,-0.331051476,-0.115045306,-0.16632463,-0.072336355,-0.200900416,-0.051885425,-0.058334401,-0.306173263,-0.117447798,-0.094132357,-0.07889364,-0.068933689,-0.108252557,-0.106922282,-0.040060342,-0.102713986,-0.091115427,-0.12217926,-0.124927466,-0.135042962,-0.198186505,-0.27831091,-0.21150647,-0.085306426,-0.072286843,-0.06350802,-0.225210697,-0.130138537,-0.160467164,-0.144943461,-0.246123384,-0.207041967,-0.148385476,-0.070981797,-0.343511689,-0.089972778,-0.095493748,-0.202268101,-0.032986352,-0.101912448,-0.111478542,-0.180776007,-0.192549632,-0.052437057,-0.215399346,-0.186887135,-0.243716022,-0.114966009,-0.091125796,-0.129401116,-0.230512847,-0.228876659,-0.161492635,-0.188668509,-0.047999271,-0.224540743,-0.227692469,-0.120921906,-0.100681083,-0.144248806,-0.308227544,-0.151956182,-0.121293958,-0.238289203,-0.171091077
2001/02/07,-0.054024469,-0.094913243,-0.068142653,-0.175859108,-0.11522706,-0.099767197,-0.137038215,-0.356273303,-0.116496188,-0.06226948,-0.076409146,-0.131144227,-0.142862423,-0.186399165,-0.204719826,-0.107419101,-0.107191453,-0.125253122,-0.064680709,-0.08624063,-0.285782117,-0.219035474,-0.074941644,-0.025014444,-0.06190118,-0.288250359,-0.176611253,-0.272537745,-0.166203762,-0.190159297,-0.074986169,-0.16798199,-0.088622261,-0.168077708,-0.139696072,0.090911829,-0.400671753,-0.247677772,-0.1241152,-0.138720218,-0.210689868,-0.222847048,-0.282924878,-0.331051476,-0.115045306,-0.16632463,-0.145769598,0.031818958,-0.052076453,-0.058334401,-0.306173263,-0.117447798,-0.094132357,-0.07889364,-0.068933689,-0.108252557,-0.106922282,-0.040060342,-0.102713986,-0.091115427,-0.12217926,-0.124927466,-0.137818369,-0.198186505,-0.27831091,-0.21150647,-0.085306426,-0.072286843,-0.009274182,-0.225210697,-0.129267611,-0.160467164,-0.101578129,-0.246123384,-0.207041967,1.57214348,-0.070981797,-0.343511689,-0.089972778,-0.095493748,-0.202268101,-0.295155217,-0.101912448,-0.111478542,-0.180776007,-0.192549632,-0.052437057,-0.215399346,-0.186887135,-0.256523666,0.900037496,-0.091125796,-0.129401116,-0.230512847,-0.338562096,-0.161492635,-0.188668509,-0.047999271,-0.224540743,-0.227692469,-0.120921906,-0.100681083,-0.144248806,-0.308043385,-0.151956182,-0.121293958,-0.238289203,-0.171091077
2001/02/21,-0.054024469,-0.094913243,-0.068142653,-0.175859108,-0.11522706,-0.099767197,-0.137038215,-0.067002531,-0.116496188,-0.06226948,-0.076409146,-0.131144227,-0.142862423,-0.186399165,-0.204719826,-0.107419101,-0.107191453,-0.125253122,-0.064680709,-0.08624063,-0.291503919,-0.219035474,-0.074941644,-0.132459945,-0.06190118,-0.288250359,-0.176611253,-0.272537745,-0.166203762,-0.190159297,-0.183536782,-0.176966408,-0.088622261,0.38855885,-0.139696072,0.322161276,5.921826914,-0.247677772,-0.1241152,-0.138720218,-0.210689868,-0.222847048,-0.282924878,1.110902395,-0.115045306,-0.16632463,-0.145769598,-0.200900416,-0.052076453,-0.058334401,-0.306173263,-0.117447798,-0.094132357,-0.07889364,-0.068933689,-0.108252557,-0.106922282,-0.040060342,-0.102713986,-0.091115427,-0.12217926,-0.124927466,-0.133060528,-0.198186505,-0.132806045,-0.21150647,-0.085306426,-0.072286843,0.068595017,-0.225210697,-0.130138537,-0.160467164,3.670263051,-0.246123384,-0.207041967,1.726210004,-0.070981797,-0.343511689,-0.089972778,0.292385533,-0.202268101,1.068122882,-0.101912448,-0.111478542,-0.180776007,-0.192549632,-0.052437057,-0.215399346,-0.186887135,-0.268166978,-0.225693664,-0.091125796,-0.129401116,-0.230512847,-0.354479,-0.161492635,-0.188668509,-0.047999271,-0.224540743,-0.227692469,-0.120921906,-0.100681083,-0.144248806,-0.199389645,-0.151956182,-0.121293958,-0.238289203,-0.171091077
2001/03/07,-0.054024469,-0.094913243,-0.068142653,-0.175859108,-0.11522706,-0.099767197,-0.137038215,-0.186326724,-0.116496188,-0.06226948,-0.076409146,-0.131144227,-0.142862423,-0.186399165,-0.204719826,-0.107419101,-0.107191453,-0.125253122,-0.064680709,-0.08624063,-0.246873859,-0.219035474,-0.002781342,-0.003525344,-0.06190118,-0.288250359,-0.176611253,-0.272537745,-0.166203762,-0.190159297,-0.053276046,-0.112278594,-0.088622261,-0.168077708,-0.139696072,-0.059400312,-0.400671753,-0.247677772,-0.1241152,-0.138720218,2.33276651,-0.222847048,-0.282924878,-0.331051476,-0.115045306,-0.16632463,-0.145769598,-0.200900416,-0.052000042,-0.058334401,-0.306173263,-0.117447798,-0.094132357,-0.07889364,-0.068127054,-0.079557463,-0.106922282,-0.037830597,-0.102713986,-0.065599947,-0.12217926,-0.124927466,-0.123544846,-0.198186505,-0.074604099,-0.21150647,-0.085306426,-0.072286843,0.222058144,-0.225210697,-0.128570869,-0.160467164,0.213103347,-0.246123384,-0.207041967,3.001880828,-0.070981797,0.437255631,-0.089972778,0.059657964,-0.202268101,-0.064446616,-0.101912448,-0.111478542,-0.180776007,-0.192549632,-0.052437057,-0.215399346,-0.186887135,-0.271659971,-0.070674947,-0.091125796,-0.129401116,0.273386004,1.894836218,-0.161492635,-0.188668509,-0.047999271,2.857871348,-0.227692469,-0.120921906,-0.100681083,-0.144248806,-0.280824702,-0.151956182,0.339735438,-0.238289203,-0.171091077
2001/03/21,-0.054024469,-0.094913243,-0.068142653,-0.175859108,-0.11522706,-0.099767197,-0.137038215,-0.311074745,-0.116496188,-0.06226948,-0.076409146,-0.131144227,-0.142862423,-0.186399165,-0.204719826,-0.107419101,-0.107191453,-0.125253122,-0.064680709,-0.08624063,-0.260659827,-0.219035474,0.015258734,-0.132459945,-0.06190118,-0.288250359,-0.176611253,-0.272537745,-0.166203762,-0.190159297,-0.183536782,-0.143274838,-0.088622261,-0.168077708,-0.139696072,-0.19814998,-0.400671753,-0.247677772,-0.1241152,-0.138720218,-0.210689868,-0.222847048,-0.282924878,-0.331051476,-0.115045306,-0.16632463,-0.145769598,-0.200900416,-0.052076453,-0.058334401,-0.306173263,-0.117447798,-0.094132357,-0.07889364,-0.068933689,-0.090318123,-0.106922282,-0.040060342,-0.102713986,-0.068333748,-0.12217926,-0.124927466,-0.119381735,-0.198186505,-0.205558477,-0.21150647,-0.085306426,-0.072286843,-0.040412054,-0.225210697,-0.130138537,-0.160467164,0.016262448,-0.246123384,-0.207041967,-0.246737246,-0.070981797,-0.343511689,-0.089972778,-0.095493748,-0.202268101,-0.111637012,-0.101912448,-0.111478542,-0.180776007,-0.18938826,-0.052437057,-0.215399346,-0.186887135,-0.270786723,-0.225693664,-0.089084441,-0.129401116,0.219396841,0.543670801,-0.161492635,-0.188668509,-0.047999271,-0.224540743,-0.093617728,-0.120921906,-0.100681083,-0.144248806,-0.277288852,-0.151956182,-0.121293958,-0.238289203,-0.171091077
2001/04/07,-0.054024469,-0.094913243,-0.068142653,-0.175859108,-0.11522706,-0.099767197,-0.137038215,-0.365313015,-0.116496188,-0.06226948,-0.076409146,-0.131144227,-0.142862423,-0.186399165,-0.204719826,-0.107419101,-0.107191453,-0.125253122,-0.064680709,-0.08624063,-0.312960679,-0.219035474,-0.074941644,-0.132459945,-0.06190118,-0.288250359,-0.176611253,-0.272537745,-0.166203762,-0.190159297,0.142115059,-0.176966408,-0.088622261,-0.168077708,-0.139696072,-0.19814998,-0.400671753,-0.247677772,-0.1241152,-0.138720218,-0.210689868,-0.222847048,-0.282924878,-0.331051476,-0.115045306,-0.16632463,-0.145769598,-0.200900416,-0.052076453,-0.058334401,-0.306173263,-0.117447798,-0.094132357,-0.07889364,-0.068933689,-0.108252557,-0.106922282,-0.040060342,-0.102713986,-0.091115427,-0.12217926,-0.124927466,-0.125923767,-0.198186505,0.012698821,-0.21150647,-0.085306426,-0.072286843,-0.064390668,-0.225210697,-0.130138537,-0.160467164,-0.207163286,-0.246123384,-0.207041967,-0.258023515,-0.070981797,-0.343511689,-0.089972778,-0.095493748,-0.202268101,-0.504890309,-0.101912448,-0.111478542,-0.180776007,-0.192549632,-0.052437057,-0.215399346,-0.186887135,-0.275152965,-0.225693664,-0.091125796,-0.129401116,-0.230512847,-0.354864086,-0.161492635,-0.188668509,-0.047999271,-0.224540743,-0.183000888,-0.120921906,-0.100681083,-0.144248806,-0.314857264,-0.151956182,-0.121293958,-0.238289203,-0.171091077
2001/04/21,-0.054024469,-0.094913243,-0.068142653,-0.175859108,-0.11522706,-0.099767197,-0.137038215,-0.28395561,-0.116496188,-0.06226948,-0.076409146,-0.131144227,-0.142862423,3.249420366,-0.204719826,-0.107419101,-0.107191453,-0.125253122,-0.064680709,-0.08624063,-0.312960679,-0.219035474,-0.074941644,-0.072021851,-0.06190118,-0.288250359,-0.176611253,9.906632581,-0.166203762,-0.190159297,-0.102123822,-0.150013152,-0.088622261,-0.168077708,-0.139696072,-0.176470344,-0.400671753,-0.247677772,-0.1241152,-0.138720218,-0.210689868,-0.222847048,-0.282924878,-0.150807242,-0.115045306,-0.16632463,-0.136590443,-0.026360885,-0.052076453,-0.058334401,-0.306173263,-0.117447798,-0.094132357,-0.07889364,-0.067925396,-0.094801731,-0.106922282,-0.040060342,-0.102713986,-0.091115427,-0.12217926,-0.124927466,-0.065360414,-0.198186505,-0.132806045,-0.21150647,-0.085306426,-0.072286843,-0.066266296,-0.225210697,-0.130138537,-0.160467164,-0.202213981,-0.246123384,-0.207041967,-0.181706841,-0.070981797,-0.343511689,-0.089972778,-0.095493748,-0.202268101,-0.504890309,-0.101912448,-0.111478542,-0.180776007,-0.192549632,-0.052437057,-0.215399346,-0.186887135,-0.273843092,-0.225693664,-0.089084441,-0.129401116,-0.230512847,-0.353243514,-0.161492635,-0.188668509,-0.047999271,-0.049403693,-0.227692469,-0.120921906,-0.100681083,-0.144248806,-0.310230272,-0.151956182,-0.121293958,-0.238289203,-0.171091077
2001/05/07,-0.054024469,-0.094913243,-0.068142653,-0.175859108,-0.11522706,-0.099767197,-0.137038215,-0.324634312,-0.116496188,-0.06226948,-0.076409146,-0.131144227,-0.142862423,-0.186399165,-0.204719826,-0.107419101,-0.107191453,-0.125253122,-0.064680709,-0.08624063,-0.312960679,-0.219035474,-0.074941644,-0.132459945,-0.06190118,-0.288250359,-0.176611253,-0.027256532,-0.166203762,-0.190159297,-0.183536782,-0.176966408,-0.088622261,-0.168077708,-0.139696072,-0.19814998,-0.400671753,-0.247677772,-0.1241152,-0.138720218,-0.210689868,-0.222847048,-0.282924878,-0.331051476,-0.115045306,-0.16632463,-0.072336355,-0.200900416,-0.052076453,-0.058334401,-0.306173263,-0.117447798,-0.094132357,-0.07889364,-0.068933689,-0.108252557,-0.106922282,-0.040060342,-0.102713986,-0.091115427,-0.12217926,-0.124927466,-0.011735581,-0.198186505,-0.27831091,-0.21150647,-0.085306426,-0.072286843,0.106107572,-0.225210697,-0.130138537,-0.160467164,-0.209991459,-0.246123384,-0.207041967,-0.229001681,-0.070981797,-0.343511689,-0.089972778,-0.095493748,-0.202268101,-0.504890309,-0.101912448,-0.111478542,-0.180776007,-0.192549632,-0.052437057,-0.215399346,-0.186887135,-0.275152965,-0.225693664,-0.091125796,-0.129401116,-0.230512847,-0.259876112,-0.161492635,-0.188668509,-0.047999271,-0.224540743,-0.227692469,-0.120921906,-0.100681083,-0.144248806,-0.314581025,-0.151956182,-0.121293958,-0.238289203,-0.171091077
2001/05/21,-0.054024469,-0.094913243,-0.068142653,-0.175859108,-0.11522706,0.063047146,-0.137038215,0.204188818,-0.116496188,-0.06226948,-0.076409146,-0.131144227,-0.142862423,-0.186399165,-0.204719826,-0.107419101,-0.107191453,-0.125253122,-0.064680709,-0.08624063,-0.235716344,-0.219035474,-0.074941644,-0.132459945,-0.06190118,-0.288250359,-0.176611253,-0.272537745,-0.166203762,-0.190159297,-0.183536782,-0.015246871,-0.088622261,-0.168077708,-0.139696072,-0.19814998,-0.400671753,-0.247677772,-0.1241152,-0.138720218,-0.210689868,-0.222847048,-0.282924878,-0.331051476,-0.098233532,-0.16632463,0.735429313,-0.200900416,-0.052076453,-0.058334401,-0.306173263,-0.117447798,-0.094132357,-0.07889364,-0.068933689,-0.108252557,-0.106922282,-0.040060342,-0.102713986,-0.091115427,-0.12217926,-0.123237272,-0.080724276,-0.198186505,-0.27831091,-0.21150647,-0.085306426,-0.072286843,0.045057728,-0.225210697,-0.130138537,-0.160467164,-0.193022416,-0.246123384,-0.207041967,-0.197830082,-0.070981797,-0.343511689,-0.089972778,-0.095493748,-0.202268101,-0.504890309,-0.101912448,-0.111478542,-0.180776007,-0.192549632,-0.052437057,-0.215399346,-0.186887135,-0.275152965,-0.114966009,-0.091125796,-0.129401116,-0.230512847,-0.261031371,-0.161492635,-0.188668509,-0.047999271,-0.224540743,-0.048926147,-0.120921906,-0.100681083,-0.144248806,-0.164583616,-0.151956182,-0.121293958,-0.238289203,-0.171091077
2001/06/07,-0.054024469,-0.094913243,-0.068142653,-0.175859108,-0.11522706,-0.099767197,-0.137038215,-0.378872582,-0.116496188,-0.06226948,-0.076409146,-0.131144227,-0.142862423,-0.186399165,-0.204719826,-0.107419101,-0.107191453,-0.125253122,-0.064680709,-0.08624063,-0.310815003,-0.219035474,-0.074941644,-0.132459945,-0.06190118,-0.288250359,-0.176611253,-0.272537745,-0.166203762,-0.190159297,-0.183536782,-0.176966408,-0.088622261,-0.168077708,-0.139696072,-0.19814998,-0.400671753,-0.247677772,-0.1241152,-0.138720218,-0.210689868,-0.222847048,-0.282924878,-0.331051476,-0.115045306,-0.16632463,-0.145769598,-0.200900416,-0.052076453,-0.058334401,-0.306173263,-0.117447798,-0.094132357,-0.07889364,-0.068933689,-0.108252557,-0.106922282,-0.040060342,-0.102713986,-0.091115427,-0.12217926,-0.124927466,-0.137818369,-0.198186505,-0.27831091,-0.21150647,-0.085306426,-0.072286843,-0.096460225,-0.225210697,-0.130138537,-0.160467164,-0.209991459,-0.246123384,-0.207041967,-0.26017328,-0.070981797,-0.343511689,-0.089972778,-0.095493748,-0.202268101,-0.504890309,-0.101912448,-0.111478542,-0.180776007,-0.192549632,-0.052437057,-0.215399346,-0.186887135,-0.275152965,-0.225693664,-0.091125796,-0.129401116,-0.230512847,-0.354607362,-0.161492635,-0.188668509,-0.047999271,-0.224540743,-0.227692469,-0.120921906,-0.100681083,-0.144248806,-0.312923596,-0.151956182,-0.121293958,-0.238289203,-0.171091077
2001/06/21,-0.049718036,-0.088485967,-0.068142653,0.222398027,-0.10980527,-0.095503012,-0.103232551,-0.298242966,0.031673722,-0.044995085,-0.048243292,-0.131144227,-0.114931663,-0.13779587,0.467459225,-0.107419101,-0.094608763,-0.120057925,-0.052305575,-0.085740753,-0.291806625,0.292140903,-0.074941644,-0.111354579,-0.057799885,0.448502161,-0.12405092,-0.032095414,0.032721163,-0.124422673,-0.043971707,-0.166041477,-0.088411174,-0.160603204,-0.139696072,-0.14783946,-0.370564617,-0.230697376,-0.1241152,-0.111928883,-0.210689868,-0.19252501,0.15622838,-0.297209701,-0.112672216,-0.151906235,-0.105264754,-0.167654791,-0.051831334,-0.057531253,-0.159078154,0.203880596,-0.093821708,-0.076223508,-0.061826477,-0.081952787,-0.092530819,-0.039688718,-0.095340813,-0.088511807,-0.12213994,-0.124383039,-0.124468768,-0.183284641,-0.200898033,-0.093892896,-0.073866653,-0.070944806,-0.091262407,-0.19306152,-0.115832825,-0.133654603,-0.16894446,-0.216608061,-0.191245344,-0.220769907,-0.070981797,0.201564816,-0.089972778,-0.095493748,-0.202268101,-0.355222206,0.041413797,-0.10729303,-0.180042904,-0.141570726,-0.052353108,-0.215399346,-0.186887135,-0.274064672,-0.185708678,-0.088948351,-0.129401116,-0.230512847,-0.34713825,-0.159063464,0.113424597,-0.046528288,-0.182576688,-0.095994185,-0.118838169,-0.099081828,-0.084995527,-0.169965453,-0.135010044,-0.106517375,-0.202340747,0.071042641
2001/07/07,-0.054024469,-0.094913243,-0.068142653,-0.175859108,-0.11522706,-0.099767197,-0.137038215,-0.39243215,-0.116496188,-0.06226948,-0.076409146,-0.131144227,-0.142862423,-0.186399165,-0.204719826,-0.107419101,-0.107191453,-0.125253122,-0.064680709,-0.08624063,-0.312960679,-0.219035474,-0.074941644,-0.132459945,-0.06190118,-0.288250359,-0.176611253,-0.272537745,-0.166203762,-0.190159297,0.142115059,-0.176966408,-0.088622261,-0.168077708,-0.139696072,-0.19814998,-0.400671753,-0.247677772,-0.1241152,-0.138720218,-0.210689868,-0.222847048,-0.282924878,-0.331051476,-0.115045306,-0.16632463,-0.145769598,0.497257707,-0.052076453,-0.058334401,-0.306173263,-0.117447798,-0.094132357,-0.07889364,-0.068933689,-0.072383689,-0.106922282,-0.040060342,-0.102713986,-0.091115427,-0.12217926,-0.124927466,-0.131474581,-0.198186505,-0.27831091,-0.21150647,-0.085306426,-0.072286843,-0.088222174,-0.225210697,-0.130138537,-0.160467164,-0.198678764,-0.246123384,-0.207041967,-0.266622577,-0.070981797,-0.343511689,-0.089972778,-0.095493748,-0.202268101,-0.504890309,-0.101912448,-0.111478542,-0.180776007,-0.192549632,-0.052437057,-0.215399346,-0.186887135,-0.275152965,-0.225693664,-0.091125796,-0.129401116,-0.230512847,-0.355505897,-0.161492635,-0.188668509,-0.047999271,-0.224540743,-0.227692469,-0.120921906,-0.100681083,-0.144248806,-0.301045348,-0.151956182,-0.121293958,-0.238289203,-0.171091077
2001/07/21,-0.049471093,-0.04492332,-0.068142653,-0.175859108,-0.114022218,-0.083668821,0.37120425,-0.258093426,-0.032581191,-0.06226948,-0.076216559,-0.128090256,-0.108486103,0.253507088,-0.190493814,-0.107419101,-0.105814559,-0.125253122,-0.055469444,-0.08624063,-0.291079729,-0.195579254,-0.069214636,0.040540102,-0.060875856,0.147802047,-0.176611253,0.31375623,-0.072771494,-0.123640627,-0.168460308,-0.130104657,-0.087637189,-0.163517132,-0.139696072,-0.113699108,-0.287769991,-0.102401052,-0.036730163,0.106867022,-0.002358327,-0.020700122,-0.031379628,-0.261506692,-0.113719933,-0.163817083,-0.03546432,-0.158419895,-0.05199607,-0.057901937,0.248979326,0.039581462,-0.091961957,-0.046184524,-0.067557288,-0.076667661,-0.106922282,-0.039931022,-0.099273172,-0.083087597,-0.122135025,-0.124681538,0.606024422,-0.198186505,-0.215226231,-0.107747731,-0.075296624,-0.07024421,-0.078534294,-0.187703324,-0.127981957,-0.117567066,-0.19793057,-0.004509039,-0.017482485,-0.240232447,-0.037989487,0.059265103,-0.084825223,-0.086258527,-0.202268101,-0.3074954,-0.026078456,-0.111478542,-0.180776007,-0.191635014,-0.052437057,-0.215399346,0.163141715,-0.275028215,0.308526712,-0.019536315,-0.119136359,-0.226227993,-0.33478074,-0.161367121,0.597512934,-0.047963062,-0.180061492,-0.119483184,-0.079594456,-0.031624583,-0.125711468,-0.225683684,-0.13565062,-0.044361906,-0.055465627,0.006465481
2001/08/07,-0.054024469,-0.094913243,-0.068142653,-0.175859108,-0.11522706,-0.099767197,-0.137038215,-0.039883396,-0.116496188,-0.06226948,-0.076409146,-0.131144227,-0.142862423,-0.186399165,-0.204719826,-0.107419101,-0.107191453,-0.125253122,-0.064680709,-0.08624063,-0.296868109,-0.219035474,-0.074941644,-0.132459945,-0.06190118,-0.288250359,-0.176611253,0.21802468,-0.166203762,-0.190159297,0.467766901,-0.042200127,-0.088622261,-0.168077708,-0.139696072,-0.19814998,-0.400671753,-0.247677772,-0.1241152,-0.138720218,-0.210689868,-0.222847048,-0.282924878,-0.331051476,-0.115045306,-0.16632463,-0.145769598,-0.200900416,-0.052076453,-0.058334401,-0.306173263,-0.117447798,-0.094132357,-0.07889364,-0.056834166,-0.036514822,-0.106922282,-0.040060342,-0.102713986,-0.091115427,-0.12217926,-0.124927466,-0.071208594,-0.198186505,-0.27831091,-0.21150647,-0.085306426,-0.072286843,-0.047031917,-0.225210697,-0.130138537,-0.160467164,-0.079895463,-0.246123384,-0.207041967,-0.266622577,-0.070981797,-0.343511689,-0.089972778,-0.095493748,-0.202268101,-0.504890309,-0.101912448,-0.111478542,-0.180776007,-0.192549632,-0.052437057,-0.215399346,-0.186887135,-0.275152965,-0.225693664,-0.091125796,-0.129401116,-0.230512847,-0.344210029,-0.161492635,-0.188668509,-0.047999271,-0.224540743,-0.227692469,-0.120921906,-0.100681083,-0.144248806,-0.156296467,-0.151956182,-0.121293958,-0.238289203,2.638934436
2001/08/21,-0.054024469,-0.094913243,-0.068142653,-0.175859108,-0.11522706,0.710234157,-0.137038215,-0.256836475,-0.116496188,-0.06226948,-0.076409146,-0.131144227,-0.142862423,0.769259248,-0.204719826,-0.107419101,-0.107191453,-0.125253122,-0.064680709,-0.08624063,-0.140233764,-0.219035474,-0.074941644,-0.132459945,-0.06190118,-0.288250359,-0.176611253,10.51983561,-0.166203762,-0.190159297,-0.183536782,-0.069153384,-0.088622261,-0.168077708,-0.139696072,-0.19814998,-0.400671753,-0.247677772,-0.1241152,-0.138720218,-0.210689868,-0.222847048,-0.282924878,-0.331051476,-0.115045306,-0.16632463,-0.145769598,-0.200900416,-0.052076453,-0.058334401,-0.306173263,-0.117447798,-0.094132357,-0.07889364,-0.068933689,-0.063416473,-0.106922282,-0.040060342,-0.102713986,-0.091115427,-0.12217926,-0.124927466,0.766766166,-0.198186505,-0.169182261,-0.21150647,-0.085306426,-0.072286843,-0.032100449,-0.225210697,-0.130138537,-0.160467164,0.241102268,-0.246123384,-0.207041967,-0.266622577,-0.070981797,0.632447461,-0.089972778,-0.095493748,-0.202268101,-0.268938331,-0.101912448,-0.111478542,-0.180776007,-0.192549632,-0.052437057,-0.215399346,-0.186887135,-0.267293729,-0.225693664,-0.091125796,-0.129401116,-0.230512847,0.087407621,-0.161492635,-0.188668509,-0.047999271,-0.224540743,-0.115963518,-0.120921906,-0.100681083,-0.144248806,5.291951971,-0.151956182,-0.121293958,-0.238289203,-0.171091077
2001/09/07,-0.054024469,-0.094913243,-0.068142653,-0.175859108,-0.11522706,3.549599994,-0.137038215,-0.252962313,-0.116496188,-0.06226948,-0.076409146,-0.131144227,-0.142862423,-0.056377612,-0.204719826,-0.107419101,-0.107191453,-0.125253122,-0.064680709,-0.08624063,-0.176710255,-0.219035474,-0.074941644,-0.074899855,-0.06190118,0.37720353,-0.176611253,0.498346066,-0.166203762,-0.190159297,-0.137015091,3.068975732,-0.088622261,-0.168077708,-0.139696072,0.024840558,-0.400671753,-0.247677772,-0.1241152,-0.138720218,2.514441965,-0.222847048,-0.282924878,0.904908985,-0.115045306,-0.16632463,-0.135279135,-0.200900416,-0.052076453,-0.058334401,-0.306173263,-0.117447798,-0.094132357,-0.07889364,-0.067781354,-0.031390698,-0.106922282,-0.040060342,-0.102713986,-0.091115427,-0.12217926,-0.124927466,0.126921502,-0.198186505,-0.215951682,-0.21150647,-0.085306426,-0.072286843,0.022655272,-0.225210697,-0.130138537,-0.160467164,0.02232282,-0.246123384,-0.207041967,-0.27460742,-0.070981797,0.771870196,-0.089972778,-0.095493748,-0.202268101,0.304087903,-0.101912448,-0.111478542,-0.180776007,-0.192549632,-0.052437057,-0.215399346,-0.186887135,-0.275152965,-0.225693664,-0.091125796,-0.129401116,-0.230512847,3.080601535,-0.161492635,0.05865918,-0.047999271,-0.157821867,-0.125540285,-0.120921906,-0.100681083,-0.144248806,3.847738558,-0.151956182,-0.121293958,-0.238289203,-0.171091077
2001/09/21,-0.054024469,-0.094913243,-0.068142653,-0.175859108,-0.11522706,-0.099767197,-0.137038215,-0.39243215,-0.116496188,-0.06226948,-0.076409146,-0.131144227,-0.142862423,-0.186399165,-0.204719826,-0.107419101,-0.107191453,-0.125253122,-0.064680709,-0.08624063,-0.312960679,-0.219035474,-0.074941644,-0.132459945,-0.06190118,-0.288250359,-0.176611253,-0.272537745,-0.166203762,-0.190159297,-0.183536782,-0.176966408,-0.088622261,-0.168077708,-0.139696072,-0.19814998,-0.400671753,-0.247677772,-0.1241152,-0.138720218,-0.210689868,-0.222847048,-0.282924878,-0.331051476,-0.115045306,-0.16632463,-0.145769598,-0.200900416,-0.052076453,-0.058334401,-0.306173263,-0.117447798,-0.094132357,-0.07889364,-0.068933689,-0.108252557,-0.106922282,-0.040060342,-0.102713986,-0.091115427,-0.12217926,-0.124927466,-0.137818369,-0.198186505,-0.27831091,-0.21150647,-0.085306426,-0.072286843,-0.09381228,-0.225210697,-0.130138537,-0.160467164,-0.176053373,-0.246123384,-0.207041967,-0.275221638,-0.070981797,-0.343511689,-0.089972778,-0.095493748,-0.202268101,-0.504890309,-0.101912448,-0.111478542,-0.180776007,-0.192549632,-0.052437057,-0.215399346,-0.186887135,-0.275152965,-0.225693664,-0.091125796,-0.129401116,-0.230512847,-0.35512081,-0.161492635,-0.188668509,-0.047999271,-0.224540743,-0.227692469,-0.120921906,-0.100681083,-0.144248806,-0.314857264,-0.151956182,-0.121293958,-0.238289203,-0.171091077
2001/10/07,-0.054024469,-0.094913243,-0.068142653,-0.175859108,-0.11522706,-0.002078591,-0.137038215,-0.311074745,-0.116496188,-0.06226948,-0.076409146,-0.131144227,-0.142862423,-0.186399165,-0.204719826,-0.107419101,-0.107191453,-0.125253122,-0.064680709,-0.08624063,-0.005592597,-0.219035474,-0.074941644,-0.132459945,-0.06190118,-0.288250359,-0.176611253,-0.272537745,-0.166203762,-0.190159297,-0.183536782,-0.176966408,-0.088622261,-0.168077708,-0.139696072,-0.024712895,-0.400671753,-0.247677772,-0.1241152,-0.138720218,-0.210689868,-0.222847048,0.01608174,-0.331051476,-0.115045306,-0.16632463,-0.145769598,-0.200900416,-0.052076453,-0.058334401,-0.306173263,-0.117447798,-0.094132357,-0.07889364,-0.068933689,-0.108252557,-0.106922282,-0.040060342,-0.102713986,-0.072890084,-0.12217926,-0.124927466,-0.129095661,-0.198186505,-0.27831091,-0.21150647,-0.085306426,-0.072286843,-0.068951018,-0.225210697,-0.130138537,-0.160467164,-0.204335112,-0.246123384,-0.207041967,-0.268772342,-0.070981797,-0.343511689,-0.089972778,-0.095493748,-0.202268101,-0.190287671,-0.101912448,-0.111478542,-0.180776007,-0.192549632,-0.052437057,-0.215399346,-0.186887135,-0.275152965,0.549399921,-0.091125796,-0.129401116,-0.230512847,-0.352296843,-0.161492635,0.965527376,-0.047999271,-0.224540743,-0.227692469,-0.120921906,-0.100681083,-0.144248806,-0.287785908,-0.151956182,-0.121293958,-0.238289203,-0.171091077
2001/10/21,-0.054024469,-0.094913243,-0.068142653,-0.175859108,-0.11522706,-0.099767197,-0.137038215,-0.274915898,-0.116496188,-0.06226948,-0.076409146,-0.131144227,-0.142862423,-0.186399165,-0.204719826,-0.107419101,-0.107191453,-0.125253122,-0.064680709,-0.08624063,-0.301517074,-0.219035474,-0.074941644,-0.132459945,-0.06190118,2.817201121,-0.176611253,-0.272537745,-0.166203762,-0.190159297,-0.183536782,-0.176966408,-0.088622261,-0.168077708,-0.139696072,-0.19814998,-0.400671753,-0.247677772,-0.1241152,-0.138720218,-0.210689868,-0.222847048,-0.282924878,-0.331051476,-0.115045306,-0.16632463,-0.096814103,-0.200900416,-0.052076453,-0.058334401,-0.306173263,-0.117447798,-0.094132357,-0.07889364,-0.068933689,-0.0604274,-0.106922282,-0.040060342,-0.102713986,-0.091115427,-0.12217926,-0.124927466,-0.137818369,-0.198186505,-0.084304423,-0.21150647,-0.085306426,-0.072286843,-0.089595182,-0.225210697,-0.130138537,-0.160467164,-0.209991459,-0.246123384,-0.207041967,-0.247274687,-0.070981797,-0.343511689,-0.089972778,-0.095493748,-0.202268101,-0.504890309,-0.101912448,-0.111478542,-0.180776007,-0.192549632,-0.052437057,-0.215399346,-0.186887135,-0.275152965,-0.225693664,-0.091125796,-0.129401116,-0.230512847,-0.245028893,-0.161492635,-0.188668509,-0.047999271,-0.224540743,-0.227692469,-0.120921906,-0.100681083,-0.144248806,-0.314673105,-0.151956182,-0.121293958,-0.238289203,-0.171091077
2001/11/07,-0.054024469,-0.094913243,-0.068142653,3.010197968,-0.11522706,0.18244433,-0.137038215,-0.067002531,-0.116496188,-0.06226948,-0.076409146,-0.131144227,-0.142862423,0.116984458,12.94011496,-0.107419101,-0.107191453,-0.125253122,-0.064680709,-0.08624063,2.613026114,-0.219035474,-0.014808059,-0.132459945,-0.06190118,-0.288250359,-0.176611253,-0.272537745,-0.166203762,-0.078505271,-0.183536782,-0.141028733,-0.088622261,-0.168077708,-0.139696072,-0.082525256,-0.400671753,-0.247677772,-0.1241152,-0.138720218,6.147951077,-0.222847048,-0.282924878,-0.331051476,-0.115045306,-0.16632463,0.099007877,-0.200900416,-0.052076453,-0.058334401,-0.306173263,-0.117447798,-0.094132357,-0.07889364,-0.062211732,0.142829515,-0.106922282,-0.040060342,-0.102713986,-0.091115427,-0.12217926,-0.124927466,-0.135703773,-0.198186505,0.012698821,-0.21150647,-0.085306426,-0.072286843,0.032406435,-0.225210697,-0.130138537,-0.160467164,-0.157198881,-0.246123384,-0.207041967,-0.268055754,-0.070981797,-0.343511689,-0.089972778,-0.095493748,-0.202268101,0.543785151,-0.101912448,-0.111478542,-0.180776007,-0.192549632,-0.052437057,-0.215399346,-0.186887135,-0.141254876,-0.225693664,-0.058464123,-0.129401116,0.369366737,0.626892246,-0.161492635,-0.188668509,-0.047999271,-0.224540743,-0.227692469,-0.120921906,-0.100681083,-0.144248806,0.378500926,-0.151956182,-0.121293958,-0.238289203,1.702259265
2001/11/21,-0.054024469,-0.094913243,-0.068142653,-0.175859108,-0.11522706,-0.099767197,-0.137038215,-0.324634312,-0.116496188,-0.06226948,-0.076409146,-0.131144227,-0.142862423,-0.186399165,10.19164951,-0.107419101,-0.107191453,-0.125253122,-0.064680709,-0.08624063,1.824132584,-0.219035474,-0.074941644,-0.132459945,-0.06190118,-0.288250359,-0.176611253,-0.272537745,-0.166203762,-0.190159297,-0.183536782,0.132996038,-0.088622261,-0.168077708,-0.139696072,0.062005648,-0.400671753,-0.247677772,-0.1241152,-0.138720218,-0.210689868,-0.222847048,-0.282924878,-0.331051476,-0.115045306,-0.16632463,-0.145769598,-0.200900416,-0.052076453,-0.058334401,-0.306173263,-0.117447798,-0.094132357,-0.07889364,-0.068933689,0.035222913,-0.106922282,-0.040060342,-0.102713986,-0.091115427,-0.12217926,-0.124927466,-0.137818369,-0.198186505,0.012698821,-0.21150647,-0.085306426,-0.072286843,-0.061448507,-0.225210697,-0.124912977,-0.160467164,0.164741575,-0.246123384,2.446790784,-0.269847225,-0.070981797,-0.343511689,-0.089972778,-0.095493748,-0.202268101,-0.190287671,-0.101912448,-0.111478542,-0.180776007,-0.192549632,-0.052437057,-0.215399346,-0.186887135,-0.254195003,-0.225693664,-0.091125796,8.924114191,-0.230512847,-0.340744252,-0.161492635,-0.188668509,-0.047999271,-0.224540743,-0.227692469,-0.120921906,-0.100681083,-0.144248806,-0.060718007,-0.151956182,-0.121293958,-0.238289203,-0.171091077
2001/12/07,-0.054024469,-0.094913243,-0.068142653,-0.175859108,-0.11522706,-0.099767197,-0.137038215,-0.39243215,-0.116496188,-0.06226948,-0.076409146,-0.131144227,-0.142862423,-0.186399165,-0.204719826,-0.107419101,-0.107191453,-0.125253122,-0.064680709,-0.08624063,0.071115319,-0.219035474,-0.074941644,-0.132459945,-0.06190118,-0.288250359,-0.176611253,-0.272537745,-0.166203762,-0.190159297,-0.183536782,-0.082630012,-0.088622261,-0.168077708,-0.139696072,-0.19814998,-0.400671753,-0.247677772,-0.1241152,-0.138720218,-0.210689868,-0.222847048,-0.282924878,-0.331051476,-0.115045306,-0.16632463,-0.145769598,-0.200900416,-0.052076453,-0.058334401,-0.306173263,-0.117447798,-0.094132357,-0.07889364,-0.068933689,-0.108252557,-0.106922282,-0.040060342,-0.102713986,-0.091115427,-0.12217926,-0.124927466,-0.137818369,-0.198186505,-0.205558477,-0.21150647,-0.085306426,-0.072286843,-0.094253604,-0.225210697,-0.130138537,-0.160467164,-0.004948856,-0.246123384,-0.207041967,-0.275221638,-0.070981797,-0.343511689,-0.089972778,-0.095493748,-0.202268101,-0.34758899,-0.101912448,-0.111478542,-0.180776007,-0.192549632,-0.052437057,-0.215399346,-0.186887135,-0.271659971,-0.225693664,-0.082960378,-0.129401116,-0.230512847,-0.355313353,-0.161492635,-0.188668509,-0.047999271,-0.224540743,-0.227692469,-0.120921906,-0.100681083,-0.144248806,-0.314581025,-0.151956182,-0.121293958,-0.238289203,-0.171091077
2001/12/21,-0.054024469,-0.094913243,-0.068142653,-0.175859108,-0.11522706,-0.099767197,-0.137038215,-0.33819388,-0.116496188,-0.06226948,-0.076409146,-0.131144227,-0.142862423,-0.186399165,-0.204719826,-0.107419101,-0.107191453,-0.125253122,-0.064680709,-0.08624063,-0.291503919,-0.219035474,-0.074941644,-0.132459945,-0.06190118,-0.288250359,-0.176611253,-0.272537745,-0.166203762,-0.078505271,-0.183536782,-0.176966408,-0.088622261,-0.168077708,-0.139696072,-0.19814998,-0.400671753,-0.247677772,-0.1241152,-0.138720218,-0.210689868,-0.222847048,-0.282924878,-0.331051476,-0.115045306,-0.16632463,-0.145769598,-0.200900416,-0.052076453,-0.058334401,-0.306173263,-0.117447798,-0.094132357,-0.07889364,-0.068933689,-0.108252557,-0.106922282,-0.040060342,-0.102713986,-0.091115427,-0.12217926,-0.124927466,-0.134646475,-0.198186505,-0.27831091,-0.21150647,-0.085306426,-0.06217859,-0.094400712,-0.225210697,-0.130138537,-0.160467164,-0.209991459,-0.246123384,-0.207041967,-0.275221638,-0.070981797,-0.343511689,-0.089972778,-0.095493748,-0.202268101,-0.190287671,-0.101912448,-0.111478542,-0.180776007,-0.192549632,-0.052437057,-0.215399346,-0.186887135,-0.275152965,-0.225693664,-0.091125796,-0.129401116,-0.230512847,-0.354992448,-0.161492635,-0.188668509,-0.047999271,-0.224540743,-0.115963518,-0.120921906,-0.100681083,-0.144248806,-0.314857264,-0.151956182,-0.121293958,-0.238289203,-0.171091077
2002/01/07,-0.054024469,-0.094913243,-0.068142653,-0.175859108,-0.11522706,-0.099767197,-0.137038215,-0.331414096,12.57145149,-0.06226948,-0.076409146,-0.131144227,-0.142862423,-0.186399165,-0.204719826,-0.107419101,-0.107191453,-0.125253122,-0.064680709,-0.08624063,0.025251495,-0.219035474,-0.074941644,-0.132459945,-0.06190118,-0.288250359,-0.176611253,-0.272537745,-0.166203762,4.862185375,-0.183536782,-0.170228094,-0.088622261,-0.168077708,-0.139696072,2.620202655,-0.400671753,-0.247677772,-0.1241152,-0.138720218,-0.210689868,-0.222847048,-0.282924878,-0.331051476,-0.115045306,-0.16632463,-0.145769598,2.591732073,-0.051312343,-0.058334401,-0.227084085,-0.117447798,-0.094132357,-0.07889364,-0.068933689,0.2414689,-0.106922282,-0.040060342,-0.102713986,-0.091115427,-0.12217926,-0.124927466,-0.137818369,-0.198186505,-0.241934694,-0.21150647,-0.085306426,7.751500481,-0.06314025,-0.225210697,-0.130138537,-0.160467164,-0.173225199,-0.246123384,-0.207041967,-0.273071873,-0.070981797,0.632447461,-0.089972778,0.098445892,-0.202268101,-0.032986352,-0.101912448,-0.111478542,-0.180776007,-0.192549632,-0.052437057,-0.215399346,-0.186887135,-0.274279717,-0.225693664,-0.091125796,0.193938717,-0.230512847,-0.339203907,-0.161492635,-0.188668509,-0.047999271,-0.224540743,-0.171827993,-0.120921906,-0.100681083,-0.144248806,-0.2725928,-0.151956182,-0.121293958,-0.238289203,-0.171091077
2002/01/21,-0.049043934,-0.078236003,-0.056405835,-0.022043252,-0.098932223,-0.097744658,-0.070267557,0.113060495,0.680331443,-0.027527101,-0.076409146,0.065222946,0.162881313,-0.162656099,-0.204719826,-0.100560766,-0.10650708,-0.09375181,-0.051928157,-0.08624063,-0.236994054,0.115154912,-0.068345965,-0.098424414,-0.060028849,0.147966906,0.01719399,-0.247790867,-0.121206282,0.119336338,-0.1629422,0.347906329,-0.086832083,-0.154540197,-0.114438,0.248240191,0.295378422,-0.013006017,1.074611227,0.024357475,-0.072458543,-0.071720863,-0.2462574,0.696635632,-0.107872166,-0.084541069,0.002009367,0.038142855,-0.046187623,0.038123908,-0.068020493,-0.074966452,-0.091025453,-0.030673871,-0.04105104,0.013730038,-0.096814565,-0.032572209,-0.082414334,-0.08101205,0.273888315,0.053857295,-0.070939001,-0.025101846,0.331685604,-0.138430546,-0.058548695,-0.067681462,-0.049474112,0.283208638,-0.113002975,0.555132287,-0.097164331,-0.205398616,-0.165991879,-0.191326253,-0.065990936,-0.31739907,-0.067979463,0.033200324,0.470210155,0.375642213,-0.099249382,-0.109221367,-0.153234913,0.253565918,-0.047004424,1.271324216,-0.186887135,0.092811271,-0.039287523,0.150688203,-0.129401116,-0.140491175,-0.238034986,-0.157635289,-0.188668509,-0.047872116,-0.065937751,-0.15086367,-0.118360791,-0.100212798,-0.134809643,-0.299401425,-0.139301648,-0.025100154,0.169915407,-0.082480621
2002/02/07,-0.049687397,-0.079563077,-0.057471231,-0.175859108,-0.112516165,-0.02290231,-0.047046043,0.635768701,0.461568692,-0.022696457,-0.04846372,0.062663393,0.539862498,-0.156720332,-0.172247408,-0.090388141,-0.107191453,-0.119719108,-0.062358739,-0.08624063,0.147123099,-0.063614552,0.007321847,0.450607078,0.024226022,-0.115135905,-0.176611253,-0.189253855,-0.125987264,0.026356275,-0.178817191,0.038818589,-0.084032042,0.055244171,0.078154801,0.002469688,0.056716737,-0.139150894,0.023182655,-0.118335507,-0.210689868,-0.167769335,-0.264074461,0.038841039,-0.092958533,0.082835597,-0.113700201,-0.079481612,-0.022384502,-0.057821085,-0.125916529,-0.021333753,-0.084791283,-0.069288904,-0.051226829,1.076354908,0.301148708,-0.039555995,0.612317088,0.807201547,-0.045057618,0.942042528,-0.06614823,0.340159552,1.141293401,0.247808798,-0.080432088,-0.071537269,-0.028113763,-0.060830559,-0.010522253,0.49795607,0.541695193,-0.235481869,0.079769771,0.070315319,-0.070981797,-0.257837428,-0.081591216,-0.093807317,0.064960331,0.069789271,-0.033543159,-0.087234499,-0.045591749,-0.007453864,-0.052198212,0.411042465,0.025412972,-0.096641308,-0.029238045,0.058632706,0.079866031,-0.07501611,-0.151516506,0.171786416,-0.169850098,-0.047533673,0.176594414,-0.087295673,-0.120034053,-0.100590895,-0.11946519,-0.291875608,-0.031498839,-0.021070176,-0.158651837,-0.073351059
2002/02/21,-0.054024469,-0.094913243,-0.068142653,-0.175859108,-0.11522706,-0.099767197,-0.137038215,-0.365313015,-0.116496188,-0.06226948,-0.076409146,-0.131144227,-0.142862423,-0.186399165,-0.204719826,-0.107419101,-0.107191453,-0.125253122,-0.064680709,-0.08624063,-0.035095641,-0.219035474,-0.074941644,0.028708306,-0.06190118,-0.288250359,-0.176611253,-0.272537745,-0.166203762,-0.190159297,-0.183536782,-0.176966408,-0.088622261,-0.168077708,-0.139696072,-0.19814998,-0.400671753,2.248440417,-0.1241152,-0.138720218,-0.210689868,-0.222847048,-0.282924878,-0.331051476,-0.115045306,-0.16632463,-0.145769598,-0.200900416,-0.052076453,-0.058334401,-0.306173263,-0.117447798,-0.094132357,-0.07889364,-0.068933689,-0.108252557,-0.106922282,-0.040060342,-0.102713986,-0.091115427,-0.12217926,-0.124927466,-0.137818369,-0.198186505,-0.27831091,-0.21150647,-0.085306426,-0.072286843,-0.104109844,-0.225210697,-0.130138537,-0.160467164,2.360818562,-0.246123384,-0.207041967,-0.239750508,-0.070981797,-0.343511689,-0.089972778,-0.095493748,-0.202268101,-0.190287671,-0.101912448,-0.111478542,-0.180776007,-0.192549632,-0.052437057,-0.215399346,-0.186887135,-0.273406468,-0.170329837,-0.091125796,-0.129401116,-0.230512847,-0.34908779,-0.161492635,-0.188668509,-0.047999271,-0.224540743,-0.205346678,-0.120921906,-0.100681083,-0.144248806,0.802250513,-0.151956182,0.853960534,-0.238289203,-0.171091077
2002/03/07,-0.049701216,1.020048041,0.2624444,-0.095941288,-0.047077514,-0.099767197,-0.11706594,0.133308711,-0.042942869,-0.027013425,-0.037240711,-0.059189006,0.027150898,-0.181122928,-0.146369389,-0.107419101,-0.106463067,-0.117590641,-0.064680709,-0.08624063,-0.162939178,0.117851012,0.163501094,-7.22E-04,-0.058156519,-0.119475822,-0.073248457,-0.233790423,-0.125002944,-0.125164705,0.185172259,-0.096344021,-0.080432414,0.164834446,-0.007091193,-0.10675231,0.392283765,-0.037580868,-0.087290736,-0.097950795,0.268512058,-0.019821222,-0.146805199,-0.305974017,-0.087150786,-0.086118769,-0.114783553,-0.200900416,-0.049087556,1.087183221,-0.248580118,-0.090896957,-0.08161747,1.11215574,0.046948811,-0.056646574,-0.106922282,-0.039391667,-0.064692415,-0.083707445,0.12571316,0.207309026,0.006488489,-0.079133565,-0.159944243,-0.121450219,-0.077807444,0.998855473,-0.041376982,-0.146181784,-0.094154118,0.327898075,0.594644492,-0.225718132,0.216032819,0.382131463,1.041267312,-0.155065619,-0.057494978,-0.062262396,0.585686219,0.072319604,0.055954141,-0.10336612,-0.096062457,0.333546893,1.083024822,0.333819557,-0.114979034,0.086815218,-0.079300471,-0.080392413,0.051013139,0.884721482,-0.24269321,-0.161415909,-0.188668509,-0.047999271,-0.014896943,0.719112611,0.464548944,-0.100681083,-0.042669305,-0.047181867,0.100390122,0.871178466,-0.065880889,-0.070844904
2002/03/21,-0.054024469,-0.094913243,-0.068142653,-0.175859108,-0.11522706,0.215007199,-0.137038215,-0.256836475,-0.116496188,-0.06226948,-0.076409146,-0.131144227,-0.142862423,-0.186399165,-0.204719826,-0.107419101,-0.107191453,-0.125253122,-0.064680709,-0.08624063,0.146929203,-0.219035474,-0.074941644,1.264331561,-0.06190118,-0.288250359,-0.176611253,-0.109016937,-0.166203762,-0.152941289,-0.183536782,-0.114075477,-0.088622261,-0.168077708,-0.139696072,-0.19814998,-0.400671753,-0.247677772,-0.1241152,-0.138720218,-0.210689868,-0.222847048,-0.282924878,0.630251105,-0.106639419,-0.16632463,0.025574635,-0.200900416,-0.050229855,-0.058334401,-0.306173263,-0.117447798,-0.094132357,-0.07889364,-0.068933689,0.585212212,-0.106922282,-0.040060342,-0.102713986,-0.091115427,-0.12217926,-0.124927466,-0.136232422,-0.198186505,0.303708551,-0.21150647,-0.085306426,-0.068917425,-0.104109844,-0.225210697,-0.130138537,-0.160467164,0.592267187,-0.246123384,-0.207041967,-0.034447907,-0.070981797,2.259046043,-0.089972778,-0.095493748,-0.202268101,-0.190287671,-0.101912448,-0.111478542,-0.180776007,-0.192549632,-0.052437057,-0.215399346,-0.186887135,-0.275152965,-0.225693664,-0.091125796,-0.129401116,-0.230512847,2.875625556,-0.161492635,-0.188668509,-0.047999271,-0.224540743,-0.227692469,-0.120921906,-0.100681083,-0.144248806,0.135227043,-0.151956182,2.242959356,-0.238289203,-0.171091077
2002/04/07,-0.054024469,-0.094913243,-0.068142653,-0.175859108,-0.11522706,-0.099767197,-0.137038215,-0.383392438,-0.116496188,-0.06226948,-0.076409146,-0.131144227,-0.142862423,-0.186399165,-0.204719826,-0.107419101,-0.107191453,-0.125253122,-0.064680709,-0.08624063,-0.257173104,-0.219035474,-0.074941644,-0.132459945,-0.06190118,-0.288250359,-0.176611253,-0.272537745,-0.166203762,-0.190159297,-0.183536782,-0.16798199,-0.088622261,-0.168077708,-0.139696072,-0.19814998,-0.400671753,-0.247677772,-0.1241152,-0.138720218,-0.210689868,-0.222847048,-0.282924878,-0.331051476,-0.115045306,-0.16632463,-0.145769598,-0.200900416,-0.052076453,-0.058334401,-0.306173263,-0.117447798,-0.094132357,-0.07889364,-0.068933689,-0.072383689,-0.106922282,-0.040060342,-0.102713986,-0.091115427,-0.12217926,-0.124927466,-0.134382151,-0.198186505,1.225239365,-0.21150647,-0.085306426,-0.072286843,-0.104109844,-0.225210697,-0.130138537,-0.160467164,-0.14682891,-0.246123384,-0.207041967,-0.062394858,-0.070981797,-0.343511689,-0.089972778,-0.095493748,-0.202268101,-0.504890309,-0.101912448,-0.111478542,-0.180776007,-0.192549632,-0.052437057,-0.215399346,-0.186887135,-0.273988634,-0.225693664,-0.091125796,-0.129401116,-0.230512847,0.081952231,-0.161492635,-0.188668509,-0.047999271,-0.068863365,-0.227692469,-0.120921906,-0.100681083,-0.144248806,-0.225171888,-0.151956182,-0.121293958,-0.238289203,-0.171091077
2002/04/21,-0.054024469,-0.094913243,-0.068142653,3.010197968,-0.11522706,0.323550094,-0.137038215,0.041474009,-0.116496188,-0.06226948,-0.076409146,-0.131144227,-0.142862423,-0.186399165,0.03427717,-0.107419101,-0.107191453,-0.125253122,-0.064680709,-0.08624063,-0.273265674,-0.219035474,-0.014808059,-0.025014444,-0.06190118,-0.288250359,-0.176611253,0.21802468,-0.166203762,-0.190159297,-0.183536782,-0.141028733,-0.088622261,-0.168077708,-0.139696072,-0.140337618,-0.400671753,-0.247677772,-0.1241152,-0.138720218,-0.210689868,-0.222847048,-0.282924878,0.149599814,-0.115045306,-0.16632463,-0.121291851,-0.200900416,-0.051184992,-0.058334401,-0.306173263,-0.117447798,-0.094132357,-0.07889364,-0.067589298,0.059135491,-0.106922282,-0.040060342,-0.102713986,-0.091115427,-0.12217926,-0.124927466,-0.135703773,-0.198186505,-0.084304423,-0.21150647,-0.085306426,-0.068917425,-0.104109844,-0.225210697,-0.127525757,-0.160467164,-0.176053373,-0.246123384,-0.207041967,0.063008127,0.355380362,-0.343511689,-0.089972778,-0.095493748,-0.202268101,-0.504890309,-0.101912448,-0.111478542,-0.180776007,-0.192549632,-0.052437057,-0.215399346,-0.186887135,-0.275152965,-0.225693664,-0.091125796,-0.129401116,-0.11053693,2.391315252,-0.161492635,-0.188668509,-0.047999271,-0.224540743,-0.138309308,-0.120921906,-0.100681083,-0.144248806,-0.268449226,-0.151956182,-0.003081292,-0.238289203,1.702259265
2002/05/07,-0.054024469,-0.094913243,-0.068142653,10.97534066,-0.11522706,0.632897344,-0.137038215,0.10475199,-0.116496188,-0.06226948,-0.076409146,-0.131144227,-0.142862423,1.027135327,4.814217093,-0.107419101,-0.107191453,-0.125253122,-0.064680709,-0.08624063,-0.150604531,-0.219035474,-0.074941644,-0.078737195,-0.06190118,1.264475381,-0.176611253,-0.109016937,-0.166203762,-0.152941289,-0.183536782,-0.150013152,-0.088622261,-0.168077708,-0.139696072,-0.140337618,-0.400671753,-0.247677772,-0.1241152,-0.138720218,-0.210689868,-0.222847048,-0.282924878,-0.331051476,-0.115045306,-0.16632463,0.07453013,-0.200900416,-0.047109741,-0.058334401,-0.306173263,-0.117447798,-0.094132357,-0.07889364,-0.067589298,-0.012602244,-0.106922282,-0.040060342,-0.102713986,-0.091115427,-0.12217926,-0.124927466,-0.136232422,-0.198186505,-0.27831091,-0.21150647,-0.085306426,-0.072286843,-0.104109844,-0.225210697,-0.128396684,-0.160467164,0.125618503,-0.246123384,0.67756895,0.357525995,0.497501081,-0.343511689,-0.089972778,-0.095493748,-0.202268101,-0.295155217,-0.101912448,-0.111478542,-0.180776007,-0.192549632,-0.052437057,-0.215399346,-0.186887135,-0.275152965,-0.225693664,-0.085682184,-0.129401116,0.129414903,0.984509131,-0.161492635,-0.188668509,-0.047999271,-0.224540743,-0.130860711,-0.120921906,-0.100681083,-0.144248806,-0.139353849,-0.151956182,-0.121293958,-0.238289203,1.702259265
2002/05/21,-0.05258088,-0.068668534,-0.059369382,-0.175859108,0.054782208,-0.090486779,-0.079232433,-0.11427764,-0.107097709,-0.057198609,-0.051067388,-0.113846538,-0.117836462,0.05367263,-0.079246403,-0.107419101,-0.101712475,-0.114391697,-0.063923783,-0.085820733,-0.140516686,-0.064840588,-0.056300233,-0.074654266,-0.054838749,0.115458334,-0.176611253,0.093468544,-0.079712177,-0.132790395,0.003604476,-0.11915039,-0.070562948,-0.123519124,-0.136210458,0.736890641,0.109644211,0.063742688,-0.042806784,-0.106570616,0.298001407,-0.19313145,0.369592994,-0.122448816,-0.106639419,-0.099147446,0.158341937,0.211012877,-0.05182688,-0.053848018,-0.042738512,-0.002641961,-0.0901481,-0.06857625,-0.030416873,-0.068663575,-0.094833453,-0.039800205,-0.093630237,-0.083643037,-0.119952137,-0.119021123,-0.094070625,-0.198186505,-0.152248266,-0.138819612,-0.085306426,-0.050383704,-0.044539851,-0.225210697,-0.105018025,-0.070376959,-0.17322897,0.018260667,0.128857435,0.188559344,-0.067855141,0.221986927,-0.085031125,-0.057998751,-0.19414402,-0.19040752,0.987876619,-0.107790005,0.04330962,0.061978676,-0.052384169,-0.215399346,-0.149084019,-0.126276586,-0.140285733,-0.070211438,0.731113958,-0.085890449,-0.059916097,0.043608435,-0.167508251,1.004394743,-0.139629853,-0.16280455,0.492280208,-0.094951984,0.017684115,-0.170981296,-0.081418319,-0.059823372,0.231813892,-0.082775989
2002/06/07,-0.054024469,-0.094913243,-0.068142653,-0.175859108,-0.11522706,-0.099767197,-0.137038215,-0.389042258,-0.116496188,-0.06226948,-0.076409146,-0.131144227,-0.142862423,-0.095384078,-0.204719826,-0.107419101,-0.107191453,-0.125253122,-0.064680709,-0.08624063,-0.312960679,-0.219035474,-0.074941644,-0.132459945,-0.06190118,-0.288250359,-0.176611253,-0.272537745,-0.166203762,-0.190159297,-0.183536782,-0.176966408,-0.088622261,-0.168077708,-0.139696072,-0.176470344,-0.400671753,-0.247677772,-0.1241152,-0.138720218,-0.210689868,-0.222847048,-0.282924878,-0.150807242,-0.115045306,-0.16632463,-0.145769598,-0.200900416,-0.052076453,-0.058334401,-0.306173263,-0.117447798,-0.094132357,-0.07889364,-0.068933689,-0.103768948,-0.106922282,-0.040060342,-0.102713986,-0.091115427,-0.12217926,-0.124927466,-0.135439449,-0.198186505,-0.27831091,-0.21150647,-0.085306426,-0.072286843,-0.104109844,-0.225210697,-0.130138537,-0.160467164,-0.209637938,-0.246123384,-0.207041967,-0.273071873,-0.070981797,-0.343511689,-0.089972778,-0.095493748,-0.202268101,-0.504890309,-0.101912448,-0.111478542,-0.180776007,-0.192549632,-0.052437057,-0.215399346,-0.186887135,-0.275152965,-0.225693664,-0.091125796,-0.129401116,-0.230512847,-0.355505897,-0.161492635,-0.188668509,-0.047999271,-0.224540743,-0.227692469,-0.120921906,-0.100681083,-0.144248806,-0.310092153,-0.151956182,-0.121293958,-0.238289203,-0.171091077
2002/06/21,-0.054024469,-0.094913243,-0.068142653,-0.175859108,-0.11522706,-0.099767197,-0.137038215,-0.17547907,-0.116496188,-0.06226948,-0.076409146,-0.131144227,-0.142862423,-0.186399165,4.814217093,-0.107419101,-0.107191453,-0.125253122,-0.064680709,-0.08624063,-0.293649595,-0.219035474,-0.074941644,-0.132459945,-0.06190118,-0.288250359,-0.176611253,-0.272537745,-0.166203762,-0.190159297,-0.183536782,-0.176966408,-0.088622261,-0.168077708,-0.139696072,-0.19814998,-0.400671753,-0.247677772,-0.1241152,-0.138720218,-0.210689868,-0.222847048,-0.282924878,-0.331051476,-0.115045306,-0.16632463,-0.145769598,-0.200900416,-0.051503371,-0.058334401,-0.306173263,-0.117447798,-0.094132357,-0.07889364,-0.068933689,0.142829515,-0.106922282,-0.040060342,-0.102713986,-0.091115427,-0.12217926,-0.124927466,-0.037110733,-0.198186505,-0.27831091,0.821326607,-0.085306426,-0.072286843,-0.104109844,-0.225210697,-0.130138537,-0.160467164,-0.209991459,-0.246123384,-0.207041967,-0.275221638,-0.070981797,-0.343511689,-0.089972778,-0.095493748,-0.202268101,-0.190287671,-0.101912448,-0.111478542,-0.180776007,-0.192549632,-0.052437057,-0.215399346,-0.186887135,-0.275152965,-0.225693664,-0.091125796,-0.129401116,-0.230512847,-0.333555973,-0.161492635,5.726585405,-0.047999271,-0.224540743,0.755522298,-0.120921906,-0.100681083,-0.144248806,-0.227013477,-0.151956182,-0.121293958,-0.238289203,2.638934436
2002/07/07,-0.054024469,-0.094913243,-0.068142653,-0.175859108,24.47801334,0.871691713,-0.137038215,0.005315162,-0.116496188,-0.06226948,-0.076409146,-0.131144227,-0.142862423,-0.186399165,0.03427717,-0.107419101,-0.107191453,-0.125253122,-0.064680709,-0.08624063,0.382238334,-0.219035474,-0.074941644,-0.132459945,-0.06190118,-0.288250359,-0.176611253,-0.109016937,-0.166203762,0.963598971,-0.183536782,-0.158997571,-0.088622261,-0.168077708,-0.139696072,-0.024712895,-0.400671753,-0.247677772,-0.1241152,-0.138720218,-0.210689868,-0.222847048,-0.282924878,0.149599814,-0.053402133,-0.16632463,-0.145769598,-0.200900416,-0.052076453,-0.058334401,-0.306173263,-0.117447798,-0.094132357,-0.07889364,-0.063556123,-0.072383689,-0.106922282,-0.040060342,-0.102713986,-0.054664741,-0.12217926,-0.12380067,0.510040991,-0.198186505,-0.27831091,-0.21150647,-0.085306426,-0.072286843,-0.104109844,-0.225210697,-0.130138537,-0.160467164,-0.209991459,-0.246123384,-0.207041967,-0.237242449,0.071138923,-0.343511689,-0.089972778,-0.095493748,-0.202268101,0.858387789,-0.101912448,0.100293674,2.073822074,-0.191016846,-0.052437057,-0.215399346,-0.186887135,-0.27049564,-0.078056791,-0.091125796,-0.129401116,0.129414903,-0.350243049,-0.161492635,0.003697472,-0.047999271,0.086814013,1.798325839,-0.120921906,-0.100681083,-0.144248806,0.029151527,5.857458896,-0.121293958,-0.238289203,-0.171091077
2002/07/21,-0.049471093,-0.04492332,-0.068142653,-0.175859108,-0.114022218,-0.083668821,0.37120425,-0.258093426,-0.032581191,-0.06226948,-0.076216559,-0.128090256,-0.108486103,0.253507088,-0.190493814,-0.107419101,-0.105814559,-0.125253122,-0.055469444,-0.08624063,-0.291079729,-0.195579254,-0.069214636,0.040540102,-0.060875856,0.147802047,-0.176611253,0.31375623,-0.072771494,-0.123640627,-0.168460308,-0.130104657,-0.087637189,-0.163517132,-0.139696072,-0.113699108,-0.287769991,-0.102401052,-0.036730163,0.106867022,-0.002358327,-0.020700122,-0.031379628,-0.261506692,-0.113719933,-0.163817083,-0.03546432,-0.158419895,-0.05199607,-0.057901937,0.248979326,0.039581462,-0.091961957,-0.046184524,-0.067557288,-0.076667661,-0.106922282,-0.039931022,-0.099273172,-0.083087597,-0.122135025,-0.124681538,0.606024422,-0.198186505,-0.215226231,-0.107747731,-0.075296624,-0.07024421,-0.078534294,-0.187703324,-0.127981957,-0.117567066,-0.19793057,-0.004509039,-0.017482485,-0.240232447,-0.037989487,0.059265103,-0.084825223,-0.086258527,-0.202268101,-0.3074954,-0.026078456,-0.111478542,-0.180776007,-0.191635014,-0.052437057,-0.215399346,0.163141715,-0.275028215,0.308526712,-0.019536315,-0.119136359,-0.226227993,-0.33478074,-0.161367121,0.597512934,-0.047963062,-0.180061492,-0.119483184,-0.079594456,-0.031624583,-0.125711468,-0.225683684,-0.13565062,-0.044361906,-0.055465627,0.006465481
2002/08/07,-0.054024469,-0.094913243,-0.068142653,-0.175859108,-0.11522706,-0.099767197,-0.137038215,-0.311074745,-0.116496188,-0.06226948,-0.076409146,-0.131144227,-0.142862423,-0.186399165,-0.204719826,-0.107419101,-0.107191453,-0.125253122,-0.064680709,-0.08624063,-0.311887841,-0.219035474,-0.074941644,-0.132459945,-0.06190118,-0.288250359,-0.176611253,-0.272537745,-0.166203762,-0.190159297,-0.183536782,-0.176966408,-0.088622261,-0.168077708,-0.139696072,-0.19814998,-0.400671753,-0.247677772,-0.1241152,-0.138720218,-0.210689868,-0.222847048,-0.282924878,-0.331051476,-0.115045306,-0.16632463,-0.145769598,-0.200900416,-0.052076453,-0.058334401,-0.306173263,-0.117447798,-0.094132357,-0.07889364,-0.068933689,-0.108252557,-0.106922282,-0.040060342,-0.102713986,-0.091115427,-0.12217926,-0.124927466,-0.129888634,-0.198186505,-0.132806045,-0.21150647,-0.085306426,-0.072286843,-0.104109844,-0.225210697,-0.130138537,-0.160467164,-0.209991459,1.548338501,-0.207041967,-0.26017328,-0.070981797,-0.343511689,-0.089972778,-0.095493748,-0.202268101,-0.504890309,-0.101912448,-0.111478542,-0.157263397,-0.192549632,-0.052437057,-0.215399346,-0.186887135,-0.275152965,-0.225693664,-0.091125796,-0.129401116,-0.230512847,-0.35512081,-0.161492635,-0.188668509,-0.047999271,-0.224540743,0.330952285,-0.120921906,-0.100681083,-0.144248806,-0.311542404,0.310306516,-0.121293958,-0.238289203,-0.171091077
2002/08/21,-0.054024469,0.692428046,-0.068142653,-0.175859108,-0.11522706,-0.099767197,-0.137038215,1.451669023,-0.116496188,-0.06226948,-0.076409146,-0.131144227,-0.142862423,-0.186399165,-0.204719826,-0.107419101,-0.107191453,-0.125253122,-0.064680709,-0.08624063,-0.312960679,-0.219035474,-0.074941644,-0.132459945,-0.06190118,-0.288250359,-0.176611253,-0.272537745,-0.166203762,0.814726936,-0.183536782,-0.09610664,-0.088622261,-0.168077708,-0.139696072,-0.024712895,-0.400671753,-0.247677772,-0.1241152,-0.138720218,-0.210689868,-0.222847048,-0.282924878,-0.331051476,-0.115045306,-0.16632463,-0.145769598,-0.200900416,-0.052076453,-0.058334401,-0.306173263,-0.117447798,-0.094132357,-0.07889364,-0.068933689,-0.072383689,-0.106922282,-0.040060342,-0.102713986,-0.091115427,-0.12217926,-0.124927466,-0.135439449,-0.198186505,-0.27831091,0.098343453,-0.085306426,-0.072286843,-0.104109844,-0.225210697,-0.130138537,-0.160467164,-0.209991459,0.010228314,-0.207041967,-0.159134304,-0.070981797,-0.343511689,-0.089972778,-0.095493748,-0.202268101,-0.504890309,-0.101912448,-0.105310419,-0.094563103,-0.192549632,-0.052437057,-0.215399346,-0.186887135,-0.275152965,-0.225693664,-0.091125796,-0.129401116,0.129414903,-0.350114687,-0.161492635,0.388429433,-0.047999271,-0.224540743,-0.227692469,-0.120921906,-0.100681083,-0.144248806,-0.293310675,0.104856428,-0.121293958,-0.238289203,-0.171091077
2002/09/07,-0.054024469,2.660781268,-0.068142653,-0.175859108,-0.11522706,-0.099767197,-0.137038215,-0.17547907,-0.116496188,-0.06226948,-0.076409146,-0.131144227,-0.142862423,-0.186399165,-0.204719826,-0.107419101,-0.107191453,-0.125253122,-0.064680709,-0.08624063,-0.289894662,-0.219035474,-0.074941644,-0.132459945,-0.06190118,-0.288250359,-0.176611253,0.21802468,-0.166203762,2.824499402,-0.183536782,-0.042200127,-0.088622261,-0.168077708,-0.139696072,-0.111431437,-0.400671753,-0.247677772,-0.1241152,-0.138720218,-0.210689868,-0.222847048,-0.282924878,-0.331051476,-0.026783489,-0.16632463,-0.145769598,-0.200900416,-0.052076453,-0.058334401,-0.227084085,-0.117447798,-0.094132357,-0.07889364,-0.068933689,-0.108252557,-0.106922282,-0.040060342,-0.102713986,-0.091115427,-0.12217926,-0.124927466,0.085403675,-0.198186505,-0.205558477,-0.21150647,-0.085306426,-0.072286843,-0.104109844,-0.225210697,-0.127525757,-0.160467164,-0.209991459,-0.246123384,-0.207041967,-0.08281763,0.142199282,-0.343511689,-0.089972778,-0.095493748,-0.202268101,0.596218924,-0.101912448,0.005715791,0.422714325,-0.192549632,-0.052437057,-0.215399346,-0.186887135,-0.275152965,-0.225693664,-0.091125796,-0.129401116,-0.230512847,-0.344017486,-0.161492635,7.530016476,-0.047999271,0.476007459,-0.160655098,-0.120921906,-0.100681083,-0.144248806,-0.013205015,0.798250475,-0.121293958,-0.238289203,-0.171091077
2002/09/21,-0.054024469,3.054451913,-0.068142653,-0.175859108,-0.11522706,-0.099767197,-0.137038215,-0.17547907,-0.116496188,-0.06226948,-0.076409146,-0.131144227,-0.142862423,-0.186399165,-0.204719826,-0.107419101,-0.107191453,-0.125253122,-0.064680709,-0.08624063,-0.312960679,-0.219035474,-0.074941644,-0.132459945,-0.06190118,-0.288250359,-0.176611253,-0.272537745,-0.166203762,1.931267195,-0.183536782,-0.176966408,-0.088622261,-0.168077708,-0.139696072,-0.19814998,-0.400671753,-0.247677772,-0.1241152,-0.138720218,-0.210689868,-0.222847048,-0.282924878,-0.331051476,-0.115045306,-0.16632463,-0.072336355,-0.200900416,-0.052076453,-0.058334401,-0.306173263,-0.117447798,-0.094132357,-0.07889364,-0.068933689,-0.108252557,-0.106922282,-0.040060342,-0.102713986,-0.091115427,-0.12217926,-0.124927466,-0.129095661,-0.198186505,-0.27831091,-0.21150647,-0.085306426,-0.072286843,-0.104109844,-0.225210697,-0.130138537,-0.160467164,-0.209991459,-0.246123384,-0.207041967,-0.197830082,-0.070981797,-0.343511689,-0.089972778,-0.095493748,-0.202268101,-0.504890309,-0.101912448,-0.111478542,-0.165100934,-0.192549632,-0.052437057,-0.215399346,-0.186887135,-0.275152965,-0.225693664,-0.091125796,-0.129401116,-0.230512847,-0.355505897,-0.161492635,-0.188668509,-0.047999271,-0.224540743,-0.227692469,-0.120921906,-0.100681083,-0.144248806,-0.309332497,-0.151956182,-0.121293958,-0.238289203,-0.171091077
2002/10/07,-0.054024469,-0.094913243,-0.068142653,-0.175859108,-0.11522706,-0.099767197,-0.137038215,-0.121240801,-0.116496188,-0.06226948,-0.076409146,-0.131144227,-0.142862423,-0.186399165,-0.204719826,-0.107419101,-0.107191453,-0.125253122,-0.064680709,-0.08624063,-0.312960679,-0.219035474,-0.074941644,-0.132459945,-0.06190118,-0.288250359,-0.176611253,-0.272537745,-0.166203762,1.038034988,-0.183536782,-0.176966408,-0.088622261,-0.168077708,-0.139696072,0.148724191,-0.400671753,-0.247677772,-0.1241152,-0.138720218,-0.210689868,-0.222847048,-0.282924878,-0.331051476,-0.115045306,-0.16632463,-0.145769598,-0.200900416,-0.052076453,-0.058334401,0.010183446,-0.117447798,-0.094132357,-0.07889364,-0.068933689,-0.108252557,-0.106922282,-0.040060342,-0.102713986,-0.091115427,-0.12217926,-0.124927466,-0.127509714,-0.198186505,-0.27831091,0.0467018,-0.085306426,-0.072286843,-0.104109844,-0.225210697,-0.130138537,-0.160467164,-0.209991459,-0.246123384,-0.207041967,-0.227926798,-0.070981797,-0.343511689,-0.089972778,-0.095493748,-0.202268101,-0.504890309,-0.101912448,0.153750738,0.148400538,-0.192549632,-0.052437057,-0.215399346,-0.186887135,-0.275152965,-0.170329837,-0.091125796,-0.129401116,-0.230512847,-0.354607362,-0.161492635,-0.188668509,-0.047999271,-0.224540743,-0.227692469,-0.120921906,-0.100681083,-0.144248806,-0.301045348,-0.151956182,-0.121293958,-0.238289203,-0.171091077
2002/10/21,-0.054024469,-0.094913243,-0.068142653,-0.175859108,-0.11522706,-0.099767197,-0.137038215,-0.155139719,-0.116496188,-0.06226948,-0.076409146,-0.131144227,-0.142862423,-0.186399165,-0.204719826,-0.107419101,-0.107191453,-0.125253122,-0.064680709,-0.08624063,-0.310815003,-0.219035474,-0.074941644,-0.072021851,-0.06190118,-0.288250359,-0.176611253,-0.027256532,-0.166203762,-0.078505271,-0.183536782,-0.156751466,-0.088622261,-0.168077708,-0.139696072,0.235442733,-0.400671753,-0.247677772,-0.1241152,-0.138720218,-0.210689868,-0.222847048,-0.282924878,-0.331051476,-0.115045306,-0.16632463,-0.017261423,-0.200900416,-0.052076453,-0.058334401,-0.306173263,-0.117447798,-0.094132357,-0.07889364,-0.066917102,0.017288479,-0.106922282,-0.040060342,-0.102713986,-0.091115427,-0.12217926,-0.124927466,-0.132664041,-0.198186505,-0.27831091,-0.21150647,-0.085306426,-0.02932677,-0.086824647,-0.225210697,-0.130138537,-0.160467164,-0.209991459,-0.246123384,-0.207041967,-0.265010252,0.035608743,-0.343511689,-0.089972778,-0.095493748,-0.202268101,-0.268938331,-0.101912448,-0.111478542,-0.180776007,-0.192549632,-0.052437057,-0.215399346,-0.186887135,-0.275152965,-0.225693664,-0.091125796,-0.129401116,-0.230512847,3.205099044,-0.161492635,-0.188668509,-0.047999271,-0.224540743,-0.227692469,-0.120921906,-0.100681083,-0.144248806,-0.312923596,-0.151956182,-0.121293958,-0.238289203,-0.171091077
2002/11/07,-0.054024469,-0.094913243,-0.068142653,2.213683699,-0.11522706,-0.099767197,-0.137038215,-0.121240801,-0.116496188,-0.06226948,-0.076409146,-0.131144227,-0.142862423,-0.186399165,-0.204719826,-0.107419101,-0.107191453,-0.125253122,-0.064680709,-0.08624063,-0.309742165,-0.219035474,-0.074941644,-0.132459945,-0.06190118,-0.288250359,-0.176611253,-0.027256532,-0.166203762,-0.190159297,-0.183536782,-0.150013152,-0.088622261,-0.168077708,-0.139696072,0.582316904,-0.400671753,-0.247677772,-0.1241152,-0.138720218,-0.210689868,-0.222847048,-0.282924878,-0.331051476,-0.115045306,-0.16632463,0.001096887,0.148178646,-0.051980939,-0.058334401,-0.306173263,-0.117447798,-0.094132357,-0.07889364,-0.068933689,0.017288479,-0.106922282,-0.040060342,-0.102713986,-0.091115427,-0.12217926,-0.124927466,-0.131474581,-0.198186505,-0.27831091,-0.21150647,-0.085306426,-0.067232716,-0.078954366,-0.225210697,-0.130138537,-0.160467164,-0.209991459,-0.246123384,-0.207041967,-0.266622577,-0.070981797,-0.343511689,11.58468151,-0.095493748,-0.202268101,-0.190287671,-0.101912448,-0.111478542,-0.180776007,-0.192549632,-0.052437057,-0.215399346,-0.186887135,-0.275152965,-0.225693664,-0.091125796,-0.129401116,-0.230512847,-0.059823738,-0.161492635,-0.188668509,-0.047999271,-0.224540743,-0.227692469,-0.120921906,-0.100681083,-0.144248806,-0.305465161,-0.151956182,-0.121293958,-0.238289203,-0.171091077
2002/11/21,-0.054024469,-0.094913243,-0.068142653,-0.175859108,-0.11522706,-0.099767197,-0.137038215,-0.121240801,-0.116496188,-0.06226948,-0.076409146,-0.131144227,-0.142862423,-0.186399165,-0.204719826,-0.107419101,-0.107191453,-0.125253122,-0.064680709,-0.08624063,-0.312960679,-0.219035474,-0.074941644,1.156886061,-0.06190118,-0.288250359,-0.176611253,-0.272537745,-0.166203762,-0.190159297,-0.183536782,-0.123059896,-0.088622261,-0.168077708,-0.139696072,-0.19814998,-0.400671753,-0.247677772,-0.1241152,-0.138720218,-0.210689868,-0.222847048,-0.282924878,-0.331051476,-0.115045306,-0.16632463,0.07453013,-0.200900416,-0.052076453,-0.058334401,-0.306173263,-0.117447798,-0.094132357,-0.07889364,-0.068933689,-0.036514822,-0.106922282,-0.040060342,-0.102713986,-0.091115427,-0.12217926,-0.124927466,-0.055349124,-0.198186505,-0.27831091,-0.056581508,-0.085306426,-0.072286843,-0.104109844,-0.225210697,-0.130138537,-0.160467164,-0.184537895,-0.246123384,-0.207041967,-0.172032896,-0.070981797,-0.343511689,-0.089972778,-0.095493748,-0.202268101,-0.504890309,-0.101912448,-0.111478542,-0.180776007,-0.192549632,-0.052437057,-0.215399346,-0.186887135,-0.275152965,-0.225693664,-0.091125796,-0.129401116,-0.230512847,1.017327048,-0.161492635,-0.188668509,-0.047999271,-0.224540743,-0.227692469,-0.120921906,-0.100681083,-0.144248806,-0.282813618,-0.151956182,-0.121293958,-0.238289203,-0.171091077
2002/12/07,-0.054024469,-0.094913243,-0.068142653,-0.175859108,-0.11522706,-0.099767197,-0.137038215,-0.331414096,-0.116496188,-0.06226948,-0.076409146,-0.131144227,-0.142862423,-0.186399165,0.153775668,-0.107419101,-0.107191453,-0.125253122,-0.064680709,-0.08624063,-0.22176945,-0.219035474,0.421160435,-0.031729788,-0.06190118,-0.288250359,-0.176611253,-0.272537745,-0.166203762,-0.190159297,-0.183536782,-0.12979821,-0.088622261,-0.168077708,-0.139696072,-0.154790709,-0.400671753,1.000381323,-0.1241152,-0.138720218,-0.210689868,-0.222847048,-0.282924878,-0.331051476,-0.115045306,-0.16632463,-0.145769598,-0.200900416,0.354573096,-0.058334401,-0.306173263,-0.117447798,-0.094132357,-0.07889364,-0.068933689,-0.063416473,-0.106922282,-0.040060342,-0.102713986,-0.091115427,-0.12217926,-0.124927466,0.038023507,-0.198186505,-0.023677396,-0.21150647,-0.085306426,-0.069759779,-0.104109844,-0.225210697,-0.130138537,-0.160467164,3.250986279,-0.246123384,0.456416221,0.407328895,-0.070981797,-0.343511689,-0.089972778,-0.095493748,-0.202268101,-0.42623965,-0.101912448,-0.111478542,-0.180776007,-0.192549632,-0.052437057,-0.215399346,-0.186887135,-0.269040226,-0.170329837,-0.087043087,-0.129401116,0.039432966,-0.224383984,-0.161492635,-0.188668509,-0.047999271,-0.10778271,-0.227692469,-0.120921906,-0.100681083,-0.144248806,-0.305188922,-0.151956182,-0.121293958,-0.238289203,-0.171091077
2002/12/21,-0.054024469,-0.094913243,-0.068142653,-0.175859108,-0.11522706,-0.099767197,-0.137038215,-0.094121666,-0.116496188,-0.06226948,-0.076409146,-0.131144227,-0.142862423,-0.186399165,-0.204719826,-0.107419101,-0.107191453,-0.125253122,-0.064680709,-0.08624063,0.057704844,-0.219035474,-0.074941644,-0.132459945,-0.06190118,-0.288250359,-0.176611253,-0.272537745,-0.166203762,-0.190159297,-0.183536782,-0.176966408,-0.088622261,-0.168077708,-0.139696072,0.148724191,1.179952914,-0.247677772,-0.1241152,-0.138720218,-0.210689868,-0.222847048,-0.282924878,-0.331051476,-0.115045306,-0.16632463,-0.145769598,-0.200900416,0.00981642,-0.058334401,-0.306173263,-0.117447798,-0.094132357,-0.07889364,-0.066917102,-0.090318123,-0.106922282,-0.040060342,-0.102713986,-0.091115427,-0.12217926,-0.124927466,-0.137818369,-0.198186505,-0.27831091,-0.21150647,-0.085306426,-0.072286843,-0.104109844,-0.225210697,-0.130138537,-0.160467164,3.363406189,-0.246123384,-0.207041967,0.209550473,-0.070981797,-0.343511689,-0.089972778,-0.095493748,-0.202268101,-0.34758899,-0.101912448,-0.111478542,-0.180776007,-0.192549632,-0.052437057,-0.215399346,-0.186887135,-0.243716022,-0.004238354,-0.046215996,-0.129401116,-0.230512847,-0.355505897,-0.161492635,-0.188668509,-0.047999271,-0.224540743,-0.227692469,-0.120921906,-0.100681083,-0.144248806,-0.310713689,-0.151956182,-0.121293958,-0.238289203,-0.171091077
2003/01/07,-0.054024469,-0.094913243,-0.068142653,-0.175859108,-0.11522706,-0.099767197,-0.137038215,0.023394585,-0.116496188,-0.06226948,-0.076409146,-0.131144227,-0.142862423,-0.186399165,-0.204719826,-0.107419101,-0.107191453,-0.125253122,-0.064680709,-0.08624063,-0.263610132,-0.219035474,-0.074941644,-0.132459945,-0.06190118,1.264475381,-0.176611253,-0.272537745,-0.166203762,0.033148755,-0.183536782,-0.150013152,-0.088622261,-0.168077708,-0.139696072,-0.19814998,0.653078025,1.416401021,-0.1241152,-0.138720218,-0.210689868,-0.222847048,-0.282924878,1.591553685,-0.115045306,-0.16632463,-0.047858608,0.264538333,-0.052076453,0.571333402,-0.306173263,-0.117447798,-0.094132357,-0.07889364,-0.064900515,0.07109178,-0.106922282,-0.040060342,-0.102713986,-0.091115427,-0.12217926,-0.124927466,-0.08918266,-0.198186505,0.158203686,-0.21150647,-0.085306426,-0.072286843,-0.062625371,-0.225210697,-0.130138537,-0.160467164,-0.18359517,-0.246123384,-0.207041967,1.117826379,-0.070981797,-0.343511689,-0.089972778,-0.095493748,-0.202268101,1.277857974,-0.101912448,-0.111478542,-0.180776007,-0.192549632,-0.052437057,-0.215399346,-0.186887135,1.085950221,-0.188784446,-0.091125796,-0.129401116,-0.230512847,-0.334240571,-0.161492635,-0.188668509,-0.047999271,3.823071093,-0.227692469,-0.120921906,-0.100681083,-0.144248806,-0.314120628,-0.151956182,-0.121293958,-0.238289203,-0.171091077
2003/01/21,-0.054024469,-0.094913243,-0.068142653,-0.175859108,-0.11522706,-0.099767197,-0.137038215,-0.012764261,-0.116496188,-0.06226948,-0.076409146,-0.131144227,1.030229491,0.359691357,-0.204719826,-0.107419101,-0.107191453,-0.125253122,-0.064680709,-0.08624063,-0.308669327,-0.219035474,-0.074941644,0.351044807,-0.06190118,-0.288250359,-0.176611253,-0.272537745,-0.166203762,-0.134332284,-0.183536782,-0.176966408,-0.088622261,-0.168077708,-0.139696072,-0.024712895,-0.400671753,-0.247677772,2.416772803,-0.138720218,-0.210689868,-0.222847048,-0.282924878,-0.331051476,-0.115045306,-0.16632463,-0.035619734,-0.200900416,-0.052076453,2.066794432,-0.306173263,-0.117447798,-0.094132357,-0.050857255,-0.06086734,0.124895081,-0.106922282,-0.040060342,-0.102713986,-0.091115427,-0.12217926,-0.124927466,-0.117201058,-0.198186505,-0.27831091,-0.21150647,-0.085306426,-0.072286843,-0.104109844,-0.225210697,-0.130138537,-0.160467164,0.127975315,-0.246123384,-0.207041967,-0.227926798,-0.070981797,-0.343511689,-0.089972778,-0.095493748,-0.202268101,-0.190287671,-0.101912448,-0.111478542,-0.180776007,-0.192549632,-0.052437057,-0.215399346,-0.186887135,-0.200053602,-0.225693664,-0.091125796,-0.129401116,0.309378779,0.004742412,-0.161492635,-0.188668509,-0.047999271,-0.224540743,-0.227692469,-0.120921906,-0.100681083,-0.144248806,-0.161268756,-0.151956182,-0.121293958,-0.238289203,-0.171091077
2003/02/07,-0.042219421,-0.094913243,-0.068142653,-0.175859108,-0.11522706,-0.099767197,-0.137038215,-0.057962819,-0.116496188,-0.06226948,-0.076409146,0.210900462,-0.142862423,-0.186399165,-0.204719826,-0.107419101,-0.107191453,-0.125253122,-0.064680709,-0.08624063,-0.048684922,-0.219035474,-0.074941644,-0.132459945,-0.06190118,-0.288250359,-0.176611253,-0.272537745,-0.166203762,-0.078505271,-0.183536782,-0.176966408,-0.088622261,-0.168077708,-0.139696072,-0.140337618,-0.400671753,-0.247677772,-0.1241152,-0.138720218,-0.210689868,-0.222847048,-0.282924878,0.149599814,-0.115045306,-0.16632463,-0.145769598,-0.200900416,-0.052076453,-0.058334401,-0.200721026,-0.117447798,-0.094132357,-0.07889364,-0.068933689,-0.096296268,-0.106922282,-0.040060342,-0.102713986,-0.01213894,-0.12217926,-0.124927466,-0.120637276,-0.198186505,-0.229809288,-0.21150647,-0.085306426,-0.072286843,-0.104109844,-0.225210697,-0.129267611,-0.160467164,-0.209991459,-0.246123384,-0.207041967,-0.062394858,-0.070981797,-0.343511689,-0.089972778,-0.095493748,-0.202268101,0.334050059,-0.101912448,-0.086806051,0.987016974,-0.192549632,-0.052437057,-0.215399346,-0.186887135,-0.260016659,0.309490002,-0.091125796,-0.129401116,-0.11053693,1.777744286,-0.161492635,-0.188668509,-0.047999271,-0.224540743,-0.227692469,-0.120921906,-0.100681083,-0.144248806,-0.275631422,-0.014989457,-0.121293958,-0.238289203,-0.171091077
2003/02/21,-0.054024469,-0.094913243,-0.068142653,-0.175859108,-0.11522706,-0.099767197,-0.137038215,0.538658148,-0.116496188,-0.06226948,-0.076409146,0.039878118,-0.142862423,-0.186399165,-0.204719826,-0.107419101,-0.107191453,-0.125253122,-0.064680709,-0.08624063,-0.287927793,-0.219035474,-0.074941644,-0.132459945,-0.06190118,-0.288250359,-0.176611253,-0.272537745,-0.166203762,-0.152941289,-0.183536782,-0.16798199,-0.088622261,-0.168077708,-0.139696072,1.883095043,-0.400671753,3.080479814,-0.1241152,-0.138720218,-0.210689868,-0.222847048,-0.282924878,-0.331051476,-0.115045306,-0.16632463,-0.096814103,-0.200900416,-0.051376019,-0.018980163,-0.306173263,0.24895381,-0.094132357,-0.07889364,-0.063556123,-0.048471111,-0.106922282,-0.040060342,-0.102713986,-0.091115427,-0.12217926,-0.124927466,-0.097112396,-0.198186505,-0.084304423,-0.21150647,-0.085306426,-0.065548008,-0.098519738,-0.225210697,-0.130138537,-0.160467164,-0.112890824,-0.246123384,1.562179867,0.118185441,-0.070981797,-0.343511689,-0.089972778,-0.095493748,-0.202268101,-0.504890309,-0.101912448,-0.111478542,-0.180776007,-0.192549632,-0.052437057,0.610846953,-0.186887135,-0.27049564,0.032670864,-0.085682184,-0.129401116,0.24939082,-0.355505897,-0.161492635,-0.188668509,-0.047999271,-0.224540743,-0.227692469,-0.120921906,-0.100681083,-0.144248806,-0.311726563,-0.151956182,-0.121293958,-0.238289203,-0.171091077
2003/03/07,-0.054024469,-0.094913243,-0.068142653,-0.175859108,-0.11522706,-0.099767197,-0.137038215,0.127351269,-0.116496188,-0.06226948,-0.076409146,-0.045633055,0.639198853,-0.186399165,-0.204719826,-0.107419101,-0.107191453,-0.125253122,-0.064680709,-0.08624063,-0.191551181,-0.219035474,4.194542913,-0.10559857,-0.06190118,-0.288250359,-0.176611253,-0.272537745,-0.166203762,-0.171550293,-0.183536782,-0.16798199,-0.088622261,-0.168077708,-0.139696072,0.322161276,0.653078025,-0.247677772,-0.1241152,-0.138720218,0.849083623,-0.222847048,-0.282924878,-0.331051476,-0.115045306,-0.16632463,-0.145769598,-0.200900416,-0.052076453,0.079405431,-0.306173263,-0.117447798,-0.094132357,-0.07889364,2.48339356,0.089026214,-0.106922282,-0.040060342,-0.102713986,-0.091115427,-0.12217926,-0.118730088,-0.076495084,-0.198186505,-0.229809288,-0.108223162,-0.085306426,-0.072286843,-0.104109844,-0.225210697,-0.130138537,-0.160467164,-0.160969779,-0.246123384,-0.207041967,0.151148511,-0.070981797,-0.343511689,-0.089972778,-0.095493748,-0.202268101,0.019447421,-0.101912448,-0.111478542,-0.180776007,-0.192549632,-0.052437057,0.197723804,-0.186887135,-0.273988634,-0.151875228,-0.091125796,-0.129401116,-0.230512847,-0.353687433,-0.161492635,-0.188668509,-0.047999271,-0.224540743,-0.227692469,-0.120921906,-0.100681083,-0.144248806,-0.312463198,-0.151956182,-0.121293958,-0.238289203,-0.171091077
2003/03/21,-0.054024469,-0.094913243,-0.068142653,-0.175859108,-0.11522706,-0.099767197,-0.137038215,-0.094121666,-0.116496188,-0.06226948,-0.076409146,-0.131144227,0.795611108,-0.186399165,-0.204719826,-0.107419101,-0.107191453,-0.125253122,-0.064680709,-0.08624063,-0.312960679,-0.219035474,-0.038861493,-0.100226295,-0.06190118,-0.288250359,-0.176611253,-0.272537745,-0.166203762,-0.100836077,-0.183536782,-0.133841198,-0.088622261,-0.168077708,-0.139696072,-0.19814998,0.231578114,1.749216779,-0.1241152,-0.138720218,-0.210689868,-0.222847048,-0.282924878,-0.331051476,-0.115045306,-0.16632463,0.001096887,-0.200900416,-0.052076453,0.059728312,0.326540154,-0.117447798,-0.094132357,-0.07889364,9.692961818,-0.036514822,-0.106922282,-0.040060342,-0.102713986,-0.091115427,-0.12217926,-0.124251388,-0.121165925,-0.198186505,-0.161907018,-0.21150647,-0.085306426,-0.072286843,-0.099167013,-0.225210697,-0.130138537,-0.160467164,-0.191325512,-0.246123384,8.815989388,-0.017679736,-0.070981797,-0.343511689,-0.089972778,-0.095493748,-0.202268101,0.250156022,-0.101912448,-0.111478542,-0.180776007,-0.192549632,-0.052437057,0.280348434,-0.186887135,-0.275152965,-0.225693664,-0.091125796,-0.129401116,-0.230512847,-0.355505897,-0.161492635,-0.188668509,-0.047999271,-0.224540743,-0.227692469,-0.120921906,-0.100681083,-0.144248806,-0.310879432,-0.151956182,-0.121293958,-0.238289203,-0.171091077
2003/04/07,-0.054024469,-0.094913243,-0.068142653,-0.175859108,-0.11522706,-0.099767197,-0.137038215,-0.302035033,-0.116496188,-0.06226948,-0.076409146,-0.131144227,0.639198853,-0.186399165,-0.204719826,-0.107419101,-0.107191453,-0.125253122,-0.064680709,-0.08624063,-0.312960679,-0.219035474,-0.074941644,-0.132459945,-0.06190118,-0.288250359,-0.176611253,-0.272537745,-0.166203762,-0.171550293,-0.183536782,-0.158997571,-0.088622261,-0.168077708,-0.139696072,-0.169243799,0.126203136,-0.247677772,-0.1241152,-0.138720218,-0.210689868,0.130910073,-0.282924878,-0.331051476,-0.115045306,-0.16632463,-0.145769598,-0.200900416,-0.052044615,-0.038657282,-0.306173263,-0.117447798,-0.094132357,-0.07889364,24.22825376,-0.090318123,-0.106922282,-0.040060342,-0.102713986,-0.091115427,-0.12217926,-0.124927466,-0.13200323,-0.198186505,-0.27831091,-0.21150647,-0.085306426,-0.072286843,0.200452874,-0.225210697,-0.130138537,-0.160467164,-0.2019783,-0.246123384,0.235263491,-0.269847225,-0.070981797,-0.343511689,-0.089972778,-0.095493748,-0.202268101,-0.295155217,-0.101912448,-0.111478542,-0.180776007,-0.192549632,-0.052437057,-0.215399346,-0.186887135,-0.272242137,-0.225693664,-0.091125796,-0.129401116,-0.230512847,-0.347119571,-0.161492635,-0.188668509,-0.047999271,-0.224540743,-0.227692469,-0.120921906,-0.100681083,-0.144248806,-0.314488946,-0.151956182,-0.121293958,-0.238289203,-0.171091077
2003/04/21,-0.054024469,-0.094913243,-0.068142653,-0.175859108,-0.11522706,-0.099767197,-0.137038215,-0.270396043,-0.116496188,-0.06226948,-0.076409146,-0.131144227,2.203321406,1.087812052,-0.204719826,-0.107419101,-0.107191453,-0.125253122,-0.064680709,-0.08624063,-0.214259585,-0.219035474,-0.074941644,-0.132459945,-0.06190118,-0.288250359,-0.176611253,-0.272537745,-0.166203762,-0.190159297,-0.183536782,0.213855807,-0.088622261,-0.168077708,-0.139696072,-0.19814998,-0.400671753,-0.247677772,-0.1241152,-0.138720218,-0.210689868,-0.222847048,-0.282924878,-0.331051476,-0.115045306,-0.16632463,-0.145769598,-0.200900416,-0.052076453,-0.058334401,-0.306173263,-0.117447798,-0.094132357,-0.07889364,-0.068933689,-0.072383689,-0.106922282,-0.040060342,-0.102713986,1.831658272,-0.12217926,-0.124927466,0.029102555,-0.198186505,-0.27831091,-0.21150647,-0.085306426,-0.072286843,-0.104109844,-0.225210697,-0.130138537,-0.160467164,3.900759219,-0.246123384,-0.207041967,-0.234376095,-0.070981797,-0.343511689,-0.089972778,-0.095493748,-0.202268101,-0.190287671,-0.101912448,-0.111478542,-0.180776007,-0.192549632,-0.052437057,-0.215399346,-0.186887135,0.931676335,-0.225693664,-0.091125796,-0.129401116,0.309378779,-0.223100363,-0.161492635,-0.188668509,-0.047999271,0.242491392,-0.227692469,-0.120921906,-0.100681083,-0.144248806,-0.264029412,-0.151956182,-0.121293958,-0.238289203,-0.171091077
2003/05/07,-0.054024469,-0.094913243,-0.068142653,-0.175859108,-0.11522706,-0.099767197,-0.137038215,-0.39243215,-0.116496188,-0.06226948,-0.076409146,-0.131144227,2.203321406,-0.186399165,-0.204719826,-0.107419101,-0.107191453,-0.125253122,-0.064680709,-0.08624063,-0.311351422,-0.219035474,-0.074941644,-0.132459945,-0.06190118,-0.288250359,-0.176611253,-0.272537745,-0.166203762,-0.190159297,-0.183536782,-0.09610664,-0.088622261,-0.168077708,-0.139696072,-0.19814998,-0.400671753,-0.247677772,-0.1241152,-0.138720218,-0.210689868,-0.222847048,-0.282924878,-0.331051476,-0.115045306,-0.16632463,-0.145769598,-0.200900416,-0.052076453,-0.058334401,-0.306173263,-0.117447798,-0.094132357,-0.07889364,-0.068933689,-0.108252557,-0.106922282,-0.040060342,-0.102713986,0.428306852,-0.12217926,-0.124927466,-0.116408084,-0.198186505,-0.27831091,-0.21150647,-0.085306426,-0.072286843,-0.104109844,-0.225210697,-0.130138537,-0.160467164,0.34150244,-0.246123384,-0.207041967,-0.274146756,-0.070981797,-0.343511689,-0.089972778,-0.095493748,-0.202268101,-0.34758899,-0.101912448,-0.111478542,-0.180776007,-0.192549632,-0.052437057,-0.215399346,-0.186887135,0.488066144,-0.225693664,-0.091125796,-0.129401116,4.088620159,-0.343375676,-0.161492635,-0.188668509,-0.047999271,-0.224540743,-0.227692469,-0.120921906,-0.100681083,-0.144248806,-0.304360208,-0.151956182,-0.121293958,-0.238289203,-0.171091077
2003/05/21,-0.054024469,-0.094913243,-0.068142653,-0.175859108,-0.11522706,-0.099767197,-0.137038215,-0.28395561,-0.116496188,-0.06226948,-0.076409146,-0.131144227,-0.142862423,-0.186399165,-0.204719826,-0.107419101,-0.107191453,-0.125253122,-0.064680709,-0.08624063,-0.312960679,-0.219035474,-0.074941644,-0.132459945,-0.06190118,-0.288250359,-0.176611253,-0.272537745,-0.166203762,-0.078505271,-0.183536782,-0.176966408,-0.088622261,-0.168077708,-0.139696072,-0.19814998,-0.400671753,-0.247677772,-0.1241152,-0.138720218,-0.210689868,-0.222847048,-0.282924878,-0.331051476,-0.106639419,-0.16632463,-0.145769598,-0.200900416,-0.052076453,-0.058334401,2.224680405,-0.117447798,-0.094132357,-0.07889364,-0.068933689,-0.108252557,-0.106922282,-0.040060342,-0.102713986,-0.091115427,-0.12217926,-0.124927466,-0.137818369,-0.198186505,-0.132806045,-0.21150647,-0.085306426,-0.072286843,-0.104109844,-0.225210697,-0.130138537,-0.160467164,-0.209991459,-0.246123384,-0.207041967,-0.251574218,-0.070981797,-0.343511689,-0.089972778,-0.095493748,-0.202268101,-0.504890309,-0.101912448,-0.111478542,-0.180776007,-0.192549632,-0.052437057,-0.215399346,-0.186887135,-0.275152965,-0.225693664,-0.001306196,-0.129401116,-0.230512847,-0.355505897,-0.159296133,-0.188668509,-0.047999271,-0.224540743,-0.227692469,-0.120921906,-0.100681083,-0.144248806,-0.311542404,-0.151956182,-0.121293958,-0.238289203,-0.171091077
2003/06/07,-0.054024469,-0.094913243,-0.068142653,-0.175859108,-0.11522706,-0.099767197,-0.137038215,-0.094121666,-0.116496188,-0.06226948,-0.076409146,-0.131144227,-0.142862423,-0.186399165,-0.204719826,-0.107419101,-0.107191453,-0.125253122,-0.064680709,-0.08624063,-0.312960679,-0.219035474,-0.074941644,-0.132459945,-0.06190118,-0.288250359,-0.176611253,-0.272537745,-0.166203762,-0.190159297,-0.183536782,-0.150013152,-0.088622261,-0.168077708,-0.139696072,-0.19814998,2.76057758,-0.247677772,-0.1241152,-0.138720218,-0.210689868,-0.222847048,-0.282924878,-0.331051476,-0.115045306,-0.16632463,-0.145769598,-0.200900416,-0.050166179,-0.058334401,0.642896863,-0.117447798,-0.094132357,-0.07889364,-0.068933689,-0.108252557,-0.106922282,-0.040060342,-0.102713986,-0.091115427,-0.12217926,-0.124927466,-0.132267555,-0.198186505,0.012698821,-0.21150647,-0.085306426,-0.072286843,-0.104109844,-0.225210697,-0.130138537,-0.160467164,-0.207163286,-0.246123384,-0.207041967,-0.268772342,-0.070981797,-0.343511689,-0.089972778,-0.095493748,-0.202268101,-0.190287671,-0.101912448,-0.111478542,-0.180776007,-0.192549632,-0.052437057,-0.215399346,-0.186887135,-0.264673984,-0.225693664,-0.091125796,-0.129401116,0.129414903,-0.355505897,-0.161492635,-0.188668509,-0.047999271,-0.224540743,-0.227692469,-0.120921906,-0.100681083,-0.144248806,-0.309332497,-0.151956182,-0.121293958,-0.238289203,-0.171091077
2003/06/21,-0.054024469,-0.094913243,-0.068142653,-0.175859108,-0.11522706,-0.099767197,-0.137038215,-0.365313015,-0.116496188,-0.06226948,-0.076409146,-0.131144227,-0.142862423,-0.186399165,-0.204719826,-0.107419101,-0.107191453,-0.125253122,-0.064680709,-0.08624063,-0.312960679,-0.219035474,-0.074941644,-0.132459945,-0.06190118,-0.288250359,-0.176611253,-0.272537745,-0.166203762,-0.190159297,-0.183536782,-0.176966408,-0.088622261,-0.168077708,-0.139696072,-0.19814998,-0.400671753,-0.247677772,-0.1241152,-0.138720218,-0.210689868,-0.222847048,-0.282924878,-0.331051476,-0.115045306,-0.16632463,-0.145769598,-0.200900416,-0.052076453,-0.058334401,0.326540154,-0.117447798,-0.094132357,-0.07889364,-0.068933689,-0.108252557,-0.106922282,-0.040060342,-0.102713986,-0.091115427,-0.12217926,-0.124927466,-0.137818369,-0.198186505,-0.27831091,-0.21150647,-0.085306426,-0.072286843,-0.104109844,-0.225210697,-0.130138537,-0.160467164,-0.209991459,-0.246123384,-0.207041967,-0.268772342,-0.070981797,-0.343511689,-0.089972778,-0.095493748,-0.202268101,-0.504890309,-0.101912448,-0.111478542,-0.180776007,-0.192549632,-0.052437057,-0.215399346,-0.186887135,-0.26118099,-0.225693664,-0.091125796,-0.129401116,-0.230512847,-0.355505897,-0.161492635,-0.188668509,-0.047999271,-0.224540743,-0.227692469,-0.120921906,-0.100681083,-0.144248806,-0.314857264,-0.151956182,-0.121293958,-0.238289203,-0.171091077
2003/07/07,-0.054024469,-0.094913243,-0.068142653,-0.175859108,-0.11522706,-0.099767197,-0.137038215,-0.39243215,-0.116496188,-0.06226948,-0.076409146,-0.131144227,-0.142862423,-0.186399165,-0.204719826,-0.107419101,-0.107191453,-0.125253122,-0.064680709,-0.08624063,-0.312960679,-0.219035474,-0.074941644,-0.132459945,-0.06190118,-0.288250359,-0.176611253,-0.272537745,-0.166203762,-0.190159297,-0.183536782,-0.150013152,-0.088622261,-0.168077708,-0.139696072,-0.024712895,-0.400671753,-0.247677772,-0.1241152,-0.138720218,-0.210689868,-0.222847048,-0.282924878,-0.331051476,-0.115045306,-0.16632463,-0.145769598,-0.200900416,-0.052076453,-0.058334401,-0.306173263,-0.117447798,-0.094132357,-0.07889364,-0.068933689,-0.108252557,-0.106922282,-0.040060342,-0.102713986,-0.091115427,-0.12217926,-0.124927466,-0.134646475,-0.198186505,-0.27831091,-0.21150647,-0.085306426,-0.072286843,-0.102932979,-0.225210697,-0.130138537,-0.160467164,-0.209991459,-0.246123384,-0.207041967,-0.275221638,-0.070981797,-0.343511689,-0.089972778,-0.095493748,-0.202268101,-0.504890309,-0.101912448,-0.111478542,-0.180776007,-0.192549632,-0.052437057,-0.215399346,-0.186887135,-0.275152965,-0.225693664,-0.091125796,-0.129401116,-0.230512847,-0.348959428,-0.161492635,-0.188668509,-0.047999271,-0.224540743,-0.227692469,-0.120921906,-0.100681083,-0.144248806,-0.313752311,-0.151956182,-0.121293958,-0.238289203,-0.171091077
2003/07/21,-0.054024469,-0.094913243,-0.068142653,-0.175859108,-0.11522706,-0.099767197,-0.137038215,-0.324634312,0.235946803,-0.06226948,-0.076409146,-0.131144227,-0.142862423,-0.186399165,-0.204719826,-0.107419101,-0.107191453,-0.125253122,-0.064680709,-0.08624063,-0.312960679,-0.219035474,0.015258734,-0.132459945,-0.06190118,2.040838251,-0.176611253,-0.272537745,-0.166203762,-0.190159297,-0.183536782,-0.042200127,-0.088622261,-0.168077708,-0.139696072,-0.111431437,-0.400671753,-0.247677772,-0.1241152,-0.138720218,-0.210689868,-0.222847048,-0.282924878,-0.331051476,-0.115045306,-0.16632463,-0.109052977,-0.200900416,-0.052076453,-0.058334401,-0.306173263,-0.117447798,-0.094132357,-0.07889364,-0.066917102,-0.054449256,-0.106922282,-0.040060342,-0.102713986,-0.091115427,-0.12217926,-0.124927466,-0.129095661,-0.198186505,-0.205558477,-0.21150647,-0.085306426,-0.072286843,-0.100285034,-0.225210697,-0.128832147,-0.160467164,-0.209991459,-0.246123384,-0.207041967,-0.263397928,-0.070981797,1.60840661,-0.089972778,-0.095493748,-0.202268101,-0.504890309,-0.101912448,-0.111478542,-0.180776007,-0.192549632,-0.052437057,-0.215399346,-0.186887135,-0.275152965,-0.225693664,-0.091125796,-0.129401116,-0.230512847,-0.354093913,-0.161492635,0.172017705,-0.047999271,-0.224540743,-0.227692469,-0.120921906,-0.100681083,-0.144248806,-0.298559203,-0.151956182,-0.121293958,-0.238289203,-0.171091077
2003/08/07,-0.054024469,-0.094913243,-0.068142653,-0.175859108,-0.11522706,-0.099767197,-0.137038215,-0.17547907,-0.116496188,-0.06226948,-0.076409146,-0.131144227,-0.142862423,-0.186399165,-0.204719826,-0.107419101,-0.107191453,-0.125253122,-0.064680709,-0.08624063,-0.312960679,-0.219035474,-0.074941644,-0.132459945,-0.06190118,-0.288250359,-0.176611253,-0.272537745,-0.166203762,-0.190159297,0.142115059,-0.042200127,-0.088622261,-0.168077708,-0.139696072,-0.19814998,-0.400671753,-0.247677772,-0.1241152,-0.138720218,-0.210689868,-0.222847048,-0.282924878,-0.331051476,-0.115045306,-0.16632463,-0.145769598,-0.200900416,-0.052076453,-0.058334401,-0.306173263,-0.117447798,-0.094132357,-0.07889364,-0.064900515,-0.108252557,24.07073638,-0.040060342,-0.102713986,-0.091115427,-0.12217926,-0.124927466,0.168269407,-0.198186505,-0.27831091,-0.21150647,-0.085306426,-0.072286843,-0.104109844,-0.225210697,-0.127525757,-0.160467164,-0.130802592,-0.246123384,-0.207041967,-0.273071873,-0.070981797,-0.343511689,-0.089972778,-0.095493748,-0.202268101,-0.504890309,-0.101912448,-0.111478542,-0.180776007,-0.192549632,-0.052437057,-0.215399346,-0.186887135,-0.275152965,-0.225693664,-0.091125796,-0.129401116,-0.230512847,-0.274637757,-0.161492635,-0.188668509,-0.047999271,-0.224540743,-0.227692469,-0.120921906,-0.100681083,-0.144248806,-0.314857264,-0.151956182,-0.121293958,-0.238289203,-0.171091077
2003/08/21,-0.054024469,-0.094913243,-0.068142653,-0.175859108,-0.11522706,-0.099767197,-0.137038215,-0.378872582,-0.116496188,-0.06226948,-0.076409146,-0.131144227,-0.142862423,-0.186399165,-0.204719826,-0.107419101,-0.107191453,-0.125253122,-0.064680709,-0.08624063,-0.310278584,-0.219035474,-0.074941644,-0.132459945,-0.06190118,-0.288250359,-0.176611253,-0.272537745,-0.166203762,0.144802781,-0.183536782,-0.150013152,-0.088622261,-0.168077708,-0.139696072,-0.024712895,-0.400671753,-0.247677772,-0.1241152,-0.138720218,-0.210689868,-0.222847048,-0.282924878,0.38992546,-0.115045306,-0.16632463,0.111246751,-0.200900416,-0.052076453,-0.058334401,-0.306173263,-0.117447798,-0.094132357,-0.07889364,-0.062883928,-0.108252557,-0.106922282,-0.040060342,-0.102713986,-0.091115427,-0.12217926,-0.124927466,-0.049798309,-0.198186505,-0.27831091,-0.21150647,-0.085306426,-0.072286843,-0.104109844,-0.225210697,-0.130138537,-0.160467164,-0.204335112,-0.246123384,-0.207041967,-0.262323046,-0.070981797,-0.343511689,-0.089972778,-0.095493748,-0.202268101,-0.504890309,-0.101912448,-0.111478542,-0.180776007,-0.192549632,-0.052437057,-0.215399346,-0.186887135,-0.273406468,-0.225693664,-0.091125796,-0.129401116,-0.230512847,-0.340744252,-0.161492635,-0.188668509,-0.047999271,-0.224540743,-0.227692469,-0.120921906,-0.100681083,-0.144248806,-0.225632286,-0.151956182,-0.121293958,-0.238289203,-0.171091077
2003/09/07,-0.054024469,-0.094913243,-0.068142653,-0.175859108,-0.11522706,-0.099767197,-0.137038215,-0.243276908,-0.116496188,-0.06226948,-0.076409146,-0.131144227,-0.142862423,-0.186399165,-0.204719826,-0.107419101,-0.107191453,-0.125253122,-0.064680709,-0.08624063,-0.31242426,-0.219035474,-0.074941644,-0.132459945,-0.06190118,-0.288250359,-0.176611253,-0.272537745,-0.166203762,-0.190159297,-0.183536782,-0.082630012,-0.088622261,-0.168077708,-0.139696072,-0.111431437,-0.400671753,-0.247677772,-0.1241152,-0.138720218,-0.210689868,-0.222847048,-0.282924878,0.38992546,-0.115045306,-0.16632463,-0.145769598,-0.200900416,-0.052076453,-0.058334401,-0.306173263,-0.117447798,-0.094132357,-0.07889364,-0.068933689,-0.090318123,-0.106922282,-0.040060342,-0.102713986,-0.091115427,-0.12217926,-0.124927466,-0.107685376,-0.198186505,-0.205558477,-0.21150647,-0.085306426,-0.072286843,-0.104109844,-0.225210697,-0.130138537,-0.160467164,-0.202921025,-0.246123384,-0.207041967,-0.267697459,-0.070981797,-0.343511689,-0.089972778,-0.095493748,-0.202268101,-0.504890309,-0.101912448,-0.111478542,-0.180776007,-0.192549632,-0.052437057,-0.215399346,-0.186887135,-0.275152965,-0.225693664,-0.091125796,-0.129401116,-0.230512847,-0.354158094,-0.161492635,-0.188668509,-0.047999271,-0.224540743,-0.216519574,-0.120921906,-0.100681083,-0.144248806,-0.256294739,-0.151956182,-0.121293958,-0.238289203,-0.171091077
2003/09/21,-0.054024469,-0.094913243,-0.068142653,-0.175859108,-0.11522706,-0.099767197,0.702077976,-0.383392438,-0.116496188,-0.06226948,-0.076409146,-0.131144227,-0.142862423,-0.065045716,-0.204719826,-0.107419101,-0.107191453,-0.125253122,-0.064680709,-0.08624063,-0.273265674,-0.219035474,-0.074941644,-0.132459945,-0.06190118,-0.288250359,-0.176611253,0.21802468,1.795873858,0.330892824,-0.183536782,-0.141028733,-0.088622261,-0.168077708,-0.139696072,-0.082525256,-0.400671753,-0.247677772,-0.1241152,-0.138720218,-0.210689868,-0.222847048,-0.282924878,-0.331051476,-0.115045306,-0.16632463,-0.145769598,-0.200900416,-0.052076453,-0.058334401,-0.200721026,-0.117447798,-0.094132357,-0.07889364,-0.068933689,-0.108252557,-0.106922282,-0.040060342,-0.102713986,-0.091115427,-0.12217926,-0.12380067,0.01998336,-0.198186505,-0.181307667,-0.21150647,-0.085306426,-0.072286843,-0.081847491,-0.225210697,-0.129267611,-0.160467164,-0.209991459,-0.246123384,-0.207041967,-0.239392214,-0.070981797,0.957767177,-0.089972778,-0.095493748,-0.202268101,-0.400022763,-0.101912448,-0.111478542,-0.152038372,-0.192549632,-0.052437057,-0.215399346,-0.186887135,-0.275152965,0.401763048,-0.091125796,-0.129401116,-0.230512847,-0.161251212,-0.161492635,0.676978405,-0.047999271,-0.224540743,-0.227692469,-0.120921906,-0.100681083,-0.144248806,0.820113925,-0.151956182,0.824407368,-0.238289203,-0.171091077
2003/10/07,-0.054024469,-0.094913243,-0.068142653,-0.175859108,-0.105738927,-0.099767197,0.142667182,-0.243276908,-0.116496188,-0.06226948,-0.076409146,-0.131144227,-0.142862423,-0.004368991,-0.204719826,-0.107419101,-0.107191453,-0.125253122,-0.064680709,-0.08624063,0.648033945,-0.219035474,0.015258734,0.270460682,-0.06190118,-0.288250359,-0.176611253,0.340665287,-0.166203762,0.451851352,-0.183536782,-0.109583268,-0.088622261,-0.155976913,-0.139696072,-0.024712895,-0.400671753,-0.247677772,-0.1241152,2.674369993,-0.210689868,-0.222847048,-0.282924878,0.029436992,-0.112943834,-0.16632463,-0.109052977,-0.200900416,-0.052076453,-0.058334401,-0.306173263,-0.117447798,-0.094132357,-0.07889364,-0.066917102,-0.081350906,-0.106922282,-0.040060342,-0.102713986,-0.036439398,-0.12217926,-0.124927466,-0.131672825,-0.198186505,-0.060053612,-0.21150647,-0.085306426,-0.072286843,-0.0832205,-0.225210697,-0.130138537,-0.160467164,-0.207163286,-0.05385961,-0.207041967,-0.255336308,-0.070981797,0.632447461,-0.089972778,-0.095493748,-0.202268101,0.360266946,-0.101912448,-0.111478542,-0.170979086,-0.192549632,-0.052437057,-0.215399346,-0.186887135,-0.275152965,0.46635418,-0.091125796,-0.129401116,-0.230512847,-0.204327402,-0.161492635,0.676978405,-0.047999271,-0.224540743,-0.227692469,-0.120921906,-0.100681083,-0.144248806,-0.162926186,0.361669038,1.829215026,-0.238289203,-0.171091077
2003/10/21,-0.054024469,-0.094913243,-0.068142653,-0.175859108,-0.11522706,-0.099767197,-0.067111865,-0.372092798,-0.116496188,-0.06226948,-0.076409146,-0.002877469,-0.142862423,-0.186399165,-0.204719826,-0.107419101,-0.107191453,-0.125253122,-0.064680709,-0.08624063,0.291851734,-0.219035474,-0.074941644,1.116593998,-0.06190118,-0.288250359,-0.176611253,0.340665287,-0.166203762,-0.190159297,-0.183536782,-0.176966408,-0.088622261,-0.168077708,-0.139696072,-0.19814998,0.38964058,-0.247677772,-0.1241152,2.674369993,-0.210689868,-0.222847048,-0.282924878,-0.331051476,-0.115045306,-0.16632463,-0.145769598,-0.200900416,-0.052076453,-0.058334401,-0.306173263,-0.117447798,-0.094132357,-0.07889364,-0.068933689,-0.090318123,-0.106922282,-0.040060342,-0.102713986,-0.091115427,-0.12217926,-0.124927466,-0.137818369,-0.198186505,-0.27831091,-0.21150647,-0.085306426,-0.072286843,-0.085941999,-0.225210697,-0.130138537,-0.160467164,-0.178881547,-0.246123384,-0.207041967,-0.271459549,-0.070981797,-0.343511689,-0.089972778,-0.095493748,-0.202268101,0.202965627,-0.101912448,-0.111478542,-0.180776007,-0.192549632,-0.052437057,-0.215399346,-0.186887135,-0.273406468,-0.114966009,-0.091125796,-0.129401116,-0.230512847,-0.337342656,-0.161492635,-0.044394024,-0.047999271,-0.224540743,-0.149482203,-0.120921906,-0.100681083,-0.144248806,-0.146075649,0.978019302,-0.121293958,-0.238289203,-0.171091077
2003/11/07,-0.054024469,-0.094913243,-0.068142653,-0.175859108,-0.11522706,-0.002078591,-0.137038215,-0.297515177,-0.116496188,-0.06226948,-0.076409146,0.12538929,-0.142862423,-0.186399165,-0.204719826,-0.107419101,-0.107191453,-0.125253122,-0.064680709,-0.08624063,-0.101611596,-0.219035474,0.015258734,-0.132459945,-0.06190118,-0.288250359,-0.176611253,-0.272537745,-0.166203762,0.033148755,-0.183536782,-0.16348978,-0.088622261,-0.168077708,-0.139696072,-0.19814998,-0.400671753,-0.247677772,-0.1241152,-0.138720218,-0.210689868,0.838424315,-0.282924878,-0.331051476,-0.110842363,-0.16632463,-0.145769598,-0.200900416,-0.052076453,-0.058334401,-0.306173263,-0.117447798,-0.094132357,-0.07889364,-0.06086734,0.07109178,-0.106922282,-0.040060342,-0.102713986,-0.091115427,-0.12217926,-0.124927466,-0.137818369,-0.198186505,0.085451253,-0.21150647,-0.085306426,-0.072286843,-0.054681536,-0.225210697,-0.130138537,-0.160467164,-0.071410941,-0.246123384,-0.207041967,-0.269847225,-0.070981797,-0.343511689,-0.089972778,-0.095493748,-0.202268101,0.124314967,-0.101912448,-0.111478542,-0.121994481,-0.192549632,-0.052437057,-0.215399346,6.428658129,-0.236730035,0.438672266,-0.091125796,-0.129401116,-0.230512847,-0.009634146,-0.161492635,-0.188668509,-0.047999271,-0.224540743,-0.227692469,-0.120921906,-0.100681083,-0.144248806,0.192040058,0.490075343,8.567336973,-0.238289203,-0.171091077
2003/11/21,-0.050843463,-0.033500623,-0.063103646,-0.175859108,-0.018071499,-0.097596339,-0.036530742,-0.105008955,-0.04130835,-0.06226948,0.028480495,0.046776019,-0.088118134,-0.077181061,0.214002911,0.58268799,0.155849889,0.740719278,-0.063402345,0.810098143,0.120405441,0.103028925,-0.065681072,-0.025014444,-0.055011004,-0.210614072,-0.022083872,-0.042916794,-0.136212004,0.91127045,0.005758788,-0.132106515,0.119587344,0.673842843,0.080478543,-0.131496774,0.040146904,0.115646098,-0.108478966,-0.101212349,0.509956106,0.249064951,-0.249267467,0.075172811,0.373434815,-0.141035054,-0.115686446,0.106289158,-0.049300794,-0.058334401,0.207557585,-0.102791734,-0.018005201,-0.078548576,-0.068842271,-0.067437771,-0.01961407,-0.039974868,-0.040669227,-0.087379232,-0.12205251,-0.123000645,-0.117232736,-0.136738093,-0.166158993,0.422538722,-0.085306426,-0.069790104,-0.00200828,0.119782116,-0.120096127,-0.108723046,-0.125328379,-0.209077277,-0.001812235,-0.154319472,-0.066647115,-0.045518829,0.74934118,-0.082435146,0.38943578,0.131472849,-0.071336183,-0.104647004,-0.047237443,-0.095995452,-0.05238917,-0.11624979,-0.186887135,0.336361155,-0.10832235,-0.049947592,0.232739497,-0.152768453,-0.10105108,0.101904947,-0.165504439,-0.047664701,0.045455723,-0.204316862,-0.061021414,-0.100681083,0.121762003,-0.210703011,-0.151956182,-0.121293958,0.187340516,-0.128004019
2003/12/07,0.016805822,0.429980949,-0.068142653,-0.175859108,-0.039321997,-0.099767197,-0.137038215,-0.220677629,-0.116496188,-0.06226948,-0.076409146,-0.131144227,-0.142862423,-0.186399165,-0.204719826,-0.107419101,-0.107191453,-0.125253122,-0.064680709,-0.08624063,-0.291861532,-0.219035474,-0.074941644,-0.132459945,-0.06190118,2.817201121,-0.176611253,-0.272537745,-0.166203762,-0.004069254,-0.183536782,-0.176966408,-0.088622261,0.073938187,-0.139696072,-0.19814998,-0.400671753,-0.247677772,-0.1241152,-0.138720218,-0.210689868,-0.222847048,-0.282924878,-0.331051476,-0.115045306,-0.16632463,-0.096814103,-0.200900416,-0.052076453,-0.058334401,-0.147994908,-0.117447798,-0.094132357,-0.07889364,-0.068933689,-0.048471111,-0.106922282,-0.040060342,-0.102713986,-0.054664741,-0.12217926,-0.124927466,-0.137818369,-0.198186505,-0.27831091,-0.21150647,-0.085306426,-0.072286843,-0.104109844,-0.225210697,-0.130138537,-0.160467164,-0.209991459,-0.246123384,0.67756895,-0.253723984,-0.070981797,-0.343511689,-0.089972778,-0.095493748,-0.202268101,-0.190287671,-0.101912448,-0.10736646,-0.136363299,-0.192549632,-0.052437057,-0.215399346,-0.186887135,0.29653366,0.660127576,-0.091125796,-0.129401116,1.089222238,0.027783414,-0.161492635,-0.188668509,-0.047999271,-0.224540743,-0.227692469,-0.120921906,-0.100681083,-0.144248806,-0.297178011,-0.151956182,-0.121293958,-0.238289203,-0.171091077
2003/12/21,-0.054024469,-0.094913243,-0.068142653,-0.175859108,-0.11522706,0.128172883,-0.137038215,-0.311074745,-0.116496188,-0.06226948,-0.076409146,-0.131144227,-0.142862423,-0.186399165,-0.204719826,-0.107419101,-0.107191453,-0.125253122,-0.064680709,-0.08624063,-0.312960679,-0.219035474,0.105459112,-0.132459945,-0.06190118,-0.288250359,-0.176611253,-0.272537745,-0.166203762,-0.190159297,1.770374267,-0.015246871,-0.088622261,-0.168077708,-0.139696072,-0.19814998,-0.400671753,-0.247677772,-0.1241152,-0.138720218,-0.210689868,-0.222847048,-0.282924878,2.552856266,-0.115045306,-0.16632463,-0.145769598,-0.200900416,-0.052076453,-0.058334401,-0.306173263,-0.117447798,-0.094132357,-0.07889364,-0.068933689,-0.108252557,-0.106922282,-0.040060342,-0.102713986,-0.091115427,-0.12217926,-0.124927466,-0.121958899,-0.198186505,-0.27831091,-0.21150647,-0.085306426,-0.072286843,-0.104109844,-0.225210697,-0.130138537,-0.160467164,0.033231491,-0.246123384,-0.207041967,-0.275221638,-0.070981797,-0.343511689,-0.089972778,-0.095493748,-0.202268101,0.438917605,-0.101912448,-0.111478542,-0.180776007,-0.192549632,-0.052437057,-0.215399346,-0.186887135,2.264253406,1.93349561,-0.091125796,-0.129401116,0.129414903,-0.011367035,-0.161492635,-0.188668509,-0.047999271,-0.224540743,-0.227692469,-0.120921906,-0.100681083,-0.144248806,-0.298282964,-0.151956182,-0.121293958,-0.238289203,-0.171091077
2004/01/07,-0.054024469,-0.094913243,-0.068142653,3.010197968,-0.11522706,-0.099767197,-0.137038215,0.204188818,-0.116496188,-0.06226948,-0.076409146,-0.131144227,-0.142862423,-0.186399165,-0.204719826,-0.107419101,-0.107191453,-0.125253122,-0.064680709,-0.08624063,-0.312245454,-0.219035474,-0.074941644,-0.132459945,-0.06190118,-0.288250359,-0.176611253,-0.272537745,-0.166203762,-0.190159297,-0.183536782,-0.069153384,-0.088622261,-0.168077708,-0.139696072,0.148724191,-0.400671753,-0.247677772,-0.1241152,-0.138720218,-0.210689868,-0.222847048,-0.282924878,3.033507557,-0.115045306,-0.16632463,-0.096814103,-0.200900416,-0.052076453,-0.058334401,-0.306173263,-0.117447798,-0.094132357,-0.07889364,-0.058178557,0.393911586,-0.106922282,-0.040060342,-0.102713986,-0.091115427,-0.12217926,-0.124927466,-0.102927535,-0.198186505,0.061200442,-0.194292585,-0.085306426,-0.072286843,-0.104109844,-0.225210697,-0.130138537,-0.160467164,-0.149657084,-0.246123384,-0.207041967,-0.268055754,-0.070981797,-0.343511689,10.61179365,-0.095493748,-0.202268101,0.019447421,-0.101912448,-0.111478542,-0.180776007,-0.192549632,-0.052437057,-0.215399346,-0.186887135,0.048531112,-0.225693664,-0.091125796,-0.129401116,0.24939082,-0.339203907,-0.161492635,-0.188668509,-0.047999271,-0.224540743,-0.227692469,-0.120921906,-0.100681083,-0.144248806,-0.299387918,-0.10059366,-0.121293958,-0.238289203,-0.171091077
2004/01/21,-0.054024469,-0.094913243,-0.068142653,1.189593925,-0.11522706,-0.053248813,0.622162148,0.366903627,-0.116496188,-0.06226948,-0.076409146,-0.131144227,0.527475814,-0.186399165,-0.204719826,-0.107419101,-0.107191453,-0.125253122,-0.064680709,-0.08624063,-0.302845349,-0.219035474,-0.074941644,0.00568427,-0.06190118,-0.288250359,-0.176611253,-0.272537745,-0.166203762,-0.190159297,-0.183536782,0.78179942,-0.088622261,-0.168077708,-0.139696072,3.890009886,0.050935294,1.178675479,-0.1241152,-0.138720218,-0.210689868,0.080373341,-0.282924878,5.230770598,-0.110241942,-0.16632463,0.546600975,-0.200900416,-0.052076453,0.025996109,-0.193188724,-0.117447798,-0.094132357,-0.07889364,-0.048191649,0.250436117,-0.106922282,-0.040060342,-0.102713986,0.044272836,-0.12217926,-0.123237272,-0.137365242,-0.198186505,0.677863919,-0.21150647,-0.085306426,-0.063622626,0.10289221,-0.225210697,-0.130138537,-0.160467164,-0.023736011,-0.246123384,-0.207041967,-0.18923102,-0.070981797,-0.343511689,-0.089972778,0.181562881,-0.202268101,-0.280174139,-0.101912448,-0.111478542,-0.180776007,-0.192549632,-0.052437057,6.866711786,-0.186887135,0.089116371,-0.225693664,-0.091125796,-0.129401116,0.077996653,-0.34499854,-0.161492635,-0.188668509,-0.047999271,0.509366897,-0.227692469,-0.120921906,-0.100681083,-0.144248806,-0.284234273,-0.151956182,-0.121293958,-0.238289203,1.434637788
2004/02/07,-0.054024469,-0.094913243,-0.068142653,-0.175859108,-0.11522706,1.322144728,1.820899563,-0.311074745,0.118465806,-0.06226948,-0.076409146,-0.131144227,-0.142862423,-0.186399165,-0.204719826,-0.107419101,-0.107191453,-0.125253122,-0.064680709,-0.08624063,0.759162079,-0.219035474,-0.074941644,13.11019799,-0.06190118,-0.288250359,-0.176611253,1.526191148,-0.166203762,-0.078505271,-0.183536782,0.398036391,-0.088622261,-0.168077708,-0.139696072,1.13153434,1.706827803,-0.247677772,3.263735471,-0.138720218,-0.210689868,-0.222847048,-0.282924878,3.033507557,-0.101035494,-0.16632463,-0.145769598,-0.200900416,-0.052076453,-0.058334401,-0.306173263,0.12681994,-0.094132357,-0.07889364,-0.068933689,-0.108252557,-0.106922282,-0.040060342,-0.102713986,1.020630503,-0.12217926,-0.124927466,-0.137818369,-0.198186505,0.352210173,-0.039367624,-0.085306426,-0.072286843,-0.104109844,-0.225210697,-0.124912977,-0.160467164,1.967702398,-0.246123384,-0.207041967,-0.258740103,-0.070981797,-0.343511689,-0.089972778,-0.095493748,-0.202268101,0.438917605,-0.101912448,-0.111478542,-0.180776007,-0.192549632,-0.052437057,0.610846953,-0.186887135,-0.025986086,-0.225693664,-0.091125796,-0.129401116,1.209198155,-0.01209442,-0.161492635,-0.188668509,-0.047999271,1.33223304,-0.190449485,-0.120921906,-0.100681083,-0.144248806,-0.165320252,2.159357309,-0.121293958,-0.238289203,-0.171091077
2004/02/21,-0.054024469,-0.094913243,-0.068142653,-0.175859108,-0.11522706,-0.099767197,-0.137038215,-0.134800368,-0.116496188,-0.06226948,-0.076409146,-0.131144227,-0.142862423,-0.186399165,-0.204719826,-0.107419101,-0.107191453,-0.125253122,-0.064680709,-0.08624063,-0.268974322,-0.219035474,0.015258734,-0.132459945,-0.06190118,-0.288250359,-0.176611253,-0.272537745,-0.166203762,-0.190159297,-0.183536782,-0.176966408,-0.088622261,-0.168077708,-0.139696072,-0.19814998,-0.400671753,-0.247677772,-0.1241152,-0.138720218,-0.210689868,-0.222847048,-0.282924878,0.38992546,-0.115045306,-0.16632463,-0.072336355,-0.200900416,-0.052076453,-0.058334401,-0.306173263,-0.117447798,-0.094132357,-0.07889364,-0.064900515,-0.072383689,-0.106922282,-0.040060342,-0.102713986,-0.091115427,-0.12217926,-0.124927466,-0.137818369,-0.198186505,2.559033964,-0.134043989,-0.085306426,-0.072286843,-0.086162661,-0.225210697,-0.130138537,-0.160467164,-0.185951982,-0.246123384,-0.207041967,-0.175257545,-0.070981797,-0.343511689,-0.089972778,-0.095493748,-0.202268101,-0.504890309,-0.101912448,-0.111478542,-0.180776007,-0.192549632,-0.052437057,1.023970102,-0.186887135,-0.268166978,-0.19801175,-0.091125796,-0.129401116,-0.230512847,-0.354350637,-0.161492635,-0.188668509,-0.047999271,-0.224540743,-0.227692469,-0.120921906,-0.100681083,-0.144248806,-0.312923596,-0.023549877,-0.121293958,-0.238289203,-0.171091077
2004/03/07,-0.054024469,-0.094913243,-0.068142653,-0.175859108,-0.11522706,-0.099767197,-0.137038215,-0.130280512,-0.116496188,-0.06226948,-0.076409146,-0.131144227,-0.142862423,-0.186399165,-0.204719826,-0.107419101,-0.107191453,-0.125253122,-0.064680709,-0.08624063,-0.190299536,-0.219035474,0.76692855,-0.132459945,-0.06190118,-0.288250359,-0.176611253,-0.272537745,-0.166203762,-0.152941289,1.553273039,-0.060168965,-0.088622261,-0.063204154,-0.139696072,0.033099467,-0.400671753,-0.247677772,-0.1241152,-0.138720218,-0.210689868,-0.222847048,-0.083587133,-0.331051476,-0.115045306,-0.16632463,-0.145769598,-0.200900416,-0.052012777,-0.058334401,-0.306173263,-0.117447798,-0.094132357,-0.07889364,-0.068933689,-0.084339979,-0.106922282,-0.040060342,-0.102713986,-0.048589627,-0.120940659,1.500475688,-0.123016197,-0.198186505,-0.229809288,-0.21150647,-0.085306426,-0.072286843,-0.104109844,-0.225210697,-0.130138537,-0.160467164,7.128176934,-0.246123384,-0.207041967,0.134666976,7.86E-05,-0.343511689,-0.089972778,0.292385533,-0.202268101,-0.295155217,-0.101912448,-0.111478542,-0.180776007,-0.192549632,-0.052437057,-0.215399346,-0.186887135,-0.275152965,-0.207239055,-0.091125796,0.086158773,0.009438987,-0.35512081,-0.161492635,-0.188668509,-0.047999271,0.086814013,-0.227692469,-0.120921906,-0.100681083,-0.144248806,-0.225171888,-0.08347282,-0.121293958,-0.238289203,-0.171091077
2004/03/21,-0.054024469,-0.094913243,-0.068142653,-0.175859108,-0.11522706,-0.099767197,-0.137038215,0.724876208,-0.116496188,-0.06226948,-0.076409146,-0.131144227,-0.142862423,-0.186399165,-0.204719826,-0.107419101,-0.107191453,-0.125253122,-0.064680709,-0.08624063,-0.17542285,-0.219035474,-0.074941644,-0.132459945,-0.06190118,-0.288250359,-0.176611253,-0.272537745,-0.166203762,-0.190159297,0.207245427,-0.015246871,-0.088622261,0.006173736,-0.139696072,0.322161276,0.86382798,0.750769504,0.892240001,-0.138720218,-0.210689868,0.201661497,0.01608174,-0.331051476,-0.115045306,-0.16632463,-0.116396301,-0.200900416,-0.052076453,-0.058334401,-0.306173263,0.322234131,-0.094132357,-0.07889364,-0.048767817,-0.065209916,-0.106922282,-0.040060342,-0.102713986,0.298906916,-0.12217926,0.058627594,-0.131950365,-0.198186505,0.827526066,-0.21150647,-0.085306426,-0.072286843,-0.104109844,-0.225210697,-0.130138537,-0.160467164,0.357905848,-0.246123384,-0.207041967,0.948424861,0.014290635,-0.343511689,-0.089972778,0.447537245,-0.202268101,0.124314967,-0.101912448,-0.111478542,-0.180776007,-0.192549632,-0.050894486,0.776096213,-0.186887135,-0.274454366,-0.225693664,-0.091125796,-0.129401116,3.944649059,-0.346828617,-0.161492635,-0.188668509,-0.047999271,6.033689866,-0.227692469,-0.120921906,-0.100681083,-0.144248806,-0.113313784,0.074038915,-0.121293958,-0.238289203,-0.171091077
2004/04/07,-0.054024469,-0.08246383,-0.068142653,-0.038000869,-0.102576216,0.042194386,0.068700644,0.11076108,-0.012570691,-0.018019024,-0.076409146,-0.125506127,-0.082703864,0.073071623,-0.078786794,-0.107419101,-0.107191453,-0.101817011,-0.06089608,-0.08624063,-0.187145062,-0.111700603,-0.066268531,0.743737449,-0.06190118,0.060117596,-0.028970624,-0.223930736,0.160809175,-0.103066771,-0.164610009,0.122670209,-0.083185425,0.197471787,-0.122938312,-0.052856715,0.284748089,-0.006904467,-0.006843446,-0.030524441,-0.063952,-0.116719912,0.131257703,-0.306402692,-0.105335429,-0.165199449,-0.063800526,0.479356216,-0.051778075,-0.047630913,-0.110478247,-0.108992376,-0.092557766,0.054818348,0.908890935,0.035087145,-0.106922282,-0.039845943,-0.056968804,-0.078556297,1.155071661,-0.079139746,-0.075712132,-0.086919249,0.047660406,-0.151015114,-0.085306426,-0.069898012,-0.02895508,-0.199244054,0.24295865,-0.010316823,0.252124532,-0.223665222,0.387559144,0.929863664,-0.069159736,-0.164824174,-0.082726605,-0.083890522,-0.122416025,-0.077391804,-0.072512193,-0.111275197,-0.110162815,-0.18781661,-0.052188976,-0.151841938,-0.158615574,-0.26683207,0.021669078,-0.089210063,0.181502569,0.266299514,-0.116615449,-0.035800848,-0.185585721,-0.047999271,-0.034434714,-0.034012242,-0.100975022,-0.09936025,-0.087270256,0.129905944,-0.123970193,0.047841087,-0.045708189,0.157946099
2004/04/21,-0.054024469,-0.094913243,-0.068142653,-0.175859108,-0.11522706,0.117318593,-0.137038215,-0.202598205,-0.116496188,-0.06226948,-0.076409146,-0.131144227,-0.142862423,-0.034707353,-0.204719826,-0.107419101,-0.107191453,-0.125253122,-0.064680709,-0.08624063,-0.300980655,-0.219035474,-0.014808059,-0.132459945,-0.06190118,-0.288250359,-0.176611253,0.136264276,-0.166203762,-0.134332284,-0.183536782,1.82655897,-0.088622261,-0.168077708,-0.139696072,-0.19814998,-0.400671753,-0.247677772,-0.1241152,-0.138720218,-0.210689868,0.130910073,0.265253923,-0.331051476,-0.115045306,-0.16632463,-0.145769598,-0.200900416,-0.052076453,-0.058334401,-0.306173263,0.859623155,-0.094132357,-0.07889364,-0.067589298,-0.048471111,-0.106922282,-0.040060342,-0.102713986,-0.091115427,-0.12217926,-0.122955573,-0.10385267,-0.198186505,-0.084304423,-0.185685643,-0.085306426,-0.055439755,-0.104109844,-0.225210697,-0.129703074,-0.160467164,1.18759778,-0.246123384,-0.207041967,0.007830814,7.86E-05,-0.343511689,-0.089972778,-0.095493748,-0.202268101,-0.295155217,-0.101912448,-0.111478542,-0.180776007,-0.192549632,-0.052437057,-0.215399346,-0.186887135,-0.275152965,-0.225693664,-0.091125796,0.732838437,0.069426945,4.841876612,-0.161492635,-0.188668509,-0.047999271,0.709523527,-0.20162238,-0.120921906,-0.100681083,-0.144248806,-0.204730252,-0.151956182,-0.121293958,-0.238289203,-0.171091077
2004/05/07,-0.054024469,-0.094913243,-0.068142653,-0.175859108,-0.11522706,0.008775698,-0.137038215,-0.220677629,-0.116496188,-0.06226948,-0.076409146,-0.131144227,-0.142862423,1.148488776,-0.204719826,-0.107419101,-0.107191453,-0.125253122,-0.064680709,-0.08624063,-0.156326333,-0.219035474,-0.014808059,-0.051875819,-0.06190118,-0.288250359,-0.176611253,0.136264276,-0.166203762,-0.134332284,0.30494098,-0.037707918,-0.088622261,0.041669401,-0.139696072,-0.140337618,-0.400671753,-0.247677772,-0.1241152,-0.138720218,-0.210689868,-0.222847048,0.01608174,-0.331051476,-0.115045306,-0.16632463,-0.145769598,-0.200900416,-0.052076453,-0.058334401,-0.306173263,0.432154613,-0.094132357,-0.07889364,-0.060195145,0.011310334,-0.106922282,-0.040060342,-0.102713986,-0.078965198,-0.12217926,-0.124927466,-0.092486717,-0.198186505,-0.157056856,-0.142650931,-0.085306426,-0.052070338,-0.104109844,-0.225210697,-0.129703074,-0.160467164,0.030874679,-0.246123384,-0.207041967,-0.148743771,0.319850182,-0.343511689,-0.089972778,-0.030847202,-0.202268101,-0.190287671,-0.101912448,-0.111478542,-0.180776007,-0.192549632,-0.052437057,-0.215399346,-0.186887135,-0.274570799,-0.225693664,-0.091125796,0.086158773,-0.11053693,0.836914079,-0.161492635,-0.188668509,-0.047999271,0.476007459,-0.216519574,-0.120921906,-0.100681083,-0.144248806,-0.265226445,0.079175167,-0.121293958,-0.238289203,-0.171091077
2004/05/21,-0.054024469,-0.094913243,-0.068142653,-0.175859108,-0.11522706,-0.099767197,0.002814484,7.95E-04,0.118465806,-0.06226948,-0.076409146,0.12538929,-0.142862423,2.786760341,-0.204719826,-0.107419101,-0.107191453,-0.125253122,-0.064680709,-0.08624063,1.421281921,-0.219035474,-0.074941644,0.042138993,-0.06190118,-0.288250359,-0.176611253,-0.109016937,-0.166203762,-0.171550293,4.429864307,-0.105091059,-0.088622261,0.049736597,-0.139696072,0.437785999,-0.400671753,3.080479814,-0.1241152,-0.138720218,-0.210689868,-0.222847048,3.354988984,2.552856266,-0.115045306,-0.16632463,-0.145769598,-0.200900416,-0.052076453,-0.058334401,-0.306173263,2.447363455,-0.094132357,-0.07889364,-0.066917102,0.13685137,-0.106922282,-0.040060342,-0.102713986,-0.048589627,-0.12155996,-0.124927466,0.216112142,-0.198186505,1.322242609,-0.21150647,-0.085306426,-0.053755047,-0.104109844,-0.225210697,-0.130138537,-0.160467164,0.056799606,-0.246123384,-0.207041967,-0.053079208,-0.035451617,0.957767177,-0.089972778,-0.095493748,-0.202268101,0.910821563,-0.101912448,-0.111478542,-0.180776007,-0.192549632,-0.052437057,-0.215399346,-0.186887135,-0.275152965,-0.225693664,-0.059825026,0.301718661,2.468945282,0.673166793,-0.161492635,0.003697472,-0.047999271,0.787362216,-0.015407462,-0.120921906,-0.100681083,-0.144248806,-0.099943849,0.686965011,-0.121293958,-0.238289203,-0.171091077
2004/06/07,-0.054024469,-0.094913243,-0.068142653,-0.175859108,-0.11522706,-0.050922894,-0.067111865,-0.10090145,-0.116496188,-0.06226948,-0.076409146,-0.002877469,-0.142862423,0.177661183,-0.204719826,-0.107419101,-0.107191453,-0.125253122,-0.064680709,-0.08624063,0.385456848,-0.219035474,-0.029841455,-0.132459945,-0.06190118,-0.288250359,-0.176611253,0.095384074,-0.166203762,-0.078505271,-0.102123822,-0.150013152,-0.088622261,0.491415605,-0.139696072,0.582316904,-0.400671753,-0.247677772,-0.1241152,-0.138720218,-0.210689868,-0.222847048,0.389840014,-0.331051476,-0.112943834,-0.16632463,-0.145769598,-0.200900416,-0.052076453,-0.058334401,-0.306173263,-0.117447798,-0.094132357,-0.07889364,-0.063892221,-0.036514822,-0.106922282,-0.040060342,-0.102713986,1.13E-05,-0.12217926,-0.122603449,-0.121958899,-0.198186505,-0.241934694,-0.172775229,-0.085306426,-0.069759779,-0.104109844,-0.225210697,-0.130138537,-0.160467164,-0.125146244,-0.246123384,-0.207041967,-0.226851916,-0.070981797,-0.343511689,-0.089972778,-0.095493748,-0.202268101,-0.504890309,-0.101912448,-0.111478542,-0.180776007,-0.192549632,-0.052437057,-0.215399346,-0.186887135,-0.275152965,-0.225693664,-0.089084441,3.912346789,-0.230512847,-0.317478617,-0.161492635,-0.188668509,-0.047999271,0.242491392,-0.183000888,-0.120921906,-0.100681083,-0.144248806,-0.236543699,0.798250475,-0.121293958,-0.238289203,-0.171091077
2004/06/21,-0.054024469,-0.094913243,-0.068142653,-0.175859108,-0.11522706,-0.099767197,-0.137038215,-0.292995322,-0.116496188,-0.06226948,-0.076409146,-0.131144227,-0.142862423,-0.186399165,-0.204719826,-0.107419101,-0.107191453,-0.125253122,-0.064680709,-0.08624063,-0.30902694,-0.219035474,-0.074941644,-0.132459945,-0.06190118,-0.288250359,-0.176611253,0.21802468,-0.166203762,-0.078505271,0.793418742,-0.176966408,-0.088622261,-0.168077708,-0.139696072,0.033099467,-0.400671753,-0.247677772,-0.1241152,-0.138720218,-0.210689868,-0.222847048,-0.282924878,-0.331051476,-0.115045306,-0.16632463,-0.145769598,-0.200900416,-0.052076453,-0.058334401,-0.306173263,0.493221548,-0.094132357,-0.07889364,-0.067589298,-0.108252557,-0.106922282,-0.040060342,-0.102713986,-0.036439398,-0.121353526,-0.124927466,-0.136761071,-0.198186505,-0.27831091,-0.21150647,-0.085306426,-0.065548008,-0.104109844,-0.225210697,-0.129267611,-0.160467164,-0.203392387,-0.246123384,-0.207041967,-0.240825391,-0.070981797,-0.343511689,-0.089972778,-0.095493748,-0.202268101,-0.504890309,-0.101912448,-0.111478542,-0.180776007,-0.192549632,-0.052437057,-0.215399346,-0.186887135,-0.275152965,-0.225693664,-0.091125796,-0.129401116,-0.230512847,-0.347889744,-0.161492635,-0.188668509,-0.047999271,-0.224540743,-0.205346678,-0.120921906,-0.100681083,-0.144248806,-0.299203759,-0.10059366,-0.121293958,-0.238289203,-0.171091077
2004/07/07,-0.054024469,-0.094913243,-0.068142653,-0.175859108,-0.11522706,-0.099767197,-0.137038215,-0.256836475,-0.116496188,-0.06226948,-0.076409146,-0.131144227,-0.142862423,0.177661183,-0.204719826,-0.107419101,-0.107191453,-0.125253122,-0.064680709,-0.08624063,-0.312245454,-0.219035474,-0.074941644,-0.132459945,-0.06190118,-0.288250359,-0.176611253,0.054503872,0.954983449,-0.078505271,0.576317515,-0.123059896,-0.088622261,-0.168077708,-0.139696072,0.322161276,-0.400671753,-0.247677772,-0.1241152,-0.138720218,-0.210689868,-0.222847048,-0.083587133,-0.331051476,-0.115045306,-0.16632463,-0.145769598,-0.200900416,-0.052076453,-0.058334401,-0.306173263,0.981757025,-0.094132357,-0.07889364,-0.067589298,-0.108252557,-0.106922282,-0.040060342,-0.102713986,-0.091115427,-0.12217926,-0.124927466,-0.134646475,-0.198186505,0.061200442,-0.1770787,-0.085306426,-0.052070338,-0.104109844,-0.225210697,-0.129267611,-0.160467164,-0.18359517,-0.246123384,-0.207041967,-0.223627267,-0.070981797,0.957767177,-0.089972778,-0.095493748,-0.202268101,-0.504890309,-0.101912448,-0.111478542,-0.180776007,-0.192549632,-0.052437057,-0.215399346,-0.186887135,-0.275152965,-0.225693664,-0.091125796,-0.129401116,-0.230512847,-0.340573103,-0.161492635,-0.188668509,-0.047999271,0.39816877,-0.227692469,-0.120921906,-0.100681083,-0.144248806,-0.291469086,-0.08347282,-0.121293958,-0.238289203,-0.171091077
2004/07/21,-0.054024469,-0.094913243,-0.068142653,-0.175859108,-0.11522706,-0.099767197,0.282519881,-0.297515177,-0.116496188,-0.06226948,-0.076409146,-0.131144227,-0.142862423,-0.004368991,-0.204719826,-0.107419101,-0.107191453,-0.125253122,-0.064680709,-0.08624063,-0.305987232,-0.219035474,-0.074941644,-0.051875819,-0.06190118,-0.288250359,-0.176611253,0.708587106,-0.166203762,-0.190159297,-0.183536782,0.092566154,-0.088622261,-0.168077708,-0.139696072,0.062005648,-0.400671753,-0.247677772,-0.1241152,-0.138720218,-0.210689868,-0.222847048,-0.282924878,-0.331051476,-0.115045306,-0.16632463,-0.109052977,-0.200900416,-0.052076453,-0.058334401,-0.306173263,0.065753006,-0.094132357,-0.07889364,-0.068933689,-0.090318123,-0.106922282,-0.040060342,-0.102713986,-0.091115427,-0.12217926,-0.124927466,-0.095394286,-0.198186505,-0.060053612,-0.21150647,-0.085306426,-0.072286843,-0.100726359,-0.225210697,-0.128832147,-0.160467164,-0.160498417,-0.246123384,-0.207041967,-0.263397928,-0.070981797,-0.343511689,-0.089972778,-0.095493748,-0.202268101,-0.504890309,-0.101912448,-0.111478542,-0.180776007,-0.192549632,-0.052437057,-0.215399346,-0.186887135,-0.275152965,-0.225693664,-0.082960378,-0.129401116,-0.230512847,-0.353708827,-0.161492635,-0.188668509,-0.047999271,-0.224540743,-0.227692469,-0.120921906,-0.100681083,-0.144248806,-0.309056259,-0.151956182,-0.121293958,-0.238289203,-0.171091077
2004/08/07,-0.054024469,-0.094913243,-0.068142653,-0.175859108,-0.11522706,-0.099767197,-0.032148691,0.861827839,-0.116496188,-0.06226948,-0.076409146,-0.131144227,-0.142862423,1.884194062,-0.204719826,-0.107419101,-0.107191453,-0.125253122,-0.064680709,-0.08624063,-0.259855199,-0.219035474,-0.05239155,0.0891464,-0.06190118,-0.288250359,-0.176611253,0.524626196,0.464464044,-0.008721505,2.096026109,0.601308865,-0.088622261,-0.168077708,-0.139696072,0.257122369,-0.400671753,1.62441087,-0.1241152,-0.138720218,-0.210689868,4.022238406,0.800974115,-0.150807242,-0.112943834,-0.16632463,-0.145769598,-0.200900416,-0.052076453,-0.058334401,-0.306173263,0.386354412,-0.094132357,-0.07889364,-0.067421249,0.286304984,-0.106922282,-0.040060342,-0.102713986,-0.07744642,-0.12217926,-0.114258117,2.409212555,-0.198186505,-0.096429828,-0.21150647,-0.085306426,-0.069759779,-0.104109844,-0.225210697,-0.12850555,-0.160467164,2.180876002,-0.246123384,-0.207041967,-0.199173685,-0.070981797,-0.343511689,-0.089972778,-0.095493748,-0.202268101,0.124314967,-0.101912448,-0.111478542,-0.180776007,-0.192549632,-0.052437057,-0.215399346,-0.186887135,-0.275152965,-0.225693664,-0.082960378,2.457317543,0.849270404,-0.293378627,-0.161492635,-0.152599888,-0.047999271,1.468450746,-0.051719371,-0.120921906,-0.100681083,-0.144248806,3.121064053,0.425872191,-0.121293958,-0.238289203,-0.171091077
2004/08/21,-0.054024469,-0.094913243,-0.068142653,-0.175859108,-0.11522706,-0.099767197,-0.137038215,0.24486752,-0.116496188,-0.06226948,-0.076409146,-0.131144227,-0.142862423,0.26867627,-0.204719826,-0.107419101,-0.107191453,-0.125253122,-0.064680709,-0.08624063,-0.022758004,-0.219035474,-0.074941644,2.325355878,-0.06190118,-0.288250359,-0.176611253,-0.190777341,1.095131851,-0.171550293,-0.183536782,-0.136536524,-0.088622261,-0.168077708,-0.139696072,0.062005648,-0.400671753,1.416401021,-0.1241152,-0.138720218,-0.210689868,2.960967042,2.308465818,-0.090725831,-0.09683255,-0.16632463,-0.145769598,-0.200900416,-0.052076453,-0.058334401,-0.306173263,0.676422352,-0.094132357,-0.07889364,-0.068933689,0.238479827,-0.106922282,-0.040060342,-0.102713986,-0.048589627,-0.12217926,-0.121406229,18.2771412,-0.198186505,-0.229809288,-0.21150647,-0.085306426,-0.055439755,-0.104109844,-0.225210697,-0.130138537,-0.160467164,3.920556436,-0.246123384,-0.207041967,-0.220760913,-0.035451617,-0.343511689,-0.089972778,0.163092439,-0.202268101,0.229182513,-0.101912448,-0.111478542,-0.180776007,-0.192549632,-0.052437057,-0.215399346,-0.186887135,-0.275152965,-0.225693664,-0.091125796,1.163958214,3.488740575,-0.327993614,-0.161492635,0.051788967,-0.047999271,1.799265175,-0.138309308,-0.120921906,-0.100681083,-0.144248806,0.410268333,0.181900211,-0.121293958,-0.238289203,-0.171091077
2004/09/07,-0.054024469,-0.094913243,-0.068142653,-0.175859108,-0.11522706,-0.099767197,-0.137038215,0.095712278,-0.116496188,-0.06226948,-0.076409146,-0.131144227,-0.142862423,-0.186399165,-0.204719826,-0.107419101,-0.107191453,-0.125253122,-0.064680709,-0.08624063,-0.171882484,-0.219035474,-0.074941644,-0.132459945,-0.06190118,-0.288250359,-0.176611253,-0.272537745,2.356467463,-0.022678258,1.363309465,-0.143274838,-0.088622261,-0.168077708,-0.139696072,-0.068072166,-0.400671753,-0.247677772,-0.1241152,-0.138720218,-0.210689868,0.307788633,0.389840014,1.110902395,-0.115045306,-0.16632463,-0.145769598,-0.200900416,-0.052076453,-0.058334401,-0.306173263,0.432154613,-0.094132357,-0.07889364,-0.068933689,-0.090318123,-0.106922282,-0.040060342,-0.102713986,-0.068333748,-0.12217926,-0.124927466,-0.119778222,-0.198186505,-0.241934694,-0.134043989,-0.085306426,-0.036907959,-0.104109844,-0.225210697,-0.128178952,-0.160467164,-0.203628068,-0.246123384,-0.207041967,-0.239750508,-0.070981797,-0.343511689,-0.089972778,-0.095493748,-0.202268101,-0.42623965,-0.101912448,-0.111478542,-0.180776007,-0.192549632,-0.052437057,-0.215399346,-0.186887135,-0.275152965,-0.211852707,-0.087043087,0.517278549,-0.050548972,0.782263904,-0.161492635,-0.188668509,-0.047999271,0.592765493,-0.032166805,-0.120921906,-0.100681083,-0.144248806,-0.276598256,1.119266238,-0.121293958,-0.238289203,-0.171091077
2004/09/21,-0.054024469,-0.094913243,-0.068142653,-0.175859108,-0.11522706,0.282846508,-0.137038215,0.231307953,-0.116496188,-0.06226948,-0.076409146,-0.131144227,-0.142862423,0.086646096,-0.204719826,-0.107419101,-0.107191453,-0.125253122,-0.064680709,-0.08624063,4.048125723,-0.219035474,0.105459112,1.559806687,-0.06190118,-0.288250359,-0.176611253,-0.272537745,20.85605645,-0.134332284,-0.183536782,-0.176966408,-0.088622261,-0.168077708,-0.139696072,0.148724191,-0.400671753,-0.247677772,-0.1241152,-0.138720218,-0.210689868,1.899695679,7.491247212,1.110902395,-0.115045306,-0.16632463,-0.145769598,-0.200900416,-0.052076453,-0.058334401,-0.306173263,-0.117447798,-0.094132357,-0.07889364,-0.068933689,-0.036514822,-0.106922282,-0.040060342,-0.102713986,0.027349303,-0.12217926,-0.124927466,-0.130681608,-0.198186505,-0.27831091,-0.21150647,-0.085306426,-0.036907959,-0.104109844,-0.225210697,-0.127525757,-0.160467164,-0.130802592,-0.246123384,-0.207041967,-0.219327736,0.78174252,-0.343511689,-0.089972778,-0.095493748,-0.202268101,0.596218924,-0.101912448,-0.111478542,-0.180776007,-0.192549632,-0.052437057,-0.215399346,-0.186887135,-0.259434494,-0.225693664,-0.078877669,-0.129401116,0.129414903,-0.208081994,-0.161492635,1.398350833,-0.047999271,0.709523527,0.062802803,-0.120921906,-0.100681083,-0.144248806,-0.188063874,3.70023297,-0.121293958,-0.238289203,-0.171091077
2004/10/07,-0.054024469,-0.094913243,-0.068142653,-0.175859108,-0.11522706,0.364253679,-0.137038215,-0.033103612,-0.116496188,-0.06226948,-0.076409146,-0.131144227,-0.142862423,-0.049876535,-0.204719826,-0.107419101,-0.107191453,-0.125253122,-0.064680709,-0.08624063,3.6350831,-0.219035474,0.015258734,-0.051875819,-0.06190118,-0.288250359,-0.176611253,-0.272537745,3.617803076,-0.078505271,0.467766901,-0.176966408,-0.088622261,-0.168077708,-0.139696072,-0.024712895,-0.400671753,1.000381323,-0.1241152,-0.138720218,-0.210689868,-0.222847048,5.24869757,0.029436992,-0.115045306,-0.16632463,-0.145769598,-0.200900416,-0.052076453,-0.058334401,-0.306173263,-0.117447798,-0.094132357,-0.07889364,-0.068933689,-0.072383689,-0.106922282,-0.040060342,-0.102713986,-0.031883062,-0.12217926,-0.124927466,-0.137818369,-0.198186505,-0.241934694,-0.121133575,-0.085306426,-0.064705653,-0.104109844,-0.225210697,-0.128832147,-0.160467164,0.055149838,-0.246123384,-0.207041967,-0.198367523,-0.070981797,-0.343511689,-0.089972778,-0.095493748,-0.202268101,0.202965627,-0.101912448,-0.111478542,-0.180776007,-0.192549632,-0.052437057,-0.215399346,-0.186887135,-0.235856787,-0.142647923,-0.091125796,-0.129401116,0.219396841,-0.086843966,-0.161492635,0.785184269,-0.047999271,0.008975324,-0.227692469,-0.120921906,-0.100681083,-0.144248806,-0.017624829,1.196310021,-0.121293958,-0.238289203,-0.171091077
2004/10/21,-0.054024469,-0.094913243,-0.068142653,-0.175859108,-0.11522706,0.985661753,-0.043803082,0.40758233,-0.116496188,-0.06226948,-0.076409146,0.296411634,-0.142862423,-0.156060803,-0.204719826,-0.107419101,-0.107191453,-0.125253122,-0.064680709,-0.08624063,3.608977375,-0.219035474,-0.044874852,0.163015181,-0.06190118,-0.288250359,12.70067049,-0.272537745,1.235280252,-0.171550293,0.522042208,8.2189729,-0.088622261,-0.168077708,-0.139696072,-0.19814998,-0.400671753,-0.247677772,-0.1241152,-0.138720218,-0.210689868,1.899695679,1.959624763,-0.090725831,-0.056204095,-0.16632463,-0.145769598,-0.200900416,-0.052076453,-0.058334401,-0.306173263,0.310020744,-0.094132357,-0.07889364,-0.062211732,-0.024558533,-0.106922282,-0.040060342,0.089971599,0.236940749,-0.12217926,-0.103518343,-0.137554045,-0.198186505,-0.108555234,-0.21150647,-0.085306426,-0.067232716,-0.104109844,-0.225210697,-0.128396684,-0.160467164,1.07305674,-0.246123384,2.004485326,1.562111241,-0.070981797,0.307127744,-0.089972778,-0.095493748,-0.202268101,0.229182513,-0.101912448,-0.111478542,-0.180776007,-0.192549632,-0.052437057,-0.215399346,-0.186887135,0.164964233,-0.225693664,-0.081599475,-0.129401116,0.429354696,-0.255939674,-0.161492635,0.172017705,-0.047999271,0.553846148,-0.227692469,-0.120921906,-0.100681083,-0.144248806,0.158523142,0.729767113,-0.121293958,-0.238289203,0.765584094
2004/11/07,-0.054024469,-0.094913243,-0.068142653,-0.175859108,-0.11522706,1.463250491,-0.137038215,0.448261032,-0.116496188,-0.06226948,-0.076409146,1.305443465,-0.142862423,-0.186399165,-0.204719826,-0.107419101,-0.107191453,-0.125253122,-0.064680709,-0.08624063,2.459038102,-0.219035474,-0.074941644,0.060941956,-0.06190118,-0.288250359,10.64030541,-0.272537745,0.170152402,-0.123166882,-0.183536782,-0.150013152,-0.088622261,-0.129355165,-0.139696072,-0.19814998,-0.400671753,-0.247677772,-0.1241152,-0.138720218,-0.210689868,0.201661497,0.673896302,-0.042660702,0.401076175,-0.16632463,-0.145769598,-0.200900416,-0.052076453,-0.058334401,-0.306173263,-0.117447798,-0.094132357,-0.07889364,-0.066513785,-0.022167275,-0.106922282,-0.040060342,0.764371147,1.261205032,-0.12217926,-0.117321593,-0.137659775,-0.198186505,0.47831439,-0.149536485,-0.085306426,-0.064200241,-0.104109844,-0.225210697,-0.127525757,-0.160467164,0.198396843,-0.246123384,7.754456287,-0.171602943,-0.070981797,-0.343511689,-0.089972778,-0.095493748,-0.202268101,1.571487103,-0.101912448,-0.111478542,-0.152560875,-0.192549632,-0.052437057,-0.215399346,-0.186887135,7.26552169,-0.170329837,-0.091125796,-0.129401116,1.281183705,0.37895652,-0.161492635,-0.044394024,-0.047999271,0.989742808,-0.227692469,-0.120921906,-0.100681083,-0.144248806,-0.061491474,0.104856428,-0.121293958,-0.238289203,-0.171091077
2004/11/21,-0.054024469,-0.094913243,-0.068142653,-0.175859108,-0.11522706,-0.067204328,-0.137038215,0.10475199,-0.116496188,-0.06226948,-0.076409146,0.039878118,0.639198853,-0.186399165,-0.204719826,-0.107419101,-0.107191453,-0.125253122,-0.064680709,-0.08624063,-0.273623286,-0.219035474,-0.074941644,-0.132459945,-0.06190118,-0.288250359,-0.176611253,-0.272537745,-0.166203762,-0.190159297,0.033564445,-0.158997571,-0.088622261,-0.168077708,-0.139696072,-0.19814998,-0.400671753,1.416401021,-0.1241152,-0.138720218,-0.210689868,0.484667194,-0.282924878,-0.331051476,-0.112243344,-0.16632463,-0.145769598,-0.200900416,-0.052076453,-0.058334401,-0.306173263,0.24895381,-0.094132357,-0.07889364,-0.068933689,-0.108252557,-0.106922282,-0.040060342,0.282657185,-0.072890084,-0.12217926,-0.122673874,-0.137818369,-0.198186505,-0.132806045,-0.142650931,-0.085306426,-0.072286843,-0.104109844,-0.225210697,-0.130138537,-0.160467164,-0.191136967,-0.246123384,0.67756895,-0.254440572,-0.070981797,0.957767177,-0.089972778,0.033799345,-0.202268101,0.229182513,-0.101912448,-0.111478542,-0.180776007,-0.192549632,-0.052437057,-0.215399346,-0.186887135,2.377193534,-0.225693664,-0.091125796,-0.129401116,0.009438987,-0.305915328,-0.161492635,-0.188668509,-0.047999271,-0.068863365,-0.227692469,-0.120921906,-0.100681083,-0.144248806,-0.306938432,-0.151956182,-0.121293958,-0.238289203,-0.171091077
2004/12/07,-0.054024469,-0.094913243,-0.068142653,-0.175859108,-0.11522706,-0.099767197,-0.137038215,-0.168699287,-0.116496188,-0.06226948,-0.076409146,-0.002877469,-0.142862423,-0.186399165,-0.204719826,-0.107419101,-0.107191453,-0.125253122,-0.064680709,-0.08624063,-0.292576757,-0.219035474,-0.074941644,-0.132459945,-0.06190118,-0.288250359,-0.176611253,-0.272537745,-0.166203762,-0.134332284,1.037657624,-0.176966408,-0.088622261,-0.168077708,-0.139696072,-0.19814998,-0.400671753,1.000381323,-0.1241152,-0.138720218,-0.210689868,-0.222847048,-0.282924878,0.38992546,-0.115045306,-0.16632463,-0.145769598,-0.200900416,-0.052076453,-0.058334401,-0.306173263,-0.117447798,-0.094132357,-0.07889364,-0.067925396,-0.108252557,-0.106922282,-0.040060342,0.403085675,-0.091115427,-0.12217926,-0.12365982,-0.135439449,-0.198186505,-0.132806045,-0.21150647,-0.085306426,-0.072286843,-0.104109844,-0.225210697,-0.130138537,-0.160467164,-0.126560331,-0.246123384,-0.207041967,-0.211803557,-0.070981797,-0.343511689,-0.089972778,-0.095493748,-0.202268101,0.045664308,-0.101912448,-0.111478542,-0.180776007,-0.192549632,-0.052437057,-0.215399346,-0.186887135,2.166449584,-0.225693664,-0.091125796,-0.129401116,-0.230512847,-0.292768907,-0.161492635,-0.188668509,-0.047999271,-0.224540743,-0.227692469,-0.120921906,-0.100681083,-0.144248806,-0.284747287,-0.113434291,-0.121293958,-0.238289203,-0.171091077
2004/12/21,-0.054024469,-0.094913243,-0.068142653,-0.175859108,-0.11522706,-0.099767197,-0.137038215,-0.067002531,-0.116496188,-0.06226948,-0.076409146,-0.131144227,-0.142862423,-0.186399165,-0.204719826,-0.107419101,-0.107191453,-0.125253122,-0.064680709,-0.08624063,-0.231782605,-0.219035474,-0.074941644,-0.132459945,-0.06190118,-0.288250359,-0.176611253,-0.272537745,-0.166203762,0.033148755,2.638779178,-0.176966408,-0.088622261,-0.168077708,-0.139696072,0.379973637,1.706827803,-0.247677772,-0.1241152,-0.138720218,-0.210689868,-0.222847048,-0.282924878,3.514158847,-0.115045306,-0.16632463,-0.145769598,-0.200900416,-0.052076453,-0.058334401,-0.306173263,-0.117447798,-0.094132357,-0.07889364,-0.066244906,-0.096296268,-0.106922282,-0.040060342,0.378999977,0.273391435,-0.12217926,-0.124927466,-0.137818369,-0.198186505,0.352210173,-0.21150647,-0.085306426,-0.04870092,-0.104109844,-0.225210697,-0.130138537,-0.160467164,-0.193022416,-0.246123384,-0.207041967,-0.231509741,-0.070981797,-0.343511689,-0.089972778,-0.095493748,-0.202268101,0.019447421,-0.101912448,-0.111478542,-0.180776007,-0.192549632,-0.052437057,-0.215399346,-0.186887135,-0.251866341,-0.151875228,-0.091125796,-0.129401116,0.009438987,-0.336508302,-0.161492635,-0.188668509,-0.047999271,1.176555662,0.159634561,-0.120921906,-0.100681083,-0.144248806,-0.303439413,1.42316116,-0.121293958,-0.238289203,-0.171091077
2005/01/07,-0.054024469,-0.094913243,-0.068142653,-0.175859108,-0.11522706,0.083398938,0.072740833,0.224528169,-0.116496188,-0.06226948,-0.076409146,-0.131144227,-0.142862423,0.223168726,-0.204719826,-0.107419101,-0.107191453,-0.125253122,-0.064680709,-0.08624063,1.36844465,-0.219035474,-0.074941644,-0.011583757,-0.06190118,-0.288250359,-0.176611253,-0.272537745,0.254241442,2.68493187,-0.183536782,-0.176966408,-0.088622261,0.697129116,-0.139696072,12.54947578,0.38964058,-0.247677772,-0.1241152,-0.138720218,-0.210689868,0.307788633,-0.282924878,5.076275541,-0.115045306,-0.16632463,-0.145769598,-0.200900416,-0.052076453,-0.058334401,-0.306173263,-0.117447798,-0.094132357,-0.07889364,-0.065908808,-0.045482039,-0.106922282,-0.040060342,0.619856958,17.54646037,-0.12217926,-0.110772092,-0.137818369,-0.198186505,-0.27831091,-0.21150647,-0.085306426,-0.054597401,-0.104109844,-0.225210697,-0.130138537,-0.160467164,0.154842966,-0.246123384,-0.207041967,-0.22846424,0.035608743,0.632447461,-0.089972778,-0.095493748,-0.202268101,2.326533434,-0.101912448,-0.111478542,-0.180776007,-0.192549632,-0.052437057,1.023970102,-0.186887135,-0.062080353,-0.15648888,-0.091125796,-0.129401116,-0.230512847,-0.141911318,-0.161492635,-0.188668509,-0.047999271,1.526829763,0.163358859,-0.120921906,-0.100681083,-0.144248806,-0.292758198,0.939497411,-0.121293958,-0.238289203,-0.171091077
2005/01/21,-0.054024469,-0.094913243,-0.068142653,-0.175859108,-0.11522706,-0.099767197,0.422372579,-0.094121666,-0.116496188,-0.06226948,-0.076409146,-0.131144227,-0.142862423,-0.186399165,-0.204719826,-0.107419101,-0.107191453,-0.125253122,-0.064680709,-0.08624063,-0.312960679,-0.219035474,-0.074941644,-0.132459945,-0.06190118,-0.288250359,-0.176611253,-0.272537745,-0.166203762,4.834271869,-0.183536782,-0.176966408,-0.088622261,-0.168077708,-0.139696072,2.229969213,-0.400671753,-0.247677772,-0.1241152,-0.138720218,-0.210689868,-0.222847048,-0.282924878,2.552856266,-0.115045306,-0.16632463,-0.145769598,-0.200900416,-0.052076453,-0.058334401,-0.306173263,0.615355417,-0.094132357,-0.07889364,-0.068933689,-0.108252557,-0.106922282,-0.040060342,-0.102713986,-0.091115427,-0.12217926,-0.124082369,-0.137818369,-0.198186505,0.158203686,-0.21150647,-0.085306426,-0.072286843,-0.104109844,-0.225210697,-0.130138537,-0.160467164,-0.190194243,-0.246123384,-0.207041967,-0.247274687,-0.070981797,-0.343511689,-0.089972778,-0.095493748,-0.202268101,0.124314967,-0.101912448,-0.111478542,-0.180776007,-0.192549632,-0.052437057,-0.215399346,-0.186887135,-0.271659971,-0.225693664,-0.082960378,-0.129401116,-0.230512847,-0.355505897,-0.161492635,-0.188668509,-0.047999271,0.709523527,-0.205346678,-0.120921906,-0.100681083,-0.144248806,-0.312647357,-0.049231138,-0.121293958,-0.238289203,-0.171091077
2005/02/07,-0.054024469,-0.094913243,-0.068142653,-0.175859108,-0.11522706,0.246213281,-0.137038215,-0.067002531,-0.116496188,-0.06226948,0.416493304,-0.131144227,0.443683534,-0.186399165,-0.204719826,-0.107419101,-0.107191453,-0.125253122,-0.064680709,-0.08624063,-0.279434492,-0.219035474,0.060358923,-0.112313913,-0.06190118,-0.288250359,-0.176611253,-0.272537745,0.674686647,-0.022678258,-0.183536782,-0.176966408,-0.088622261,0.025535008,-0.139696072,-0.111431437,0.38964058,2.248440417,-0.1241152,-0.138720218,-0.210689868,-0.222847048,-0.282924878,0.029436992,-0.094030588,-0.16632463,-0.127411287,-0.200900416,-0.052076453,-0.058334401,-0.306173263,-0.117447798,-0.094132357,-0.07889364,-0.052800991,0.053157346,-0.106922282,-0.040060342,-0.102713986,0.091138004,-0.12217926,0.410230184,-0.133853502,-0.198186505,-0.27831091,-0.21150647,-0.085306426,-0.072286843,-0.102712317,-0.225210697,-0.130138537,-0.160467164,14.309146,-0.246123384,-0.207041967,-0.211266116,-0.070981797,-0.343511689,-0.089972778,-0.095493748,-0.202268101,2.562485413,-0.101912448,-0.111478542,-0.180776007,-0.192549632,-0.052437057,2.263339551,-0.186887135,0.610320921,-0.087284095,-0.062546832,4.074016705,-0.230512847,-0.355152901,-0.161492635,-0.188668509,-0.047999271,0.592765493,-0.166241546,-0.120921906,-0.100681083,-0.144248806,-0.305050803,-0.151956182,-0.121293958,-0.238289203,-0.171091077
2005/02/21,-0.054024469,-0.094913243,-0.068142653,-0.175859108,-0.11522706,-0.012932881,-0.137038215,0.032434297,-0.116496188,-0.06226948,0.440590757,-0.131144227,0.639198853,-0.186399165,-0.204719826,-0.107419101,-0.107191453,-0.125253122,-0.064680709,-0.08624063,-0.306166038,-0.219035474,-0.014808059,-0.078737195,-0.06190118,-0.288250359,-0.176611253,-0.272537745,-0.166203762,-0.190159297,-0.183536782,-0.176966408,-0.088622261,-0.047069761,-0.139696072,-0.140337618,1.706827803,-0.247677772,-0.1241152,-0.138720218,-0.210689868,-0.222847048,-0.183256006,-0.331051476,-0.095431569,-0.16632463,-0.145769598,-0.200900416,-0.052076453,-0.018980163,-0.306173263,0.615355417,-0.094132357,-0.07889364,-0.055489774,-0.096296268,-0.106922282,-0.040060342,-0.006371193,0.006086403,-0.12217926,0.263535437,-0.127245389,-0.198186505,-0.229809288,-0.21150647,-0.085306426,-0.068917425,-0.104109844,-0.225210697,-0.130138537,-0.160467164,7.633477327,-0.246123384,2.446790784,-0.030148376,-0.070981797,-0.343511689,-0.089972778,-0.095493748,-0.202268101,1.592460612,-0.101912448,-0.111478542,-0.180776007,-0.192549632,-0.052437057,3.915832148,-0.186887135,0.539878883,-0.225693664,-0.091125796,3.319557096,-0.11053693,-0.355505897,-0.161492635,-0.188668509,-0.047999271,0.865200905,-0.227692469,-0.120921906,-0.100681083,-0.144248806,-0.31062161,-0.08347282,-0.121293958,-0.238289203,-0.171091077
2005/03/07,-0.054024469,-0.094913243,-0.068142653,-0.175859108,-0.11522706,-0.099767197,-0.137038215,0.149950548,-0.116496188,-0.06226948,0.326675524,0.210900462,-0.142862423,-0.065045716,-0.204719826,-0.107419101,-0.107191453,-0.125253122,-0.064680709,-0.08624063,-0.197451789,-0.219035474,-0.074941644,0.055569681,-0.06190118,-0.288250359,-0.176611253,-0.272537745,-0.166203762,-0.190159297,-0.183536782,-0.176966408,-0.088622261,-0.168077708,-0.139696072,-0.19814998,0.653078025,-0.247677772,-0.1241152,-0.138720218,-0.210689868,-0.222847048,-0.282924878,-0.331051476,-0.095431569,-0.16632463,-0.145769598,-0.200900416,-0.052076453,-0.058334401,-0.306173263,-0.117447798,-0.094132357,25.60243465,-0.059522949,-0.108252557,-0.106922282,-0.040060342,-0.006371193,-0.091115427,-0.048482491,0.315086352,-0.131210257,-0.198186505,-0.181307667,-0.21150647,-0.085306426,-0.068917425,-0.104109844,-0.225210697,-0.130138537,-0.160467164,-0.090265433,-0.246123384,0.67756895,0.17300446,-0.070981797,-0.343511689,-0.089972778,-0.095493748,-0.202268101,0.753520243,-0.101912448,-0.111478542,-0.180776007,-0.192549632,-0.052437057,1.437093252,-0.186887135,-0.267002646,-0.225693664,-0.091125796,0.517278549,0.909258363,-0.355505897,-0.161492635,-0.188668509,-0.047999271,0.553846148,-0.227692469,-0.120921906,-0.100681083,-0.144248806,-0.312094881,-0.151956182,-0.121293958,-0.238289203,-0.171091077
2005/03/21,-0.054024469,-0.094913243,-0.068142653,-0.175859108,-0.11522706,-0.067204328,-0.137038215,-0.351753447,-0.116496188,-0.06226948,-0.076409146,-0.131144227,-0.142862423,-0.186399165,-0.204719826,-0.107419101,-0.107191453,-0.125253122,-0.064680709,-0.08624063,-0.241616953,-0.219035474,-0.074941644,-0.132459945,-0.06190118,-0.288250359,7.549757791,-0.272537745,-0.166203762,-0.190159297,-0.183536782,-0.176966408,-0.088622261,-0.168077708,-0.139696072,-0.19814998,-0.400671753,-0.247677772,-0.1241152,-0.138720218,-0.210689868,-0.222847048,-0.282924878,-0.331051476,-0.115045306,-0.16632463,-0.145769598,-0.200900416,-0.052076453,-0.058334401,-0.306173263,-0.117447798,-0.094132357,-0.07889364,-0.066917102,-0.090318123,-0.106922282,-0.040060342,0.041800203,-0.091115427,5.912285583,-0.040840318,-0.079138329,-0.198186505,-0.27831091,-0.21150647,-0.085306426,-0.072286843,-0.104109844,-0.225210697,-0.130138537,-0.160467164,-0.176053373,-0.246123384,-0.207041967,0.894250771,-0.070981797,-0.343511689,-0.089972778,-0.095493748,-0.202268101,-0.34758899,-0.101912448,-0.111478542,-0.180776007,-0.192549632,-0.052437057,-0.215399346,-0.186887135,-0.275152965,-0.225693664,-0.091125796,0.840618381,3.368764658,-0.33400524,-0.161492635,-0.188668509,-0.047999271,4.212264539,-0.227692469,-0.120921906,-0.100681083,-0.144248806,-0.304636446,-0.151956182,-0.121293958,-0.238289203,-0.171091077
2005/04/07,-0.054024469,-0.094913243,-0.068142653,-0.175859108,-0.11522706,-0.099767197,-0.137038215,0.204188818,-0.116496188,-0.06226948,-0.076409146,-0.131144227,-0.142862423,-0.186399165,-0.204719826,-0.107419101,-0.107191453,-0.125253122,-0.064680709,-0.08624063,-0.297404528,-0.219035474,-0.074941644,-0.092167882,-0.06190118,-0.288250359,-0.176611253,-0.272537745,-0.166203762,-0.190159297,-0.183536782,-0.176966408,-0.088622261,-0.168077708,-0.139696072,-0.19814998,-0.400671753,-0.247677772,-0.1241152,-0.138720218,-0.210689868,-0.222847048,-0.282924878,-0.331051476,-0.115045306,-0.16632463,-0.145769598,-0.200900416,-0.052076453,-0.058334401,-0.306173263,-0.117447798,-0.094132357,-0.07889364,-0.052800991,0.26837055,-0.106922282,-0.040060342,0.547599864,-0.022770391,6.795717859,-0.119223061,-0.135835935,-0.198186505,-0.27831091,-0.21150647,-0.085306426,-0.052070338,-0.104109844,-0.225210697,-0.130138537,-0.160467164,-0.201506938,-0.246123384,1.119874408,0.209550473,-0.070981797,-0.343511689,-0.089972778,-0.095493748,-0.202268101,-0.111637012,-0.101912448,-0.111478542,-0.180776007,-0.192549632,-0.052437057,-0.215399346,-0.186887135,-0.275152965,-0.225693664,-0.091125796,-0.129401116,0.759288467,-0.304931219,-0.161492635,-0.188668509,-0.047999271,1.993861898,-0.127136413,-0.120921906,-0.100681083,-0.144248806,-0.307951306,-0.151956182,-0.121293958,-0.238289203,-0.171091077
2005/04/21,-0.054024469,-0.094913243,-0.068142653,-0.175859108,-0.11522706,-0.099767197,-0.137038215,-0.39243215,-0.116496188,-0.06226948,-0.076409146,-0.131144227,-0.142862423,-0.186399165,-0.204719826,-0.107419101,-0.107191453,-0.125253122,-0.064680709,-0.08624063,-0.304377975,-0.219035474,-0.074941644,-0.132459945,-0.06190118,-0.288250359,-0.176611253,-0.272537745,-0.166203762,-0.190159297,-0.074986169,-0.176966408,-0.088622261,-0.168077708,-0.139696072,-0.19814998,1.706827803,-0.247677772,-0.1241152,-0.138720218,-0.210689868,-0.222847048,-0.282924878,-0.331051476,-0.115045306,-0.16632463,-0.121291851,-0.200900416,-0.052076453,-0.058334401,-0.306173263,-0.117447798,-0.094132357,-0.07889364,-0.066244906,-0.084339979,-0.106922282,26.32668075,-0.102713986,-0.091115427,0.742364348,-0.120701981,-0.135968098,-0.198186505,-0.27831091,-0.21150647,-0.085306426,-0.068917425,-0.104109844,-0.225210697,-0.130138537,-0.160467164,-0.139287113,-0.246123384,-0.207041967,-0.271638696,-0.070981797,-0.343511689,-0.089972778,-0.095493748,-0.202268101,-0.504890309,-0.101912448,-0.111478542,-0.180776007,-0.192549632,-0.051335221,-0.215399346,-0.186887135,-0.275152965,-0.225693664,-0.091125796,-0.129401116,-0.230512847,-0.352254056,-0.161492635,-0.188668509,-0.047999271,-0.224540743,-0.227692469,-0.120921906,-0.100681083,-0.144248806,-0.314857264,-0.151956182,-0.121293958,-0.238289203,-0.171091077
2005/05/07,-0.054024469,-0.094913243,-0.068142653,-0.175859108,-0.11522706,-0.099767197,-0.137038215,-0.134800368,-0.116496188,-0.06226948,-0.076409146,-0.131144227,-0.142862423,-0.186399165,-0.204719826,-0.107419101,-0.107191453,-0.125253122,-0.064680709,-0.08624063,-0.312960679,-0.219035474,-0.074941644,-0.132459945,-0.06190118,-0.288250359,1.754981008,-0.272537745,-0.166203762,-0.176202544,-0.183536782,-0.176966408,-0.088622261,-0.168077708,-0.139696072,-0.19814998,-0.400671753,-0.247677772,-0.1241152,-0.138720218,-0.210689868,-0.222847048,-0.282924878,-0.331051476,-0.115045306,-0.16632463,-0.145769598,-0.200900416,-0.052076453,-0.058334401,-0.306173263,-0.117447798,-0.094132357,-0.07889364,-0.068933689,-0.09928534,-0.106922282,-0.040060342,0.041800203,-0.040995734,0.944256337,-0.124504917,-0.135241205,-0.198186505,-0.205558477,-0.21150647,-0.085306426,-0.072286843,-0.104109844,-0.225210697,-0.129485342,-0.160467164,-0.208577372,-0.246123384,1.451603502,-0.12635038,-0.070981797,-0.343511689,-0.089972778,-0.095493748,-0.202268101,-0.504890309,-0.101912448,-0.111478542,-0.180776007,-0.192549632,-0.052437057,-0.215399346,-0.186887135,-0.275152965,-0.225693664,-0.091125796,-0.129401116,0.309378779,-0.344274211,-0.161492635,-0.188668509,-0.047999271,-0.10778271,-0.227692469,-0.120921906,-0.100681083,-0.144248806,-0.309677795,-0.151956182,-0.121293958,-0.238289203,-0.171091077
2005/05/21,-0.054024469,-0.094913243,-0.068142653,-0.175859108,-0.11522706,-0.099767197,-0.137038215,-0.311074745,-0.116496188,-0.06226948,-0.076409146,-0.131144227,-0.142862423,-0.186399165,-0.204719826,-0.107419101,-0.107191453,-0.125253122,-0.064680709,-0.08624063,-0.312960679,-0.219035474,-0.074941644,-0.132459945,-0.06190118,-0.288250359,-0.176611253,-0.272537745,-0.166203762,-0.134332284,-0.183536782,-0.176966408,-0.088622261,-0.168077708,-0.139696072,-0.19814998,-0.400671753,-0.247677772,-0.1241152,-0.138720218,-0.210689868,-0.222847048,-0.282924878,-0.331051476,-0.115045306,-0.16632463,-0.145769598,-0.200900416,-0.052076453,-0.058334401,-0.306173263,0.065753006,-0.094132357,-0.07889364,-0.068933689,-0.108252557,-0.106922282,-0.040060342,0.041800203,-0.091115427,-0.12217926,-0.124927466,-0.137818369,-0.198186505,-0.27831091,-0.21150647,-0.085306426,-0.067232716,-0.104109844,-0.225210697,-0.130138537,-0.160467164,-0.209991459,-0.246123384,1.119874408,-0.261248163,-0.070981797,-0.343511689,-0.089972778,-0.095493748,-0.202268101,-0.504890309,-0.101912448,-0.111478542,-0.180776007,-0.192549632,-0.052437057,-0.215399346,-0.186887135,-0.275152965,-0.225693664,-0.091125796,-0.129401116,-0.230512847,-0.355313353,-0.161492635,-0.188668509,-0.047999271,-0.224540743,-0.227692469,-0.120921906,-0.100681083,-0.144248806,-0.313476072,-0.151956182,-0.121293958,-0.238289203,-0.171091077
2005/06/07,-0.054024469,-0.094913243,-0.068142653,-0.175859108,-0.11522706,-0.099767197,-0.137038215,-0.28395561,-0.116496188,-0.06226948,-0.076409146,-0.131144227,-0.142862423,0.4051989,-0.204719826,-0.107419101,-0.107191453,-0.125253122,-0.064680709,-0.08624063,-0.311083213,-0.219035474,-0.029841455,-0.132459945,-0.06190118,-0.288250359,-0.176611253,-0.272537745,-0.166203762,-0.190159297,0.793418742,-0.156751466,-0.088622261,-0.168077708,-0.139696072,-0.19814998,-0.400671753,-0.247677772,-0.1241152,-0.138720218,-0.210689868,-0.222847048,-0.282924878,-0.331051476,-0.115045306,-0.16632463,-0.145769598,-0.200900416,-0.052076453,-0.058334401,-0.266628674,-0.025847396,-0.094132357,-0.07889364,-0.068933689,-0.108252557,-0.106922282,-0.040060342,-0.102713986,-0.091115427,-0.12217926,-0.124927466,-0.135241205,-0.198186505,-0.132806045,-0.185685643,-0.085306426,-0.072286843,-0.104109844,-0.225210697,-0.128178952,-0.160467164,-0.209991459,-0.246123384,-0.207041967,-0.242437715,-0.070981797,-0.343511689,-0.089972778,-0.095493748,-0.202268101,-0.504890309,-0.101912448,-0.111478542,-0.180776007,-0.192549632,-0.052437057,-0.215399346,-0.186887135,-0.275152965,-0.225693664,-0.091125796,-0.129401116,-0.230512847,-0.351783395,-0.161492635,-0.188668509,-0.047999271,-0.10778271,-0.205346678,-0.120921906,-0.100681083,-0.144248806,-0.311818642,-0.126274921,-0.121293958,-0.238289203,-0.171091077
2005/06/21,-0.054024469,-0.094913243,-0.068142653,-0.175859108,-0.11522706,-0.099767197,0.329137447,-0.311074745,-0.116496188,-0.06226948,-0.076409146,-0.131144227,-0.142862423,-0.004368991,4.097226104,-0.107419101,-0.107191453,-0.125253122,-0.064680709,-0.08624063,-0.311530228,-0.219035474,-0.074941644,-0.132459945,-0.06190118,-0.288250359,-0.176611253,-0.272537745,-0.166203762,-0.078505271,-0.183536782,-0.16798199,-0.088622261,-0.168077708,-0.139696072,-0.19814998,-0.400671753,-0.247677772,-0.1241152,-0.138720218,-0.210689868,-0.222847048,-0.282924878,-0.331051476,-0.115045306,-0.16632463,-0.145769598,-0.200900416,-0.052076453,-0.058334401,-0.306173263,0.432154613,-0.094132357,-0.07889364,-0.067589298,-0.108252557,-0.106922282,-0.040060342,-0.102713986,-0.091115427,-0.12217926,-0.124927466,-0.132399717,-0.198186505,-0.157056856,0.365158665,-0.085306426,-0.072286843,-0.104109844,-0.225210697,-0.123171124,-0.160467164,-0.209520097,-0.246123384,-0.207041967,-0.262323046,-0.070981797,-0.343511689,-0.089972778,-0.095493748,-0.202268101,-0.504890309,-0.101912448,-0.111478542,-0.180776007,-0.192549632,-0.052437057,-0.215399346,-0.186887135,-0.275152965,0.032670864,-0.091125796,-0.129401116,-0.230512847,-0.352168481,-0.161492635,-0.188668509,-0.047999271,-0.146702054,0.107494384,-0.120921906,-0.100681083,-0.144248806,-0.302426539,0.053493906,-0.121293958,-0.238289203,-0.171091077
2005/07/07,-0.054024469,-0.094913243,-0.068142653,-0.175859108,-0.11522706,-0.092789439,2.020689132,-0.185164476,-0.116496188,-0.06226948,-0.076409146,-0.094496581,-0.142862423,0.112650406,0.563484804,-0.107419101,-0.107191453,-0.125253122,-0.064680709,-0.08624063,-0.302998612,-0.219035474,-0.049170108,-0.115191918,-0.06190118,-0.288250359,-0.176611253,-0.237497572,-0.166203762,0.312283819,-0.113754245,-0.157714083,-0.088622261,-0.168077708,-0.139696072,-0.136208164,-0.400671753,-0.247677772,0.2388688,-0.138720218,-0.210689868,0.99003451,-0.112063953,-0.331051476,-0.115045306,-0.16632463,-0.145769598,-0.200900416,-0.052076453,-0.058334401,-0.306173263,0.24895381,-0.094132357,-0.07889364,-0.068069438,-0.077507813,-0.106922282,-0.040060342,0.165669508,-0.088511807,-0.122090789,-0.124927466,-0.128642533,-0.198186505,0.054271639,-0.193063022,-0.085306426,-0.064344644,-0.104109844,-0.225210697,-0.117074637,-0.160467164,-0.194234491,0.19333667,-0.017482485,-0.246660469,-0.070981797,-0.343511689,-0.089972778,-0.095493748,-0.202268101,-0.437475458,-0.101912448,-0.111478542,-0.180776007,-0.192549632,-0.052437057,-0.215399346,-0.186887135,-0.274903465,0.33189917,-0.091125796,-0.129401116,-0.230512847,-0.351141584,-0.161492635,0.04835386,-0.047999271,-0.124462429,-0.063291298,-0.120921906,-0.100681083,-0.144248806,-0.283050394,-0.045562387,-0.121293958,-0.238289203,0.029625031
2005/07/21,-0.054024469,-0.094913243,-0.068142653,-0.175859108,-0.11522706,-0.020395205,9.967319243,0.112661738,-0.116496188,-0.06226948,-0.076409146,-0.067010848,-0.142862423,-0.049876535,-0.204719826,-0.107419101,-0.107191453,-0.125253122,-0.064680709,-0.08624063,-0.028926823,-0.219035474,-0.074941644,0.653235277,-0.06190118,2.040838251,-0.176611253,0.095384074,-0.166203762,0.200629793,-0.020710862,-0.09610664,-0.088622261,-0.168077708,-0.139696072,0.30048164,1.970265247,2.248440417,1.146328802,4.080915099,2.968630604,4.022238406,2.408134691,-0.331051476,-0.115045306,-0.16632463,-0.145769598,0.148178646,-0.052076453,-0.058334401,-0.227084085,-0.117447798,-0.094132357,0.607997783,-0.054817579,0.18318199,-0.106922282,-0.040060342,-0.030456891,0.004567624,-0.12186961,-0.124927466,0.758638187,-0.198186505,0.049075037,0.162895521,-0.085306426,-0.052070338,-0.104109844,-0.225210697,-0.124912977,-0.160467164,-0.185244938,-0.246123384,3.77370716,-0.224433429,-0.070981797,-0.343511689,-0.089972778,-0.095493748,-0.202268101,0.242290956,-0.101912448,-0.111478542,-0.180776007,-0.192549632,-0.052437057,-0.215399346,-0.186887135,-0.274279717,8.480268215,-0.091125796,-0.129401116,-0.140530909,-0.076591041,-0.161492635,15.01425542,-0.047999271,0.242491392,1.029258228,-0.120921906,-0.100681083,-0.144248806,0.544865456,-0.151956182,-0.121293958,-0.238289203,3.341440814
2005/08/07,-0.054024469,-0.094913243,-0.068142653,-0.175859108,-0.11522706,-0.099767197,0.702077976,-0.220677629,-0.116496188,-0.06226948,-0.076409146,-0.131144227,-0.142862423,-0.186399165,-0.204719826,-0.107419101,-0.107191453,-0.125253122,-0.064680709,-0.08624063,-0.293649595,-0.219035474,-0.074941644,-0.132459945,-0.06190118,-0.288250359,-0.176611253,0.21802468,-0.166203762,-0.190159297,-0.183536782,-0.158997571,-0.088622261,-0.168077708,-0.139696072,-0.140337618,-0.400671753,3.080479814,-0.1241152,-0.138720218,-0.210689868,1.899695679,1.71045258,-0.331051476,-0.115045306,-0.16632463,-0.145769598,-0.200900416,-0.052076453,-0.058334401,0.115635682,-0.117447798,-0.094132357,-0.07889364,-0.062211732,-0.036514822,-0.106922282,-0.040060342,-0.102713986,-0.091115427,-0.12217926,-0.124927466,0.114082883,-0.198186505,1.37074423,0.287696184,-0.085306426,-0.06217859,-0.104109844,-0.225210697,-0.127525757,-0.160467164,-0.172282475,0.864733974,-0.207041967,-0.030148376,-0.070981797,-0.343511689,-0.089972778,-0.095493748,-0.202268101,-0.295155217,-0.101912448,-0.111478542,-0.180776007,-0.192549632,-0.052437057,-0.215399346,-0.186887135,-0.275152965,-0.207239055,-0.091125796,-0.129401116,-0.230512847,-0.351312734,-0.161492635,1.302167843,-0.047999271,0.242491392,0.867251249,-0.120921906,-0.100681083,-0.144248806,-0.247639272,0.806810896,-0.121293958,-0.238289203,-0.171091077
2005/08/21,-0.054024469,-0.094913243,-0.068142653,-0.175859108,-0.11522706,-0.099767197,0.254549341,0.23673178,0.306435401,-0.06226948,-0.076409146,-0.131144227,-0.142862423,-0.186399165,-0.204719826,-0.107419101,-0.107191453,-0.125253122,-0.064680709,-0.08624063,-0.295795271,-0.219035474,-0.074941644,-0.003525344,-0.06190118,-0.288250359,-0.176611253,0.21802468,-0.166203762,-0.100836077,1.184200952,-0.128450547,-0.088622261,-0.168077708,-0.139696072,-0.128775146,0.86382798,1.749216779,-0.1241152,-0.138720218,-0.210689868,0.626170042,0.195485712,-0.331051476,-0.115045306,-0.16632463,-0.145769598,-0.200900416,-0.052076453,-0.058334401,-0.053087896,-0.117447798,-0.094132357,-0.07889364,-0.06409388,-0.09390501,-0.106922282,-0.040060342,0.070703041,-0.091115427,-0.12217926,-0.124927466,0.00682,-0.198186505,0.47831439,0.253268415,-0.085306426,-0.056113639,-0.099990818,-0.225210697,-0.129615981,-0.160467164,-0.196416225,1.70214952,-0.207041967,-0.202129613,-0.070981797,1.21802295,-0.089972778,-0.095493748,-0.202268101,-0.253208199,-0.101912448,-0.111478542,-0.180776007,-0.192549632,-0.052437057,-0.215399346,-0.186887135,-0.275152965,-0.203548133,-0.082960378,-0.129401116,-0.014556197,-0.354710051,-0.161492635,0.648123508,-0.047999271,0.429304246,1.980071599,-0.120921906,-0.100681083,-0.144248806,-0.18933457,1.727912124,-0.121293958,-0.238289203,0.390914026
2005/09/07,-0.054024469,-0.094913243,-0.068142653,-0.175859108,-0.11522706,0.181669024,-0.137038215,0.188692169,-0.116496188,-0.06226948,-0.076409146,0.015446354,-0.142862423,-0.056377612,-0.204719826,-0.107419101,-0.107191453,-0.125253122,-0.064680709,-0.08624063,-0.007048591,-0.219035474,-0.074941644,0.143828485,-0.06190118,-0.288250359,-0.176611253,2.60075646,-0.166203762,-0.126356997,0.839940434,-0.022947802,-0.088622261,-0.168077708,-0.139696072,-0.173373253,0.95414939,-0.247677772,-0.1241152,-0.138720218,-0.210689868,1.2932549,6.295220736,-0.331051476,-0.115045306,-0.16632463,-0.145769598,-0.200900416,-0.052076453,-0.058334401,-0.080204185,0.196610723,-0.094132357,-0.07889364,-0.04531081,-0.016018326,-0.106922282,-0.040060342,0.145024624,-0.091115427,-0.12217926,-0.124927466,-0.121732335,-0.198186505,-0.112019635,-0.167242195,-0.085306426,-0.063622626,-0.104109844,-0.225210697,-0.128272266,-0.160467164,-0.116257698,0.706040066,2.446790784,-0.177560865,-0.070981797,-0.343511689,-0.089972778,-0.095493748,-0.202268101,-0.100401203,-0.101912448,-0.111478542,-0.180776007,-0.192549632,-0.052437057,-0.215399346,-0.186887135,-0.267168979,-0.186148073,-0.056131147,-0.129401116,0.180833154,-0.337663561,-0.161492635,3.665521323,-0.047999271,1.176555662,16.44226699,-0.120921906,-0.100681083,-0.144248806,4.396505717,8.997910243,-0.121293958,-0.238289203,-0.171091077
2005/09/21,-0.054024469,-0.094913243,-0.068142653,-0.175859108,-0.11522706,-0.014289667,-0.137038215,0.387242978,-0.116496188,-0.06226948,-0.076409146,-0.131144227,-0.142862423,-0.186399165,-0.204719826,-0.107419101,-0.107191453,-0.125253122,-0.064680709,-0.08624063,0.845972553,-0.2006556,-0.074941644,0.673381309,-0.06190118,-0.288250359,-0.176611253,0.340665287,-0.166203762,-0.190159297,-0.183536782,-0.075891698,-0.088622261,-0.168077708,-0.139696072,-0.154790709,1.179952914,1.000381323,-0.1241152,-0.138720218,-0.210689868,2.43033136,7.042737283,-0.331051476,-0.115045306,-0.16632463,-0.145769598,-0.200900416,-0.052076453,-0.058334401,-0.187539497,-0.025847396,-0.094132357,-0.07889364,-0.063892221,-0.009613172,-0.106922282,-0.040060342,0.330828581,-0.091115427,-0.12217926,-0.123448546,-0.136430666,-0.198186505,0.12182747,-0.056581508,-0.085306426,-0.057124464,-0.103742074,-0.225210697,-0.128832147,-0.160467164,0.289888267,0.074316239,1.119874408,-0.197292641,-0.070981797,-0.343511689,-0.089972778,-0.095493748,-0.202268101,0.202965627,-0.101912448,-0.111478542,-0.180776007,-0.192549632,-0.052437057,-0.215399346,-0.186887135,-0.037629398,1.601312644,-0.087043087,-0.129401116,0.309378779,0.048898983,-0.161492635,-0.044394024,-0.047999271,1.293313695,4.023594109,-0.120921906,-0.100681083,-0.144248806,7.45E-04,4.573395845,-0.121293958,-0.238289203,-0.171091077
2005/10/07,-0.054024469,-0.094913243,-0.068142653,-0.175859108,-0.11522706,0.423564618,-0.137038215,0.510247626,-0.116496188,-0.06226948,-0.076409146,0.088741644,-0.142862423,-0.186399165,1.35E-04,-0.107419101,-0.107191453,-0.125253122,-0.064680709,-0.08624063,0.327523597,-0.219035474,-0.023398571,-0.132459945,-0.06190118,-0.288250359,-0.176611253,-0.202457399,-0.166203762,-0.174208722,-0.183536782,0.023257781,-0.088622261,-0.168077708,-0.139696072,-0.123819801,3.212184628,1.178675479,-0.1241152,-0.138720218,-0.210689868,0.68681412,1.511114835,-0.331051476,-0.115045306,-0.16632463,-0.145769598,-0.200900416,-0.052076453,-0.058334401,-0.306173263,0.301296896,-0.094132357,-0.07889364,-0.062019676,-0.087756061,-0.106922282,-0.040060342,0.186314392,-0.057268361,-0.12217926,-0.124927466,-0.137138678,-0.198186505,-0.028873998,-0.167242195,-0.085306426,-0.072286843,-0.079311628,-0.225210697,-0.129392029,-0.160467164,1.668319996,-0.246123384,0.930314926,-0.212264221,-0.070981797,-0.343511689,-0.089972778,-0.095493748,-0.202268101,0.573747307,-0.101912448,-0.111478542,-0.180776007,-0.192549632,-0.052437057,0.846917324,-0.186887135,1.395994989,0.312126375,-0.091125796,-0.129401116,0.180833154,0.71316382,-0.161492635,-0.188668509,-0.047999271,1.043117909,-0.074464193,-0.120921906,-0.100681083,-0.144248806,-0.264108338,-0.005206119,-0.121293958,-0.238289203,1.033205572
2005/10/21,-0.054024469,-0.094913243,-0.068142653,-0.175859108,-0.11522706,0.466464905,-0.137038215,0.300612409,-0.116496188,-0.06226948,-0.076409146,0.723967494,0.639198853,0.501270381,-0.204719826,-0.107419101,-0.107191453,-0.125253122,-0.064680709,-0.08624063,0.287709387,-0.219035474,0.466260624,-0.025014444,-0.06190118,-0.288250359,2.398845095,0.054503872,-0.166203762,-0.090911274,-0.183536782,-0.027226096,-0.088622261,-0.151943315,-0.139696072,-0.159608405,7.678076544,0.307015159,0.440526578,-0.138720218,0.495825792,0.956343356,1.610783708,-0.170834379,-0.115045306,-0.16632463,-0.145769598,-0.200900416,-0.052076453,-0.058334401,-0.235871772,-0.117447798,-0.094132357,-0.07889364,-0.059074818,-0.056441971,-0.106922282,-0.040060342,0.282657185,0.078987775,-0.12217926,-0.124927466,-0.137465937,-0.198186505,0.691721525,-0.188554624,-0.085306426,-0.071163703,-0.103684865,-0.225210697,-0.129848228,-0.160467164,6.122918254,-0.246123384,0.67756895,-0.269966656,7.86E-05,0.090247933,-0.089972778,-0.095493748,-0.202268101,8.688497895,-0.101912448,4.615359565,12.85566018,-0.192549632,-0.052437057,1.987924118,-0.186887135,2.221173151,0.555551458,0.205551063,-0.129401116,0.529334626,0.321404647,-0.161492635,0.180032954,-0.047999271,1.591695337,-0.175552292,-0.120921906,-0.100681083,-0.144248806,-0.226952091,-0.123421448,-0.121293958,-0.238289203,0.14113398
2005/11/07,-0.036316896,-0.094913243,-0.068142653,-0.175859108,0.406620248,-0.099767197,-0.137038215,-0.290735394,-0.116496188,-0.06226948,-0.076409146,0.894989838,-0.142862423,-0.186399165,-0.204719826,-0.107419101,-0.107191453,-0.125253122,-0.064680709,-0.08624063,0.46404223,-0.219035474,-0.074941644,-0.132459945,-0.06190118,-0.288250359,-0.176611253,-0.149897139,-0.166203762,-0.134332284,-0.183536782,-0.170228094,-0.088622261,0.406710042,0.023692082,-0.19814998,1.179952914,-0.247677772,-0.1241152,-0.138720218,-0.210689868,2.43033136,-0.058669914,-0.331051476,0.185465165,-0.16632463,-0.145769598,-0.200900416,-0.052076453,-0.058334401,-0.147994908,-0.117447798,-0.094132357,-0.07889364,-0.068933689,-0.027547605,-0.106922282,-0.040060342,-0.102713986,1.353243015,-0.12217926,-0.124504917,-0.137818369,-0.198186505,0.303708551,-0.134043989,-0.085306426,-0.072286843,-0.104109844,-0.225210697,-0.128832147,-0.160467164,-0.209991459,-0.246123384,-0.207041967,-0.275221638,-0.070981797,-0.343511689,-0.089972778,-0.095493748,-0.202268101,2.405184094,-0.101912448,13.8438993,11.71660483,1.617767189,-0.052437057,-0.215399346,-0.186887135,1.535964234,5.642872054,-0.082960378,-0.129401116,0.039432966,0.218401172,-0.161492635,0.135949083,-0.047999271,0.008975324,-0.227692469,-0.120921906,-0.100681083,-0.144248806,-0.294415628,-0.151956182,-0.121293958,-0.238289203,-0.171091077
2005/11/21,-0.054024469,-0.094913243,-0.068142653,-0.175859108,0.027094933,-0.099767197,-0.137038215,-0.243276908,-0.116496188,-0.06226948,0.179900128,1.856990525,-0.142862423,-0.186399165,-0.204719826,-0.107419101,-0.107191453,-0.125253122,-0.064680709,-0.08624063,0.337581453,-0.219035474,0.060358923,-0.132459945,-0.06190118,-0.288250359,0.789184877,0.034063771,-0.166203762,-0.106418778,-0.183536782,-0.176966408,-0.088622261,14.68867304,-0.139696072,-0.19814998,-0.400671753,-0.247677772,-0.1241152,-0.138720218,-0.210689868,2.960967042,0.315088359,-0.331051476,-0.076168077,-0.16632463,-0.145769598,-0.200900416,-0.052076453,-0.058334401,-0.306173263,-0.117447798,-0.094132357,-0.07889364,-0.068933689,-0.090318123,-0.106922282,-0.040060342,-0.102713986,-0.025048558,-0.12217926,-0.122814723,-0.101143344,-0.198186505,-0.114617937,-0.21150647,-0.085306426,-0.060915059,-0.103742074,-0.225210697,-0.129158745,-0.160467164,-0.209991459,-0.246123384,-0.207041967,-0.273878035,-0.070981797,-0.343511689,-0.089972778,-0.095493748,-0.202268101,2.169232115,-0.101912448,-0.075240821,3.100212829,0.779428696,-0.052437057,-0.215399346,-0.186887135,2.394367419,0.037284517,-0.090105118,-0.129401116,0.444351685,0.228252965,-0.161492635,0.262189258,-0.047999271,-0.166161726,-0.227692469,-0.120921906,-0.100681083,-0.144248806,-0.266308379,-0.151956182,-0.121293958,-0.238289203,-0.171091077
2005/12/07,-0.054024469,-0.094913243,-0.068142653,-0.175859108,0.403457537,-0.099767197,-0.137038215,-0.333674024,-0.116496188,-0.06226948,-0.076409146,0.809478666,-0.142862423,-0.186399165,-0.204719826,-0.107419101,-0.107191453,-0.125253122,-0.064680709,-0.08624063,-0.135227186,-0.219035474,-0.014808059,-0.132459945,-0.06190118,-0.288250359,-0.176611253,-0.272537745,-0.166203762,-0.171550293,-0.183536782,-0.16348978,-0.088622261,5.628202973,-0.139696072,-0.19814998,0.126203136,-0.247677772,-0.1241152,-0.138720218,-0.210689868,1.545938558,0.065916177,-0.331051476,-0.078619795,-0.16632463,-0.084575229,-0.200900416,-0.052076453,-0.058334401,-0.306173263,-0.117447798,-0.094132357,-0.069548178,-0.068933689,-0.102274412,-0.106922282,-0.040060342,-0.102713986,-0.091115427,-0.12217926,-0.090841888,-0.126981065,-0.198186505,0.061200442,-0.21150647,-0.085306426,-0.072286843,-0.104109844,-0.225210697,-0.129703074,-0.160467164,-0.209991459,-0.246123384,-0.207041967,-0.273788461,-0.070981797,-0.343511689,-0.089972778,-0.095493748,-0.202268101,0.910821563,-0.101912448,-0.111478542,8.01989998,1.527428576,-0.052437057,-0.215399346,-0.186887135,5.138405,0.041898169,-0.091125796,-0.129401116,0.189402862,0.556143321,-0.161492635,5.197578957,-0.047999271,-0.068863365,-0.227692469,-0.120921906,-0.100681083,-0.144248806,-0.230696655,-0.151956182,0.085578207,-0.238289203,-0.171091077
2005/12/21,-0.04694144,-0.094913243,-0.068142653,-0.175859108,0.165621673,-0.099767197,-0.137038215,-0.267684129,-0.116496188,-0.06226948,-0.076409146,0.074082586,0.326374343,-0.186399165,-0.204719826,-0.107419101,-0.107191453,-0.125253122,-0.064680709,-0.08624063,-0.067495348,-0.219035474,-0.038861493,-0.132459945,-0.06190118,-0.288250359,-0.176611253,-0.272537745,-0.166203762,-0.190159297,-0.053276046,-0.144622501,-0.088622261,0.078778505,-0.139696072,-0.163462563,-0.400671753,-0.247677772,-0.1241152,-0.138720218,-0.210689868,0.201661497,-0.223123555,-0.331051476,-0.101595887,-0.16632463,-0.145769598,-0.200900416,-0.052076453,-0.058334401,-0.306173263,0.029112845,-0.094132357,-0.067679086,-0.068933689,-0.101078783,-0.106922282,-0.040060342,-0.102713986,-0.069245015,-0.12217926,0.12657339,0.058680467,-0.198186505,1.14763677,0.759356623,-0.085306426,-0.058135289,-0.104109844,-0.225210697,-0.129093425,-0.160467164,0.250435242,-0.246123384,-0.207041967,-0.271352061,-0.070981797,-0.343511689,-0.089972778,-0.095493748,-0.202268101,-0.379049254,-0.101912448,-0.111478542,3.027911552,0.407766255,-0.052437057,-0.215399346,-0.186887135,4.995075828,-0.070674947,-0.091125796,-0.129401116,-0.158527297,-0.282390829,-0.161492635,0.099880462,-0.047999271,-0.131134316,-0.227692469,-0.120921906,-0.100681083,-0.144248806,-0.304691694,-0.069776147,-0.121293958,-0.238289203,-0.171091077
2006/01/07,-0.054024469,-0.094913243,-0.068142653,-0.175859108,-0.11522706,-0.099767197,-0.137038215,-0.13329375,-0.116496188,-0.06226948,-0.076409146,-0.074136779,-0.142862423,-0.186399165,-0.204719826,-0.107419101,-0.107191453,-0.125253122,-0.064680709,-0.08624063,-0.305212405,-0.219035474,-0.074941644,-0.132459945,-0.06190118,-0.288250359,-0.176611253,-0.272537745,-0.166203762,-0.190159297,-0.183536782,-0.105091059,-0.088622261,-0.168077708,-0.139696072,-0.159608405,1.706827803,-0.247677772,-0.1241152,-0.138720218,-0.210689868,-0.222847048,-0.282924878,-0.331051476,-0.096365557,-0.16632463,-0.145769598,-0.200900416,-0.052076453,-0.058334401,-0.28859789,-0.117447798,-0.094132357,-0.07889364,-0.067589298,-0.108252557,-0.106922282,-0.040060342,0.025743071,-0.091115427,-0.121904016,-0.089621193,-0.076142652,-0.198186505,-0.084304423,-0.045105585,-0.085306426,-0.071163703,-0.104109844,-0.225210697,-0.129267611,-0.160467164,-0.174796407,-0.246123384,-0.207041967,-0.259934417,-0.070981797,-0.343511689,-0.089972778,-0.095493748,-0.202268101,-0.155331822,-0.101912448,-0.111478542,-0.180776007,-0.179010017,-0.052437057,-0.215399346,-0.186887135,0.159142577,-0.225693664,-0.091125796,-0.129401116,-0.230512847,-0.216047577,-0.161492635,-0.188668509,-0.047999271,-0.120755824,-0.227692469,-0.120921906,-0.100681083,-0.144248806,-0.259057123,-0.020696404,0.174237706,-0.238289203,-0.171091077
2006/01/21,0.003525142,-0.094913243,-0.068142653,-0.175859108,0.259554188,-0.099767197,-0.137038215,-0.348363555,-0.116496188,-0.06226948,-0.076409146,-0.131144227,-0.142862423,-0.186399165,-0.204719826,-0.107419101,-0.107191453,-0.125253122,-0.064680709,-0.08624063,0.631673165,-0.219035474,-0.074941644,-0.132459945,-0.06190118,-0.288250359,-0.176611253,-0.272537745,-0.166203762,-0.176202544,-0.183536782,0.068982054,-0.088622261,-0.041019363,-0.139696072,-0.19814998,5.131514581,1.000381323,-0.1241152,-0.138720218,-0.210689868,0.838424315,-0.282924878,-0.331051476,-0.112943834,-0.16632463,-0.118232132,5.297094796,-0.048064878,-0.058334401,-0.306173263,-0.117447798,-0.094132357,0.124370149,-0.067925396,-0.108252557,-0.106922282,-0.040060342,-0.102713986,-0.091115427,-0.12217926,-0.088588297,-0.130879851,-0.198186505,1.358618825,0.330730896,-0.085306426,-0.064705653,-0.104109844,-0.225210697,-0.128832147,-0.160467164,1.718116057,-0.246123384,0.124687127,-0.25990456,-0.070981797,-0.343511689,-0.089972778,-0.095493748,-0.202268101,9.91632208,-0.101912448,-0.111478542,-0.038720653,-0.192549632,-0.052437057,-0.215399346,-0.186887135,0.179372832,-0.225693664,-0.091125796,-0.129401116,-0.140530909,1.322010601,-0.161492635,-0.188668509,-0.047999271,0.242491392,0.370057418,-0.120921906,-0.100681083,-0.144248806,-0.311749583,-0.139115552,1.962204275,-0.238289203,-0.171091077
2006/02/07,-0.054024469,-0.094913243,-0.068142653,-0.175859108,-0.11522706,-0.099767197,-0.137038215,-0.311074745,-0.116496188,-0.06226948,-0.076409146,-0.131144227,-0.142862423,-0.186399165,-0.204719826,-0.107419101,-0.107191453,-0.125253122,-0.064680709,-0.08624063,-0.19012073,-0.219035474,-0.074941644,-0.132459945,-0.06190118,-0.288250359,-0.176611253,-0.272537745,-0.166203762,-0.078505271,-0.183536782,0.200379178,-0.088622261,-0.168077708,-0.139696072,-0.024712895,1.179952914,-0.247677772,-0.1241152,-0.138720218,-0.210689868,-0.222847048,-0.133421569,-0.331051476,-0.106639419,-0.16632463,-0.145769598,-0.200900416,0.02481207,-0.058334401,-0.306173263,-0.117447798,-0.094132357,-0.07889364,-0.068933689,-0.072383689,-0.106922282,-0.040060342,-0.102713986,-0.091115427,-0.12217926,-0.123237272,-0.131078094,-0.198186505,3.868577752,-0.004939854,-0.085306426,-0.072286843,-0.104109844,-0.225210697,-0.130138537,-0.160467164,0.094037229,-0.246123384,-0.207041967,-0.27199699,-0.070981797,-0.343511689,-0.089972778,-0.095493748,-0.202268101,-0.190287671,-0.101912448,-0.111478542,-0.180776007,-0.192549632,-0.052437057,-0.215399346,-0.186887135,-0.269913474,0.355626525,-0.091125796,-0.129401116,-0.230512847,-0.108601346,-0.161492635,-0.188668509,-0.047999271,-0.224540743,0.330952285,-0.120921906,-0.100681083,-0.144248806,-0.314857264,-0.151956182,2.183853024,-0.238289203,-0.171091077
2006/02/21,-0.054024469,-0.094913243,-0.068142653,-0.175859108,-0.11522706,-0.099767197,-0.137038215,0.036954153,-0.116496188,-0.06226948,-0.076409146,-0.131144227,-0.142862423,-0.186399165,-0.204719826,-0.107419101,-0.107191453,-0.125253122,-0.064680709,-0.08624063,-0.304377975,-0.219035474,-0.044874852,-0.119029257,-0.06190118,-0.288250359,-0.176611253,-0.272537745,-0.166203762,0.907771958,-0.183536782,-0.154505362,-0.088622261,-0.127741726,-0.139696072,-0.082525256,0.126203136,1.416401021,-0.1241152,-0.138720218,-0.210689868,-0.222847048,-0.133421569,0.149599814,-0.115045306,-0.16632463,-0.145769598,-0.200900416,-0.052044615,-0.058334401,-0.200721026,-0.117447798,-0.094132357,-0.07889364,0.027862498,-0.108252557,-0.106922282,-0.040060342,0.330828581,-0.091115427,-0.05426263,-0.109434022,-0.119051329,-0.198186505,0.27945774,0.089736511,-0.085306426,-0.060493881,-0.104109844,-0.225210697,-0.130138537,-0.160467164,-0.108648563,-0.246123384,-0.207041967,-0.181348547,-0.070981797,-0.343511689,-0.089972778,-0.095493748,-0.202268101,-0.400022763,-0.101912448,-0.111478542,-0.180776007,-0.192549632,-0.052437057,-0.215399346,-0.186887135,-0.269331309,0.863128277,-0.091125796,2.241757655,-0.230512847,-0.32031328,-0.161492635,-0.188668509,-0.047999271,0.242491392,-0.123412115,-0.120921906,-0.100681083,-0.144248806,-0.297822567,0.65272333,-0.121293958,-0.238289203,0.765584094
2006/03/07,-0.054024469,-0.094913243,-0.068142653,-0.175859108,-0.084865035,-0.099767197,-0.137038215,-0.218869686,1.575230168,-0.06226948,-0.076409146,-0.02853082,-0.142862423,-0.186399165,-0.204719826,-0.107419101,-0.107191453,-0.125253122,-0.064680709,-0.08624063,-0.301159461,-0.219035474,-0.074941644,-0.132459945,-0.06190118,-0.288250359,-0.176611253,-0.076312775,0.506508565,-0.011512856,-0.183536782,-0.176966408,-0.088622261,-0.148716436,-0.139696072,-0.19814998,0.231578114,-0.247677772,-0.1241152,-0.138720218,-0.210689868,-0.222847048,0.135684388,0.245730072,-0.101595887,-0.16632463,-0.145769598,-0.200900416,-0.052076453,-0.058334401,-0.306173263,-0.117447798,-0.094132357,-0.07889364,-0.068933689,-0.101078783,-0.106922282,-0.040060342,-0.102713986,-0.091115427,2.923293268,-0.11546238,-0.131474581,-0.198186505,0.39101147,-0.21150647,-0.085306426,-0.072286843,-0.104109844,-0.225210697,-0.130138537,-0.160467164,8.512662302,-0.246123384,-0.207041967,-0.274361732,-0.070981797,-0.343511689,-0.089972778,-0.095493748,-0.202268101,-0.253208199,-0.101912448,-0.111478542,-0.180776007,-0.192549632,-0.052437057,-0.215399346,-0.186887135,-0.269564175,-0.026383885,-0.087859628,-0.129401116,-0.230512847,-0.208608279,-0.161492635,-0.188668509,-0.047999271,-0.224540743,7.90170599,-0.120921906,-0.100681083,-0.144248806,-0.299940394,-0.151956182,0.020561241,-0.238289203,-0.171091077
2006/03/21,-0.054024469,-0.094913243,-0.068142653,-0.175859108,-0.089925372,-0.012932881,-0.137038215,-0.315594601,1.52823777,-0.06226948,-0.076409146,-0.131144227,-0.142862423,-0.186399165,-0.025472079,-0.107419101,-0.107191453,-0.125253122,-0.064680709,-0.08624063,-0.305450813,-0.219035474,-0.074941644,-0.132459945,-0.06190118,-0.288250359,-0.176611253,-0.190777341,-0.166203762,-0.171550293,-0.183536782,-0.176966408,-0.088622261,-0.127741726,0.36862263,-0.140337618,0.126203136,0.584361624,-0.1241152,-0.138720218,-0.210689868,0.484667194,-0.083587133,-0.331051476,-0.021179565,-0.16632463,-0.145769598,-0.200900416,-0.052044615,-0.058334401,-0.306173263,-0.117447798,-0.094132357,2.388308204,-0.068933689,-0.096296268,-0.106922282,-0.040060342,-0.102713986,-0.091115427,-0.12217926,0.088036968,0.187300771,-0.198186505,-0.157056856,-0.21150647,-0.085306426,-0.072286843,-0.104109844,-0.225210697,-0.129703074,-0.160467164,3.178160802,-0.246123384,-0.207041967,2.584324717,-0.070981797,-0.343511689,-0.089972778,-0.095493748,-0.202268101,0.019447421,-0.101912448,-0.111478542,-0.180776007,-0.192549632,-0.052437057,0.610846953,-0.186887135,-0.24138736,1.407539248,-0.091125796,-0.129401116,1.689101822,-0.195224388,-0.157628419,-0.188668509,-0.047999271,-0.146702054,1.6605268,-0.120921906,-0.100681083,-0.144248806,-0.275171025,-0.057791559,0.115131373,-0.238289203,-0.171091077
2006/04/07,-0.054024469,-0.094913243,-0.068142653,-0.175859108,0.194718614,-0.042782177,-0.137038215,-0.125760657,1.880680761,-0.06226948,-0.076409146,-0.131144227,-0.142862423,-0.186399165,-0.204719826,-0.107419101,-0.107191453,-0.125253122,-0.064680709,-0.08624063,-0.165803069,-0.219035474,-0.074941644,0.99571781,-0.06190118,-0.288250359,-0.176611253,-0.109016937,-0.166203762,0.144802781,-0.183536782,-0.176966408,-0.088622261,-0.039002564,0.187080237,-0.111431437,0.653078025,-0.247677772,-0.1241152,-0.138720218,-0.210689868,1.545938558,-0.282924878,-0.331051476,0.09930482,-0.16632463,-0.145769598,-0.200900416,-0.052076453,-0.058334401,-0.174357967,-0.117447798,-0.094132357,3.34154528,-0.058178557,-0.090318123,-0.106922282,-0.040060342,-0.054542589,0.167076934,-0.12217926,1.005248869,0.872958536,-0.198186505,0.182454497,0.01227403,-0.085306426,-0.067232716,-0.104109844,-0.225210697,-0.130138537,-0.160467164,-0.104406303,-0.246123384,-0.207041967,6.903920113,-0.070981797,-0.343511689,-0.089972778,-0.095493748,-0.202268101,1.120556655,-0.101912448,-0.111478542,-0.180776007,-0.192549632,-0.052437057,1.437093252,-0.186887135,-0.273406468,2.201087443,-0.091125796,-0.129401116,6.968042163,-0.313253363,-0.139446262,-0.140577014,-0.047999271,0.865200905,-0.227692469,-0.120921906,-0.100681083,-0.144248806,-0.222501585,0.113416848,-0.121293958,-0.238289203,-0.171091077
2006/04/21,-0.054024469,-0.094913243,-0.068142653,-0.175859108,-0.11522706,-0.099767197,-0.137038215,-0.220677629,-0.116496188,-0.06226948,-0.076409146,-0.131144227,-0.142862423,-0.186399165,-0.204719826,-0.107419101,-0.107191453,-0.125253122,-0.064680709,-0.08624063,-0.312960679,-0.194528976,-0.074941644,-0.132459945,-0.06190118,-0.288250359,-0.176611253,-0.272537745,-0.166203762,-0.059896267,-0.183536782,-0.176966408,-0.088622261,0.017467811,-0.139696072,-0.19814998,-0.400671753,-0.247677772,-0.1241152,-0.138720218,-0.210689868,-0.222847048,-0.282924878,-0.331051476,-0.115045306,-0.16632463,-0.145769598,-0.200900416,-0.052076453,-0.058334401,-0.306173263,-0.117447798,-0.094132357,-0.02282087,-0.068261494,-0.084339979,-0.106922282,-0.040060342,-0.102713986,-0.091115427,-0.12217926,-0.124504917,-0.128302687,-0.198186505,-0.27831091,-0.185685643,-0.085306426,-0.04870092,-0.104109844,-0.225210697,-0.130138537,-0.160467164,-0.20810601,-0.246123384,-0.207041967,0.001023223,-0.070981797,-0.343511689,-0.089972778,-0.095493748,-0.202268101,-0.400022763,-0.101912448,-0.111478542,-0.180776007,-0.192549632,-0.052437057,-0.215399346,-0.186887135,-0.271659971,-0.225693664,-0.091125796,-0.129401116,-0.230512847,-0.354992448,-0.120287883,-0.092485519,-0.047999271,-0.224540743,-0.227692469,-0.120921906,-0.100681083,-0.144248806,-0.305373081,-0.049231138,-0.121293958,-0.238289203,-0.171091077
2006/05/07,-0.054024469,-0.094913243,-0.068142653,-0.175859108,-0.11522706,-0.099767197,-0.025156056,-0.327346226,-0.116496188,-0.06226948,-0.076409146,-0.131144227,-0.142862423,-0.186399165,-0.204719826,-0.107419101,-0.107191453,-0.125253122,-0.064680709,-0.08624063,-0.275625917,-0.219035474,-0.074941644,-0.132459945,-0.06190118,-0.288250359,-0.176611253,-0.17442526,-0.166203762,0.066644962,-0.183536782,-0.171575757,-0.088622261,-0.039809284,-0.139696072,-0.19814998,-0.400671753,-0.247677772,-0.1241152,-0.138720218,-0.210689868,-0.010592776,0.16558505,-0.331051476,-0.090668233,-0.16632463,-0.145769598,-0.200900416,-0.052076453,-0.058334401,-0.258719756,-0.117447798,-0.094132357,0.151004714,-0.068933689,-0.101078783,-0.106922282,-0.040060342,-0.102713986,-0.087470359,-0.12217926,-0.124927466,-0.137818369,-0.198186505,-0.27831091,-0.201178139,-0.085306426,-0.072286843,-0.104109844,-0.225210697,-0.126219367,-0.160467164,-0.186517617,-0.246123384,-0.207041967,-0.262752999,-0.070981797,-0.343511689,-0.089972778,-0.095493748,-0.202268101,-0.221747935,-0.101912448,-0.111478542,-0.180776007,-0.192549632,-0.052437057,-0.215399346,-0.186887135,-0.275152965,-0.13711154,-0.091125796,-0.129401116,-0.158527297,0.488950026,-0.161492635,-0.188668509,-0.047999271,-0.224540743,-0.227692469,-0.120921906,-0.100681083,-0.144248806,-0.196737757,-0.121138669,0.14468454,-0.238289203,-0.171091077
2006/05/21,-0.039858411,-0.094913243,-0.068142653,-0.175859108,-0.11522706,-0.099767197,-0.137038215,-0.365313015,-0.116496188,-0.06226948,-0.076409146,-0.131144227,-0.142862423,-0.186399165,-0.204719826,-0.107419101,-0.107191453,-0.125253122,-0.064680709,-0.08624063,-0.147314494,-0.219035474,-0.074941644,-0.132459945,-0.06190118,0.643385085,-0.176611253,1.591599471,-0.166203762,0.323449222,-0.183536782,-0.176966408,-0.088622261,0.02069469,-0.052555723,0.044661939,-0.400671753,-0.247677772,-0.1241152,-0.138720218,-0.210689868,-0.222847048,0.195485712,-0.331051476,0.03962302,-0.16632463,-0.145769598,-0.200900416,-0.052076453,-0.058334401,-0.306173263,-0.117447798,-0.094132357,0.055681006,-0.068933689,-0.058036142,-0.106922282,-0.040060342,-0.102713986,-0.091115427,-0.12217926,-0.121209039,-0.130681608,-0.198186505,-0.074604099,0.015716807,-0.085306426,-0.072286843,-0.104109844,-0.225210697,-0.130138537,-0.160467164,-0.122883705,-0.246123384,-0.207041967,-0.241685297,-0.070981797,-0.343511689,-0.089972778,-0.095493748,-0.202268101,-0.190287671,-0.101912448,-0.111478542,-0.180776007,-0.192549632,-0.052437057,-0.215399346,-0.186887135,-0.275152965,0.139707598,-0.091125796,-0.129401116,-0.086541747,-0.253509351,-0.136110833,-0.188668509,-0.047999271,-0.131134316,-0.227692469,-0.120921906,-0.100681083,-0.144248806,0.192205801,0.135673941,-0.121293958,-0.238289203,-0.171091077
2006/06/07,-0.054024469,-0.094913243,-0.068142653,-0.175859108,-0.11522706,-0.067204328,-0.043803082,-0.360793159,0.588389794,-0.06226948,-0.076409146,-0.131144227,-0.142862423,-0.186399165,-0.204719826,-0.107419101,-0.107191453,-0.125253122,-0.064680709,-0.08624063,-0.16723352,-0.219035474,-0.074941644,-0.10559857,-0.06190118,-0.288250359,-0.176611253,0.79034751,-0.166203762,-0.041287263,-0.183536782,-0.176966408,-0.088622261,-0.160010512,-0.139696072,-0.082525256,-0.400671753,-0.247677772,-0.1241152,-0.138720218,-0.210689868,-0.222847048,0.215419486,0.630251105,-0.101035494,-0.16632463,-0.145769598,-0.200900416,-0.052076453,-0.058334401,-0.147994908,-0.117447798,-0.094132357,-0.060202717,-0.066244906,-0.096296268,-0.106922282,-0.040060342,-0.102713986,-0.091115427,-0.12217926,-0.124927466,-0.131474581,-0.198186505,-0.229809288,-0.108223162,-0.085306426,-0.072286843,-0.104109844,-0.225210697,-0.130138537,-0.160467164,-0.150599809,-0.246123384,-0.207041967,-0.251932513,-0.070981797,-0.343511689,-0.089972778,-0.095493748,-0.202268101,-0.190287671,-0.101912448,-0.095030215,-0.107625664,-0.192549632,-0.052437057,-0.215399346,-0.186887135,-0.275152965,-0.004238354,-0.091125796,-0.129401116,-0.230512847,-0.354008338,-0.161492635,0.051788967,-0.047999271,-0.224540743,-0.048926147,-0.120921906,-0.100681083,-0.144248806,0.041121855,-0.151956182,-0.121293958,-0.238289203,-0.171091077
2006/06/21,-0.054024469,-0.03867458,-0.068142653,-0.175859108,-0.096250794,-0.099767197,-0.117059258,-0.376935501,2.854094736,-0.06226948,-0.076409146,-0.131144227,-0.142862423,-0.186399165,-0.204719826,-0.107419101,-0.107191453,-0.125253122,-0.064680709,-0.08624063,-0.295028958,-0.219035474,-0.074941644,-0.132459945,-0.06190118,0.044476586,-0.176611253,-0.202457399,-0.166203762,-0.094455846,-0.183536782,-0.175041176,-0.088622261,-0.161162968,-0.139696072,-0.136208164,-0.400671753,0.108910541,-0.1241152,-0.138720218,-0.210689868,-0.222847048,-0.112063953,-0.331051476,-0.111442783,-0.16632463,-0.145769598,-0.200900416,-0.052076453,-0.058334401,-0.283576355,-0.117447798,-0.094132357,-0.07889364,-0.068069438,-0.108252557,-0.106922282,-0.040060342,-0.102713986,-0.091115427,-0.12217926,-0.124927466,-0.136175781,-0.198186505,-0.247131296,-0.21150647,-0.085306426,-0.071564824,-0.104109844,-0.225210697,-0.130138537,-0.160467164,-0.204941149,-0.246123384,-0.207041967,-0.256334413,-0.070981797,-0.343511689,-0.089972778,-0.095493748,-0.202268101,-0.482418692,-0.101912448,-0.108394481,-0.179096535,-0.192549632,-0.052437057,-0.215399346,-0.186887135,-0.275152965,-0.225693664,-0.091125796,-0.129401116,-0.230512847,-0.354497337,-0.161492635,-0.106225946,-0.047999271,-0.024384114,-0.216519574,-0.120921906,-0.100681083,-0.144248806,-0.278906819,-0.05289989,-0.121293958,-0.238289203,-0.171091077
2006/07/07,-0.054024469,-0.094913243,-0.068142653,-0.175859108,-0.11522706,-0.099767197,0.002814484,-0.219547665,0.412168298,-0.06226948,-0.076409146,-0.131144227,-0.142862423,-0.186399165,-0.204719826,-0.107419101,-0.107191453,-0.125253122,-0.064680709,-0.08624063,-0.312960679,-0.219035474,-0.074941644,-0.132459945,-0.06190118,-0.288250359,-0.176611253,0.034063771,-0.166203762,-0.176202544,-0.183536782,-0.176966408,-0.088622261,-0.168077708,-0.139696072,-0.068072166,-0.005515586,-0.247677772,-0.1241152,-0.138720218,-0.210689868,-0.222847048,-0.282924878,-0.331051476,-0.115045306,-0.16632463,-0.145769598,-0.200900416,-0.051551128,-0.058334401,-0.306173263,0.615355417,-0.094132357,-0.07889364,-0.068933689,-0.108252557,-0.106922282,-0.040060342,-0.066585438,-0.091115427,-0.12217926,-0.124927466,-0.136926274,-0.198186505,-0.260122802,0.162895521,-0.085306426,-0.072286843,-0.104109844,-0.225210697,-0.130138537,-0.160467164,-0.203628068,-0.214079421,-0.207041967,-0.258292235,-0.070981797,-0.343511689,-0.089972778,-0.095493748,-0.202268101,-0.465564979,-0.101912448,-0.111478542,-0.180776007,-0.192549632,-0.052437057,-0.215399346,-0.186887135,-0.274716341,-0.15648888,-0.091125796,-0.129401116,-0.230512847,-0.353227469,-0.161492635,-0.116531266,-0.047999271,0.125733358,-0.163448322,-0.120921906,-0.100681083,-0.144248806,-0.312094881,-0.004288932,-0.121293958,-0.238289203,-0.171091077
2006/07/21,-0.009755537,-0.094913243,-0.068142653,-0.175859108,-0.11522706,-0.099767197,-0.137038215,-0.348363555,1.293275776,-0.06226948,-0.076409146,-0.131144227,-0.142862423,-0.186399165,-0.204719826,-0.107419101,-0.107191453,-0.125253122,-0.064680709,-0.08624063,-0.311217317,-0.219035474,-0.074941644,-0.132459945,-0.06190118,-0.288250359,-0.176611253,0.034063771,-0.166203762,-0.120375531,-0.183536782,-0.166858937,-0.088622261,-0.168077708,-0.139696072,-0.154790709,-0.400671753,-0.247677772,-0.1241152,-0.138720218,-0.210689868,-0.222847048,-0.282924878,-0.331051476,-0.115045306,-0.16632463,-0.145769598,-0.200900416,-0.051598884,-0.058334401,-0.306173263,0.706955819,-0.094132357,-0.07889364,-0.068933689,-0.103768948,-0.106922282,-0.040060342,-0.102713986,-0.091115427,-0.12217926,-0.124927466,-0.137818369,-0.198186505,-0.27831091,-0.21150647,0.124899415,-0.072286843,-0.103558189,-0.225210697,-0.130138537,-0.160467164,-0.209991459,0.330667936,-0.207041967,-0.269309783,-0.070981797,-0.343511689,-0.089972778,-0.095493748,-0.202268101,-0.42623965,-0.101912448,-0.111478542,-0.180776007,-0.192549632,-0.052437057,-0.215399346,-0.186887135,-0.275152965,-0.225693664,-0.091125796,-0.129401116,-0.230512847,-0.354992448,-0.161492635,-0.098496956,-0.047999271,-0.224540743,-0.177414441,-0.120921906,-0.100681083,-0.144248806,-0.313545132,-0.151956182,-0.121293958,-0.238289203,-0.171091077
2006/08/07,-0.054024469,-0.094913243,-0.068142653,-0.175859108,-0.11522706,-0.099767197,-0.090420648,-0.333674024,-0.116496188,-0.06226948,-0.076409146,-0.131144227,-0.142862423,-0.186399165,-0.204719826,-0.107419101,-0.107191453,-0.125253122,-0.064680709,-0.08624063,-0.312066647,-0.219035474,-0.074941644,-0.132459945,-0.06190118,-0.288250359,-0.176611253,-0.109016937,-0.166203762,-0.134332284,-0.183536782,-0.176966408,-0.088622261,-0.168077708,-0.139696072,-0.169243799,-0.400671753,-0.247677772,-0.1241152,-0.138720218,-0.210689868,-0.222847048,-0.282924878,-0.331051476,-0.115045306,-0.16632463,-0.145769598,-0.200900416,-0.051248668,-0.058334401,-0.306173263,-0.117447798,-0.094132357,-0.07889364,-0.068261494,-0.108252557,-0.106922282,-0.040060342,-0.102713986,-0.091115427,-0.12217926,-0.124927466,-0.136761071,-0.198186505,-0.27831091,-0.125437047,-0.085306426,-0.072286843,-0.104109844,-0.225210697,-0.130138537,-0.160467164,-0.209991459,-0.246123384,-0.207041967,-0.265905988,-0.070981797,-0.343511689,-0.089972778,-0.095493748,-0.202268101,-0.504890309,-0.101912448,-0.111478542,-0.180776007,-0.192549632,-0.052437057,-0.215399346,-0.186887135,-0.275152965,-0.225693664,-0.091125796,-0.129401116,-0.11053693,-0.354607362,-0.161492635,-0.092485519,-0.047999271,-0.224540743,-0.104790623,-0.120921906,-0.100681083,-0.144248806,-0.311358245,-0.151956182,-0.121293958,-0.238289203,-0.171091077
2006/08/21,-0.054024469,-0.094913243,-0.068142653,-0.175859108,0.529965975,-0.099767197,-0.067111865,-0.161919503,-0.116496188,-0.06226948,-0.076409146,-0.131144227,-0.142862423,-0.049876535,-0.204719826,-0.107419101,-0.107191453,-0.125253122,-0.064680709,-0.08624063,0.270931393,-0.163895853,-0.074941644,-0.132459945,-0.06190118,-0.288250359,-0.176611253,0.340665287,-0.166203762,0.144802781,-0.183536782,-0.156751466,-0.088622261,-0.168077708,-0.139696072,0.105364919,0.38964058,1.000381323,-0.1241152,-0.138720218,2.968630604,-0.222847048,0.315088359,-0.331051476,-0.09613206,-0.16632463,-0.145769598,-0.200900416,-0.052076453,-0.058334401,-0.306173263,0.065753006,-0.094132357,-0.07889364,-0.068933689,0.026255696,-0.106922282,-0.040060342,-0.102713986,-0.091115427,-0.12217926,-0.124927466,0.134766276,-0.198186505,-0.241934694,-0.21150647,-0.085306426,-0.072286843,-0.104109844,-0.225210697,-0.130138537,-0.160467164,-0.209991459,0.907459257,-0.207041967,-0.26017328,-0.070981797,-0.343511689,-0.089972778,-0.095493748,-0.202268101,-0.268938331,-0.101912448,-0.111478542,0.022999949,-0.192549632,-0.052437057,-0.215399346,-0.186887135,-0.275152965,-0.225693664,-0.091125796,-0.129401116,-0.230512847,0.120139964,-0.161492635,10.0908886,-0.047999271,0.82628156,0.029284118,-0.120921906,-0.100681083,-0.144248806,1.718671148,12.48322424,-0.121293958,-0.238289203,-0.171091077
2006/09/07,-0.018609324,-0.094913243,-0.068142653,-0.175859108,-0.11522706,-0.099767197,-0.137038215,-0.39243215,-0.116496188,-0.06226948,-0.076409146,-0.131144227,-0.142862423,-0.186399165,-0.204719826,-0.107419101,-0.107191453,-0.125253122,-0.064680709,-0.08624063,-0.076936323,-0.219035474,-0.074941644,-0.132459945,-0.06190118,-0.288250359,-0.176611253,1.199149531,-0.166203762,0.144802781,-0.183536782,-0.176966408,-0.088622261,-0.168077708,-0.139696072,-0.19814998,-0.400671753,-0.247677772,-0.1241152,-0.138720218,-0.210689868,-0.222847048,-0.282924878,-0.331051476,-0.081421757,-0.16632463,-0.145769598,-0.200900416,-0.052076453,-0.058334401,0.326540154,-0.117447798,-0.094132357,-0.07889364,-0.068933689,-0.108252557,-0.106922282,-0.040060342,-0.102713986,-0.091115427,-0.12217926,-0.124927466,-0.018079369,-0.198186505,-0.27831091,-0.21150647,-0.085306426,-0.072286843,-0.104109844,-0.225210697,-0.130138537,-0.160467164,-0.209991459,-0.246123384,-0.207041967,-0.275221638,-0.070981797,-0.343511689,-0.089972778,-0.095493748,-0.202268101,-0.504890309,-0.101912448,-0.111478542,-0.157263397,-0.192549632,-0.052437057,-0.215399346,-0.186887135,-0.275152965,-0.225693664,-0.082960378,-0.129401116,-0.230512847,-0.206220743,-0.161492635,7.89070269,-0.047999271,-0.224540743,-0.227692469,-0.120921906,-0.100681083,-0.144248806,1.988970347,17.87628905,-0.121293958,-0.238289203,-0.171091077
2006/09/21,-0.054024469,-0.094913243,-0.068142653,-0.175859108,-0.11522706,-0.099767197,-0.137038215,-0.39243215,-0.116496188,-0.06226948,-0.076409146,-0.131144227,-0.142862423,-0.186399165,-0.204719826,-0.107419101,-0.107191453,-0.125253122,-0.064680709,-0.08624063,-0.295795271,-0.219035474,-0.074941644,-0.132459945,-0.06190118,-0.288250359,-0.176611253,-0.272537745,-0.166203762,-0.190159297,-0.183536782,-0.176966408,-0.088622261,-0.168077708,-0.139696072,-0.19814998,-0.400671753,-0.247677772,-0.1241152,-0.138720218,-0.210689868,-0.222847048,-0.282924878,-0.331051476,-0.115045306,-0.16632463,-0.145769598,-0.200900416,-0.052076453,-0.058334401,-0.306173263,-0.117447798,-0.094132357,-0.07889364,-0.068933689,-0.0604274,-0.106922282,-0.040060342,-0.102713986,-0.091115427,-0.12217926,-0.124927466,-0.13200323,-0.198186505,-0.229809288,0.304910069,-0.085306426,-0.072286843,-0.104109844,-0.225210697,-0.130138537,-0.160467164,-0.209991459,-0.246123384,-0.207041967,-0.216461383,-0.070981797,-0.343511689,-0.089972778,-0.095493748,-0.202268101,-0.400022763,-0.101912448,-0.111478542,-0.133750786,-0.191783239,-0.052437057,-0.215399346,-0.186887135,-0.275152965,-0.225693664,-0.091125796,-0.129401116,-0.230512847,0.666984017,-0.161492635,-0.188668509,-0.047999271,-0.224540743,1.470587583,-0.120921906,-0.100681083,-0.144248806,-0.201967869,-0.151956182,-0.121293958,-0.238289203,-0.171091077
2006/10/07,-0.054024469,-0.094913243,-0.068142653,-0.175859108,-0.11522706,-0.099767197,-0.137038215,-0.076042243,-0.116496188,-0.06226948,-0.076409146,-0.131144227,-0.142862423,-0.186399165,-0.204719826,-0.107419101,-0.107191453,-0.125253122,-0.064680709,-0.08624063,-0.306881264,-0.219035474,-0.074941644,-0.132459945,-0.06190118,-0.288250359,-0.176611253,-0.109016937,-0.166203762,-0.190159297,-0.183536782,-0.176966408,-0.088622261,-0.168077708,0.005537843,-0.19814998,-0.400671753,-0.247677772,-0.1241152,-0.138720218,-0.210689868,-0.222847048,-0.282924878,-0.331051476,-0.115045306,-0.16632463,-0.145769598,-0.200900416,-0.052076453,-0.058334401,-0.306173263,1.226024763,-0.094132357,-0.07889364,-0.068933689,-0.084339979,-0.106922282,-0.040060342,-0.102713986,-0.091115427,-0.12217926,-0.124927466,-0.137818369,-0.198186505,-0.035802801,-0.21150647,-0.085306426,-0.072286843,-0.104109844,-0.225210697,-0.130138537,-0.160467164,-0.209991459,-0.246123384,-0.207041967,-0.273071873,-0.070981797,-0.343511689,-0.089972778,-0.095493748,-0.202268101,-0.295155217,-0.101912448,-0.103254378,-0.180776007,-0.192549632,-0.052437057,-0.215399346,-0.186887135,-0.275152965,-0.225693664,-0.085682184,-0.129401116,-0.230512847,2.649665425,-0.161492635,-0.188668509,-0.047999271,-0.224540743,-0.227692469,-0.120921906,-0.100681083,-0.144248806,-0.311174086,-0.151956182,-0.121293958,-0.238289203,-0.171091077
2006/10/21,0.123051258,-0.094913243,-0.068142653,-0.175859108,-0.11522706,-0.099767197,-0.137038215,0.746571516,-0.116496188,-0.06226948,-0.076409146,-0.131144227,-0.142862423,-0.186399165,-0.204719826,-0.107419101,-0.107191453,-0.125253122,-0.064680709,-0.08624063,-0.19012073,-0.219035474,-0.074941644,-0.132459945,-0.06190118,-0.288250359,-0.176611253,-0.272537745,-0.166203762,-0.190159297,-0.183536782,-0.176966408,-0.088622261,-0.168077708,-0.139696072,-0.19814998,-0.400671753,-0.247677772,-0.1241152,-0.138720218,-0.210689868,-0.222847048,-0.282924878,-0.331051476,-0.115045306,-0.16632463,-0.145769598,-0.200900416,-0.052076453,-0.058334401,-0.306173263,2.447363455,-0.094132357,-0.07889364,-0.068933689,0.519452621,-0.106922282,-0.040060342,-0.102713986,-0.091115427,-0.12217926,-0.124927466,-0.137818369,-0.198186505,0.449213417,0.330730896,-0.085306426,-0.072286843,-0.104109844,-0.225210697,-0.126219367,-0.160467164,-0.209991459,0.010228314,-0.207041967,-0.227926798,-0.070981797,-0.343511689,-0.089972778,-0.095493748,-0.202268101,0.910821563,-0.101912448,-0.111478542,-0.141588323,-0.192549632,-0.052437057,-0.215399346,-0.186887135,-0.275152965,-0.19801175,-0.082960378,-0.129401116,-0.230512847,1.257877673,-0.161492635,-0.188668509,-0.047999271,-0.224540743,-0.227692469,-0.120921906,-0.100681083,-0.144248806,-0.235576865,-0.151956182,-0.121293958,-0.238289203,-0.171091077
2006/11/07,-0.054024469,-0.094913243,-0.068142653,-0.175859108,-0.11522706,-0.099767197,-0.137038215,-0.39243215,-0.116496188,-0.06226948,-0.076409146,-0.131144227,-0.142862423,-0.186399165,-0.204719826,-0.107419101,-0.107191453,-0.125253122,-0.064680709,-0.08624063,0.209153806,-0.219035474,-0.074941644,-0.132459945,-0.06190118,-0.288250359,-0.176611253,0.054503872,-0.166203762,-0.190159297,-0.183536782,-0.176966408,-0.088622261,-0.168077708,-0.139696072,-0.19814998,0.653078025,-0.247677772,-0.1241152,-0.138720218,-0.210689868,0.484667194,-0.282924878,-0.331051476,-0.047798208,-0.16632463,-0.145769598,-0.200900416,-0.052076453,-0.058334401,-0.306173263,-0.117447798,-0.094132357,-0.07889364,-0.068933689,-0.108252557,-0.106922282,-0.040060342,-0.102713986,-0.091115427,-0.12217926,-0.124927466,-0.137818369,-0.198186505,-0.27831091,-0.21150647,-0.085306426,-0.072286843,-0.104109844,-0.225210697,-0.129267611,-0.160467164,-0.209991459,-0.246123384,-0.207041967,-0.273071873,-0.070981797,-0.343511689,-0.089972778,-0.095493748,-0.202268101,0.543785151,-0.101912448,-0.111478542,-0.146813348,-0.153463573,-0.052437057,0.610846953,-0.186887135,0.564329838,1.416766553,-0.080238572,-0.129401116,-0.230512847,-0.332486289,-0.161492635,1.446442329,-0.047999271,-0.224540743,-0.227692469,-0.120921906,-0.100681083,-0.144248806,-0.173239084,0.053493906,-0.121293958,-0.238289203,-0.171091077
2006/11/21,-0.054024469,-0.094913243,-0.068142653,-0.175859108,-0.11522706,-0.099767197,-0.137038215,-0.067002531,-0.116496188,-0.06226948,-0.076409146,-0.074136779,-0.142862423,-0.186399165,-0.204719826,-0.107419101,-0.107191453,-0.125253122,-0.064680709,-0.08624063,-0.260391618,-0.219035474,-0.074941644,-0.132459945,-0.06190118,-0.288250359,-0.176611253,-0.272537745,-0.166203762,-0.11572328,-0.183536782,-0.176966408,-0.088622261,-0.168077708,0.441239588,-0.19814998,1.004327951,0.307015159,-0.1241152,-0.138720218,-0.210689868,1.192181436,-0.282924878,-0.331051476,-0.115045306,-0.16632463,-0.145769598,-0.200900416,-0.049699223,-0.058334401,-0.306173263,-0.117447798,-0.094132357,-0.07889364,-0.068933689,-0.100281697,0.564679348,-0.040060342,-0.102713986,-0.091115427,-0.12217926,-0.124927466,-0.137818369,-0.198186505,0.028866028,0.213102684,-0.085306426,-0.072286843,-0.104109844,-0.225210697,-0.129848228,-0.160467164,-0.209991459,-0.246123384,-0.207041967,-0.264950537,-0.070981797,-0.343511689,-0.089972778,-0.095493748,-0.202268101,0.683608546,-0.101912448,-0.103939725,-0.170325958,-0.192549632,-0.052437057,-0.215399346,-0.186887135,4.608828355,-0.225693664,-0.091125796,-0.129401116,0.009438987,-0.303191199,-0.161492635,-0.156607513,-0.047999271,-0.172648284,-0.217761006,-0.120921906,-0.100681083,-0.144248806,-0.304053276,-0.151956182,-0.121293958,-0.238289203,-0.171091077
2006/12/07,-0.054024469,-0.094913243,-0.068142653,-0.175859108,-0.11522706,-0.099767197,-0.137038215,-0.39243215,-0.116496188,-0.06226948,-0.076409146,0.12538929,-0.142862423,-0.186399165,-0.204719826,-0.107419101,-0.107191453,-0.125253122,-0.064680709,-0.08624063,-0.306881264,-0.145515979,-0.074941644,-0.132459945,-0.06190118,-0.288250359,-0.176611253,-0.272537745,-0.166203762,-0.171550293,-0.183536782,-0.176966408,-0.088622261,-0.168077708,-0.139696072,-0.19814998,0.653078025,2.248440417,-0.1241152,-0.138720218,-0.210689868,0.130910073,-0.282924878,-0.331051476,-0.115045306,-0.16632463,-0.145769598,-0.200900416,-0.050516396,-0.058334401,-0.306173263,-0.117447798,-0.094132357,-0.07889364,-0.068933689,-0.090318123,-0.106922282,-0.040060342,-0.102713986,-0.091115427,-0.12217926,-0.124927466,-0.137818369,-0.198186505,0.061200442,-0.108223162,-0.085306426,-0.072286843,-0.104109844,-0.225210697,-0.130138537,-0.160467164,-0.209991459,-0.246123384,-0.207041967,-0.267697459,-0.070981797,-0.343511689,-0.089972778,-0.095493748,-0.202268101,0.229182513,-0.101912448,-0.111478542,-0.180776007,-0.192549632,-0.052437057,-0.215399346,-0.186887135,4.120779522,-0.207239055,-0.091125796,-0.129401116,-0.230512847,-0.337535199,-0.161492635,-0.188668509,-0.047999271,-0.224540743,-0.227692469,-0.120921906,-0.100681083,-0.144248806,-0.314028549,-0.151956182,-0.121293958,-0.238289203,-0.171091077
2006/12/21,-0.054024469,-0.094913243,-0.068142653,-0.175859108,-0.11522706,-0.099767197,-0.137038215,-0.316498572,-0.116496188,-0.06226948,-0.076409146,-0.131144227,-0.142862423,-0.186399165,-0.204719826,-0.107419101,-0.107191453,-0.125253122,-0.064680709,-0.08624063,-0.235930912,-0.219035474,-0.074941644,-0.132459945,-0.06190118,-0.288250359,-0.176611253,-0.272537745,-0.166203762,-0.190159297,-0.183536782,-0.176966408,-0.088622261,-0.168077708,-0.139696072,-0.19814998,1.496077847,0.750769504,-0.1241152,-0.138720218,-0.210689868,-0.222847048,-0.282924878,3.994810137,-0.115045306,-0.16632463,-0.145769598,-0.200900416,-0.052076453,-0.058334401,-0.306173263,-0.117447798,-0.094132357,-0.07889364,-0.068933689,-0.108252557,-0.106922282,-0.040060342,-0.102713986,-0.091115427,-0.12217926,-0.124927466,-0.127033929,-0.198186505,-0.220108964,-0.21150647,-0.085306426,-0.072286843,-0.104109844,-0.225210697,-0.130138537,-0.160467164,-0.209991459,-0.246123384,-0.207041967,-0.265332717,-0.070981797,-0.343511689,-0.089972778,-0.095493748,-0.202268101,-0.441969782,-0.101912448,-0.111478542,-0.061645448,-0.192549632,-0.052437057,4.246330667,-0.186887135,0.069256207,-0.225693664,-0.091125796,-0.129401116,-0.230512847,1.510160597,-0.161492635,-0.188668509,-0.047999271,-0.224540743,-0.13384015,-0.120921906,-0.100681083,-0.144248806,-0.274857955,-0.121138669,-0.121293958,-0.238289203,-0.171091077
2007/01/07,-0.054024469,-0.094913243,-0.068142653,-0.175859108,-0.11522706,-0.099767197,-0.137038215,-0.024386748,-0.116496188,-0.06226948,-0.076409146,-0.057848936,-0.142862423,-0.186399165,-0.204719826,-0.107419101,-0.107191453,-0.125253122,-0.064680709,-0.08624063,-0.263763394,-0.187527119,-0.074941644,-0.132459945,-0.06190118,-0.288250359,-0.176611253,0.42826572,-0.166203762,-0.190159297,-0.183536782,-0.161564548,-0.088622261,-0.168077708,5.026481759,-0.19814998,-0.400671753,1.178675479,-0.1241152,-0.138720218,-0.210689868,-0.222847048,-0.282924878,-0.331051476,-0.115045306,-0.16632463,-0.145769598,-0.200900416,-0.039577804,-0.058334401,-0.306173263,-0.117447798,-0.094132357,-0.07889364,-0.068933689,0.173574258,-0.106922282,-0.040060342,-0.102713986,-0.091115427,-0.12217926,-0.124927466,-0.008563687,-0.198186505,-0.049660407,-0.21150647,-0.085306426,-0.072286843,-0.104109844,-0.225210697,-0.130138537,-0.160467164,-0.209991459,-0.13625837,-0.207041967,-0.236218751,-0.070981797,-0.343511689,-0.089972778,-0.095493748,-0.202268101,1.83215786,-0.101912448,-0.111478542,0.879530755,-0.157405024,-0.052437057,-0.215399346,-0.186887135,-0.222259061,-0.225693664,-0.038633822,-0.129401116,-0.230512847,4.535237829,-0.161492635,-0.188668509,-0.047999271,-0.157821867,-0.227692469,-0.120921906,-0.100681083,-0.144248806,-0.002944735,-0.151956182,-0.121293958,-0.238289203,-0.171091077
2007/01/21,-0.024511848,0.167533853,-0.068142653,-0.175859108,-0.11522706,-0.099767197,-0.137038215,-0.085081954,-0.116496188,-0.06226948,-0.076409146,-0.131144227,-0.142862423,-0.186399165,-0.204719826,-0.107419101,-0.107191453,-0.125253122,-0.064680709,-0.08624063,-0.299192592,4.951835637,-0.074941644,-0.132459945,-0.06190118,-0.288250359,-0.176611253,-0.272537745,-0.166203762,-0.11572328,-0.183536782,-0.176966408,-0.088622261,-0.168077708,0.441239588,-0.19814998,-0.400671753,-0.247677772,-0.1241152,-0.138720218,-0.210689868,-0.222847048,-0.282924878,0.149599814,-0.112243344,-0.16632463,-0.145769598,-0.200900416,-0.045263143,-0.058334401,-0.306173263,0.12681994,-0.094132357,-0.07889364,-0.068933689,-0.054449256,-0.106922282,-0.040060342,-0.102713986,-0.091115427,-0.12217926,-0.09887031,-0.1349108,-0.198186505,0.012698821,-0.21150647,-0.085306426,-0.072286843,-0.104109844,-0.225210697,-0.130138537,-0.160467164,-0.209991459,0.052953597,-0.207041967,-0.256232044,-0.070981797,-0.343511689,-0.089972778,-0.095493748,-0.202268101,-0.032986352,-0.101912448,-0.111478542,-0.179469751,-0.192549632,-0.052437057,-0.215399346,-0.186887135,-0.271659971,-0.225693664,-0.091125796,-0.129401116,-0.230512847,-0.335288862,-0.161492635,-0.188668509,-0.047999271,-0.068863365,-0.227692469,-0.120921906,-0.100681083,-0.144248806,-0.313199834,-0.151956182,-0.121293958,-0.238289203,-0.171091077
2007/02/07,0.023888851,-0.094913243,-0.068142653,-0.175859108,-0.11522706,-0.099767197,-0.081097135,0.350632146,-0.116496188,-0.06226948,-0.076409146,-0.131144227,-0.142862423,-0.186399165,-0.204719826,-0.107419101,-0.107191453,-0.125253122,-0.064680709,-0.08624063,-0.294293298,0.516159471,-0.074941644,-0.132459945,-0.06190118,2.506655973,-0.176611253,-0.272537745,-0.166203762,0.033148755,-0.183536782,-0.176966408,-0.088622261,1.695444682,4.65302312,1.536220872,-0.400671753,-0.247677772,-0.1241152,-0.138720218,-0.210689868,0.201661497,-0.163322231,0.245730072,-0.115045306,-0.16632463,-0.145769598,-0.200900416,0.519630309,-0.058334401,0.041819117,0.542075096,-0.094132357,-0.07889364,-0.068933689,-0.058036142,-0.106922282,-0.040060342,-0.102713986,-0.091115427,-0.12217926,-0.104645139,-0.137818369,-0.198186505,0.943929959,2.091711292,-0.085306426,-0.072286843,-0.104109844,-0.225210697,-0.130138537,-0.160467164,-0.209991459,-0.246123384,-0.207041967,-0.236095907,-0.070981797,-0.343511689,-0.089972778,-0.095493748,-0.202268101,-0.441969782,1.197578841,-0.096675047,-0.168235948,-0.192549632,-0.052437057,-0.215399346,-0.186887135,-0.273057169,-0.026383885,-0.091125796,0.387942616,-0.230512847,-0.355505897,-0.161492635,-0.188668509,-0.047999271,-0.224540743,-0.227692469,-0.120921906,-0.100681083,-0.144248806,-0.311100423,-0.151956182,-0.121293958,-0.238289203,-0.171091077
2007/02/21,-0.054024469,-0.094913243,-0.068142653,-0.175859108,-0.11522706,-0.099767197,-0.137038215,-0.094121666,-0.116496188,-0.06226948,-0.076409146,-0.131144227,-0.142862423,-0.186399165,-0.204719826,-0.107419101,-0.107191453,-0.125253122,-0.064680709,-0.08624063,-0.300891252,-0.182275727,-0.074941644,-0.132459945,-0.06190118,-0.288250359,-0.176611253,0.340665287,-0.166203762,-0.134332284,-0.183536782,-0.176966408,-0.088622261,-0.168077708,1.112946444,-0.154790709,-0.400671753,-0.247677772,-0.1241152,-0.138720218,-0.210689868,-0.222847048,-0.282924878,-0.331051476,-0.112943834,-0.16632463,-0.145769598,-0.200900416,-0.050070665,-0.058334401,-0.306173263,-0.117447798,-0.094132357,-0.07889364,-0.068933689,-0.09928534,-0.106922282,-0.040060342,-0.102713986,-0.091115427,-0.12217926,-0.124927466,-0.135439449,-0.198186505,-0.060053612,-0.21150647,-0.085306426,-0.072286843,-0.104109844,-0.225210697,-0.130138537,-0.160467164,-0.209991459,-0.246123384,-0.207041967,-0.261785604,-0.070981797,-0.343511689,-0.089972778,-0.095493748,-0.202268101,-0.42623965,-0.101912448,-0.111478542,-0.180776007,-0.192549632,-0.052437057,-0.215399346,-0.186887135,-0.247209016,-0.225693664,-0.091125796,-0.129401116,-0.230512847,-0.355281263,-0.161492635,-0.188668509,-0.047999271,-0.224540743,-0.227692469,-0.120921906,-0.100681083,-0.144248806,-0.310437451,-0.151956182,-0.121293958,-0.238289203,-0.171091077
2007/03/07,-0.054024469,-0.094913243,-0.068142653,-0.175859108,-0.11522706,-0.099767197,-0.137038215,-0.39243215,-0.116496188,-0.06226948,-0.076409146,-0.131144227,-0.142862423,-0.186399165,-0.204719826,-0.107419101,-0.107191453,-0.125253122,-0.064680709,-0.08624063,-0.274338512,-0.219035474,-0.074941644,-0.132459945,-0.06190118,-0.288250359,-0.176611253,-0.272537745,-0.166203762,-0.11572328,-0.183536782,-0.176966408,-0.088622261,-0.168077708,2.910216141,-0.140337618,0.653078025,-0.247677772,-0.1241152,-0.138720218,-0.210689868,-0.222847048,0.315088359,-0.331051476,-0.070213907,-0.16632463,-0.145769598,-0.200900416,-0.008776912,-0.058334401,-0.306173263,-0.117447798,-0.094132357,-0.07889364,-0.068933689,-0.108252557,-0.106922282,-0.040060342,-0.102713986,-0.091115427,-0.12217926,-0.124927466,-0.100019965,-0.198186505,-0.27831091,-0.21150647,-0.085306426,-0.072286843,-0.104109844,-0.225210697,-0.130138537,-0.160467164,-0.209991459,-0.246123384,-0.207041967,0.141116272,25.43968735,-0.343511689,-0.089972778,-0.095493748,-0.202268101,-0.400022763,0.152889765,-0.111478542,-0.055375419,-0.192549632,-0.052437057,-0.215399346,-0.186887135,1.492301813,-0.225693664,-0.091125796,-0.129401116,-0.230512847,-0.351783395,-0.161492635,-0.188668509,-0.047999271,-0.224540743,-0.168103695,-0.120921906,-0.100681083,-0.144248806,-0.304544366,-0.151956182,-0.121293958,-0.238289203,-0.171091077
2007/03/21,-0.054024469,-0.094913243,-0.068142653,-0.175859108,3.153434713,-0.099767197,-0.137038215,-0.28395561,-0.116496188,-0.06226948,-0.076409146,-0.131144227,-0.142862423,-0.186399165,-0.204719826,-0.107419101,-0.107191453,-0.125253122,-0.064680709,-0.08624063,-0.071572133,-0.191465664,0.015258734,-0.132459945,-0.06190118,-0.288250359,-0.176611253,0.892548015,-0.166203762,-0.162245791,-0.183536782,-0.075891698,-0.088622261,-0.168077708,3.672694195,-0.19814998,0.38964058,-0.247677772,-0.1241152,-0.138720218,-0.210689868,0.042470792,0.389840014,-0.331051476,-0.102436475,-0.16632463,0.827220867,-0.200900416,0.005924237,-0.058334401,-0.306173263,0.157353408,-0.094132357,-0.07889364,-0.066917102,-0.009613172,-0.106922282,-0.040060342,-0.102713986,-0.091115427,-0.12217926,0.187124587,0.52054789,-0.198186505,-0.096429828,0.75677454,-0.085306426,-0.072286843,-0.104109844,-0.225210697,-0.130138537,-0.160467164,-0.209991459,-0.182035459,-0.207041967,0.994214865,-0.070981797,-0.343511689,-0.089972778,-0.095493748,-0.202268101,0.399592275,-0.101912448,-0.111478542,7.997693626,-0.192549632,-0.052437057,0.094443016,-0.186887135,1.21679194,-0.225693664,-0.091125796,-0.129401116,-0.140530909,-0.342188326,-0.161492635,-0.188668509,-0.047999271,-0.224540743,-0.06568549,-0.120921906,-0.100681083,-0.144248806,-0.003951032,-0.151956182,-0.121293958,-0.238289203,-0.171091077
2007/04/07,-0.054024469,-0.094913243,-0.068142653,-0.175859108,-0.11522706,-0.099767197,-0.137038215,0.251647304,-0.116496188,-0.06226948,-0.076409146,-0.131144227,-0.142862423,-0.186399165,-0.204719826,-0.107419101,-0.107191453,-0.125253122,-0.064680709,-0.08624063,-0.312960679,-0.163895853,-0.029841455,-0.092167882,-0.06190118,-0.288250359,-0.176611253,-0.272537745,-0.166203762,-0.190159297,-0.183536782,-0.16348978,-0.088622261,-0.168077708,-0.030770636,-0.19814998,-0.400671753,-0.247677772,-0.1241152,-0.138720218,-0.210689868,-0.222847048,-0.058669914,-0.331051476,-0.115045306,-0.16632463,-0.145769598,-0.200900416,-0.051025802,-0.058334401,-0.306173263,-0.117447798,-0.094132357,-0.07889364,-0.066917102,0.115927864,-0.106922282,-0.040060342,-0.102713986,-0.091115427,-0.12217926,-0.122814723,-0.060899938,-0.198186505,-0.241934694,-0.21150647,-0.085306426,-0.067232716,-0.099549494,-0.225210697,-0.130138537,-0.160467164,-0.209991459,-0.246123384,-0.207041967,1.879918234,-0.070981797,-0.343511689,-0.089972778,-0.095493748,-0.202268101,-0.504890309,-0.101912448,-0.111478542,0.173872532,-0.192549632,-0.052437057,-0.215399346,-0.186887135,-0.27253322,3.456000867,-0.091125796,-0.129401116,0.129414903,-0.353387922,-0.161492635,-0.188668509,-0.047999271,-0.224540743,-0.205346678,-0.120921906,-0.100681083,-0.144248806,-0.309884974,-0.151956182,-0.121293958,-0.238289203,-0.171091077
2007/04/21,-0.054024469,-0.094913243,-0.068142653,-0.175859108,-0.10438348,-0.099767197,-0.137038215,-0.21034653,-0.116496188,-0.06226948,-0.076409146,-0.131144227,-0.142862423,-0.186399165,-0.204719826,-0.107419101,-0.107191453,-0.125253122,-0.064680709,-0.08624063,-0.309742165,0.096048074,-0.074941644,-0.132459945,-0.06190118,-0.288250359,-0.176611253,-0.202457399,-0.166203762,-0.190159297,-0.183536782,-0.169265478,-0.088622261,-0.168077708,0.109276354,-0.19814998,-0.400671753,-0.247677772,-0.1241152,-0.138720218,-0.210689868,-0.222847048,-0.112063953,-0.331051476,-0.115045306,-0.16632463,-0.145769598,-0.200900416,-0.047218899,-0.058334401,-0.306173263,0.24895381,-0.094132357,-0.07889364,-0.068933689,0.024974665,-0.106922282,-0.040060342,-0.102713986,-0.091115427,-0.121294545,-0.124927466,-0.102021279,-0.198186505,-0.27831091,-0.21150647,-0.085306426,-0.070842806,-0.104109844,-0.225210697,4.838622771,-0.160467164,-0.209991459,-0.246123384,-0.207041967,-0.275221638,-0.070981797,-0.343511689,-0.089972778,-0.095493748,-0.202268101,-0.370060607,-0.101912448,-0.072707485,0.016282061,-0.192549632,-0.052437057,-0.215399346,-0.186887135,-0.273156969,-0.035874827,-0.091125796,-0.129401116,-0.230512847,-0.331190442,-0.161492635,-0.188668509,-0.047999271,-0.224540743,-0.227692469,-0.120921906,-0.100681083,-0.144248806,-0.302860628,-0.151956182,-0.121293958,-0.238289203,-0.171091077
2007/05/07,-0.054024469,-0.094913243,-0.068142653,-0.175859108,-0.11522706,-0.099767197,-0.137038215,-0.235141167,-0.116496188,-0.06226948,-0.076409146,-0.131144227,-0.142862423,-0.186399165,-0.204719826,-0.107419101,-0.107191453,-0.125253122,-0.064680709,-0.08624063,-0.305236246,-0.101404283,-0.074941644,-0.132459945,-0.06190118,-0.288250359,-0.176611253,0.904812076,-0.166203762,-0.190159297,-0.183536782,-0.176966408,-0.088622261,-0.168077708,1.690251256,-0.19814998,-0.400671753,-0.247677772,-0.1241152,-0.138720218,-0.210689868,-0.222847048,0.614094978,-0.331051476,-0.081421757,-0.16632463,-0.145769598,-0.200900416,-0.049440275,-0.058334401,-0.306173263,-0.117447798,-0.094132357,-0.07889364,-0.06409388,-0.050862369,-0.106922282,-0.040060342,-0.102713986,-0.091115427,-0.12217926,-0.124927466,-0.055031934,-0.198186505,-0.27831091,-0.21150647,-0.085306426,-0.072286843,-0.104109844,-0.225210697,2.353570259,-0.160467164,-0.209991459,-0.246123384,-0.207041967,-0.275221638,-0.070981797,-0.343511689,-0.089972778,-0.095493748,-0.202268101,0.375997078,0.05096888,-0.111478542,0.284773678,-0.192549632,-0.052437057,-0.215399346,-0.186887135,-0.275152965,-0.225693664,-0.091125796,-0.129401116,-0.230512847,5.016141035,-0.161492635,-0.188668509,-0.047999271,-0.224540743,-0.227692469,-0.120921906,-0.100681083,-0.144248806,-0.198395187,-0.151956182,-0.121293958,-0.238289203,-0.171091077
2007/05/21,-0.054024469,-0.094913243,-0.068142653,-0.175859108,-0.11522706,-0.099767197,-0.137038215,-0.385652366,-0.116496188,-0.06226948,-0.076409146,-0.131144227,-0.142862423,-0.186399165,-0.204719826,-0.107419101,-0.107191453,-0.125253122,-0.064680709,-0.08624063,-0.277825235,-0.145515979,-0.029841455,-0.132459945,-0.06190118,-0.288250359,-0.176611253,-0.027256532,-0.166203762,-0.190159297,-0.183536782,-0.176966408,-0.088622261,-0.168077708,-0.139696072,-0.19814998,-0.400671753,1.000381323,-0.1241152,-0.138720218,-0.210689868,-0.222847048,-0.282924878,-0.331051476,-0.115045306,-0.16632463,-0.145769598,-0.200900416,-0.052076453,-0.058334401,-0.306173263,-0.117447798,-0.094132357,-0.07889364,-0.068933689,-0.108252557,-0.106922282,-0.034485978,-0.102713986,-0.091115427,-0.12217926,-0.124927466,-0.137818369,-0.198186505,-0.27831091,-0.21150647,-0.085306426,-0.072286843,-0.104109844,-0.225210697,0.153348107,-0.160467164,-0.209991459,-0.246123384,-0.207041967,-0.275221638,-0.070981797,-0.343511689,-0.089972778,-0.095493748,-0.202268101,-0.504890309,-0.101912448,-0.111478542,-0.180776007,-0.192549632,-0.052437057,-0.215399346,-0.186887135,-0.275152965,-0.225693664,-0.091125796,-0.129401116,-0.230512847,-0.291036019,-0.161492635,-0.188668509,-0.047999271,-0.224540743,-0.227692469,-0.120921906,-0.100681083,-0.144248806,-0.288890861,-0.151956182,-0.121293958,-0.238289203,-0.171091077
2007/06/07,-0.054024469,-0.094913243,-0.068142653,-0.175859108,-0.11522706,-0.099767197,-0.137038215,-0.39243215,-0.116496188,-0.06226948,-0.076409146,-0.131144227,-0.142862423,-0.186399165,-0.204719826,-0.107419101,-0.107191453,-0.125253122,-0.064680709,-0.08624063,-0.312960679,0.001523009,-0.074941644,-0.132459945,-0.06190118,-0.288250359,-0.176611253,-0.272537745,-0.166203762,-0.190159297,-0.183536782,-0.176966408,-0.088622261,-0.168077708,-0.139696072,-0.19814998,-0.400671753,-0.247677772,-0.1241152,-0.138720218,-0.210689868,-0.222847048,-0.282924878,-0.331051476,-0.115045306,-0.16632463,-0.145769598,-0.200900416,-0.051503371,-0.058334401,-0.306173263,0.24895381,-0.094132357,-0.07889364,-0.068933689,-0.072383689,-0.106922282,-0.040060342,-0.102713986,-0.091115427,-0.12217926,-0.124927466,-0.137818369,-0.198186505,-0.27831091,0.743864126,-0.085306426,-0.072286843,-0.104109844,-0.225210697,-0.101397956,-0.160467164,-0.209991459,-0.246123384,-0.207041967,-0.275221638,-0.070981797,-0.343511689,-0.089972778,-0.095493748,-0.202268101,0.438917605,-0.101912448,-0.111478542,-0.180776007,-0.192549632,-0.052437057,-0.215399346,-0.186887135,-0.275152965,-0.225693664,-0.091125796,-0.129401116,-0.230512847,-0.355505897,-0.161492635,-0.188668509,-0.047999271,-0.224540743,-0.227692469,-0.120921906,-0.100681083,-0.144248806,-0.307675067,-0.151956182,-0.121293958,-0.238289203,-0.171091077
2007/06/21,-0.018609324,-0.094913243,-0.068142653,-0.175859108,-0.11522706,-0.099767197,-0.137038215,-0.315594601,-0.116496188,-0.06226948,-0.076409146,-0.131144227,-0.142862423,-0.186399165,-0.204719826,-0.107419101,-0.107191453,-0.125253122,-0.064680709,-0.08624063,-0.309384552,-0.145515979,-0.074941644,-0.132459945,-0.06190118,-0.288250359,-0.176611253,-0.272537745,-0.166203762,-0.11572328,-0.183536782,-0.176966408,-0.088622261,-0.168077708,-0.139696072,-0.19814998,-0.400671753,-0.247677772,-0.1241152,-0.138720218,-0.210689868,-0.222847048,-0.282924878,-0.331051476,-0.115045306,-0.16632463,-0.145769598,-0.200900416,-0.052076453,-0.058334401,-0.306173263,5.012174707,-0.094132357,-0.07889364,-0.068933689,-0.096296268,-0.106922282,-0.040060342,-0.102713986,-0.091115427,-0.12217926,-0.124927466,-0.137818369,-0.198186505,0.885728013,-0.21150647,-0.085306426,-0.072286843,-0.104011772,-0.225210697,-0.076141081,-0.160467164,-0.209991459,-0.246123384,-0.207041967,-0.275221638,-0.070981797,-0.343511689,-0.089972778,-0.095493748,-0.202268101,-0.504890309,-0.101912448,-0.111478542,-0.180776007,-0.192549632,-0.052437057,-0.215399346,-0.186887135,-0.275152965,-0.225693664,-0.091125796,-0.129401116,-0.230512847,-0.355505897,-0.161329931,-0.188668509,-0.047999271,0.086814013,-0.168103695,-0.120921906,-0.100681083,-0.144248806,-0.314488946,-0.151956182,-0.121293958,-0.238289203,-0.171091077
2007/07/07,-0.054024469,0.036310305,-0.068142653,-0.175859108,-0.11522706,-0.099767197,-0.137038215,-0.387912294,-0.116496188,-0.06226948,-0.076409146,-0.131144227,-0.142862423,-0.186399165,-0.204719826,-0.107419101,-0.107191453,-0.125253122,-0.064680709,-0.08624063,-0.311172616,-0.219035474,-0.074941644,-0.132459945,-0.06190118,-0.288250359,-0.176611253,-0.272537745,-0.166203762,0.033148755,-0.183536782,-0.176966408,-0.088622261,-0.168077708,-0.139696072,-0.19814998,-0.400671753,0.584361624,-0.1241152,-0.138720218,-0.210689868,-0.222847048,-0.282924878,-0.331051476,-0.115045306,-0.16632463,-0.145769598,-0.200900416,-0.052076453,-0.058334401,-0.227084085,-0.117447798,-0.094132357,-0.07889364,-0.068933689,-0.108252557,-0.106922282,-0.040060342,-0.102713986,-0.091115427,-0.12217926,-0.124927466,-0.137818369,-0.198186505,-0.27831091,-0.21150647,-0.085306426,-0.072286843,-0.104109844,-0.225210697,-0.130138537,-0.160467164,-0.209991459,-0.203398101,-0.207041967,-0.264114517,-0.070981797,-0.343511689,-0.089972778,-0.095493748,-0.202268101,-0.504890309,-0.101912448,-0.111478542,-0.180776007,-0.192549632,-0.052437057,-0.215399346,-0.186887135,-0.275152965,-0.225693664,-0.091125796,-0.129401116,-0.230512847,-0.355505897,-0.159052077,-0.188668509,-0.047999271,-0.224540743,-0.227692469,-0.120921906,-0.100681083,-0.144248806,-0.312831516,-0.151956182,0.706194702,-0.238289203,-0.171091077
2007/07/21,-0.054024469,0.429980949,-0.068142653,-0.175859108,-0.11522706,-0.099767197,-0.137038215,-0.39243215,-0.116496188,-0.06226948,-0.076409146,-0.131144227,-0.142862423,-0.186399165,-0.204719826,-0.107419101,-0.107191453,-0.125253122,-0.064680709,-0.08624063,-0.302947524,-0.219035474,-0.074941644,-0.132459945,-0.06190118,-0.288250359,-0.176611253,-0.272537745,-0.166203762,-0.190159297,-0.183536782,-0.150013152,-0.088622261,-0.168077708,-0.139696072,-0.140337618,-0.400671753,-0.247677772,-0.1241152,-0.138720218,-0.210689868,-0.222847048,-0.282924878,-0.331051476,-0.115045306,-0.16632463,-0.145769598,-0.200900416,-0.052076453,-0.058334401,-0.306173263,2.080961847,-0.094132357,-0.07889364,-0.068933689,-0.108252557,-0.106922282,-0.040060342,-0.102713986,-0.091115427,-0.12217926,-0.124927466,-0.133324853,-0.198186505,-0.181307667,-0.1770787,-0.085306426,-0.072286843,-0.104109844,-0.225210697,-0.11097815,-0.160467164,-0.209991459,0.779283408,-0.207041967,-0.275221638,-0.070981797,-0.343511689,-0.089972778,-0.095493748,-0.202268101,-0.504890309,-0.101912448,-0.111478542,-0.180776007,-0.192549632,-0.052437057,-0.215399346,-0.186887135,-0.275152965,-0.225693664,-0.091125796,-0.129401116,-0.230512847,-0.352382418,-0.161492635,-0.188668509,-0.047999271,-0.224540743,-0.160655098,-0.120921906,-0.100681083,-0.144248806,-0.304268128,-0.151956182,-0.121293958,-0.238289203,-0.171091077
2007/08/07,-0.036316896,1.873439979,-0.068142653,-0.175859108,-0.11522706,-0.099767197,-0.137038215,-0.39243215,-0.116496188,-0.06226948,-0.076409146,-0.131144227,-0.142862423,-0.186399165,-0.204719826,-0.107419101,-0.107191453,-0.125253122,-0.064680709,-0.08624063,-0.291101605,-0.2006556,-0.029841455,-0.132459945,-0.06190118,-0.288250359,-0.176611253,0.21802468,-0.166203762,-0.190159297,-0.183536782,-0.170228094,-0.088622261,-0.168077708,0.187080237,-0.19814998,-0.400671753,-0.247677772,-0.1241152,-0.138720218,-0.210689868,-0.222847048,-0.282924878,-0.331051476,-0.110842363,-0.16632463,-0.145769598,-0.200900416,-0.052076453,-0.058334401,-0.306173263,0.981757025,-0.094132357,-0.07889364,-0.068933689,-0.054449256,-0.106922282,-0.040060342,-0.102713986,-0.091115427,-0.12217926,-0.124927466,-0.123743089,-0.198186505,-0.223746586,-0.21150647,-0.085306426,-0.072286843,-0.104109844,-0.225210697,-0.115115052,-0.160467164,-0.209991459,-0.246123384,-0.207041967,-0.262860487,-0.070981797,-0.343511689,-0.089972778,-0.095493748,-0.202268101,-0.504890309,-0.101912448,-0.111478542,-0.116116329,-0.192549632,-0.052437057,-0.215399346,-0.186887135,-0.275152965,-0.225693664,-0.091125796,-0.129401116,-0.230512847,-0.348686659,-0.161492635,0.027743219,-0.047999271,-0.224540743,-0.227692469,-0.120921906,-0.100681083,-0.144248806,-0.164514557,-0.151956182,-0.121293958,-0.238289203,-0.171091077
2007/08/21,-0.054024469,-0.094913243,-0.068142653,-0.175859108,-0.11522706,-0.099767197,-0.137038215,-0.372092798,-0.116496188,-0.06226948,-0.076409146,-0.131144227,-0.142862423,-0.186399165,-0.204719826,-0.107419101,-0.107191453,-0.125253122,-0.064680709,-0.08624063,-0.208895395,-0.219035474,-0.074941644,-0.132459945,-0.06190118,-0.288250359,-0.176611253,2.425555594,-0.166203762,-0.022678258,-0.183536782,-0.09610664,-0.088622261,-0.168077708,-0.139696072,-0.19814998,-0.400671753,-0.247677772,-0.1241152,-0.138720218,-0.210689868,-0.222847048,-0.282924878,-0.331051476,-0.115045306,-0.16632463,-0.145769598,-0.200900416,-0.052076453,-0.058334401,-0.306173263,-0.117447798,-0.094132357,-0.07889364,-0.068933689,-0.108252557,-0.106922282,-0.040060342,-0.102713986,-0.091115427,-0.12217926,-0.124927466,-0.127113227,-0.198186505,-0.27831091,-0.21150647,-0.085306426,-0.072286843,-0.104109844,-0.225210697,-0.130138537,-0.160467164,-0.209991459,-0.246123384,-0.207041967,-0.275221638,-0.070981797,-0.343511689,-0.089972778,-0.095493748,-0.202268101,-0.504890309,-0.101912448,-0.111478542,-0.110238176,-0.192549632,-0.052437057,-0.215399346,-0.186887135,-0.275152965,-0.225693664,-0.091125796,-0.129401116,-0.230512847,-0.287088883,-0.161492635,-0.188668509,-0.047999271,-0.224540743,-0.227692469,-0.120921906,-0.100681083,-0.144248806,1.196580719,-0.151956182,-0.121293958,-0.238289203,-0.171091077
2007/09/07,-0.042219421,-0.094913243,-0.068142653,-0.175859108,-0.11522706,-0.099767197,-0.137038215,-0.356273303,-0.116496188,-0.06226948,-0.076409146,-0.131144227,-0.142862423,-0.186399165,8.638169031,-0.107419101,-0.107191453,-0.125253122,-0.064680709,-0.08624063,0.558541376,-0.096502983,-0.014808059,-0.132459945,-0.06190118,2.817201121,-0.176611253,-0.109016937,-0.166203762,-0.190159297,-0.183536782,-0.176966408,-0.088622261,-0.168077708,-0.139696072,-0.19814998,1.706827803,-0.247677772,-0.1241152,-0.138720218,-0.210689868,1.192181436,-0.282924878,-0.331051476,-0.115045306,-0.16632463,-0.121291851,-0.200900416,-0.052076453,-0.058334401,-0.306173263,-0.117447798,-0.094132357,-0.07889364,-0.068933689,-0.108252557,-0.106922282,-0.040060342,-0.102713986,-0.091115427,-0.12217926,-0.124645767,-0.137818369,-0.198186505,-0.27831091,-0.21150647,1.409490666,-0.072286843,-0.1039137,-0.225210697,-0.130138537,-0.160467164,-0.189251518,-0.075222252,-0.207041967,-0.268055754,-0.070981797,-0.343511689,-0.089972778,-0.095493748,-0.202268101,0.019447421,-0.101912448,-0.111478542,-0.180776007,-0.192549632,-0.052437057,-0.215399346,-0.186887135,-0.258852328,-0.225693664,-0.091125796,-0.129401116,-0.230512847,-0.355505897,-0.161492635,-0.188668509,-0.047999271,-0.224540743,-0.227692469,-0.120921906,-0.100681083,-0.144248806,-0.267896749,-0.151956182,-0.121293958,-0.238289203,-0.171091077
2007/09/21,-0.054024469,-0.094913243,-0.068142653,-0.175859108,-0.11522706,-0.099767197,-0.137038215,-0.331414096,-0.116496188,-0.06226948,-0.076409146,-0.131144227,-0.142862423,-0.186399165,0.153775668,-0.107419101,-0.107191453,-0.125253122,-0.064680709,-0.08624063,4.061536198,-0.071996485,-0.074941644,-0.132459945,-0.06190118,-0.288250359,-0.176611253,0.708587106,-0.166203762,-0.162245791,-0.183536782,-0.16348978,-0.088622261,-0.168077708,-0.139696072,-0.19814998,-0.400671753,1.000381323,-0.1241152,-0.138720218,-0.210689868,-0.222847048,-0.282924878,0.38992546,-0.115045306,-0.16632463,-0.090694666,-0.200900416,-0.052076453,-0.058334401,2.778304644,-0.117447798,-0.094132357,-0.07889364,-0.066917102,-0.090318123,-0.106922282,-0.040060342,-0.102713986,-0.091115427,-0.12217926,-0.124927466,-0.071803324,-0.198186505,13.94478968,-0.21150647,21.49582659,-0.072286843,-0.104109844,-0.225210697,-0.130138537,-0.160467164,-0.209991459,6.995812081,-0.207041967,-0.255336308,-0.070981797,-0.343511689,-0.089972778,-0.095493748,-0.202268101,-0.504890309,-0.101912448,-0.111478542,0.428592478,-0.192549632,-0.052437057,-0.215399346,-0.186887135,-0.275152965,-0.225693664,-0.091125796,-0.129401116,-0.230512847,0.661892319,-0.161492635,0.027743219,-0.047999271,-0.224540743,0.141013069,-0.120921906,-0.100681083,-0.144248806,-0.101877517,-0.151956182,-0.121293958,-0.238289203,-0.171091077
2007/10/07,-0.006804275,-0.094913243,-0.068142653,-0.175859108,-0.11522706,-0.099767197,-0.137038215,-0.39243215,-0.116496188,-0.06226948,-0.076409146,-0.131144227,-0.142862423,-0.186399165,-0.204719826,-0.107419101,-0.107191453,-0.125253122,-0.064680709,-0.08624063,0.672619815,-0.071996485,-0.074941644,-0.132459945,-0.06190118,-0.288250359,-0.176611253,1.362670339,-0.166203762,-0.190159297,-0.183536782,-0.158997571,-0.088622261,-0.168077708,-0.139696072,-0.19814998,-0.400671753,-0.247677772,-0.1241152,-0.138720218,-0.210689868,-0.222847048,-0.282924878,-0.331051476,-0.103837456,-0.16632463,-0.145769598,-0.200900416,-0.052076453,-0.058334401,-0.306173263,-0.117447798,-0.094132357,-0.07889364,-0.068933689,-0.012602244,0.900480162,-0.040060342,-0.102713986,-0.091115427,-0.12217926,-0.113096108,-0.087861038,-0.198186505,5.784391812,0.545904453,2.156889212,-0.072286843,-0.104109844,-0.225210697,-0.130138537,-0.160467164,-0.209991459,-0.246123384,-0.207041967,-0.252290807,-0.070981797,-0.343511689,-0.089972778,-0.095493748,-0.202268101,0.124314967,-0.101912448,0.098237633,0.307763786,-0.192549632,-0.052437057,-0.215399346,-0.186887135,-0.275152965,-0.225693664,-0.091125796,-0.129401116,-0.230512847,-0.233134003,-0.161492635,5.005212976,-0.047999271,-0.224540743,0.234120528,-0.120921906,-0.100681083,-0.144248806,-0.062559596,-0.151956182,-0.121293958,-0.238289203,-0.171091077
2007/10/21,-0.01418243,-0.094913243,-0.068142653,-0.175859108,-0.029833864,-0.099767197,-0.137038215,-0.389042258,-0.116496188,-0.06226948,-0.076409146,-0.131144227,-0.142862423,-0.186399165,1.498133771,-0.107419101,-0.107191453,-0.125253122,-0.064680709,-0.08624063,0.953256351,-0.062806548,-0.05239155,-0.132459945,-0.06190118,-0.288250359,0.789184877,0.647266802,-0.166203762,-0.190159297,-0.183536782,-0.150013152,-0.088622261,-0.168077708,7.294464948,-0.19814998,-0.400671753,-0.247677772,-0.1241152,-0.138720218,-0.210689868,0.042470792,0.800974115,-0.331051476,0.154993824,-0.16632463,-0.145769598,-0.200900416,-0.052076453,-0.058334401,-0.306173263,24.66046091,-0.094132357,-0.07889364,-0.068933689,-0.090318123,-0.106922282,-0.040060342,-0.102713986,-0.091115427,-0.12217926,-0.124082369,-0.137818369,-0.198186505,1.194925851,-0.21150647,14.27875938,-0.069759779,-0.104109844,-0.225210697,-0.12850555,-0.160467164,-0.208930894,4.207987367,-0.207041967,-0.224164709,0.461970901,-0.343511689,-0.089972778,-0.095493748,-0.202268101,-0.032986352,-0.101912448,0.063541942,0.353156186,-0.192549632,-0.052437057,-0.215399346,-0.186887135,-0.246335767,-0.073443138,-0.091125796,-0.129401116,-0.230512847,-0.302043071,-0.161492635,5.87085989,-0.047999271,-0.224540743,0.800213879,-0.120921906,-0.100681083,-0.144248806,-0.216309242,-0.126274921,-0.121293958,-0.238289203,-0.171091077
2007/11/07,-0.054024469,-0.094913243,-0.068142653,-0.175859108,1.243473567,-0.099767197,-0.137038215,-0.370736842,-0.116496188,-0.06226948,0.202245039,-0.131144227,-0.142862423,-0.186399165,-0.204719826,-0.107419101,-0.107191453,-0.125253122,-0.064680709,-0.08624063,0.787341957,-0.116108182,-0.038861493,-0.132459945,-0.06190118,-0.288250359,2.913936364,-0.272537745,-0.166203762,-0.190159297,-0.183536782,-0.155403803,-0.088622261,-0.168077708,5.698707308,-0.19814998,-0.400671753,-0.247677772,-0.1241152,-0.138720218,-0.210689868,0.626170042,0.614094978,-0.331051476,9.00366125,-0.16632463,-0.145769598,-0.200900416,-0.052076453,-0.058334401,-0.306173263,0.542075096,-0.094132357,0.167826545,-0.06570715,-0.101078783,-0.106922282,-0.040060342,-0.102713986,-0.091115427,-0.12217926,-0.1043071,-0.137818369,-0.198186505,-0.191007991,-0.21150647,-0.085306426,-0.072286843,-0.104109844,-0.225210697,-0.130138537,-0.160467164,-0.209991459,-0.246123384,-0.207041967,-0.256303702,-0.070981797,-0.343511689,-0.089972778,-0.095493748,-0.202268101,-0.127367143,-0.101912448,0.190759475,0.005757368,-0.192549632,-0.052437057,-0.215399346,-0.186887135,0.331929328,-0.225693664,-0.091125796,-0.129401116,-0.230512847,-0.194642479,-0.161492635,-0.188668509,-0.047999271,-0.224540743,0.219223335,-0.120921906,-0.100681083,-0.144248806,-0.27994074,-0.151956182,-0.121293958,-0.238289203,-0.171091077
2007/11/21,-0.054024469,0.062555015,-0.068142653,-0.175859108,0.803224202,-0.099767197,-0.137038215,-0.387008323,-0.116496188,-0.06226948,-0.076409146,-0.02853082,-0.142862423,-0.186399165,-0.204719826,-0.107419101,-0.107191453,-0.125253122,-0.064680709,-0.08624063,1.792162012,0.163265897,-0.038861493,-0.132459945,-0.06190118,-0.288250359,-0.176611253,-0.272537745,-0.166203762,-0.167828492,-0.183536782,-0.123059896,-0.088622261,-0.168077708,3.476628409,-0.19814998,1.496077847,-0.247677772,-0.1241152,-0.138720218,-0.210689868,2.324204224,-0.282924878,-0.331051476,11.90033002,-0.16632463,-0.145769598,-0.200900416,-0.052076453,-0.058334401,-0.306173263,-0.117447798,-0.094132357,-0.07889364,-0.068933689,-0.101078783,-0.106922282,-0.040060342,-0.102713986,-0.091115427,-0.12217926,-0.11275807,-0.13718399,-0.198186505,-0.27831091,-0.21150647,-0.085306426,-0.072286843,-0.104109844,3.555532458,-0.130138537,-0.160467164,-0.209991459,-0.246123384,-0.207041967,-0.253723984,-0.070981797,-0.343511689,-0.089972778,-0.095493748,-0.202268101,0.501838133,-0.101912448,-0.097908672,-0.180776007,-0.190020534,-0.052437057,-0.215399346,-0.186887135,0.353585889,-0.225693664,-0.073161876,-0.129401116,-0.230512847,-0.309680617,-0.161492635,-0.188668509,-0.047999271,-0.224540743,-0.214284995,-0.120921906,-0.100681083,-0.144248806,-0.307343581,-0.151956182,-0.121293958,-0.238289203,-0.171091077
2007/12/07,-0.054024469,0.298757401,-0.068142653,-0.175859108,-0.102576216,-0.099767197,-0.137038215,-0.179998926,-0.116496188,-0.06226948,-0.076409146,-0.045633055,-0.142862423,-0.186399165,-0.204719826,-0.107419101,-0.107191453,-0.125253122,-0.064680709,-0.08624063,-0.204782849,0.001523009,-0.014808059,-0.132459945,-0.06190118,-0.288250359,-0.176611253,-0.272537745,-0.166203762,-0.190159297,-0.183536782,-0.16348978,-0.088622261,-0.168077708,3.672694195,-0.19814998,-0.400671753,-0.247677772,-0.1241152,-0.138720218,-0.210689868,0.484667194,-0.282924878,-0.331051476,19.94560477,-0.16632463,-0.145769598,-0.200900416,-0.052076453,-0.058334401,-0.306173263,-0.117447798,-0.094132357,-0.07889364,-0.064228319,-0.0604274,0.39677894,-0.040060342,-0.102713986,-0.091115427,-0.12217926,-0.116758195,-0.133457015,-0.198186505,-0.229809288,-0.21150647,-0.085306426,-0.072286843,-0.104109844,-0.225210697,-0.130138537,-0.160467164,-0.208577372,-0.075222252,-0.207041967,-0.256948632,-0.070981797,-0.343511689,-0.089972778,-0.095493748,-0.202268101,1.487593066,-0.101912448,-0.094002194,-0.17293847,-0.192549632,-0.052437057,-0.215399346,-0.186887135,0.122466144,-0.225693664,-0.091125796,-0.129401116,-0.230512847,-0.331352423,-0.161492635,-0.140577014,-0.047999271,-0.224540743,-0.227692469,-0.120921906,-0.100681083,-0.144248806,-0.314857264,-0.151956182,-0.121293958,-0.238289203,-0.171091077
2007/12/21,-0.054024469,-0.094913243,-0.068142653,1.018912295,-0.11522706,-0.099767197,-0.137038215,0.055033576,-0.116496188,-0.06226948,-0.030404918,-0.131144227,-0.142862423,-0.186399165,-0.204719826,-0.107419101,-0.107191453,-0.125253122,-0.064680709,-0.08624063,-0.249395028,7.114534099,-0.074941644,-0.132459945,-0.06190118,-0.288250359,-0.176611253,-0.272537745,-0.166203762,-0.190159297,-0.183536782,0.18690255,-0.088622261,-0.168077708,-0.139696072,-0.19814998,-0.400671753,-0.247677772,-0.1241152,-0.138720218,-0.210689868,1.369059997,-0.282924878,-0.331051476,4.865442926,-0.16632463,-0.145769598,-0.200900416,-0.052076453,-0.058334401,-0.306173263,-0.117447798,-0.094132357,1.308907398,-0.068933689,-0.108252557,-0.106922282,-0.040060342,-0.102713986,-0.091115427,-0.12217926,-0.047812368,-0.111650243,-0.198186505,-0.060053612,-0.21150647,-0.085306426,-0.072286843,-0.104109844,-0.225210697,-0.130138537,-0.160467164,-0.209991459,-0.246123384,-0.207041967,-0.223627267,-0.070981797,-0.343511689,-0.089972778,-0.095493748,-0.202268101,2.090581456,-0.101912448,-0.111478542,-0.165100934,-0.192549632,-0.052437057,-0.215399346,-0.186887135,1.12117124,-0.225693664,-0.091125796,5.205706118,-0.230512847,-0.208691714,-0.161492635,-0.188668509,-0.047999271,0.008975324,-0.177414441,-0.120921906,-0.100681083,-0.144248806,-0.310851808,-0.151956182,-0.121293958,-0.238289203,-0.171091077
2008/01/07,-0.054024469,-0.094913243,-0.068142653,-0.175859108,-0.11522706,-0.099767197,-0.137038215,0.240347664,-0.116496188,-0.06226948,-0.076409146,0.039878118,-0.142862423,-0.186399165,-0.204719826,-0.107419101,-0.107191453,-0.125253122,-0.064680709,-0.08624063,-0.312960679,-0.071996485,-0.074941644,-0.132459945,-0.06190118,-0.288250359,-0.176611253,-0.272537745,-0.166203762,-0.190159297,-0.183536782,-0.176966408,-0.088622261,-0.168077708,-0.139696072,-0.19814998,-0.400671753,-0.247677772,-0.1241152,-0.138720218,-0.210689868,1.192181436,-0.282924878,-0.331051476,-0.025382508,-0.16632463,-0.145769598,-0.200900416,-0.004064903,-0.058334401,-0.306173263,-0.117447798,-0.094132357,-0.07889364,-0.068933689,-0.084339979,-0.106922282,-0.040060342,-0.102713986,-0.091115427,-0.12217926,-0.119293486,-0.133060528,-0.198186505,0.352210173,-0.21150647,3.277987031,-0.072286843,-0.104109844,-0.225210697,-0.130138537,-0.160467164,-0.209991459,-0.246123384,-0.207041967,-0.21287844,-0.070981797,-0.343511689,-0.089972778,-0.095493748,-0.202268101,0.648652697,-0.101912448,-0.111478542,-0.180776007,-0.192549632,-0.052437057,-0.215399346,-0.186887135,-0.105160608,0.549399921,-0.091125796,1.810637879,-0.230512847,-0.328207551,-0.161492635,-0.188668509,-0.047999271,-0.224540743,-0.227692469,-0.120921906,-0.100681083,-0.144248806,-0.314857264,-0.151956182,-0.121293958,-0.238289203,-0.171091077
2008/01/21,-0.054024469,-0.094913243,-0.068142653,-0.175859108,-0.11522706,-0.099767197,-0.137038215,-0.22971734,-0.116496188,-0.06226948,-0.076409146,-0.131144227,-0.142862423,-0.186399165,-0.204719826,-0.107419101,-0.107191453,-0.125253122,-0.064680709,-0.08624063,-0.302768718,0.075042504,-0.074941644,-0.132459945,-0.06190118,-0.288250359,-0.176611253,-0.272537745,-0.166203762,-0.190159297,-0.183536782,-0.150013152,-0.088622261,-0.168077708,-0.139696072,-0.024712895,-0.400671753,-0.247677772,-0.1241152,-0.138720218,-0.210689868,-0.222847048,-0.133421569,5.436764008,-0.115045306,-0.16632463,-0.145769598,-0.200900416,-0.052076453,-0.058334401,-0.306173263,-0.117447798,-0.094132357,-0.07889364,-0.068933689,-0.036514822,-0.106922282,-0.040060342,-0.102713986,-0.091115427,-0.12217926,-0.124927466,-0.132267555,-0.198186505,2.486281531,-0.21150647,-0.085306426,-0.06217859,-0.104109844,-0.225210697,-0.130138537,-0.160467164,-0.209991459,-0.246123384,-0.207041967,-0.211803557,-0.070981797,-0.343511689,-0.089972778,-0.095493748,-0.202268101,-0.504890309,-0.101912448,-0.111478542,-0.180776007,-0.192549632,-0.052437057,-0.215399346,-0.186887135,-0.275152965,-0.225693664,-0.091125796,-0.129401116,-0.230512847,-0.353965551,-0.161492635,-0.188668509,-0.047999271,-0.224540743,-0.227692469,-0.120921906,-0.100681083,-0.144248806,-0.314028549,-0.151956182,-0.121293958,-0.238289203,-0.171091077
2008/02/07,-0.054024469,-0.094913243,-0.068142653,-0.175859108,-0.11522706,-0.099767197,-0.137038215,-0.22971734,-0.116496188,-0.06226948,-0.076409146,-0.131144227,-0.142862423,-0.186399165,-0.204719826,-0.107419101,-0.107191453,-0.125253122,-0.064680709,-0.08624063,-0.312960679,-0.219035474,-0.074941644,-0.132459945,-0.06190118,-0.288250359,-0.176611253,-0.272537745,-0.166203762,-0.190159297,-0.183536782,-0.176966408,-0.088622261,-0.168077708,-0.139696072,-0.19814998,-0.400671753,-0.247677772,-0.1241152,-0.138720218,-0.210689868,-0.222847048,-0.282924878,-0.331051476,-0.115045306,-0.16632463,-0.145769598,-0.200900416,-0.052076453,-0.058334401,-0.306173263,0.981757025,-0.094132357,-0.07889364,-0.068933689,-0.108252557,-0.106922282,-0.040060342,-0.102713986,-0.091115427,-0.12217926,-0.124927466,-0.137818369,-0.198186505,0.885728013,-0.21150647,-0.085306426,-0.072286843,-0.104109844,-0.225210697,-0.130138537,-0.160467164,-0.209991459,-0.246123384,-0.207041967,0.048318063,-0.070981797,-0.343511689,-0.089972778,-0.095493748,-0.202268101,-0.34758899,-0.101912448,-0.111478542,-0.180776007,-0.192549632,-0.052437057,-0.215399346,-0.186887135,-0.275152965,-0.225693664,-0.091125796,-0.129401116,-0.230512847,-0.355505897,-0.161492635,-0.188668509,-0.047999271,-0.224540743,-0.138309308,-0.120921906,-0.100681083,-0.144248806,-0.314857264,-0.151956182,-0.121293958,-0.238289203,-0.171091077
2008/02/21,-0.054024469,0.692428046,-0.068142653,-0.175859108,-0.11522706,-0.099767197,-0.137038215,-0.17547907,-0.116496188,-0.06226948,-0.076409146,-0.131144227,-0.142862423,-0.186399165,2.125500886,-0.107419101,-0.107191453,-0.125253122,-0.064680709,-0.08624063,-0.27541135,0.222081493,-0.074941644,-0.132459945,-0.06190118,-0.288250359,-0.176611253,-0.027256532,-0.166203762,0.200629793,-0.183536782,-0.176966408,-0.088622261,-0.168077708,-0.139696072,-0.111431437,1.179952914,-0.247677772,-0.1241152,-0.138720218,-0.210689868,-0.222847048,-0.282924878,-0.331051476,-0.115045306,-0.16632463,-0.145769598,-0.200900416,-0.052076453,-0.058334401,-0.306173263,3.912969885,-0.094132357,0.033251899,-0.054817579,0.035222913,-0.106922282,-0.040060342,-0.102713986,-0.091115427,-0.12217926,-0.124927466,-0.119976465,-0.198186505,0.376460984,-0.21150647,-0.085306426,-0.047016212,-0.104109844,-0.225210697,-0.119687417,-0.160467164,-0.209991459,-0.246123384,-0.207041967,-0.27199699,-0.070981797,-0.343511689,-0.089972778,-0.095493748,-0.202268101,-0.190287671,-0.101912448,-0.111478542,-0.180776007,-0.192549632,-0.052437057,-0.215399346,-0.186887135,-0.266420481,-0.225693664,-0.091125796,-0.129401116,0.309378779,-0.314109111,-0.161492635,-0.188668509,-0.047999271,-0.224540743,4.487269254,-0.120921906,-0.100681083,-0.144248806,-0.310989927,-0.151956182,-0.121293958,-0.238289203,-0.171091077
2008/03/07,-0.054024469,25.3624551,-0.068142653,-0.175859108,-0.11522706,-0.099767197,-0.137038215,-0.28395561,-0.116496188,-0.06226948,-0.076409146,-0.131144227,-0.142862423,-0.186399165,-0.204719826,-0.107419101,-0.107191453,-0.125253122,-0.064680709,-0.08624063,-0.312960679,-0.145515979,-0.074941644,-0.132459945,-0.06190118,-0.288250359,-0.176611253,-0.272537745,-0.166203762,-0.11572328,-0.183536782,-0.150013152,-0.088622261,-0.168077708,-0.139696072,-0.19814998,0.653078025,-0.247677772,-0.1241152,-0.138720218,-0.210689868,-0.222847048,-0.282924878,-0.331051476,-0.025382508,-0.16632463,-0.145769598,-0.200900416,-0.052076453,-0.058334401,-0.306173263,0.493221548,-0.094132357,-0.060202717,-0.068933689,-0.108252557,-0.106922282,-0.040060342,-0.102713986,-0.091115427,-0.12217926,-0.124927466,-0.137818369,-0.198186505,-0.035802801,-0.21150647,-0.085306426,-0.072286843,-0.104109844,-0.225210697,-0.130138537,-0.160467164,-0.209048735,-0.246123384,-0.207041967,-0.035164495,-0.070981797,-0.343511689,-0.089972778,-0.095493748,-0.202268101,-0.504890309,-0.101912448,-0.08475001,-0.17293847,-0.192549632,-0.052437057,-0.215399346,-0.186887135,-0.27049564,0.180307738,-0.091125796,-0.129401116,-0.230512847,-0.355505897,-0.161492635,-0.188668509,-0.047999271,-0.224540743,-0.227692469,-0.120921906,-0.100681083,-0.144248806,-0.310989927,-0.151956182,-0.121293958,-0.238289203,-0.171091077
2008/03/21,-0.054024469,0.692428046,-0.068142653,-0.175859108,-0.11522706,-0.099767197,-0.137038215,0.665214111,-0.116496188,-0.06226948,-0.076409146,-0.131144227,-0.142862423,-0.186399165,-0.204719826,-0.107419101,-0.107191453,-0.125253122,-0.064680709,-0.08624063,-0.255385041,-0.096502983,-0.014808059,-0.132459945,-0.06190118,-0.288250359,-0.176611253,0.054503872,-0.166203762,-0.190159297,-0.183536782,-0.132044315,-0.088622261,-0.168077708,17.07052284,-0.082525256,-0.400671753,1.416401021,-0.1241152,-0.138720218,-0.210689868,-0.222847048,1.311777089,0.630251105,-0.115045306,-0.16632463,-0.145769598,-0.200900416,-0.052076453,-0.058334401,-0.306173263,0.371087679,-0.094132357,-0.060202717,-0.054145383,-0.012602244,-0.106922282,-0.040060342,-0.102713986,-0.091115427,1.132110846,-0.124927466,-0.137818369,-0.198186505,0.497715038,-0.21150647,-0.085306426,-0.06217859,-0.104109844,-0.225210697,-0.130138537,-0.160467164,-0.209991459,-0.246123384,-0.207041967,0.981674567,-0.070981797,-0.343511689,-0.089972778,-0.095493748,-0.202268101,0.543785151,-0.101912448,-0.111478542,0.106600342,-0.192549632,-0.052437057,-0.215399346,-0.186887135,-0.209950417,0.475581485,1.209897492,0.948398326,-0.230512847,-0.355505897,-0.161492635,-0.188668509,-0.047999271,-0.224540743,-0.004234567,-0.120921906,-0.100681083,-0.144248806,-0.297546329,-0.151956182,-0.121293958,-0.238289203,-0.171091077
2008/04/07,-0.054024469,-0.094913243,-0.068142653,-0.175859108,-0.11522706,-0.099767197,-0.137038215,-0.256836475,-0.116496188,-0.06226948,-0.076409146,-0.131144227,-0.142862423,-0.186399165,-0.204719826,-0.107419101,-0.107191453,-0.125253122,-0.064680709,-0.08624063,-0.256100266,-0.145515979,-0.074941644,-0.132459945,-0.06190118,-0.288250359,-0.176611253,-0.272537745,-0.166203762,-0.190159297,-0.183536782,-0.176966408,-0.088622261,-0.168077708,-0.139696072,-0.19814998,2.76057758,-0.247677772,-0.1241152,-0.138720218,-0.210689868,-0.222847048,2.408134691,-0.331051476,-0.115045306,-0.16632463,-0.145769598,-0.200900416,-0.052076453,-0.058334401,-0.306173263,-0.117447798,-0.094132357,-0.07889364,0.705435811,-0.108252557,-0.106922282,-0.040060342,-0.102713986,-0.091115427,0.644514857,-0.124927466,-0.137818369,-0.198186505,1.031232878,0.201626761,-0.085306426,-0.072286843,-0.104109844,-0.225210697,-0.130138537,-0.160467164,-0.209991459,-0.246123384,-0.207041967,3.820081561,-0.070981797,-0.343511689,-0.089972778,-0.095493748,-0.202268101,0.124314967,-0.101912448,-0.111478542,-0.12591325,-0.192549632,-0.052437057,-0.215399346,-0.186887135,-0.226251054,-0.225693664,-0.091125796,-0.129401116,-0.230512847,-0.355505897,-0.161492635,-0.188668509,-0.047999271,-0.224540743,-0.115963518,-0.120921906,-0.100681083,-0.144248806,-0.313752311,-0.151956182,-0.121293958,-0.238289203,-0.171091077
2008/04/21,-0.054024469,-0.094913243,-0.068142653,-0.175859108,-0.11522706,-0.099767197,-0.137038215,-0.17547907,-0.116496188,-0.06226948,-0.076409146,-0.131144227,-0.142862423,-0.186399165,-0.204719826,-0.107419101,-0.107191453,-0.125253122,-0.064680709,-0.08624063,-0.2485904,-0.096502983,-0.014808059,-0.132459945,-0.06190118,-0.288250359,-0.176611253,0.054503872,-0.166203762,-0.190159297,-0.183536782,-0.114075477,-0.088622261,-0.168077708,-0.139696072,-0.19814998,-0.400671753,-0.247677772,-0.1241152,-0.138720218,-0.210689868,1.899695679,2.208796945,-0.331051476,0.431337369,-0.16632463,-0.072336355,-0.200900416,-0.052076453,-0.058334401,-0.306173263,-0.117447798,-0.094132357,0.481834052,-0.064900515,-0.108252557,-0.106922282,-0.040060342,-0.102713986,-0.091115427,-0.12217926,-0.124927466,-0.091561581,-0.198186505,-0.181307667,-0.21150647,-0.085306426,-0.052070338,-0.104109844,-0.225210697,10.18860114,-0.160467164,-0.209991459,-0.246123384,-0.207041967,-0.275221638,-0.070981797,-0.343511689,-0.089972778,0.033799345,-0.202268101,-0.295155217,-0.101912448,-0.097086256,0.94782929,-0.192549632,-0.052437057,-0.215399346,-0.186887135,-0.226251054,0.844673668,-0.091125796,-0.129401116,-0.230512847,-0.185768378,-0.161492635,-0.188668509,-0.047999271,-0.224540743,0.040457013,-0.120921906,-0.100681083,-0.144248806,1.996889179,-0.151956182,-0.121293958,-0.238289203,-0.171091077
2008/05/07,-0.054024469,-0.094913243,-0.068142653,-0.175859108,-0.11522706,-0.099767197,-0.137038215,-0.311074745,-0.116496188,-0.06226948,-0.076409146,0.039878118,-0.142862423,-0.186399165,-0.204719826,-0.107419101,-0.107191453,-0.125253122,-0.064680709,-0.08624063,-0.302232299,-0.219035474,-0.014808059,-0.132459945,-0.06190118,-0.288250359,-0.176611253,-0.272537745,-0.166203762,-0.190159297,-0.183536782,-0.150013152,-0.088622261,-0.168077708,1.893578737,-0.19814998,-0.400671753,-0.247677772,-0.1241152,-0.138720218,-0.210689868,-0.222847048,0.414757232,0.630251105,0.055874402,-0.16632463,-0.145769598,-0.200900416,-0.052076453,-0.058334401,-0.306173263,-0.117447798,-0.094132357,-0.07889364,0.097770856,-0.108252557,-0.106922282,-0.040060342,-0.102713986,-0.091115427,-0.12217926,-0.124927466,-0.122751873,-0.198186505,-0.27831091,-0.21150647,-0.085306426,-0.072286843,-0.104109844,-0.225210697,2.738694051,-0.160467164,-0.209048735,-0.246123384,-0.207041967,-0.275221638,-0.070981797,-0.343511689,-0.089972778,0.163092439,-0.202268101,-0.504890309,-0.101912448,-0.111478542,0.211100832,-0.192549632,-0.052437057,-0.215399346,-0.186887135,-0.257687997,0.180307738,-0.091125796,-0.129401116,-0.230512847,-0.323372578,-0.161492635,-0.188668509,-0.047999271,0.086814013,0.159634561,-0.120921906,-0.100681083,-0.144248806,-0.045616979,-0.151956182,-0.121293958,-0.238289203,-0.171091077
2008/05/21,-0.054024469,-0.094913243,-0.068142653,-0.175859108,-0.11522706,-0.099767197,-0.137038215,-0.311074745,-0.116496188,-0.06226948,-0.076409146,-0.131144227,-0.142862423,-0.186399165,-0.204719826,-0.107419101,-0.107191453,-0.125253122,-0.064680709,-0.08624063,-0.309384552,-0.194528976,-0.014808059,-0.132459945,-0.06190118,-0.288250359,-0.176611253,-0.272537745,-0.166203762,-0.190159297,-0.183536782,-0.158997571,-0.088622261,-0.168077708,-0.139696072,-0.140337618,-0.400671753,-0.247677772,-0.1241152,-0.138720218,-0.210689868,-0.222847048,-0.282924878,-0.331051476,-0.115045306,-0.16632463,-0.145769598,-0.200900416,-0.051630722,-0.058334401,-0.306173263,-0.117447798,-0.094132357,-0.07889364,-0.068933689,-0.108252557,-0.106922282,-0.040060342,-0.102713986,-0.091115427,-0.12217926,-0.124927466,-0.135175124,-0.198186505,-0.181307667,-0.21150647,-0.085306426,-0.072286843,-0.104109844,-0.225210697,-0.056980694,-0.160467164,-0.209991459,-0.246123384,-0.207041967,-0.271638696,-0.070981797,-0.343511689,-0.089972778,-0.095493748,-0.202268101,-0.504890309,-0.101912448,-0.111478542,-0.180776007,-0.192549632,-0.052437057,-0.215399346,-0.186887135,-0.275152965,-0.170329837,-0.091125796,-0.129401116,-0.230512847,-0.345194139,-0.161492635,-0.188668509,-0.047999271,-0.224540743,-0.227692469,-0.120921906,-0.100681083,-0.144248806,-0.30730675,-0.151956182,-0.121293958,-0.238289203,-0.171091077
2008/06/07,-0.054024469,0.692428046,-0.068142653,-0.175859108,-0.11522706,-0.099767197,-0.137038215,-0.311074745,-0.116496188,-0.06226948,-0.076409146,-0.131144227,-0.142862423,-0.186399165,-0.204719826,-0.107419101,-0.107191453,-0.125253122,-0.064680709,-0.08624063,-0.312960679,-0.219035474,-0.074941644,-0.132459945,-0.06190118,-0.288250359,-0.176611253,-0.272537745,-0.166203762,-0.190159297,-0.183536782,-0.176966408,-0.088622261,-0.168077708,-0.139696072,-0.19814998,-0.400671753,-0.247677772,-0.1241152,-0.138720218,-0.210689868,-0.222847048,-0.282924878,-0.331051476,-0.115045306,-0.16632463,-0.145769598,-0.200900416,-0.052076453,-0.058334401,-0.306173263,-0.117447798,-0.094132357,-0.07889364,-0.068933689,-0.108252557,-0.106922282,-0.040060342,-0.102713986,-0.091115427,-0.12217926,-0.124927466,-0.137818369,-0.198186505,-0.27831091,-0.21150647,-0.085306426,-0.072286843,-0.104109844,-0.225210697,-0.101397956,-0.160467164,-0.209991459,-0.246123384,-0.207041967,-0.269847225,-0.070981797,-0.343511689,-0.089972778,-0.095493748,-0.202268101,-0.504890309,-0.101912448,-0.111478542,-0.180776007,-0.192549632,-0.052437057,-0.215399346,-0.186887135,-0.275152965,-0.225693664,-0.091125796,-0.129401116,-0.230512847,-0.355505897,-0.161492635,-0.188668509,-0.047999271,-0.224540743,-0.227692469,-0.120921906,-0.100681083,-0.144248806,-0.313199834,-0.151956182,-0.121293958,-0.238289203,-0.171091077
2008/06/21,-0.054024469,-0.094913243,-0.068142653,3.408455102,-0.11522706,-0.099767197,-0.137038215,0.00757509,-0.116496188,-0.06226948,-0.076409146,-0.131144227,-0.142862423,-0.049876535,3.649106736,-0.107419101,-0.107191453,-0.125253122,-0.064680709,-0.08624063,-0.312960679,-0.016856864,-0.074941644,-0.132459945,-0.06190118,-0.288250359,-0.176611253,-0.272537745,-0.166203762,-0.162245791,-0.183536782,-0.176966408,-0.088622261,-0.168077708,-0.139696072,-0.19814998,-0.400671753,-0.247677772,-0.1241152,-0.138720218,-0.210689868,-0.222847048,-0.282924878,-0.331051476,-0.115045306,-0.16632463,-0.145769598,-0.200900416,-0.052076453,-0.058334401,-0.306173263,-0.117447798,-0.094132357,-0.07889364,-0.068933689,-0.108252557,-0.106922282,-0.040060342,-0.102713986,-0.091115427,-0.12217926,-0.124927466,-0.061494669,-0.198186505,-0.27831091,-0.108223162,-0.085306426,-0.072286843,-0.104109844,-0.225210697,-0.130138537,-0.160467164,-0.209991459,-0.246123384,-0.207041967,-0.137636649,-0.070981797,-0.343511689,-0.089972778,-0.095493748,-0.202268101,-0.504890309,2.860163284,-0.111478542,-0.167060318,-0.192549632,-0.052437057,-0.215399346,-0.186887135,-0.275152965,0.161853129,-0.091125796,-0.129401116,-0.230512847,-0.354767814,-0.161492635,-0.188668509,-0.047999271,-0.224540743,-0.227692469,-0.120921906,-0.100681083,-0.144248806,-0.312509238,-0.151956182,-0.121293958,-0.238289203,-0.171091077
2008/07/07,-0.054024469,-0.094913243,-0.068142653,-0.175859108,-0.11522706,-0.099767197,-0.137038215,-0.39243215,-0.116496188,-0.06226948,-0.076409146,-0.131144227,-0.142862423,-0.186399165,-0.204719826,-0.107419101,-0.107191453,-0.125253122,-0.064680709,-0.08624063,-0.312960679,-0.071996485,-0.074941644,-0.132459945,-0.06190118,-0.288250359,-0.176611253,-0.272537745,-0.166203762,-0.190159297,-0.183536782,-0.150013152,-0.088622261,-0.168077708,-0.139696072,-0.19814998,-0.400671753,-0.247677772,-0.1241152,-0.138720218,-0.210689868,-0.222847048,-0.282924878,-0.331051476,-0.115045306,-0.16632463,-0.145769598,-0.200900416,-0.052076453,-0.058334401,-0.306173263,-0.117447798,-0.094132357,-0.07889364,-0.068933689,-0.108252557,-0.106922282,-0.040060342,-0.102713986,-0.091115427,-0.12217926,-0.124927466,-0.134646475,-0.198186505,-0.27831091,-0.21150647,-0.085306426,-0.072286843,-0.104109844,-0.225210697,-0.127525757,-0.160467164,-0.209991459,-0.246123384,-0.207041967,-0.268772342,-0.070981797,-0.343511689,-0.089972778,-0.095493748,-0.202268101,-0.504890309,-0.101912448,-0.111478542,-0.180776007,-0.192549632,-0.052437057,-0.215399346,-0.186887135,-0.275152965,-0.225693664,-0.091125796,-0.129401116,-0.230512847,-0.354992448,-0.161492635,-0.188668509,-0.047999271,-0.224540743,-0.227692469,-0.120921906,-0.100681083,-0.144248806,-0.314857264,-0.151956182,-0.121293958,-0.238289203,-0.171091077
2008/07/21,-0.009755537,-0.094913243,-0.068142653,-0.175859108,-0.11522706,-0.099767197,-0.137038215,-0.344973664,-0.116496188,-0.06226948,-0.076409146,-0.131144227,-0.142862423,-0.186399165,-0.204719826,-0.107419101,-0.107191453,-0.125253122,-0.064680709,-0.08624063,-0.312960679,-0.163895853,-0.074941644,-0.132459945,-0.06190118,2.040838251,-0.176611253,-0.272537745,-0.166203762,-0.190159297,-0.183536782,-0.176966408,-0.088622261,-0.168077708,-0.139696072,-0.154790709,-0.400671753,-0.247677772,-0.1241152,-0.138720218,-0.210689868,-0.222847048,-0.282924878,-0.331051476,-0.115045306,-0.16632463,-0.145769598,-0.200900416,-0.052076453,-0.058334401,-0.306173263,-0.025847396,-0.094132357,-0.07889364,-0.068933689,-0.108252557,-0.106922282,-0.040060342,-0.102713986,-0.091115427,-0.12217926,-0.124927466,-0.136430666,-0.198186505,-0.205558477,-0.21150647,-0.085306426,-0.072286843,-0.104109844,-0.225210697,-0.129485342,-0.160467164,-0.209991459,-0.246123384,-0.207041967,-0.272534432,-0.070981797,-0.343511689,-0.089972778,-0.095493748,-0.202268101,-0.504890309,-0.101912448,-0.111478542,-0.180776007,-0.192549632,-0.052437057,-0.215399346,-0.186887135,-0.275152965,-0.225693664,-0.091125796,-0.129401116,-0.230512847,-0.355505897,-0.161492635,-0.188668509,-0.047999271,-0.224540743,-0.227692469,-0.120921906,-0.100681083,-0.144248806,-0.312094881,-0.151956182,-0.121293958,-0.238289203,-0.171091077
2008/08/07,-0.054024469,-0.094913243,-0.068142653,6.992769312,-0.11522706,-0.099767197,-0.137038215,-0.351753447,-0.116496188,-0.06226948,-0.076409146,-0.131144227,-0.142862423,-0.186399165,-0.204719826,-0.107419101,-0.107191453,-0.125253122,-0.064680709,-0.08624063,-0.312960679,-0.219035474,-0.074941644,-0.132459945,-0.06190118,-0.288250359,-0.176611253,-0.272537745,-0.166203762,0.144802781,-0.183536782,-0.176966408,-0.088622261,-0.168077708,-0.139696072,-0.19814998,-0.400671753,-0.247677772,-0.1241152,-0.138720218,-0.210689868,-0.222847048,-0.282924878,-0.331051476,-0.115045306,-0.16632463,-0.145769598,-0.200900416,-0.052076453,-0.058334401,-0.306173263,-0.117447798,-0.094132357,-0.07889364,-0.068933689,-0.108252557,-0.106922282,-0.040060342,-0.102713986,-0.091115427,-0.12217926,-0.124927466,-0.128699174,-0.198186505,-0.27831091,-0.21150647,-0.085306426,-0.072286843,-0.104109844,-0.225210697,-0.130138537,-0.160467164,-0.209991459,-0.246123384,-0.207041967,-0.275221638,-0.070981797,-0.343511689,-0.089972778,-0.095493748,-0.202268101,-0.504890309,-0.101912448,-0.111478542,-0.153344628,-0.192549632,-0.052437057,-0.215399346,-0.186887135,-0.275152965,-0.225693664,-0.091125796,-0.129401116,-0.230512847,-0.351655033,-0.161492635,-0.188668509,-0.047999271,-0.224540743,-0.149482203,-0.120921906,-0.100681083,-0.144248806,-0.307398829,-0.151956182,-0.121293958,-0.238289203,-0.171091077
2008/08/21,-0.054024469,-0.094913243,-0.068142653,-0.175859108,-0.11522706,-0.099767197,0.002814484,-0.39243215,-0.116496188,-0.06226948,-0.076409146,-0.131144227,-0.142862423,-0.186399165,-0.204719826,-0.107419101,-0.107191453,-0.125253122,-0.064680709,-0.08624063,-0.312960679,-0.219035474,-0.074941644,-0.132459945,-0.06190118,-0.288250359,-0.176611253,-0.272537745,-0.166203762,-0.022678258,-0.183536782,-0.123059896,-0.088622261,-0.143876119,-0.139696072,-0.024712895,-0.400671753,-0.247677772,-0.1241152,-0.138720218,-0.210689868,-0.222847048,-0.282924878,-0.331051476,-0.115045306,-0.16632463,-0.145769598,-0.200900416,-0.052076453,-0.058334401,-0.306173263,-0.117447798,-0.094132357,-0.07889364,-0.066917102,-0.108252557,1.404181385,-0.040060342,-0.102713986,-0.091115427,-0.12217926,-0.124927466,-0.137818369,-0.198186505,-0.205558477,-0.21150647,-0.085306426,-0.072286843,-0.104109844,-0.225210697,-0.111849076,-0.160467164,-0.209991459,-0.246123384,-0.207041967,-0.253723984,-0.070981797,-0.343511689,-0.089972778,-0.095493748,-0.202268101,-0.34758899,-0.101912448,-0.111478542,-0.180776007,-0.183352913,-0.052437057,-0.215399346,-0.186887135,-0.275152965,-0.225693664,-0.091125796,-0.129401116,-0.230512847,-0.353002835,-0.161492635,-0.188668509,-0.047999271,-0.224540743,-0.227692469,-0.120921906,-0.100681083,-0.144248806,-0.263200697,-0.151956182,-0.121293958,-0.238289203,-0.171091077
2008/09/07,-0.054024469,-0.094913243,-0.068142653,-0.175859108,-0.11522706,-0.099767197,-0.137038215,-0.374352726,-0.116496188,-0.06226948,-0.076409146,-0.131144227,-0.142862423,-0.186399165,-0.204719826,-0.107419101,-0.107191453,-0.125253122,-0.064680709,-0.08624063,-0.108048624,-0.170022478,-0.074941644,-0.132459945,-0.06190118,-0.288250359,-0.176611253,0.21802468,-0.166203762,-0.11572328,-0.183536782,-0.158997571,-0.088622261,-0.168077708,-0.139696072,0.090911829,-0.400671753,1.416401021,-0.1241152,-0.138720218,-0.210689868,-0.222847048,-0.282924878,5.917415299,-0.115045306,-0.16632463,-0.145769598,-0.200900416,-0.052076453,-0.058334401,-0.306173263,-0.117447798,-0.094132357,-0.07889364,-0.063556123,-0.084339979,-0.106922282,-0.040060342,-0.102713986,-0.091115427,-0.12217926,-0.124927466,-0.134382151,-0.198186505,-0.27831091,-0.21150647,-0.085306426,-0.068917425,-0.104109844,-0.225210697,-0.130138537,-0.160467164,-0.207163286,-0.246123384,-0.207041967,-0.240108803,-0.070981797,-0.343511689,-0.089972778,-0.095493748,-0.202268101,0.124314967,-0.101912448,-0.035405028,1.728970456,-0.192549632,-0.052437057,-0.215399346,-0.186887135,-0.253030672,-0.225693664,-0.091125796,-0.129401116,-0.230512847,0.095644191,-0.161492635,-0.188668509,-0.047999271,-0.224540743,0.926840023,-0.120921906,-0.100681083,-0.144248806,2.25692152,-0.151956182,-0.121293958,-0.238289203,-0.171091077
2008/09/21,-0.054024469,-0.094913243,-0.068142653,-0.175859108,0.593220194,-0.099767197,-0.137038215,-0.329154168,-0.116496188,-0.06226948,-0.076409146,-0.131144227,-0.142862423,-0.186399165,-0.204719826,-0.107419101,-0.107191453,-0.125253122,-0.064680709,-0.08624063,-0.190299536,-0.121009481,-0.074941644,-0.132459945,-0.06190118,-0.288250359,-0.176611253,-0.272537745,-0.166203762,-0.152941289,-0.183536782,-0.176966408,-0.088622261,-0.168077708,-0.139696072,-0.19814998,-0.400671753,-0.247677772,-0.1241152,-0.138720218,-0.210689868,-0.222847048,-0.282924878,-0.331051476,-0.115045306,-0.16632463,-0.145769598,-0.200900416,-0.052076453,-0.058334401,-0.147994908,-0.117447798,-0.094132357,-0.07889364,-0.068933689,-0.108252557,-0.106922282,-0.040060342,-0.102713986,-0.091115427,-0.12217926,-0.124927466,-0.137818369,-0.198186505,0.352210173,0.2704823,-0.085306426,-0.072286843,-0.104109844,-0.225210697,-0.130138537,-0.160467164,-0.209991459,0.09567888,-0.207041967,-0.24584151,-0.070981797,-0.343511689,-0.089972778,-0.095493748,-0.202268101,-0.504890309,-0.101912448,-0.111478542,0.448839448,-0.192549632,-0.052437057,-0.215399346,-0.186887135,-0.275152965,-0.225693664,-0.091125796,-0.129401116,-0.230512847,0.930639825,-0.161492635,-0.188668509,-0.047999271,-0.224540743,0.010662626,-0.120921906,-0.100681083,-0.144248806,0.470580367,-0.151956182,-0.121293958,-0.238289203,-0.171091077
2008/10/07,-0.054024469,0.298757401,-0.068142653,-0.175859108,-0.11522706,-0.099767197,-0.137038215,-0.358533231,-0.116496188,-0.06226948,-0.076409146,-0.002877469,-0.142862423,-0.186399165,-0.204719826,-0.107419101,-0.107191453,-0.125253122,-0.064680709,-0.08624063,-0.312960679,-0.016856864,-0.074941644,-0.132459945,-0.06190118,-0.288250359,1.754981008,-0.272537745,-0.166203762,-0.162245791,-0.183536782,-0.176966408,-0.088622261,-0.168077708,-0.139696072,-0.19814998,0.38964058,1.000381323,-0.1241152,-0.138720218,-0.210689868,-0.222847048,-0.282924878,-0.331051476,-0.085624701,-0.16632463,-0.145769598,-0.200900416,-0.03364231,-0.058334401,0.880164394,-0.117447798,-0.094132357,-0.07889364,-0.068933689,-0.108252557,3.670836884,-0.040060342,-0.102713986,-0.091115427,-0.12217926,-0.124927466,-0.137818369,-0.198186505,0.230956119,-0.21150647,-0.085306426,-0.072286843,-0.104109844,-0.225210697,-0.130138537,-0.160467164,-0.209284416,-0.246123384,-0.207041967,-0.244587481,-0.070981797,-0.343511689,-0.089972778,-0.095493748,-0.202268101,-0.504890309,-0.101912448,-0.06367559,-0.180776007,-0.192549632,-0.052437057,-0.215399346,-0.186887135,-0.2559415,14.4872435,-0.091125796,-0.129401116,-0.230512847,0.315314577,-0.161492635,-0.188668509,-0.047999271,-0.224540743,-0.227692469,-0.120921906,-0.100681083,-0.144248806,-0.301735943,-0.151956182,-0.121293958,-0.238289203,-0.171091077
2008/10/21,0.335542131,-0.094913243,-0.068142653,0.779958015,-0.11522706,-0.099767197,-0.137038215,0.00350722,-0.116496188,-0.06226948,0.78584154,-0.131144227,-0.142862423,-0.186399165,-0.204719826,-0.107419101,-0.107191453,-0.125253122,-0.064680709,-0.08624063,-0.312960679,-0.027884788,0.213699565,-0.132459945,-0.06190118,0.643385085,-0.176611253,-0.272537745,-0.166203762,0.010817949,-0.183536782,-0.144622501,-0.088622261,-0.134195483,1.036698639,-0.19814998,-0.400671753,2.747664055,-0.1241152,2.111751951,-0.210689868,0.201661497,-0.282924878,-0.331051476,-0.115045306,-0.16632463,-0.145769598,-0.200900416,-0.052076453,-0.058334401,0.421447167,-0.044167476,-0.094132357,-0.07889364,-0.06409388,-0.072383689,-0.106922282,-0.040060342,-0.102713986,-0.091115427,-0.12217926,-0.124927466,-0.120055763,-0.198186505,0.449213417,-0.149536485,-0.085306426,-0.064200241,-0.104109844,-0.225210697,-0.127525757,-0.160467164,-0.202072573,-0.246123384,-0.207041967,-0.249854406,-0.070981797,-0.343511689,-0.089972778,-0.095493748,-0.202268101,-0.379049254,-0.101912448,0.388139405,-0.108670669,-0.166338981,-0.052437057,-0.215399346,-0.186887135,-0.263975385,7.757770266,-0.091125796,-0.129401116,13.95064052,-0.04486955,-0.161492635,-0.188668509,-0.047999271,-0.224540743,-0.227692469,-0.120921906,-0.100681083,-0.144248806,-0.287896403,-0.151956182,-0.121293958,-0.238289203,-0.171091077
2008/11/07,26.17679331,-0.094913243,-0.068142653,-0.175859108,-0.11522706,-0.099767197,-0.137038215,-0.33819388,-0.116496188,-0.06226948,-0.076409146,-0.131144227,-0.142862423,-0.186399165,-0.204719826,-0.107419101,-0.107191453,-0.125253122,-0.064680709,-0.08624063,0.909359397,-0.170022478,-0.074941644,-0.132459945,-0.06190118,-0.288250359,-0.176611253,-0.272537745,-0.166203762,-0.041287263,-0.183536782,-0.176966408,-0.088622261,1.243681678,13.94799367,-0.082525256,0.653078025,-0.247677772,-0.1241152,5.487460205,-0.210689868,6.852295375,-0.282924878,0.149599814,-0.115045306,-0.16632463,-0.145769598,-0.200900416,-0.052076453,-0.058334401,-0.147994908,-0.117447798,-0.094132357,-0.07889364,-0.068933689,-0.108252557,-0.106922282,-0.040060342,-0.102713986,-0.091115427,-0.12217926,-0.124927466,-0.137818369,-0.198186505,2.292275044,0.425407261,-0.085306426,-0.072286843,-0.104109844,-0.225210697,-0.115332783,-0.160467164,-0.206220561,4.624558876,-0.207041967,-0.079592982,-0.070981797,-0.343511689,-0.089972778,-0.095493748,-0.202268101,1.068122882,-0.101912448,0.001603709,0.020387437,-0.1274062,-0.052437057,-0.215399346,-0.186887135,-0.263509653,0.900037496,-0.091125796,-0.129401116,0.009438987,0.008657457,-0.161492635,-0.188668509,-0.047999271,-0.224540743,-0.227692469,-0.120921906,-0.100681083,-0.144248806,0.155852838,-0.151956182,-0.121293958,-0.238289203,-0.171091077
2008/11/21,-0.024511848,-0.094913243,-0.068142653,-0.175859108,-0.11522706,-0.099767197,-0.137038215,-0.365313015,-0.116496188,-0.06226948,-0.076409146,0.039878118,-0.142862423,-0.186399165,-0.204719826,-0.107419101,-0.107191453,-0.125253122,-0.064680709,-0.08624063,4.089072373,-0.13326273,-0.014808059,-0.132459945,-0.06190118,0.488112511,-0.176611253,-0.272537745,-0.166203762,-0.097114276,-0.183536782,-0.176966408,-0.088622261,5.898454055,1.167409162,-0.19814998,1.706827803,-0.247677772,-0.1241152,0.798976519,-0.210689868,3.314724163,-0.282924878,-0.090725831,-0.115045306,-0.16632463,-0.121291851,-0.200900416,-0.052076453,-0.058334401,-0.016179613,-0.117447798,-0.094132357,-0.07889364,-0.068933689,-0.102274412,-0.106922282,-0.040060342,-0.102713986,-0.091115427,-0.12217926,-0.116476496,-0.137818369,-0.198186505,-0.132806045,-0.004939854,-0.085306426,-0.072286843,-0.104109844,-0.225210697,-0.128832147,-0.160467164,-0.209991459,-0.246123384,-0.207041967,-0.275221638,-0.070981797,-0.343511689,-0.089972778,-0.095493748,-0.202268101,0.491351378,-0.101912448,-0.111478542,-0.180776007,-0.162851891,-0.052437057,-0.215399346,-0.186887135,-0.192485449,-0.225693664,-0.091125796,-0.129401116,-0.230512847,-0.110976045,-0.161492635,-0.092485519,-0.047999271,-0.224540743,-0.227692469,-0.120921906,-0.100681083,-0.144248806,-0.275263104,-0.151956182,-0.121293958,-0.058546923,-0.171091077
2008/12/07,1.380288924,-0.094913243,-0.068142653,-0.175859108,-0.11522706,-0.099767197,-0.137038215,-0.39243215,-0.116496188,-0.06226948,-0.076409146,5.769126648,-0.142862423,-0.186399165,-0.204719826,-0.107419101,-0.107191453,-0.125253122,-0.064680709,-0.08624063,1.477069496,-0.182275727,-0.074941644,-0.132459945,-0.06190118,-0.288250359,-0.176611253,-0.272537745,-0.166203762,-0.190159297,-0.183536782,-0.176966408,-0.088622261,14.29237201,-0.139696072,-0.19814998,4.341202247,-0.247677772,-0.1241152,2.674369993,-0.210689868,-0.222847048,-0.282924878,-0.331051476,-0.115045306,-0.16632463,-0.145769598,-0.200900416,-0.052076453,-0.058334401,-0.306173263,-0.117447798,-0.094132357,-0.07889364,-0.068933689,-0.108252557,-0.106922282,-0.040060342,-0.102713986,-0.091115427,-0.12217926,0.049585056,-0.137818369,-0.198186505,0.085451253,-0.21150647,-0.085306426,-0.072286843,-0.104109844,-0.225210697,-0.130138537,-0.160467164,-0.209991459,-0.246123384,-0.207041967,-0.275221638,-0.070981797,-0.343511689,-0.089972778,0.098445892,-0.202268101,0.124314967,-0.101912448,-0.111478542,-0.180776007,-0.0356306,-0.052437057,-0.215399346,-0.186887135,-0.231490545,-0.225693664,-0.091125796,-0.129401116,-0.230512847,0.731015325,-0.161492635,-0.188668509,-0.047999271,-0.224540743,-0.227692469,-0.120921906,-0.100681083,-0.144248806,-0.285299763,-0.151956182,-0.121293958,1.379391319,-0.171091077
2008/12/21,-0.054024469,-0.094913243,-0.068142653,-0.175859108,-0.11522706,-0.099767197,-0.137038215,-0.297515177,-0.116496188,-0.06226948,-0.076409146,2.818991211,-0.142862423,-0.186399165,-0.204719826,-0.107419101,-0.107191453,-0.125253122,-0.064680709,-0.08624063,-0.193607453,-0.2006556,-0.074941644,-0.132459945,-0.06190118,-0.288250359,-0.176611253,-0.272537745,-0.166203762,0.088975768,-0.183536782,0.099304468,-0.088622261,0.031585405,-0.139696072,0.018646377,-0.400671753,-0.247677772,-0.1241152,-0.138720218,-0.210689868,0.838424315,-0.282924878,-0.331051476,2.539113613,-0.16632463,-0.145769598,-0.200900416,-0.052076453,-0.058334401,0.049728034,-0.117447798,-0.094132357,-0.07889364,-0.068933689,-0.108252557,-0.106922282,-0.040060342,-0.102713986,-0.082002756,-0.12217926,-0.105912784,-0.132069311,-0.198186505,-0.096429828,0.08543304,-0.085306426,-0.072286843,-0.104109844,-0.225210697,-0.115115052,-0.160467164,-0.206456242,-0.246123384,-0.207041967,-0.245124922,-0.070981797,-0.343511689,-0.089972778,0.001476072,-0.202268101,-0.268938331,-0.101912448,-0.111478542,0.109212854,-0.18593949,-0.052437057,-0.215399346,-0.186887135,-0.235856787,0.383308439,-0.091125796,-0.129401116,-0.230512847,-0.31709353,-0.161492635,-0.188668509,-0.047999271,-0.224540743,0.61586111,-0.120921906,-0.100681083,-0.144248806,-0.311542404,0.053493906,-0.121293958,-0.238289203,-0.171091077
2009/01/07,-0.030414372,-0.094913243,-0.068142653,-0.175859108,-0.11522706,-0.099767197,-0.137038215,-0.094121666,-0.116496188,-0.06226948,-0.076409146,0.039878118,-0.142862423,-0.186399165,-0.204719826,-0.107419101,-0.107191453,-0.125253122,-0.064680709,-0.08624063,0.191630786,-0.219035474,0.045325526,-0.132459945,-0.06190118,-0.288250359,-0.176611253,-0.272537745,-0.166203762,1.298561048,-0.183536782,-0.176966408,-0.088622261,-0.055136957,-0.139696072,0.264348914,3.814327358,1.416401021,-0.1241152,-0.138720218,-0.210689868,-0.222847048,-0.282924878,0.630251105,-0.014174658,-0.16632463,-0.145769598,-0.200900416,-0.052076453,-0.058334401,-0.306173263,-0.117447798,-0.094132357,-0.07889364,-0.067589298,-0.108252557,-0.106922282,-0.040060342,-0.102713986,-0.091115427,-0.12217926,-0.124927466,-0.080459952,-0.198186505,1.855760448,-0.21150647,-0.085306426,-0.072286843,-0.104109844,-0.225210697,-0.130138537,-0.160467164,-0.207163286,-0.246123384,-0.207041967,-0.224343856,-0.070981797,-0.343511689,-0.089972778,-0.095493748,-0.202268101,-0.190287671,-0.101912448,-0.111478542,-0.037087833,-0.184885699,-0.052437057,2.263339551,-0.186887135,1.965020285,5.107688388,-0.091125796,-0.129401116,-0.230512847,-0.355505897,-0.161492635,-0.188668509,-0.047999271,-0.224540743,1.239681085,-0.120921906,-0.100681083,-0.144248806,-0.313199834,0.327427357,-0.121293958,0.121195357,-0.171091077
2009/01/21,-0.034707117,-0.094913243,-0.068142653,1.996452535,-0.11522706,-0.099767197,0.015528365,3.446158125,-0.116496188,-0.06226948,-0.076409146,0.102068061,-0.142862423,-0.186399165,-0.204719826,-0.107419101,-0.107191453,-0.125253122,-0.064680709,-0.08624063,-0.227328702,0.422589205,-0.058541576,-0.132459945,-0.06190118,-0.288250359,-0.176611253,-0.272537745,-0.166203762,0.236156074,0.290138623,2.961862792,-0.088622261,-0.168077708,-0.139696072,0.259093245,0.748873459,2.475360253,0.799844074,-0.138720218,-0.210689868,-0.029888619,-0.282924878,0.848728964,-0.115045306,-0.16632463,-0.045633358,-0.200900416,0.066725215,-0.058334401,0.15398195,-0.117447798,-0.094132357,0.089324668,-0.03116851,-0.098470138,-0.106922282,-0.001546555,-0.102713986,-0.089458578,-0.12217926,-0.124927466,-0.101197411,-0.198186505,0.078837396,-0.192727686,0.271406516,-0.072286843,-0.104109844,-0.225210697,-0.115887009,-0.160467164,-0.208705926,-0.246123384,-0.207041967,-0.17828676,-0.070981797,-0.343511689,-0.089972778,-0.024970243,-0.202268101,-0.018686232,-0.101912448,-0.111478542,-0.021175258,-0.187115207,0.061452772,4.742078447,-0.186887135,1.041070545,0.95204594,-0.042875598,-0.129401116,-0.197792142,-0.347559114,-0.161492635,-0.188668509,-0.047999271,-0.224540743,-0.136277873,-0.120921906,-0.100681083,-0.144248806,-0.30350638,-0.151956182,0.007665314,0.349958259,-0.171091077
2009/02/07,-0.054024469,0.080051488,-0.068142653,-0.175859108,-0.11522706,-0.099767197,-0.137038215,8.776848679,-0.116496188,-0.06226948,-0.076409146,-0.131144227,-0.142862423,-0.186399165,-0.204719826,-0.107419101,-0.107191453,-0.125253122,-0.064680709,-0.08624063,-0.009228325,0.189406162,-0.074941644,-0.132459945,-0.06190118,-0.288250359,-0.176611253,-0.272537745,-0.166203762,-0.128129283,-0.183536782,0.149467472,-0.088622261,-0.154632381,-0.139696072,-0.140337618,-0.049421827,-0.247677772,-0.1241152,-0.138720218,-0.210689868,0.012991032,-0.282924878,-0.331051476,-0.115045306,-0.16632463,-0.113132601,-0.200900416,-0.026818387,-0.058334401,-0.271022517,-0.117447798,-0.094132357,0.095554976,-0.053249122,-0.044485682,0.564679348,-0.040060342,-0.102713986,-0.078965198,-0.12217926,-0.124927466,-0.126276199,-0.198186505,6.043067128,0.316385992,-0.085306426,-0.070040564,-0.104109844,-0.225210697,-0.077592626,-0.160467164,-0.209048735,-0.246123384,-0.207041967,-0.219805462,-0.070981797,-0.343511689,-0.089972778,-0.095493748,-0.202268101,-0.050464276,-0.101912448,-0.111478542,-0.085854728,-0.192549632,-0.052437057,1.987924118,-0.186887135,-0.224310502,-0.225693664,-0.091125796,-0.129401116,0.569326599,-0.355505897,-0.161492635,-0.188668509,-0.047999271,-0.224540743,-0.138309308,-0.120921906,-0.100681083,-0.144248806,-0.305281002,-0.151956182,-0.121293958,1.439305412,-0.171091077
2009/02/21,-0.054024469,-0.094913243,-0.068142653,-0.175859108,-0.11522706,-0.099767197,-0.137038215,-0.029035742,-0.116496188,-0.06226948,-0.076409146,-0.131144227,-0.142862423,-0.186399165,-0.204719826,-0.107419101,-0.107191453,-0.125253122,-0.064680709,-0.08624063,0.164023088,-0.174923777,-0.074941644,-0.132459945,-0.06190118,-0.288250359,-0.176611253,-0.272537745,-0.166203762,-0.078505271,0.011854323,-0.144622501,-0.088622261,-0.066431032,-0.139696072,-0.19814998,-0.400671753,-0.247677772,-0.1241152,-0.138720218,-0.210689868,-0.222847048,-0.103520907,-0.042660702,-0.115045306,-0.16632463,0.015783536,-0.200900416,-0.052076453,-0.058334401,-0.242901921,-0.117447798,-0.094132357,0.033251899,-0.068933689,-0.108252557,-0.106922282,-0.037830597,-0.102713986,-0.091115427,-0.12217926,-0.124927466,-0.123544846,-0.198186505,-0.016402153,-0.097894831,-0.085306426,-0.072286843,-0.104109844,-0.225210697,-0.035555896,-0.160467164,-0.209991459,-0.246123384,-0.207041967,-0.261893093,-0.070981797,-0.343511689,-0.089972778,-0.095493748,-0.202268101,-0.441969782,-0.101912448,-0.111478542,-0.030295301,-0.181743487,-0.052437057,-0.215399346,-0.186887135,-0.275152965,-0.225693664,-0.091125796,-0.129401116,-0.230512847,-0.355300517,-0.161492635,-0.188668509,-0.047999271,3.324903483,0.129840174,-0.120921906,-0.100681083,-0.144248806,-0.276515385,-0.151956182,-0.121293958,-0.022598467,-0.171091077
2009/03/07,-0.054024469,-0.094913243,-0.068142653,-0.175859108,-0.11522706,-0.099767197,-0.081097135,-0.39243215,-0.116496188,-0.06226948,-0.076409146,-0.131144227,-0.142862423,-0.186399165,-0.204719826,-0.107419101,-0.107191453,-0.125253122,-0.064680709,-0.08624063,-0.210611935,-0.057292586,-0.074941644,-0.132459945,-0.06190118,-0.288250359,-0.176611253,-0.272537745,-0.166203762,-0.078505271,-0.183536782,-0.150013152,-0.088622261,-0.168077708,-0.139696072,-0.19814998,2.128327714,-0.247677772,-0.1241152,-0.138720218,-0.210689868,0.201661497,-0.282924878,-0.331051476,-0.115045306,-0.16632463,-0.145769598,-0.200900416,-0.052076453,-0.058334401,-0.242901921,-0.117447798,-0.094132357,0.268757529,-0.063287245,-0.101078783,-0.106922282,-0.040060342,-0.102713986,-0.091115427,-0.12217926,-0.100250635,-0.123227657,-0.198186505,0.129102713,-0.21150647,-0.085306426,-0.072286843,-0.104109844,-0.225210697,-0.004725091,-0.160467164,-0.200941303,0.164039333,-0.207041967,-0.240825391,-0.070981797,-0.343511689,-0.089972778,-0.095493748,-0.202268101,-0.253208199,-0.101912448,-0.111478542,0.607680193,-0.186111929,-0.052437057,-0.215399346,-0.186887135,-0.261879589,-0.225693664,-0.091125796,-0.129401116,-0.230512847,-0.352450878,-0.161492635,-0.188668509,-0.047999271,-0.224540743,-0.160655098,-0.120921906,-0.100681083,-0.144248806,-0.232427748,-0.151956182,-0.121293958,0.408783006,-0.171091077
2009/03/21,-0.054024469,-0.094913243,-0.068142653,-0.175859108,-0.11522706,-0.099767197,-0.137038215,-0.351753447,-0.116496188,-0.06226948,-0.076409146,-0.131144227,-0.142862423,-0.186399165,-0.204719826,-0.107419101,-0.107191453,-0.125253122,-0.064680709,-0.08624063,-0.312960679,-0.145515979,-0.074941644,-0.132459945,-0.06190118,-0.288250359,-0.176611253,-0.272537745,-0.166203762,-0.190159297,-0.183536782,-0.176966408,-0.088622261,-0.168077708,-0.139696072,0.148724191,-0.400671753,-0.247677772,-0.1241152,-0.138720218,-0.210689868,-0.222847048,-0.282924878,-0.331051476,-0.115045306,-0.16632463,-0.145769598,-0.200900416,-0.052076453,-0.058334401,-0.306173263,-0.117447798,-0.094132357,-0.07889364,-0.068933689,-0.108252557,1.404181385,-0.040060342,-0.102713986,-0.091115427,-0.12217926,-0.124927466,-0.137818369,-0.198186505,0.085451253,-0.21150647,-0.085306426,-0.072286843,-0.104109844,-0.225210697,-0.051755133,-0.160467164,-0.209991459,-0.246123384,-0.207041967,-0.237600743,-0.070981797,-0.343511689,-0.089972778,-0.095493748,-0.202268101,-0.504890309,-0.101912448,-0.111478542,-0.055375419,-0.192549632,-0.052437057,-0.215399346,-0.186887135,-0.275152965,-0.225693664,-0.091125796,-0.129401116,-0.230512847,-0.355505897,-0.161492635,-0.188668509,-0.047999271,-0.224540743,-0.160655098,-0.120921906,-0.100681083,-0.144248806,-0.305188922,-0.151956182,-0.121293958,-0.238289203,-0.171091077
2009/04/07,-0.054024469,-0.094913243,-0.068142653,-0.175859108,-0.11522706,-0.099767197,-0.137038215,-0.320114457,-0.116496188,-0.06226948,-0.076409146,-0.131144227,-0.142862423,-0.186399165,-0.204719826,-0.107419101,-0.107191453,-0.125253122,-0.064680709,-0.08624063,-0.20961062,-0.194528976,-0.074941644,-0.132459945,-0.06190118,-0.288250359,-0.176611253,-0.272537745,-0.166203762,-0.190159297,-0.183536782,-0.150013152,-0.088622261,-0.168077708,-0.139696072,-0.19814998,-0.400671753,-0.247677772,-0.1241152,-0.138720218,-0.210689868,-0.222847048,-0.282924878,-0.331051476,-0.095431569,-0.16632463,-0.145769598,-0.200900416,-0.052076453,-0.058334401,-0.306173263,-0.117447798,-0.094132357,-0.07889364,-0.068933689,-0.108252557,-0.106922282,-0.040060342,-0.102713986,-0.091115427,-0.12217926,-0.124927466,-0.12143025,-0.198186505,-0.084304423,-0.21150647,-0.085306426,-0.072286843,-0.104109844,-0.225210697,6.98707455,-0.160467164,-0.209991459,-0.246123384,-0.207041967,-0.157701127,-0.070981797,-0.343511689,-0.089972778,-0.095493748,-0.202268101,-0.504890309,-0.101912448,-0.111478542,-0.102400639,-0.192549632,-0.052437057,-0.215399346,-0.186887135,-0.275152965,-0.225693664,-0.091125796,-0.129401116,-0.230512847,-0.354350637,-0.161492635,-0.188668509,-0.047999271,-0.224540743,-0.190449485,-0.120921906,-0.100681083,-0.144248806,-0.301781983,-0.151956182,-0.121293958,-0.238289203,-0.171091077
2009/04/21,-0.054024469,-0.094913243,-0.068142653,-0.175859108,-0.11522706,-0.099767197,-0.137038215,-0.256836475,-0.116496188,-0.06226948,-0.076409146,-0.131144227,-0.142862423,-0.186399165,-0.204719826,-0.107419101,-0.107191453,-0.125253122,-0.064680709,-0.08624063,-0.312960679,-0.145515979,-0.074941644,-0.132459945,-0.06190118,-0.288250359,-0.176611253,-0.272537745,-0.166203762,-0.190159297,17.07601082,-0.176966408,-0.088622261,-0.168077708,-0.139696072,-0.19814998,-0.400671753,-0.247677772,-0.1241152,-0.138720218,-0.210689868,-0.222847048,-0.282924878,-0.331051476,-0.115045306,-0.16632463,-0.145769598,-0.200900416,-0.052076453,-0.058334401,-0.306173263,-0.117447798,-0.094132357,-0.07889364,-0.068933689,-0.108252557,-0.106922282,-0.040060342,-0.102713986,-0.091115427,-0.12217926,-0.124927466,0.148445069,-0.198186505,-0.27831091,-0.21150647,-0.085306426,-0.072286843,-0.104109844,-0.225210697,3.998054076,-0.160467164,-0.209991459,-0.246123384,-0.207041967,-0.275221638,-0.070981797,-0.343511689,-0.089972778,-0.095493748,-0.202268101,-0.504890309,-0.101912448,-0.111478542,1.45726918,-0.192549632,-0.052437057,-0.215399346,-0.186887135,-0.275152965,-0.225693664,-0.091125796,-0.129401116,-0.230512847,-0.24344576,-0.161492635,-0.188668509,-0.047999271,-0.224540743,-0.227692469,-0.120921906,-0.100681083,-0.144248806,-0.312094881,-0.151956182,-0.121293958,-0.238289203,-0.171091077
2009/05/07,-0.044372948,-0.094913243,-0.068142653,0.34984031,-0.11522706,-0.066118899,-0.130698226,-0.201385788,-0.116496188,-0.058209237,-0.075166435,-0.111476657,-0.04901507,0.464373416,0.138240863,-0.107419101,-0.092744584,0.235662994,-0.033764502,-0.078911529,-0.239597081,-0.107481894,-0.067785748,-0.098077385,0.003555494,-0.226141329,0.038010109,-0.121712098,-0.071208627,-0.089627817,0.033021692,-0.11758294,-0.076072452,-0.138811386,0.014832814,-0.141570949,-0.323396769,-0.247677772,-0.09870632,-0.113714972,0.011862565,-0.084431535,0.062618043,-0.278179834,-0.102770673,0.104302759,0.962829071,-0.177628478,-0.051549812,-0.048928738,-0.056718009,-0.095463701,-0.094085967,-0.060821216,-0.061392549,-0.053284786,-0.106922282,-0.039837368,-0.091795136,-0.065804844,-0.010168429,-0.118900883,-0.056543054,-0.094632093,-0.208499439,-0.091858496,-0.077832441,-0.068162676,-0.039224643,-0.125441086,0.205718804,-0.074380968,-0.151878829,-0.200725829,-0.0935169,-0.174632766,-0.032609203,-0.008018338,-0.087666673,-0.074806853,-0.125540672,-0.244154634,0.057084133,-0.107887324,-0.13885041,-0.167328081,-0.052340096,-0.215399346,-0.186887135,-0.227165054,-0.194837558,-0.087111132,-0.12077872,0.012347494,0.205508246,-0.042158356,-0.17712655,-0.047999271,-0.16538334,-0.168672723,0.393223983,0.821519533,-0.037270387,0.35363369,-0.13968054,-7.17E-04,0.011214869,0.288816432
2009/05/21,-0.05258088,-0.068668534,-0.059369382,-0.175859108,0.054782208,-0.090486779,-0.079232433,-0.11427764,-0.107097709,-0.057198609,-0.051067388,-0.113846538,-0.117836462,0.05367263,-0.079246403,-0.107419101,-0.101712475,-0.114391697,-0.063923783,-0.085820733,-0.140516686,-0.064840588,-0.056300233,-0.074654266,-0.054838749,0.115458334,-0.176611253,0.093468544,-0.079712177,-0.132790395,0.003604476,-0.11915039,-0.070562948,-0.123519124,-0.136210458,0.736890641,0.109644211,0.063742688,-0.042806784,-0.106570616,0.298001407,-0.19313145,0.369592994,-0.122448816,-0.106639419,-0.099147446,0.158341937,0.211012877,-0.05182688,-0.053848018,-0.042738512,-0.002641961,-0.0901481,-0.06857625,-0.030416873,-0.068663575,-0.094833453,-0.039800205,-0.093630237,-0.083643037,-0.119952137,-0.119021123,-0.094070625,-0.198186505,-0.152248266,-0.138819612,-0.085306426,-0.050383704,-0.044539851,-0.225210697,-0.105018025,-0.070376959,-0.17322897,0.018260667,0.128857435,0.188559344,-0.067855141,0.221986927,-0.085031125,-0.057998751,-0.19414402,-0.19040752,0.987876619,-0.107790005,0.04330962,0.061978676,-0.052384169,-0.215399346,-0.149084019,-0.126276586,-0.140285733,-0.070211438,0.731113958,-0.085890449,-0.059916097,0.043608435,-0.167508251,1.004394743,-0.139629853,-0.16280455,0.492280208,-0.094951984,0.017684115,-0.170981296,-0.081418319,-0.059823372,0.231813892,-0.082775989
2009/06/07,-0.054024469,-0.094913243,-0.068142653,-0.175859108,-0.11522706,-0.099767197,-0.137038215,-0.374352726,-0.116496188,-0.06226948,-0.076409146,-0.131144227,-0.142862423,-0.186399165,6.487196066,-0.107419101,-0.107191453,-0.125253122,-0.064680709,-0.08624063,-0.311887841,-0.194528976,-0.074941644,-0.132459945,-0.06190118,-0.288250359,-0.176611253,-0.272537745,-0.166203762,-0.190159297,-0.183536782,-0.176966408,-0.088622261,-0.168077708,-0.139696072,-0.19814998,-0.400671753,-0.247677772,-0.1241152,-0.138720218,-0.210689868,-0.222847048,-0.282924878,-0.331051476,-0.115045306,-0.16632463,-0.145769598,-0.200900416,-0.052076453,-0.058334401,-0.306173263,-0.117447798,-0.094132357,-0.07889364,-0.066244906,-0.084339979,-0.106922282,-0.040060342,-0.102713986,-0.091115427,-0.12217926,-0.124927466,-0.137818369,-0.198186505,-0.27831091,-0.21150647,-0.085306426,-0.068917425,-0.104109844,-0.225210697,-0.129267611,-0.160467164,-0.209991459,-0.246123384,-0.207041967,-0.265905988,-0.070981797,-0.343511689,-0.089972778,-0.095493748,-0.202268101,-0.504890309,-0.101912448,-0.111478542,-0.180776007,-0.192549632,-0.052437057,-0.215399346,-0.186887135,-0.275152965,-0.225693664,-0.091125796,-0.129401116,-0.230512847,-0.355420322,-0.161492635,-0.188668509,-0.047999271,-0.224540743,-0.227692469,-0.120921906,-0.100681083,-0.144248806,-0.314673105,-0.151956182,-0.121293958,-0.238289203,-0.171091077
2009/06/21,-0.054024469,-0.094913243,-0.068142653,-0.175859108,-0.11522706,-0.099767197,-0.137038215,-0.365313015,-0.116496188,-0.06226948,-0.076409146,-0.131144227,-0.142862423,-0.186399165,-0.204719826,-0.107419101,-0.107191453,-0.125253122,-0.064680709,-0.08624063,-0.312960679,-0.219035474,-0.074941644,-0.132459945,-0.06190118,-0.288250359,-0.176611253,-0.272537745,-0.166203762,-0.190159297,0.142115059,-0.176966408,-0.088622261,-0.168077708,-0.139696072,-0.19814998,-0.400671753,-0.247677772,-0.1241152,-0.138720218,-0.210689868,-0.222847048,-0.282924878,-0.331051476,-0.115045306,-0.16632463,-0.145769598,-0.200900416,-0.052076453,-0.058334401,-0.306173263,-0.117447798,-0.094132357,-0.07889364,-0.068933689,-0.108252557,-0.106922282,-0.040060342,-0.102713986,-0.091115427,-0.12217926,-0.124927466,-0.137818369,-0.198186505,-0.27831091,-0.21150647,-0.085306426,-0.072286843,-0.104109844,-0.225210697,-0.127525757,-0.160467164,-0.209991459,-0.246123384,-0.207041967,-0.275221638,-0.070981797,-0.343511689,-0.089972778,-0.095493748,-0.202268101,-0.504890309,-0.101912448,-0.111478542,-0.180776007,-0.192549632,-0.052437057,-0.215399346,-0.186887135,-0.275152965,-0.225693664,-0.091125796,-0.129401116,-0.230512847,-0.355505897,-0.161492635,-0.188668509,-0.047999271,-0.224540743,-0.227692469,-0.120921906,-0.100681083,-0.144248806,-0.314857264,-0.151956182,-0.121293958,-0.238289203,-0.171091077
2009/07/07,-0.053316166,-0.071480467,-0.043076163,-0.175859108,1.171743282,-0.050845363,-0.010970996,-0.301008057,-0.090062964,-0.059970871,-0.076409146,-0.129311844,-0.142862423,-0.117357721,-0.131313606,-0.102793592,-0.105825151,-0.11737374,-0.060355419,-0.083721251,-0.264018321,-0.069108219,-0.055612992,-0.131596543,-0.06190118,-0.288250359,-0.121422903,-0.026468129,0.195879644,-0.077142826,-0.011794204,-0.138641445,-0.08294825,-0.158051335,-0.139696072,-0.069744595,-0.358333592,-0.206075802,-0.105966,-0.138720218,-0.210689868,-0.162202971,0.022524621,-0.267880164,-0.110870382,-0.161058781,-0.131969394,-0.165992509,-0.052018462,-0.058334401,-0.172230092,-0.007527316,-0.093535911,-0.07889364,-0.068554379,-0.096108383,-0.106922282,-0.040060342,-0.07923043,-0.089162712,-0.122130601,-0.122918952,-0.098904185,0.05216482,-0.237976615,-0.156852386,-0.05327506,-0.070120788,-0.0943156,-0.090184155,-0.125885616,-0.160467164,-0.203889001,-0.125928007,-0.164391084,-0.251068588,-0.063875761,0.032464955,-0.085339979,-0.095493748,-0.187760814,-0.375659785,-0.063692116,-0.095338621,-0.068046103,-0.166330085,-0.052370947,-0.215399346,0.191144023,-0.274708398,-0.18697194,-0.080102481,-0.129401116,-0.208017363,-0.349219129,-0.160547268,-0.157615144,-0.047581059,-0.118624527,-0.070618855,-0.095396128,-0.093741959,-0.102366007,-0.274415908,0.164641792,-0.079919525,-0.222882722,-0.161055271
2009/07/21,-0.054024469,-0.094913243,-0.068142653,-0.175859108,-0.11522706,-0.099767197,-0.137038215,-0.365313015,-0.116496188,-0.06226948,-0.076409146,-0.131144227,-0.142862423,-0.186399165,-0.204719826,-0.107419101,-0.107191453,-0.125253122,-0.064680709,-0.08624063,-0.312960679,-0.219035474,-0.074941644,-0.132459945,-0.06190118,-0.288250359,-0.176611253,-0.272537745,-0.166203762,-0.190159297,-0.183536782,-0.176966408,-0.088622261,-0.168077708,-0.139696072,-0.19814998,-0.400671753,-0.247677772,-0.1241152,-0.138720218,-0.210689868,-0.222847048,-0.282924878,-0.331051476,-0.115045306,-0.16632463,-0.145769598,-0.200900416,-0.051694398,-0.058334401,-0.306173263,-0.117447798,-0.094132357,-0.07889364,-0.056834166,-0.108252557,-0.106922282,-0.040060342,-0.102713986,-0.091115427,-0.12217926,-0.124927466,-0.134646475,-0.198186505,-0.27831091,-0.21150647,-0.085306426,-0.072286843,-0.104109844,-0.225210697,-0.122300197,-0.160467164,-0.209991459,-0.246123384,-0.207041967,-0.275221638,-0.070981797,-0.343511689,-0.089972778,-0.095493748,-0.202268101,-0.504890309,-0.101912448,-0.111478542,-0.180776007,-0.192549632,-0.052437057,-0.215399346,-0.186887135,-0.275152965,-0.225693664,-0.091125796,-0.129401116,-0.230512847,-0.355505897,-0.161492635,-0.188668509,-0.047999271,-0.224540743,-0.227692469,-0.120921906,-0.100681083,-0.144248806,-0.280603712,-0.151956182,-0.121293958,-0.238289203,-0.171091077
2009/08/07,-0.054024469,-0.094913243,-0.068142653,-0.175859108,-0.11522706,-0.099767197,-0.137038215,-0.378872582,-0.116496188,-0.06226948,-0.076409146,-0.131144227,-0.142862423,-0.186399165,-0.204719826,-0.107419101,-0.107191453,-0.125253122,-0.064680709,-0.08624063,-0.308669327,-0.219035474,-0.074941644,-0.132459945,-0.06190118,-0.288250359,-0.176611253,-0.027256532,-0.166203762,-0.190159297,-0.183536782,-0.176966408,-0.088622261,-0.168077708,-0.139696072,-0.19814998,-0.400671753,-0.247677772,-0.1241152,-0.138720218,-0.210689868,-0.222847048,-0.282924878,-0.331051476,-0.115045306,-0.16632463,-0.145769598,-0.200900416,-0.052076453,-0.058334401,-0.306173263,-0.117447798,-0.094132357,-0.07889364,-0.068933689,-0.108252557,-0.106922282,-0.040060342,-0.102713986,-0.091115427,-0.12217926,-0.124927466,-0.137818369,-0.198186505,-0.27831091,-0.21150647,-0.085306426,-0.072286843,-0.104109844,-0.225210697,-0.120993807,-0.160467164,-0.209991459,-0.246123384,-0.207041967,-0.250499336,-0.070981797,-0.343511689,-0.089972778,-0.095493748,-0.202268101,-0.504890309,-0.101912448,-0.111478542,-0.180776007,-0.192549632,-0.052437057,-0.215399346,-0.186887135,-0.275152965,-0.225693664,-0.091125796,-0.129401116,-0.230512847,-0.351205765,-0.161492635,-0.188668509,-0.047999271,-0.224540743,-0.227692469,-0.120921906,-0.100681083,-0.144248806,-0.314857264,-0.151956182,-0.121293958,-0.238289203,-0.171091077
2009/08/21,-0.018609324,1.08609869,-0.068142653,-0.175859108,-0.11522706,-0.099767197,-0.137038215,-0.331414096,-0.116496188,-0.06226948,-0.076409146,-0.131144227,-0.142862423,-0.186399165,-0.204719826,-0.107419101,-0.107191453,-0.125253122,-0.064680709,-0.08624063,-0.312692469,-0.219035474,-0.074941644,-0.132459945,-0.06190118,-0.288250359,-0.176611253,0.21802468,-0.166203762,-0.106418778,-0.183536782,-0.156751466,-0.088622261,-0.168077708,-0.139696072,-0.19814998,-0.400671753,-0.247677772,-0.1241152,-0.138720218,-0.210689868,0.838424315,-0.282924878,-0.331051476,-0.106639419,-0.16632463,-0.145769598,-0.200900416,-0.052076453,-0.058334401,-0.306173263,-0.117447798,-0.094132357,-0.07889364,-0.068933689,-0.090318123,-0.106922282,-0.040060342,-0.102713986,-0.091115427,-0.12217926,-0.124927466,-0.082508467,-0.198186505,-0.27831091,-0.159864816,-0.085306426,-0.072286843,-0.104109844,-0.225210697,-0.128832147,-0.160467164,-0.200092851,-0.246123384,-0.207041967,-0.229539122,-0.070981797,-0.343511689,-0.089972778,-0.095493748,-0.202268101,-0.268938331,-0.101912448,-0.111478542,-0.139628939,-0.192262235,-0.052437057,-0.215399346,-0.186887135,-0.275152965,-0.225693664,-0.091125796,-0.129401116,-0.230512847,-0.340262894,-0.161492635,-0.188668509,-0.047999271,-0.224540743,-0.216519574,-0.120921906,-0.100681083,-0.144248806,-0.160992518,-0.151956182,-0.121293958,0.031324217,-0.171091077
2009/09/07,-0.048121945,-0.094913243,-0.068142653,-0.175859108,-0.11522706,-0.099767197,-0.137038215,-0.256836475,-0.116496188,-0.06226948,-0.076409146,-0.131144227,-0.142862423,-0.186399165,-0.204719826,-0.107419101,-0.107191453,-0.125253122,-0.064680709,-0.08624063,-0.31242426,-0.219035474,-0.074941644,-0.132459945,-0.06190118,-0.288250359,-0.176611253,-0.190777341,-0.166203762,-0.190159297,0.30494098,-0.09610664,-0.088622261,-0.168077708,-0.139696072,-0.169243799,-0.400671753,0.584361624,-0.1241152,-0.138720218,-0.210689868,-0.222847048,-0.282924878,-0.331051476,-0.115045306,-0.16632463,-0.145769598,-0.200900416,-0.052076453,-0.058334401,-0.279810203,-0.117447798,-0.094132357,-0.07889364,-0.064900515,-0.096296268,-0.106922282,-0.040060342,-0.102713986,-0.091115427,-0.12217926,-0.124927466,-0.110460783,-0.198186505,-0.27831091,-0.21150647,-0.085306426,-0.055439755,-0.104109844,-0.225210697,-0.130138537,-0.160467164,-0.207634648,-0.160672818,0.235263491,-0.255515455,-0.070981797,-0.343511689,-0.089972778,-0.095493748,-0.202268101,-0.452456536,-0.101912448,-0.111478542,-0.148119604,-0.192549632,-0.052437057,-0.215399346,-0.186887135,-0.275152965,-0.225693664,-0.091125796,-0.129401116,-0.230512847,-0.338519309,-0.161492635,-0.188668509,-0.047999271,0.320330081,-0.194173783,-0.120921906,-0.100681083,-0.144248806,-0.261543268,-0.151956182,-0.121293958,-0.238289203,-0.171091077
2009/09/21,-0.054024469,-0.094913243,-0.068142653,-0.175859108,-0.11522706,-0.099767197,-0.137038215,-0.243276908,-0.116496188,-0.06226948,-0.076409146,-0.131144227,-0.142862423,-0.186399165,1.050014404,-0.107419101,-0.107191453,-0.125253122,-0.064680709,-0.08624063,-0.230620364,-0.2006556,-0.074941644,-0.132459945,-0.06190118,-0.288250359,-0.176611253,-0.027256532,-0.166203762,0.033148755,-0.183536782,0.112781096,-0.088622261,-0.168077708,-0.139696072,-0.19814998,-0.400671753,-0.247677772,-0.1241152,-0.138720218,-0.210689868,-0.222847048,-0.282924878,0.029436992,-0.115045306,-0.16632463,-0.145769598,-0.200900416,-0.052076453,-0.058334401,-0.306173263,-0.117447798,-0.094132357,-0.07889364,-0.065908808,-0.027547605,-0.106922282,-0.040060342,-0.102713986,-0.091115427,-0.12217926,-0.124927466,-0.064864806,-0.198186505,-0.27831091,-0.21150647,-0.085306426,-0.072286843,-0.104109844,-0.225210697,-0.09029364,-0.160467164,-0.205749199,0.52293171,-0.207041967,-0.104315284,-0.070981797,-0.343511689,-0.089972778,-0.095493748,-0.202268101,-0.504890309,-0.101912448,-0.111478542,1.014448352,-0.192549632,-0.052437057,-0.215399346,-0.186887135,-0.275152965,-0.225693664,-0.091125796,-0.129401116,-0.230512847,-0.239626987,-0.161492635,-0.188668509,-0.047999271,0.476007459,-0.171827993,-0.120921906,-0.100681083,-0.144248806,-0.031851102,-0.151956182,-0.121293958,0.031324217,-0.171091077
2009/10/07,-0.054024469,-0.094913243,-0.068142653,2.213683699,1.725470717,-0.099767197,-0.137038215,-0.378872582,-0.116496188,-0.06226948,-0.076409146,-0.131144227,-0.142862423,-0.186399165,-0.204719826,-0.107419101,-0.107191453,-0.125253122,-0.064680709,-0.08624063,-0.312960679,-0.182275727,-0.074941644,-0.132459945,-0.06190118,-0.288250359,-0.176611253,-0.272537745,-0.166203762,-0.190159297,-0.183536782,-0.176966408,-0.088622261,-0.168077708,-0.139696072,-0.19814998,-0.400671753,-0.247677772,2.416772803,-0.138720218,-0.210689868,-0.222847048,-0.282924878,-0.331051476,0.05307244,-0.16632463,-0.145769598,-0.200900416,-0.052076453,-0.058334401,-0.306173263,-0.117447798,-0.094132357,-0.07889364,-0.068933689,-0.054449256,-0.106922282,-0.040060342,-0.102713986,-0.091115427,-0.12217926,-0.124927466,-0.070415621,-0.198186505,-0.27831091,-0.21150647,-0.085306426,-0.072286843,-0.104109844,-0.225210697,-0.093559615,-0.160467164,-0.209991459,-0.246123384,-0.207041967,-0.275221638,-0.070981797,-0.343511689,-0.089972778,-0.095493748,-0.202268101,-0.190287671,-0.101912448,-0.111478542,0.983098205,-0.192549632,-0.052437057,-0.215399346,-0.186887135,-0.275152965,-0.225693664,-0.091125796,-0.129401116,-0.230512847,-0.355505897,-0.161492635,-0.188668509,-0.047999271,-0.224540743,-0.227692469,-0.120921906,-0.100681083,-0.144248806,-0.253808594,-0.151956182,-0.121293958,0.300937637,-0.171091077
2009/10/21,-0.028848467,-0.044152887,0.016097958,-0.099393738,-0.102829233,0.896620398,0.720391549,0.743332427,-0.109861967,0.006376574,-0.041919119,-0.070602317,-0.103759359,-0.011447942,0.133460923,-0.100065147,0.732991342,-0.100814915,-0.011963065,0.509358487,1.094814327,0.093621793,0.027393691,0.087545462,-0.048120828,0.180855488,0.61496283,-0.004636154,0.03346649,-0.005032836,-0.13186669,0.356326914,-0.023510899,-0.120219872,0.204726157,-0.054455654,0.428278072,-0.066847877,-0.056358187,0.333878937,0.262675624,0.396977046,0.136182732,0.314529179,-0.071354965,0.191732431,-0.099142849,0.043920366,-0.028336526,-0.056760231,0.072048758,1.003618987,0.927591524,-0.063193264,-0.067019012,-0.007324597,-0.076700209,-0.039223823,-0.061637953,-0.047131599,-0.122143948,-0.123919978,0.328894578,-0.022596958,-0.00101002,-0.142439639,0.489256206,0.124988717,-0.00885497,0.522412729,-0.127684044,-0.080386982,0.132520441,0.644165957,-0.019504453,-0.111810845,-0.011054227,0.813963105,-0.08768363,-0.049587095,-0.038459022,0.499152701,-0.048403983,0.256679413,0.856101372,-0.123529648,-0.052425304,-0.127266407,-0.065472422,-0.154990012,0.615063881,-0.071692101,-0.064733149,0.911808439,0.887021448,0.445973316,0.114204184,-0.032057286,-0.007788993,-0.079720691,-0.106867713,0.125445191,-0.125517371,-0.102880463,-0.069319591,-0.111836945,-0.13948029,-0.080802937
2009/11/07,-0.054024469,-0.094913243,-0.068142653,-0.175859108,-0.11522706,-0.099767197,-0.137038215,-0.311074745,-0.116496188,-0.06226948,-0.076409146,-0.131144227,-0.142862423,-0.186399165,-0.204719826,-0.107419101,-0.107191453,-0.125253122,-0.064680709,-0.08624063,-0.312960679,-0.219035474,-0.074941644,-0.132459945,-0.06190118,-0.288250359,-0.176611253,-0.272537745,-0.166203762,-0.190159297,-0.183536782,-0.176966408,-0.088622261,-0.168077708,-0.139696072,-0.19814998,-0.400671753,-0.247677772,-0.1241152,-0.138720218,-0.210689868,-0.222847048,-0.282924878,-0.331051476,-0.115045306,-0.16632463,-0.145769598,-0.200900416,-0.052076453,-0.058334401,-0.306173263,-0.117447798,-0.094132357,-0.07889364,-0.068933689,-0.108252557,-0.106922282,-0.040060342,-0.102713986,-0.091115427,-0.12217926,-0.124927466,-0.137818369,-0.198186505,-0.27831091,-0.21150647,-0.085306426,-0.072286843,-0.104109844,-0.225210697,-0.130138537,-0.160467164,-0.209991459,-0.246123384,-0.207041967,-0.275221638,-0.070981797,-0.343511689,-0.089972778,-0.095493748,-0.202268101,-0.504890309,-0.101912448,-0.111478542,-0.180776007,-0.192549632,-0.052437057,-0.215399346,-0.186887135,-0.275152965,1.379857334,-0.091125796,-0.129401116,-0.230512847,-0.335096318,-0.161492635,-0.188668509,-0.047999271,-0.224540743,-0.227692469,-0.120921906,-0.100681083,-0.144248806,-0.312647357,-0.151956182,-0.121293958,-0.238289203,-0.171091077
2009/11/21,-0.054024469,-0.094913243,-0.068142653,-0.175859108,-0.11522706,-0.099767197,-0.137038215,-0.39243215,-0.116496188,-0.06226948,-0.076409146,-0.131144227,-0.142862423,-0.186399165,-0.204719826,-0.107419101,-0.107191453,-0.125253122,-0.064680709,-0.08624063,-0.228206478,-0.219035474,-0.074941644,-0.132459945,-0.06190118,-0.288250359,-0.176611253,-0.272537745,-0.166203762,-0.190159297,-0.183536782,-0.176966408,-0.088622261,-0.168077708,-0.139696072,-0.19814998,-0.400671753,-0.247677772,-0.1241152,-0.138720218,-0.210689868,-0.222847048,-0.282924878,-0.331051476,-0.115045306,-0.16632463,-0.145769598,-0.200900416,-0.052076453,-0.058334401,-0.306173263,-0.117447798,-0.094132357,-0.07889364,-0.068933689,-0.108252557,-0.106922282,-0.040060342,-0.102713986,-0.091115427,-0.12217926,-0.124927466,-0.137818369,-0.198186505,0.885728013,-0.21150647,-0.085306426,-0.072286843,-0.104109844,-0.225210697,-0.130138537,-0.160467164,-0.209991459,-0.246123384,-0.207041967,-0.268772342,-0.070981797,-0.343511689,-0.089972778,-0.095493748,-0.202268101,-0.504890309,-0.101912448,-0.111478542,-0.180776007,-0.192549632,-0.052437057,-0.215399346,-0.186887135,-0.051601372,-0.225693664,-0.091125796,-0.129401116,-0.230512847,-0.303519235,-0.161492635,-0.188668509,-0.047999271,-0.224540743,-0.227692469,-0.120921906,-0.100681083,-0.144248806,0.806670326,-0.151956182,-0.121293958,0.840164478,-0.171091077
2009/12/07,-0.054024469,-0.094913243,-0.068142653,-0.175859108,-0.11522706,-0.099767197,-0.137038215,-0.374352726,-0.116496188,-0.06226948,-0.076409146,-0.131144227,-0.142862423,-0.186399165,-0.204719826,-0.107419101,-0.107191453,-0.125253122,-0.064680709,-0.08624063,-0.188869086,-0.219035474,-0.014808059,-0.132459945,-0.06190118,-0.288250359,-0.176611253,-0.272537745,-0.166203762,-0.190159297,-0.183536782,-0.176966408,-0.088622261,-0.168077708,-0.139696072,-0.169243799,-0.400671753,-0.247677772,-0.1241152,1.736673256,-0.210689868,-0.222847048,-0.282924878,0.149599814,-0.115045306,-0.16632463,-0.096814103,-0.200900416,-0.052076453,-0.058334401,-0.306173263,-0.117447798,-0.094132357,-0.07889364,-0.068261494,-0.108252557,-0.106922282,-0.040060342,-0.102713986,-0.091115427,-0.12217926,-0.124927466,-0.137818369,-0.198186505,-0.27831091,-0.21150647,-0.085306426,-0.072286843,-0.104109844,-0.225210697,-0.124912977,-0.160467164,-0.209991459,-0.246123384,-0.207041967,-0.26017328,-0.070981797,-0.343511689,-0.089972778,-0.095493748,-0.202268101,-0.34758899,-0.101912448,-0.111478542,-0.180776007,-0.192549632,-0.052437057,-0.215399346,-0.186887135,-0.269331309,-0.225693664,-0.091125796,-0.129401116,-0.230512847,0.591036425,-0.161492635,-0.188668509,-0.047999271,-0.224540743,-0.227692469,-0.120921906,-0.100681083,-0.144248806,-0.231157052,-0.151956182,-0.121293958,1.199649039,-0.171091077
2009/12/21,-0.052689985,-0.094913243,-0.066675551,0.291660137,-0.033711623,-0.089856759,-0.008972433,-0.016051396,0.016308417,-0.058544462,-0.074408962,1.079837783,0.04415223,-0.179364182,-0.090416915,-0.077815672,-0.099902454,-0.078086292,-0.064680709,-0.028417109,-0.147459484,0.600002606,-0.06465793,-0.118445314,1.090143767,-0.054562538,-0.059589801,-0.014730094,-0.160579077,-0.113329805,0.081704283,0.953792745,0.979694036,-0.098717356,-0.139696072,-0.093056056,0.0063284,0.092691139,-0.050466273,-0.121247608,-0.049419989,0.787667859,-0.279396229,0.35752226,0.273761499,0.532545071,0.029099134,-0.200900416,1.091700385,-0.058334401,-0.183093171,-0.111075596,0.049998547,-3.92E-04,-0.068308255,-0.075592408,-0.106922282,-0.040023055,-0.026657036,-0.066898274,-0.122148488,-0.107786957,-0.120189484,0.308900523,-0.115971062,-0.091175824,0.039259998,-0.067855782,0.134731242,-0.146181784,0.149813212,0.133305242,0.196784238,0.05914975,-0.160888354,0.088072757,-0.059625041,-0.105886853,-0.072758597,0.558354543,0.221596981,0.099825831,-0.085294913,0.365460183,4.11E-04,0.267260197,-0.052337823,-0.021411084,0.180397318,1.391714964,0.082418072,0.242676497,0.111932238,-0.177157098,0.054037489,-0.035911157,-0.176122902,-0.047961124,-0.099348015,-0.103452865,-0.104530771,-0.096687034,0.033901838,-0.228119844,-0.06962727,-0.121293958,0.263792617,-0.171091077
2010/01/07,0.519700888,-0.094913243,-0.068142653,-0.175859108,-0.11522706,-0.099767197,-0.137038215,-0.278531783,-0.116496188,-0.06226948,-0.076409146,-0.131144227,-0.142862423,-0.186399165,-0.204719826,-0.107419101,-0.107191453,-0.125253122,-0.064680709,-0.08624063,-0.307596489,-0.086700384,-0.074941644,-0.132459945,-0.06190118,-0.288250359,-0.176611253,-0.272537745,-0.166203762,0.033148755,-0.183536782,-0.160794455,-0.088622261,-0.168077708,-0.139696072,1.501533455,-0.400671753,-0.247677772,-0.1241152,-0.138720218,-0.210689868,-0.222847048,-0.282924878,8.32067175,-0.115045306,-0.16632463,-0.145769598,-0.200900416,-0.052076453,-0.058334401,-0.306173263,-0.117447798,-0.094132357,-0.07889364,-0.061673975,-0.022167275,-0.106922282,-0.040060342,-0.102713986,-0.091115427,-0.12217926,-0.124927466,-0.137818369,-0.198186505,-0.161907018,-0.21150647,-0.085306426,-0.072286843,-0.104109844,-0.225210697,-0.098785176,-0.160467164,-0.209425825,-0.246123384,-0.207041967,-0.258883421,-0.070981797,-0.343511689,-0.089972778,-0.095493748,-0.202268101,-0.441969782,-0.101912448,-0.111478542,-0.180776007,-0.192549632,-0.052437057,-0.215399346,-0.186887135,-0.275152965,1.723113065,-0.091125796,-0.129401116,-0.230512847,0.72509783,-0.161492635,-0.188668509,-0.047999271,-0.224540743,1.126462415,-0.120921906,-0.100681083,-0.144248806,-0.283808076,0.289761507,-0.121293958,0.840164478,-0.171091077
2010/01/21,-0.054024469,-0.094913243,-0.068142653,-0.175859108,-0.11522706,-0.099767197,-0.137038215,-0.383392438,18.21053934,-0.06226948,-0.076409146,-0.131144227,-0.142862423,-0.186399165,-0.204719826,-0.107419101,-0.107191453,-0.125253122,-0.064680709,-0.08624063,-0.312960679,-0.145515979,-0.074941644,-0.132459945,-0.06190118,-0.288250359,-0.176611253,0.21802468,-0.166203762,0.256456806,-0.183536782,-0.176966408,-0.088622261,-0.168077708,-0.139696072,2.46121866,1.706827803,-0.247677772,-0.1241152,3.61206673,-0.210689868,-0.222847048,-0.282924878,2.552856266,-0.115045306,-0.16632463,-0.145769598,-0.200900416,-0.052076453,-0.058334401,-0.306173263,-0.117447798,-0.094132357,-0.07889364,-0.06086734,-0.096296268,-0.106922282,-0.040060342,-0.102713986,-0.091115427,-0.12217926,-0.124927466,-0.137818369,-0.198186505,0.497715038,-0.21150647,-0.085306426,0.001840341,-0.104109844,-0.225210697,-0.130138537,-0.160467164,-0.209991459,-0.160672818,-0.207041967,-0.270205519,-0.070981797,-0.343511689,-0.089972778,-0.095493748,-0.202268101,-0.295155217,-0.101912448,-0.111478542,-0.180776007,-0.192549632,-0.052437057,-0.215399346,-0.186887135,-0.275152965,-0.225693664,-0.08840399,-0.129401116,-0.230512847,-0.320463036,-0.161492635,-0.188668509,-0.047999271,-0.224540743,-0.175552292,-0.120921906,-0.100681083,-0.144248806,-0.307122591,-0.151956182,-0.121293958,-0.238289203,-0.171091077
2010/02/07,-0.054024469,-0.094913243,-0.068142653,-0.175859108,-0.11522706,-0.099767197,-0.137038215,-0.370736842,12.64194009,-0.06226948,0.073433198,-0.131144227,-0.142862423,-0.186399165,-0.204719826,-0.107419101,-0.107191453,-0.125253122,-0.064680709,-0.08624063,1.951156601,-0.219035474,-0.074941644,-0.132459945,-0.06190118,-0.288250359,-0.176611253,-0.272537745,-0.166203762,-0.145497687,-0.183536782,-0.176966408,-0.088622261,-0.168077708,-0.139696072,-0.007369186,-0.400671753,-0.247677772,-0.1241152,-0.138720218,-0.210689868,-0.222847048,-0.282924878,-0.331051476,-0.110001774,-0.16632463,-0.145769598,-0.200900416,-0.05184722,-0.058334401,-0.306173263,0.029112845,-0.094132357,-0.07889364,-0.068933689,-0.108252557,-0.106922282,-0.040060342,-0.102713986,-0.091115427,-0.12217926,-0.124927466,-0.137818369,-0.198186505,-0.161907018,-0.21150647,-0.085306426,-0.072286843,-0.104109844,-0.225210697,-0.130138537,-0.160467164,-0.209991459,-0.246123384,-0.207041967,-0.274146756,-0.070981797,-0.343511689,-0.089972778,-0.095493748,-0.202268101,-0.504890309,-0.101912448,-0.111478542,-0.180776007,-0.178524635,-0.052437057,-0.215399346,-0.186887135,-0.275152965,1.590239879,-0.091125796,-0.129401116,-0.230512847,-0.302800407,-0.161492635,-0.188668509,-0.047999271,-0.224540743,-0.120432676,-0.120921906,-0.100681083,-0.144248806,-0.302150301,-0.151956182,-0.121293958,-0.238289203,-0.171091077
2010/02/21,-0.054024469,-0.094913243,-0.068142653,-0.175859108,-0.11522706,-0.099767197,-0.137038215,-0.39243215,-0.116496188,-0.06226948,-0.076409146,-0.131144227,-0.142862423,-0.186399165,-0.204719826,-0.107419101,-0.107191453,-0.125253122,-0.064680709,-0.08624063,5.608032151,-0.145515979,-0.074941644,-0.132459945,-0.06190118,-0.288250359,-0.176611253,-0.272537745,-0.166203762,-0.190159297,-0.183536782,0.658584534,-0.088622261,-0.168077708,-0.139696072,-0.19814998,-0.400671753,-0.247677772,-0.1241152,-0.138720218,-0.210689868,-0.222847048,-0.282924878,-0.331051476,-0.115045306,-0.16632463,-0.145769598,-0.200900416,-0.052076453,-0.058334401,-0.306173263,-0.117447798,-0.094132357,-0.07889364,-0.068933689,-0.108252557,-0.106922282,-0.040060342,-0.102713986,-0.091115427,-0.12217926,-0.124927466,-0.137818369,-0.198186505,-0.27831091,-0.21150647,-0.085306426,-0.072286843,-0.104109844,-0.225210697,-0.130138537,-0.160467164,-0.209991459,-0.246123384,-0.207041967,-0.264472811,-0.070981797,-0.343511689,-0.089972778,-0.095493748,-0.202268101,-0.504890309,-0.101912448,-0.111478542,3.150177126,-0.192549632,-0.052437057,-0.215399346,-0.186887135,7.94E-04,-0.225693664,0.284483438,-0.129401116,-0.230512847,-0.355505897,-0.161492635,-0.188668509,-0.047999271,-0.224540743,-0.227692469,-0.120921906,-0.100681083,-0.144248806,-0.014862445,-0.151956182,-0.121293958,-0.238289203,-0.171091077
2010/03/07,-0.049701216,1.020048041,0.2624444,-0.095941288,-0.047077514,-0.099767197,-0.11706594,0.133308711,-0.042942869,-0.027013425,-0.037240711,-0.059189006,0.027150898,-0.181122928,-0.146369389,-0.107419101,-0.106463067,-0.117590641,-0.064680709,-0.08624063,-0.162939178,0.117851012,0.163501094,-7.22E-04,-0.058156519,-0.119475822,-0.073248457,-0.233790423,-0.125002944,-0.125164705,0.185172259,-0.096344021,-0.080432414,0.164834446,-0.007091193,-0.10675231,0.392283765,-0.037580868,-0.087290736,-0.097950795,0.268512058,-0.019821222,-0.146805199,-0.305974017,-0.087150786,-0.086118769,-0.114783553,-0.200900416,-0.049087556,1.087183221,-0.248580118,-0.090896957,-0.08161747,1.11215574,0.046948811,-0.056646574,-0.106922282,-0.039391667,-0.064692415,-0.083707445,0.12571316,0.207309026,0.006488489,-0.079133565,-0.159944243,-0.121450219,-0.077807444,0.998855473,-0.041376982,-0.146181784,-0.094154118,0.327898075,0.594644492,-0.225718132,0.216032819,0.382131463,1.041267312,-0.155065619,-0.057494978,-0.062262396,0.585686219,0.072319604,0.055954141,-0.10336612,-0.096062457,0.333546893,1.083024822,0.333819557,-0.114979034,0.086815218,-0.079300471,-0.080392413,0.051013139,0.884721482,-0.24269321,-0.161415909,-0.188668509,-0.047999271,-0.014896943,0.719112611,0.464548944,-0.100681083,-0.042669305,-0.047181867,0.100390122,0.871178466,-0.065880889,-0.070844904
2010/03/21,-0.054024469,-0.094913243,-0.068142653,-0.175859108,-0.11522706,-0.099767197,-0.137038215,-0.356273303,-0.116496188,-0.06226948,-0.076409146,-0.131144227,-0.142862423,-0.186399165,-0.204719826,-0.107419101,-0.107191453,-0.125253122,-0.064680709,-0.08624063,-0.180286382,-0.194528976,-0.074941644,-0.132459945,-0.06190118,1.264475381,-0.176611253,-0.272537745,-0.166203762,-0.190159297,2.204576723,0.586709184,-0.088622261,-0.168077708,-0.139696072,-0.19814998,-0.400671753,-0.247677772,-0.1241152,-0.138720218,-0.210689868,-0.222847048,-0.282924878,0.149599814,-0.103837456,-0.16632463,-0.096814103,-0.200900416,-0.052076453,-0.058334401,0.062909564,-0.117447798,-0.094132357,-0.07889364,-0.068933689,0.011310334,-0.106922282,-0.040060342,-0.102713986,-0.091115427,-0.12217926,-0.124927466,-0.1079497,-0.198186505,-0.132806045,-0.21150647,-0.085306426,-0.06217859,-0.104109844,-0.225210697,0.091947774,-0.160467164,-0.209991459,-0.246123384,-0.207041967,-0.238675626,-0.070981797,-0.343511689,-0.089972778,-0.095493748,-0.202268101,-0.504890309,-0.101912448,-0.111478542,0.987016974,-0.192549632,-0.052437057,-0.215399346,-0.186887135,-0.275152965,-0.225693664,-0.091125796,-0.129401116,-0.230512847,-0.352895867,-0.161492635,-0.188668509,-0.047999271,-0.224540743,-0.227692469,-0.120921906,-0.100681083,-0.144248806,-0.113755765,-0.151956182,-0.121293958,-0.238289203,-0.171091077
2010/04/07,-0.054024469,-0.094913243,-0.068142653,-0.175859108,-0.11522706,-0.099767197,-0.137038215,-0.22971734,-0.116496188,-0.06226948,-0.076409146,-0.131144227,-0.142862423,-0.186399165,-0.204719826,-0.107419101,-0.107191453,-0.125253122,-0.064680709,-0.08624063,-0.244299048,-0.219035474,-0.074941644,-0.132459945,-0.06190118,-0.288250359,-0.176611253,-0.272537745,-0.166203762,-0.190159297,-0.183536782,-0.176966408,-0.088622261,1.719646272,-0.139696072,-0.19814998,-0.400671753,-0.247677772,-0.1241152,-0.138720218,-0.210689868,-0.222847048,-0.282924878,-0.331051476,-0.115045306,-0.16632463,-0.145769598,-0.200900416,-0.052076453,-0.058334401,-0.306173263,-0.117447798,-0.094132357,-0.07889364,-0.048767817,-0.108252557,-0.106922282,-0.040060342,-0.102713986,-0.091115427,-0.12217926,-0.124927466,-0.137818369,-0.198186505,-0.27831091,-0.21150647,-0.085306426,-0.072286843,-0.104109844,-0.225210697,-0.130138537,-0.160467164,-0.209991459,-0.246123384,-0.207041967,-0.275221638,-0.070981797,-0.343511689,-0.089972778,-0.095493748,-0.202268101,-0.504890309,-0.101912448,-0.111478542,0.038675023,-0.192549632,-0.052437057,-0.215399346,-0.186887135,-0.275152965,-0.225693664,-0.091125796,-0.129401116,-0.230512847,-0.324442262,-0.161492635,-0.188668509,-0.047999271,-0.224540743,0.442681236,-0.120921906,-0.100681083,-0.144248806,-0.213201561,-0.151956182,-0.121293958,-0.238289203,-0.171091077
2010/04/21,-0.054024469,-0.094913243,-0.068142653,-0.175859108,-0.11522706,-0.099767197,-0.137038215,-0.39243215,-0.116496188,-0.06226948,-0.076409146,-0.131144227,-0.142862423,-0.186399165,-0.204719826,-0.107419101,-0.107191453,-0.125253122,-0.064680709,-0.08624063,-0.125214032,-0.219035474,-0.074941644,-0.132459945,-0.06190118,-0.288250359,-0.176611253,-0.272537745,-0.166203762,-0.190159297,2.42167795,-0.176966408,-0.088622261,-0.168077708,-0.139696072,-0.19814998,-0.400671753,-0.247677772,-0.1241152,-0.138720218,-0.210689868,-0.222847048,-0.282924878,-0.331051476,-0.115045306,-0.16632463,-0.145769598,-0.200900416,-0.052076453,-0.058334401,-0.306173263,-0.117447798,-0.094132357,-0.07889364,-0.068933689,-0.108252557,-0.106922282,-0.040060342,-0.102713986,-0.091115427,-0.12217926,-0.124927466,-0.122751873,-0.198186505,-0.27831091,-0.21150647,-0.085306426,-0.072286843,-0.104109844,-0.225210697,-0.130138537,-0.160467164,-0.209991459,-0.246123384,-0.207041967,-0.195680316,-0.070981797,-0.343511689,-0.089972778,-0.095493748,-0.202268101,-0.504890309,-0.101912448,-0.111478542,-0.180776007,-0.192549632,-0.052437057,-0.215399346,-0.186887135,-0.275152965,-0.225693664,-0.091125796,-0.129401116,-0.230512847,-0.355505897,-0.161492635,-0.188668509,-0.047999271,-0.224540743,-0.227692469,-0.120921906,-0.100681083,-0.144248806,-0.306570114,-0.151956182,-0.121293958,-0.238289203,-0.171091077
2010/05/07,-0.044372948,-0.094913243,-0.068142653,0.34984031,-0.11522706,-0.066118899,-0.130698226,-0.201385788,-0.116496188,-0.058209237,-0.075166435,-0.111476657,-0.04901507,0.464373416,0.138240863,-0.107419101,-0.092744584,0.235662994,-0.033764502,-0.078911529,-0.239597081,-0.107481894,-0.067785748,-0.098077385,0.003555494,-0.226141329,0.038010109,-0.121712098,-0.071208627,-0.089627817,0.033021692,-0.11758294,-0.076072452,-0.138811386,0.014832814,-0.141570949,-0.323396769,-0.247677772,-0.09870632,-0.113714972,0.011862565,-0.084431535,0.062618043,-0.278179834,-0.102770673,0.104302759,0.962829071,-0.177628478,-0.051549812,-0.048928738,-0.056718009,-0.095463701,-0.094085967,-0.060821216,-0.061392549,-0.053284786,-0.106922282,-0.039837368,-0.091795136,-0.065804844,-0.010168429,-0.118900883,-0.056543054,-0.094632093,-0.208499439,-0.091858496,-0.077832441,-0.068162676,-0.039224643,-0.125441086,0.205718804,-0.074380968,-0.151878829,-0.200725829,-0.0935169,-0.174632766,-0.032609203,-0.008018338,-0.087666673,-0.074806853,-0.125540672,-0.244154634,0.057084133,-0.107887324,-0.13885041,-0.167328081,-0.052340096,-0.215399346,-0.186887135,-0.227165054,-0.194837558,-0.087111132,-0.12077872,0.012347494,0.205508246,-0.042158356,-0.17712655,-0.047999271,-0.16538334,-0.168672723,0.393223983,0.821519533,-0.037270387,0.35363369,-0.13968054,-7.17E-04,0.011214869,0.288816432
2010/05/21,-0.054024469,-0.094913243,-0.068142653,-0.175859108,-0.11522706,-0.099767197,0.002814484,-0.365313015,-0.116496188,-0.06226948,-0.076409146,-0.131144227,-0.142862423,-0.186399165,-0.204719826,-0.107419101,-0.107191453,-0.125253122,-0.064680709,-0.08624063,-0.312960679,-0.219035474,-0.074941644,-0.132459945,-0.06190118,-0.288250359,-0.176611253,-0.272537745,-0.166203762,-0.190159297,-0.183536782,-0.176966408,-0.088622261,-0.168077708,-0.139696072,-0.19814998,-0.400671753,-0.247677772,-0.1241152,-0.138720218,-0.210689868,-0.222847048,-0.282924878,-0.331051476,-0.115045306,-0.16632463,-0.145769598,9.573313294,-0.049115528,-0.058334401,-0.306173263,-0.117447798,-0.094132357,-0.07889364,-0.064900515,-0.108252557,-0.106922282,-0.040060342,-0.102713986,-0.091115427,-0.12217926,-0.124927466,-0.121562412,-0.198186505,-0.27831091,-0.21150647,-0.085306426,-0.067232716,-0.104109844,-0.225210697,-0.130138537,-0.160467164,-0.209991459,-0.246123384,-0.207041967,-0.275221638,-0.070981797,-0.343511689,-0.089972778,-0.095493748,-0.202268101,-0.504890309,-0.101912448,-0.111478542,-0.180776007,-0.192549632,-0.052437057,-0.215399346,-0.186887135,-0.275152965,-0.225693664,-0.091125796,-0.129401116,-0.230512847,-0.349729601,-0.161492635,-0.188668509,-0.047999271,-0.224540743,-0.227692469,-0.120921906,-0.100681083,-0.144248806,-0.310437451,-0.151956182,-0.121293958,-0.238289203,-0.171091077
2010/06/07,-0.054024469,-0.094913243,-0.068142653,-0.175859108,-0.11522706,-0.099767197,-0.137038215,-0.39243215,-0.116496188,-0.06226948,-0.076409146,-0.131144227,-0.142862423,-0.186399165,4.634969346,-0.107419101,-0.107191453,-0.125253122,-0.064680709,-0.08624063,-0.312960679,-0.182275727,-0.074941644,-0.132459945,-0.06190118,-0.288250359,-0.176611253,0.463305893,-0.166203762,-0.190159297,-0.183536782,0.011706385,-0.088622261,-0.168077708,-0.139696072,-0.19814998,-0.400671753,-0.247677772,-0.1241152,-0.138720218,-0.210689868,-0.222847048,-0.282924878,-0.331051476,-0.115045306,-0.16632463,0.07453013,-0.200900416,-0.052076453,-0.058334401,0.72198604,-0.117447798,-0.094132357,-0.07889364,-0.068933689,-0.036514822,-0.106922282,-0.040060342,-0.102713986,-0.091115427,-0.12217926,-0.124927466,-0.034335326,-0.198186505,-0.27831091,-0.21150647,-0.085306426,-0.072286843,-0.104109844,-0.225210697,-0.130138537,-0.160467164,-0.209991459,-0.246123384,-0.207041967,-0.266622577,-0.070981797,-0.343511689,-0.089972778,-0.095493748,-0.202268101,-0.504890309,-0.101912448,-0.111478542,-0.180776007,-0.192549632,-0.052437057,-0.215399346,-0.186887135,-0.275152965,-0.225693664,-0.091125796,-0.129401116,-0.230512847,-0.351141584,-0.161492635,-0.188668509,-0.047999271,-0.224540743,-0.227692469,-0.120921906,-0.100681083,-0.144248806,-0.307951306,-0.151956182,-0.121293958,-0.238289203,-0.171091077
2010/06/21,-0.054024469,-0.094913243,-0.068142653,-0.175859108,-0.11522706,-0.099767197,-0.137038215,-0.39243215,-0.116496188,-0.06226948,-0.076409146,-0.131144227,-0.142862423,-0.186399165,-0.204719826,-0.107419101,-0.107191453,-0.125253122,-0.064680709,-0.08624063,-0.312960679,-0.219035474,-0.074941644,-0.132459945,-0.06190118,-0.288250359,-0.176611253,-0.272537745,-0.166203762,-0.190159297,1.444722426,-0.176966408,-0.088622261,-0.168077708,-0.139696072,-0.19814998,-0.400671753,-0.247677772,-0.1241152,-0.138720218,-0.210689868,-0.222847048,-0.282924878,-0.331051476,-0.115045306,-0.16632463,0.001096887,-0.200900416,-0.051503371,-0.058334401,-0.306173263,-0.117447798,-0.094132357,-0.07889364,-0.068933689,-0.108252557,-0.106922282,-0.040060342,-0.102713986,-0.091115427,-0.12217926,-0.124927466,-0.114822137,-0.198186505,-0.27831091,-0.21150647,-0.085306426,-0.072286843,-0.104109844,-0.225210697,-0.104010736,-0.160467164,-0.209991459,-0.246123384,-0.207041967,-0.275221638,-0.070981797,-0.343511689,-0.089972778,-0.095493748,-0.202268101,-0.504890309,-0.101912448,-0.111478542,-0.180776007,-0.192549632,-0.052437057,-0.215399346,-0.186887135,-0.275152965,-0.225693664,-0.091125796,-0.129401116,-0.230512847,-0.340102441,-0.161492635,-0.188668509,-0.047999271,-0.224540743,-0.227692469,-0.120921906,-0.100681083,-0.144248806,-0.313752311,-0.151956182,-0.121293958,-0.238289203,-0.171091077
2010/07/07,-0.053316166,-0.071480467,-0.043076163,-0.175859108,1.171743282,-0.050845363,-0.010970996,-0.301008057,-0.090062964,-0.059970871,-0.076409146,-0.129311844,-0.142862423,-0.117357721,-0.131313606,-0.102793592,-0.105825151,-0.11737374,-0.060355419,-0.083721251,-0.264018321,-0.069108219,-0.055612992,-0.131596543,-0.06190118,-0.288250359,-0.121422903,-0.026468129,0.195879644,-0.077142826,-0.011794204,-0.138641445,-0.08294825,-0.158051335,-0.139696072,-0.069744595,-0.358333592,-0.206075802,-0.105966,-0.138720218,-0.210689868,-0.162202971,0.022524621,-0.267880164,-0.110870382,-0.161058781,-0.131969394,-0.165992509,-0.052018462,-0.058334401,-0.172230092,-0.007527316,-0.093535911,-0.07889364,-0.068554379,-0.096108383,-0.106922282,-0.040060342,-0.07923043,-0.089162712,-0.122130601,-0.122918952,-0.098904185,0.05216482,-0.237976615,-0.156852386,-0.05327506,-0.070120788,-0.0943156,-0.090184155,-0.125885616,-0.160467164,-0.203889001,-0.125928007,-0.164391084,-0.251068588,-0.063875761,0.032464955,-0.085339979,-0.095493748,-0.187760814,-0.375659785,-0.063692116,-0.095338621,-0.068046103,-0.166330085,-0.052370947,-0.215399346,0.191144023,-0.274708398,-0.18697194,-0.080102481,-0.129401116,-0.208017363,-0.349219129,-0.160547268,-0.157615144,-0.047581059,-0.118624527,-0.070618855,-0.095396128,-0.093741959,-0.102366007,-0.274415908,0.164641792,-0.079919525,-0.222882722,-0.161055271
2010/07/21,-0.049471093,-0.04492332,-0.068142653,-0.175859108,-0.114022218,-0.083668821,0.37120425,-0.258093426,-0.032581191,-0.06226948,-0.076216559,-0.128090256,-0.108486103,0.253507088,-0.190493814,-0.107419101,-0.105814559,-0.125253122,-0.055469444,-0.08624063,-0.291079729,-0.195579254,-0.069214636,0.040540102,-0.060875856,0.147802047,-0.176611253,0.31375623,-0.072771494,-0.123640627,-0.168460308,-0.130104657,-0.087637189,-0.163517132,-0.139696072,-0.113699108,-0.287769991,-0.102401052,-0.036730163,0.106867022,-0.002358327,-0.020700122,-0.031379628,-0.261506692,-0.113719933,-0.163817083,-0.03546432,-0.158419895,-0.05199607,-0.057901937,0.248979326,0.039581462,-0.091961957,-0.046184524,-0.067557288,-0.076667661,-0.106922282,-0.039931022,-0.099273172,-0.083087597,-0.122135025,-0.124681538,0.606024422,-0.198186505,-0.215226231,-0.107747731,-0.075296624,-0.07024421,-0.078534294,-0.187703324,-0.127981957,-0.117567066,-0.19793057,-0.004509039,-0.017482485,-0.240232447,-0.037989487,0.059265103,-0.084825223,-0.086258527,-0.202268101,-0.3074954,-0.026078456,-0.111478542,-0.180776007,-0.191635014,-0.052437057,-0.215399346,0.163141715,-0.275028215,0.308526712,-0.019536315,-0.119136359,-0.226227993,-0.33478074,-0.161367121,0.597512934,-0.047963062,-0.180061492,-0.119483184,-0.079594456,-0.031624583,-0.125711468,-0.225683684,-0.13565062,-0.044361906,-0.055465627,0.006465481
2010/08/07,-0.047089003,0.131447377,-0.046209474,0.156021838,-0.091243169,-0.099767197,-0.093819846,-0.228869867,-0.087125939,-0.060847361,0.988260146,-0.131144227,-0.142862423,-0.073072741,-0.184092109,-0.106883741,-0.107098778,-0.125253122,-0.064230158,-0.08624063,-0.302373907,0.323148917,-0.072122883,-0.110355272,-0.049340963,-0.094159641,-0.176611253,-0.03492157,-0.035648852,-0.145957374,-0.047848515,-0.066542287,-0.084097089,-0.163976883,-0.126080392,-0.133274531,-0.378718633,0.03833577,-0.053534978,-0.021508126,-0.078218182,0.071950553,-0.078054917,-0.313527731,-0.113323267,-0.125733713,-0.108936416,-0.181507134,-0.051957857,-0.058334401,-0.063884196,-0.050655838,-0.087173824,-0.076557274,-0.067546285,-0.067423253,0.921467713,-0.039905499,-0.096692561,-0.090545885,-0.12217926,-0.124465303,0.00694107,-0.130817659,-0.148215414,0.129973966,-0.085306426,-0.071156684,-0.077294438,-0.225210697,-0.127886699,-0.029085615,-0.098811821,0.304422406,-0.207041967,-0.24032154,0.008961108,-0.02593768,-0.064449485,-0.095493748,-0.188163794,-0.436726404,-0.101912448,-0.111478542,-0.175959188,-0.186483949,-0.052437057,-0.215399346,-0.016248071,-0.275080194,-0.224924722,-0.09078557,-0.021621171,-0.150528903,-0.314067285,-0.154747543,0.037261328,-0.045564984,-0.092377136,-0.09991024,-0.104259246,0.145205112,-0.108718907,0.03764909,-0.068670426,-0.121293958,-0.215821418,0.063077716
2010/08/21,-0.054024469,-0.094913243,-0.068142653,-0.175859108,-0.11522706,-0.099767197,-0.137038215,-0.33819388,-0.116496188,-0.06226948,-0.076409146,-0.131144227,-0.142862423,-0.186399165,-0.204719826,-0.107419101,-0.107191453,-0.125253122,-0.064680709,-0.08624063,-0.309742165,-0.219035474,-0.074941644,-0.132459945,-0.06190118,-0.288250359,-0.176611253,1.444430744,-0.166203762,-0.190159297,-0.183536782,-0.176966408,-0.088622261,-0.168077708,-0.139696072,-0.19814998,-0.400671753,-0.247677772,-0.1241152,-0.138720218,-0.210689868,-0.222847048,-0.282924878,-0.331051476,-0.115045306,-0.16632463,-0.145769598,-0.200900416,-0.052076453,-0.058334401,-0.306173263,-0.117447798,-0.094132357,-0.07889364,-0.068933689,-0.108252557,-0.106922282,-0.040060342,-0.102713986,-0.091115427,-0.12217926,-0.124927466,-0.137818369,-0.198186505,4.232339915,-0.030760681,-0.085306426,-0.072286843,-0.104109844,-0.225210697,-0.130138537,-0.160467164,-0.209991459,-0.246123384,-0.207041967,-0.250499336,-0.070981797,-0.343511689,-0.089972778,-0.095493748,-0.202268101,-0.504890309,-0.101912448,-0.111478542,-0.180776007,-0.192549632,-0.052437057,-0.215399346,-0.186887135,-0.275152965,-0.225693664,-0.091125796,-0.129401116,-0.230512847,-0.354350637,-0.161492635,-0.188668509,-0.047999271,-0.224540743,0.219223335,-0.120921906,-0.100681083,-0.144248806,-0.302702778,-0.151956182,-0.121293958,-0.238289203,-0.171091077
2010/09/07,-0.047083101,0.042309096,-0.054523193,-0.175859108,0.079957388,0.114384834,-0.135795079,-0.156644099,-0.116496188,-0.060046098,-0.076409146,-0.120296524,-0.100631114,0.115273952,0.312947667,0.44211192,0.259794063,0.243561233,-0.032228223,-0.082281607,0.033283258,-0.196036709,-0.070130958,0.151656657,-0.058456092,-0.008020332,-0.107932417,0.898645005,0.112598125,0.17334793,0.134801849,0.092944013,-0.06086098,0.047026019,-0.139696072,-0.055485589,-0.138739666,-0.147833045,-0.1241152,-0.063704479,-0.050815467,-0.084376404,0.299283724,0.356050988,0.084460824,-0.120219199,-0.054669017,0.486831879,-0.052017216,-0.056760231,0.235951662,-0.082901361,-0.083387719,-0.07889364,-0.066462058,-0.037541241,0.207387281,-0.039947085,-0.08021565,-0.09020416,-0.122040537,-0.124875633,-0.001051408,0.146046567,-0.229781573,0.784616769,-0.025514543,-0.068162034,-0.038453371,-0.105487163,-0.127881012,0.544238436,-0.165162749,0.853568433,-0.03601719,-0.194373532,0.17050973,0.151470005,0.007748403,-0.087736163,-0.141788833,-0.04036703,-0.101912448,-0.090392961,-0.046918343,-0.081123562,-0.052424465,-0.215399346,-0.133962773,-0.272927429,-0.223558202,-0.086492504,-0.103533929,-0.127287853,0.144617352,0.055006329,0.892400823,-0.012866605,-0.057788032,1.14890681,0.113257252,0.217401148,0.502834073,1.817152401,1.029641083,0.085814632,-0.205216624,0.066199967
2010/09/21,-0.053093686,0.056498543,-0.042835139,-0.114588779,0.055826946,-0.081763688,-0.070339235,-0.206075018,-0.111073989,-0.06226948,-0.076409146,-0.116015327,-0.142862423,-0.081381757,-0.088898205,-0.026219016,0.634284118,0.011167426,1.202166948,0.265220702,0.239925688,-0.185574678,-0.019433719,-0.031213223,-0.050307133,0.249231628,0.170084794,-0.084174352,0.828849888,-0.04515221,-0.183536782,-0.118792297,-0.085121469,-0.14953867,-0.139696072,-0.041167182,-0.112917006,-0.151673226,-0.1241152,0.095703966,-0.210689868,-0.01195338,0.453091414,0.098761697,-0.066576744,-0.102948791,-0.129859062,0.322718176,-0.051419613,-0.057426226,0.291761196,-0.113924706,-0.055766752,-0.078030982,-0.052524357,-0.06452013,-0.068176034,-0.039552932,-0.080481034,-0.086091775,-0.122107803,-0.124784991,-0.120984965,-0.130784225,0.344841657,-0.031819997,0.744737151,-0.065716478,-0.051099832,0.089851233,-0.127981319,-0.146029631,-0.179325715,0.224840697,-0.156006722,-0.238135428,-0.038184708,-0.133305103,-0.088309722,-0.065656881,0.004739726,-0.031574674,-0.087212321,-0.108932215,-0.082128549,-0.064486782,-0.052426463,-0.215399346,0.470426657,-0.265206889,-0.13129124,-0.090497687,-0.129401116,-0.167294768,0.087432389,-0.096008712,0.074170009,-0.012482973,0.003885871,0.192551629,-0.113067821,-0.043743409,0.158943626,0.195287275,0.199613696,-0.08492083,0.173735408,-0.160283286
2010/10/07,-0.046597126,-0.068668534,-0.065096379,0.122833743,-0.002555482,0.138784889,-0.11567183,-0.079963038,-0.116496188,-0.06226948,-0.076409146,-0.100604522,-0.093983593,0.117363688,-0.166309595,-0.062823627,-0.105500125,-0.064440454,-0.032931884,-0.019931995,0.860684588,-0.188657627,-0.054002271,-0.093846718,-0.06190118,-0.268841287,-0.031741834,-0.061810037,-0.00152939,-0.06662357,0.22352802,-0.136073934,-0.046861392,-0.167573508,-0.133644659,-0.11796974,-0.168909525,-0.014904846,0.052335356,-0.021508126,0.186725191,-0.008065939,0.080797293,0.019423423,-0.082443306,-0.165227578,-0.088348882,-0.157265533,-0.040389866,-0.057350545,-0.169158586,-0.044022079,-0.056896956,-0.076557274,-0.067648515,-0.030886589,0.092459452,-0.039730009,-0.087058282,-0.065898278,-0.122163778,-0.124434493,-0.130134,-0.116039976,0.041785359,-0.130442393,0.008118392,-0.069205229,-0.067766565,0.267073568,-0.00955908,-0.160467164,-0.092251889,-0.092253024,-0.159652097,-0.230376422,-0.066540524,-0.004636984,-0.089222093,-0.095493748,-0.154313458,-0.135076157,0.049376366,-0.027390751,-0.00799642,-0.077415535,-0.052328404,-0.171136151,0.134701871,-0.203083982,0.765005779,-0.063851031,-0.129401116,-0.173631408,0.226394987,0.163539342,0.152480535,-0.044869725,0.124065386,-0.18599954,-0.118582043,-0.095471252,-0.099170247,-0.179884113,-0.064517603,-0.04002275,-0.210828577,-0.042855785
2010/10/21,-0.028848467,-0.044152887,0.016097958,-0.099393738,-0.102829233,0.896620398,0.720391549,0.743332427,-0.109861967,0.006376574,-0.041919119,-0.070602317,-0.103759359,-0.011447942,0.133460923,-0.100065147,0.732991342,-0.100814915,-0.011963065,0.509358487,1.094814327,0.093621793,0.027393691,0.087545462,-0.048120828,0.180855488,0.61496283,-0.004636154,0.03346649,-0.005032836,-0.13186669,0.356326914,-0.023510899,-0.120219872,0.204726157,-0.054455654,0.428278072,-0.066847877,-0.056358187,0.333878937,0.262675624,0.396977046,0.136182732,0.314529179,-0.071354965,0.191732431,-0.099142849,0.043920366,-0.028336526,-0.056760231,0.072048758,1.003618987,0.927591524,-0.063193264,-0.067019012,-0.007324597,-0.076700209,-0.039223823,-0.061637953,-0.047131599,-0.122143948,-0.123919978,0.328894578,-0.022596958,-0.00101002,-0.142439639,0.489256206,0.124988717,-0.00885497,0.522412729,-0.127684044,-0.080386982,0.132520441,0.644165957,-0.019504453,-0.111810845,-0.011054227,0.813963105,-0.08768363,-0.049587095,-0.038459022,0.499152701,-0.048403983,0.256679413,0.856101372,-0.123529648,-0.052425304,-0.127266407,-0.065472422,-0.154990012,0.615063881,-0.071692101,-0.064733149,0.911808439,0.887021448,0.445973316,0.114204184,-0.032057286,-0.007788993,-0.079720691,-0.106867713,0.125445191,-0.125517371,-0.102880463,-0.069319591,-0.111836945,-0.13948029,-0.080802937
2010/11/07,1.04077081,-0.083977948,-0.059765397,0.056457554,-0.00761582,-0.012028357,0.584077261,-0.080599764,-0.116496188,0.039513625,0.056966606,-0.010715993,-0.142862423,-0.047348338,0.36912192,0.085890412,0.080808593,0.026778549,-0.036734033,-0.039694826,0.335088297,-0.172243379,1.00833984,0.082095289,-0.06190118,0.099931076,0.456521766,-0.107313595,-0.035398587,0.059395204,-0.16883722,-0.113036654,-2.20E-04,-0.064952046,0.697365648,-0.074997605,-0.016492147,-0.083003308,0.017045244,1.072471401,0.054253505,0.309262621,-0.180764284,0.609723289,0.310426853,0.432254264,0.129860038,-0.099085689,-0.050186409,-0.058334401,-0.109548781,-0.089967677,0.276373292,-0.068613632,-0.067732139,-0.025467709,-0.106922282,-0.039402257,-0.035474745,0.030222326,-0.122166358,-0.121327588,-0.051831956,0.45594326,-0.041562369,-0.081971988,-0.073628324,-0.068861268,0.032121923,0.874224162,-0.119188448,-0.066623201,-0.13631046,-0.003568392,0.170760612,-0.197804852,-0.068761161,-0.153741854,0.439447871,-0.086066127,0.143287417,0.563557053,-0.101912448,0.522435287,0.47972152,-0.058786057,-0.052383496,-0.180972417,0.456290877,0.234195852,0.33486509,-0.070457081,-0.129401116,-0.061921689,1.233710686,0.229835149,-0.087976941,-0.047484427,-0.1123233,-0.180673202,-0.071997499,0.055493809,0.13723875,-0.076378993,-0.105943923,0.240732331,0.364596362,-0.073520746
2010/11/21,-0.054024469,-0.094913243,-0.068142653,-0.175859108,-0.11522706,-0.099767197,-0.137038215,-0.39243215,-0.116496188,-0.06226948,-0.076409146,-0.131144227,-0.142862423,-0.186399165,-0.204719826,-0.107419101,-0.107191453,-0.125253122,-0.064680709,-0.08624063,-0.214259585,-0.071996485,-0.074941644,-0.132459945,-0.06190118,-0.288250359,-0.176611253,3.161399232,-0.166203762,-0.190159297,-0.183536782,-0.176966408,-0.088622261,-0.168077708,-0.139696072,-0.19814998,-0.400671753,-0.247677772,-0.1241152,-0.138720218,-0.210689868,-0.222847048,-0.282924878,-0.331051476,-0.115045306,-0.16632463,-0.145769598,-0.200900416,-0.052076453,-0.058334401,-0.306173263,-0.117447798,-0.094132357,-0.07889364,-0.068933689,-0.108252557,-0.106922282,-0.040060342,-0.102713986,-0.091115427,-0.12217926,-0.124927466,-0.137818369,-0.198186505,-0.27831091,-0.21150647,-0.085306426,-0.072286843,-0.104109844,-0.225210697,-0.130138537,-0.160467164,-0.209991459,-0.246123384,-0.207041967,-0.275221638,-0.070981797,-0.343511689,-0.089972778,-0.095493748,-0.202268101,0.124314967,-0.101912448,-0.111478542,-0.180776007,-0.192549632,-0.052437057,-0.215399346,-0.186887135,-0.275152965,-0.225693664,-0.091125796,-0.129401116,-0.230512847,-0.33637994,-0.161492635,-0.188668509,-0.047999271,-0.224540743,-0.227692469,-0.120921906,-0.100681083,-0.144248806,-0.296625534,-0.151956182,-0.121293958,-0.238289203,-0.171091077
2010/12/07,0.002966,-0.060892323,-0.065643146,0.178147234,0.050639559,-0.099767197,-0.125722498,-0.185342271,-0.116496188,0.906469113,-0.076409146,0.196843497,-0.084931958,-0.186399165,-0.18480341,0.555536838,-0.016136868,0.133324617,-0.058930087,-0.060714878,0.005406591,0.165206868,-0.048215606,-0.128729198,-0.052331491,-0.035213571,-0.147995072,-0.209551952,-0.116792466,-0.042957302,0.240228114,-0.155089605,0.293465023,0.59247965,0.001503568,-0.113679696,0.087850847,0.330127364,-0.105293808,0.034927326,-0.210689868,-0.079378883,-0.246663582,-0.232113995,0.66381723,-0.082845551,0.014856031,-0.200900416,-0.036512165,-0.05799804,0.084060098,-0.117447798,0.268955627,0.008197542,-0.067902415,-0.068290619,-0.05095548,-0.039721539,-0.04124399,-0.076152645,-0.122175732,-0.115948571,-0.127424881,0.332294402,0.300482019,-0.17540145,-0.085306426,-0.067623655,-0.05769233,-0.066333313,-0.007449218,-0.160467164,-0.064044072,0.022561436,-0.102829257,0.055564845,-0.041889564,-0.192251923,-0.070077699,-0.086874209,0.151858496,-0.086361244,-0.073601091,-0.098787322,0.253394503,0.01300407,-0.05198646,-0.096052658,-0.186887135,0.828007601,-0.142647923,-0.010455652,-0.129401116,-0.142376693,0.005439154,0.506965192,0.026496403,-0.047691921,-0.167747329,-0.183175962,0.159498035,-0.090729032,0.641500654,-0.284758646,-0.150529446,-0.113632026,-0.058546923,-0.171091077
2010/12/21,-0.052689985,-0.094913243,-0.066675551,0.291660137,-0.033711623,-0.089856759,-0.008972433,-0.016051396,0.016308417,-0.058544462,-0.074408962,1.079837783,0.04415223,-0.179364182,-0.090416915,-0.077815672,-0.099902454,-0.078086292,-0.064680709,-0.028417109,-0.147459484,0.600002606,-0.06465793,-0.118445314,1.090143767,-0.054562538,-0.059589801,-0.014730094,-0.160579077,-0.113329805,0.081704283,0.953792745,0.979694036,-0.098717356,-0.139696072,-0.093056056,0.0063284,0.092691139,-0.050466273,-0.121247608,-0.049419989,0.787667859,-0.279396229,0.35752226,0.273761499,0.532545071,0.029099134,-0.200900416,1.091700385,-0.058334401,-0.183093171,-0.111075596,0.049998547,-3.92E-04,-0.068308255,-0.075592408,-0.106922282,-0.040023055,-0.026657036,-0.066898274,-0.122148488,-0.107786957,-0.120189484,0.308900523,-0.115971062,-0.091175824,0.039259998,-0.067855782,0.134731242,-0.146181784,0.149813212,0.133305242,0.196784238,0.05914975,-0.160888354,0.088072757,-0.059625041,-0.105886853,-0.072758597,0.558354543,0.221596981,0.099825831,-0.085294913,0.365460183,4.11E-04,0.267260197,-0.052337823,-0.021411084,0.180397318,1.391714964,0.082418072,0.242676497,0.111932238,-0.177157098,0.054037489,-0.035911157,-0.176122902,-0.047961124,-0.099348015,-0.103452865,-0.104530771,-0.096687034,0.033901838,-0.228119844,-0.06962727,-0.121293958,0.263792617,-0.171091077
2011/01/07,-0.022769198,-0.094913243,-0.065158547,-0.024142104,-0.111411726,-0.091045,-0.075674276,-0.034500565,0.487691796,0.007385339,0.016225219,0.113852068,-0.031139384,-0.166895932,-0.151067439,-0.037669363,-0.091737965,0.2753543,-0.025203862,-0.07724285,-0.12791417,-0.147272001,-0.020535067,-0.119029257,-0.057799885,0.482831131,-0.071490586,-0.207370439,-0.121394409,0.314731262,-0.183536782,-0.114599059,-0.056114906,0.255390656,0.106312396,0.694290665,0.595731098,0.038158891,-0.1241152,-0.138720218,-0.210689868,-0.118965989,-0.264618351,0.655591564,0.041553261,-0.059803636,-0.088987884,0.286702082,-0.048002501,-0.02835022,-0.234676168,-0.117447798,-0.002109306,0.007313475,-0.067494337,-0.001447107,-0.022972078,-0.03951049,7.35E-05,0.767490406,-0.114808273,-0.093363126,-0.078953722,-0.078971588,0.018984235,-0.189374332,0.097729952,0.305303753,-0.060379333,-0.096613991,-0.117323473,-0.160467164,-0.184361321,-0.193806711,-0.080668979,0.01842048,-0.060105211,-0.203351267,0.419635147,0.961572576,-0.022654071,0.226293305,-0.092812369,0.869756504,-0.117222648,0.429496069,-0.052431227,-0.038346567,0.103136769,0.69698637,0.418767652,-0.086163592,-0.021621171,-0.139102625,0.002482729,0.131779045,-0.171492975,-0.047727705,0.11690811,-0.056631476,-0.119532748,-0.089235428,-0.104194914,-0.266773797,-0.043143728,-0.107221022,-0.027978508,-0.171091077
2011/01/21,-0.054024469,-0.094913243,-0.068142653,-0.175859108,-0.11522706,-0.099767197,-0.137038215,-0.33819388,-0.116496188,-0.06226948,-0.076409146,-0.131144227,-0.142862423,-0.186399165,-0.204719826,-0.107419101,-0.107191453,-0.125253122,-0.064680709,-0.08624063,-0.312960679,-0.219035474,-0.074941644,-0.132459945,-0.06190118,-0.288250359,-0.176611253,-0.272537745,-0.166203762,-0.190159297,-0.183536782,-0.176966408,-0.088622261,-0.168077708,-0.139696072,-0.19814998,-0.400671753,-0.247677772,-0.1241152,-0.138720218,-0.210689868,-0.222847048,-0.282924878,-0.331051476,-0.115045306,-0.16632463,-0.145769598,-0.200900416,-0.052076453,-0.058334401,-0.306173263,-0.117447798,-0.094132357,-0.07889364,-0.068933689,-0.108252557,-0.106922282,-0.040060342,-0.102713986,-0.091115427,-0.12217926,-0.124927466,-0.137818369,-0.198186505,-0.27831091,-0.21150647,-0.085306426,-0.072286843,-0.104109844,-0.225210697,-0.130138537,-0.160467164,-0.209991459,-0.246123384,-0.207041967,-0.275221638,-0.070981797,-0.343511689,-0.089972778,0.680264814,-0.202268101,-0.504890309,-0.101912448,-0.111478542,-0.14942586,-0.192549632,-0.052437057,-0.215399346,-0.186887135,-0.254195003,2.15495092,-0.091125796,-0.129401116,-0.230512847,-0.355505897,-0.161492635,-0.188668509,-0.047999271,-0.224540743,-0.227692469,-0.120921906,-0.100681083,-0.144248806,-0.312647357,-0.151956182,-0.121293958,-0.238289203,-0.171091077
2011/02/07,-0.054024469,-0.094913243,-0.068142653,-0.175859108,-0.11522706,-0.099767197,-0.137038215,-0.39243215,-0.116496188,-0.06226948,-0.076409146,-0.131144227,-0.142862423,-0.186399165,-0.204719826,-0.107419101,-0.107191453,-0.125253122,-0.064680709,-0.08624063,-0.097677857,-0.170022478,0.045325526,-0.132459945,-0.06190118,-0.288250359,-0.176611253,-0.272537745,-0.166203762,-0.190159297,-0.183536782,-0.176966408,-0.088622261,-0.168077708,-0.139696072,0.206536552,2.76057758,-0.247677772,-0.1241152,-0.138720218,-0.210689868,-0.222847048,-0.282924878,-0.331051476,-0.115045306,-0.16632463,-0.145769598,0.962696455,-0.052076453,-0.058334401,-0.306173263,-0.117447798,-0.094132357,-0.07889364,-0.068933689,-0.012602244,-0.106922282,-0.040060342,-0.102713986,-0.091115427,-0.12217926,-0.124927466,-0.137818369,-0.198186505,-0.181307667,-0.21150647,-0.085306426,-0.072286843,-0.104109844,-0.225210697,-0.107494443,-0.160467164,-0.209991459,-0.160672818,-0.207041967,-0.268772342,-0.070981797,0.957767177,-0.089972778,-0.095493748,-0.202268101,-0.295155217,-0.101912448,-0.111478542,-0.180776007,-0.192549632,-0.052437057,3.915832148,-0.186887135,1.790370603,-0.225693664,-0.091125796,-0.129401116,-0.230512847,-0.355505897,-0.161492635,-0.188668509,-0.047999271,-0.224540743,-0.227692469,-0.120921906,-0.100681083,-0.144248806,-0.299940394,-0.151956182,-0.121293958,-0.238289203,-0.171091077
2011/02/21,-0.054024469,-0.094913243,-0.068142653,-0.175859108,-0.11522706,-0.099767197,-0.137038215,-0.358533231,-0.116496188,-0.06226948,-0.076409146,-0.131144227,-0.142862423,-0.186399165,-0.204719826,-0.107419101,-0.107191453,-0.125253122,-0.064680709,-0.08624063,-0.010956787,-0.219035474,-0.029841455,-0.132459945,-0.06190118,-0.288250359,-0.176611253,-0.272537745,-0.166203762,-0.162245791,-0.183536782,-0.176966408,-0.088622261,2.705861043,-0.139696072,0.062005648,4.341202247,1.000381323,-0.1241152,-0.138720218,-0.210689868,-0.222847048,-0.282924878,-0.331051476,-0.115045306,-0.16632463,-0.145769598,-0.200900416,-0.052076453,-0.058334401,-0.306173263,-0.117447798,-0.094132357,-0.07889364,-0.068933689,-0.108252557,-0.106922282,-0.040060342,-0.102713986,-0.091115427,-0.12217926,-0.124927466,-0.137818369,-0.198186505,-0.27831091,-0.21150647,0.475242483,-0.072286843,-0.104109844,-0.225210697,-0.130138537,-0.160467164,-0.209991459,-0.246123384,-0.207041967,-0.258023515,-0.070981797,0.632447461,-0.089972778,-0.095493748,-0.202268101,0.438917605,-0.101912448,-0.111478542,-0.180776007,-0.084488174,-0.052437057,4.122393723,-0.186887135,2.435410094,-0.225693664,-0.089084441,-0.129401116,-0.230512847,-0.348349708,-0.161492635,-0.188668509,-0.047999271,-0.224540743,0.101907936,-0.120921906,-0.100681083,-0.144248806,-0.26278634,-0.151956182,-0.121293958,0.300937637,-0.171091077
2011/03/07,-0.054024469,-0.094913243,-0.068142653,-0.175859108,-0.11522706,-0.099767197,-0.137038215,-0.270396043,-0.116496188,-0.06226948,0.344200944,-0.131144227,-0.142862423,-0.186399165,-0.204719826,-0.107419101,-0.107191453,-0.125253122,-0.064680709,-0.08624063,0.428906786,-0.145515979,-0.074941644,-0.132459945,-0.06190118,-0.288250359,-0.176611253,-0.272537745,-0.166203762,-0.190159297,-0.183536782,-0.176966408,-0.088622261,1.659142298,-0.139696072,-0.19814998,1.179952914,2.248440417,-0.1241152,-0.138720218,-0.210689868,1.899695679,-0.282924878,-0.331051476,-0.07301587,-0.16632463,0.07453013,-0.200900416,-0.052076453,-0.058334401,-0.227084085,-0.117447798,-0.094132357,-0.07889364,-0.068933689,-0.018580388,-0.106922282,-0.040060342,-0.102713986,-0.091115427,-0.12217926,-0.032389349,-0.137818369,-0.198186505,-0.132806045,-0.21150647,-0.085306426,-0.072286843,-0.104109844,-0.225210697,0.077577483,-0.160467164,-0.209991459,-0.246123384,-0.207041967,-0.275221638,-0.070981797,-0.343511689,-0.089972778,-0.095493748,-0.202268101,0.753520243,-0.101912448,-0.111478542,0.845941311,0.218428785,-0.052437057,-0.215399346,-0.186887135,1.726332387,1.961177523,-0.091125796,-0.129401116,0.129414903,-0.355505897,-0.161492635,-0.188668509,-0.047999271,-0.224540743,-0.227692469,-0.120921906,-0.100681083,-0.144248806,-0.115965671,-0.151956182,-0.121293958,1.379391319,-0.171091077
2011/03/21,-0.053567313,-0.05824784,-0.05896799,-0.152432218,0.031193279,-0.081676714,-0.053925264,0.27045904,-0.042091557,-0.031764425,-0.076409146,-0.028876637,-0.002743111,-0.054338059,-0.191100512,-0.092803778,-0.102743027,-0.045701666,-0.064680709,-0.08624063,-0.13141132,0.044182636,-0.056208853,-0.04630768,-0.035865644,0.274993292,0.14532079,-0.137560078,-0.139341985,-0.151432683,0.31074897,-0.008259066,-0.08308051,-0.136611687,0.757425923,-0.028029625,-0.094496162,-0.018866938,0.394328615,-0.138720218,0.38543272,-0.156584588,0.419233781,-0.005080368,-0.10695464,-0.159010951,0.072545547,0.090137325,-0.049504346,-0.035908273,-0.054121741,0.055235152,-0.089056721,0.024685226,0.343822717,-0.017532754,0.012706758,-0.039200174,-0.080399295,-0.069773136,0.303337412,0.286356209,-0.070902248,-0.171341234,-0.011599541,-0.109692035,-0.082192266,-0.070211904,-0.049789756,-0.146445214,-0.115658176,-0.160467164,0.068294562,-0.144472815,0.209570748,0.592562972,-0.06565227,-0.182011616,-0.088888901,-0.064786639,-0.112211725,0.267047889,0.179060076,-0.107109455,0.230871563,-0.146102302,-0.049107062,-0.087108407,-0.003121989,-0.202232689,-0.128422495,-0.019448065,-0.023192962,0.418112204,0.134336204,-0.14572266,-0.188668509,-0.047914783,0.337424067,-0.071856272,0.151353057,-0.100576319,-0.046927778,-0.065989076,-0.099482844,-0.012932348,-0.226658821,-0.028671191
2011/04/07,-0.054024469,-0.08246383,-0.068142653,-0.038000869,-0.102576216,0.042194386,0.068700644,0.11076108,-0.012570691,-0.018019024,-0.076409146,-0.125506127,-0.082703864,0.073071623,-0.078786794,-0.107419101,-0.107191453,-0.101817011,-0.06089608,-0.08624063,-0.187145062,-0.111700603,-0.066268531,0.743737449,-0.06190118,0.060117596,-0.028970624,-0.223930736,0.160809175,-0.103066771,-0.164610009,0.122670209,-0.083185425,0.197471787,-0.122938312,-0.052856715,0.284748089,-0.006904467,-0.006843446,-0.030524441,-0.063952,-0.116719912,0.131257703,-0.306402692,-0.105335429,-0.165199449,-0.063800526,0.479356216,-0.051778075,-0.047630913,-0.110478247,-0.108992376,-0.092557766,0.054818348,0.908890935,0.035087145,-0.106922282,-0.039845943,-0.056968804,-0.078556297,1.155071661,-0.079139746,-0.075712132,-0.086919249,0.047660406,-0.151015114,-0.085306426,-0.069898012,-0.02895508,-0.199244054,0.24295865,-0.010316823,0.252124532,-0.223665222,0.387559144,0.929863664,-0.069159736,-0.164824174,-0.082726605,-0.083890522,-0.122416025,-0.077391804,-0.072512193,-0.111275197,-0.110162815,-0.18781661,-0.052188976,-0.151841938,-0.158615574,-0.26683207,0.021669078,-0.089210063,0.181502569,0.266299514,-0.116615449,-0.035800848,-0.185585721,-0.047999271,-0.034434714,-0.034012242,-0.100975022,-0.09936025,-0.087270256,0.129905944,-0.123970193,0.047841087,-0.045708189,0.157946099
2011/04/21,-0.054024469,-0.094913243,-0.068142653,-0.175859108,-0.11522706,-0.099767197,-0.137038215,-0.39243215,-0.116496188,-0.06226948,-0.076409146,-0.131144227,-0.142862423,-0.186399165,-0.204719826,-0.107419101,-0.107191453,-0.125253122,-0.064680709,-0.08624063,-0.312960679,-0.145515979,-0.074941644,-0.132459945,-0.06190118,-0.288250359,-0.176611253,-0.272537745,-0.166203762,-0.190159297,-0.183536782,-0.176966408,-0.088622261,-0.168077708,-0.139696072,-0.19814998,-0.400671753,-0.247677772,-0.1241152,-0.138720218,-0.210689868,-0.222847048,-0.282924878,-0.331051476,-0.115045306,-0.16632463,-0.145769598,-0.200900416,-0.050548234,-0.058334401,-0.306173263,-0.117447798,-0.094132357,-0.07889364,-0.068933689,-0.108252557,-0.106922282,-0.040060342,-0.102713986,-0.091115427,-0.12217926,-0.124927466,-0.137818369,-0.198186505,-0.27831091,-0.21150647,-0.085306426,-0.072286843,-0.104109844,-0.225210697,-0.130138537,-0.160467164,-0.209991459,-0.246123384,-0.207041967,-0.266622577,-0.070981797,-0.343511689,-0.089972778,-0.095493748,-0.202268101,-0.504890309,-0.101912448,-0.111478542,-0.180776007,-0.192549632,-0.052437057,-0.215399346,-0.186887135,-0.275152965,-0.225693664,-0.091125796,-0.129401116,-0.230512847,-0.355505897,-0.161492635,-0.188668509,-0.047999271,-0.224540743,-0.227692469,-0.120921906,-0.100681083,-0.144248806,-0.312647357,-0.151956182,-0.121293958,-0.238289203,-0.171091077
2011/05/07,-0.054024469,-0.094913243,-0.068142653,-0.175859108,-0.11522706,-0.099767197,-0.137038215,-0.39243215,-0.116496188,-0.06226948,-0.076409146,-0.131144227,-0.142862423,-0.186399165,-0.204719826,-0.107419101,-0.107191453,-0.125253122,-0.064680709,-0.08624063,-0.312960679,-0.219035474,-0.074941644,-0.132459945,-0.06190118,-0.288250359,-0.176611253,-0.272537745,-0.166203762,-0.190159297,4.701240841,-0.176966408,-0.088622261,-0.168077708,-0.139696072,-0.19814998,-0.400671753,-0.247677772,-0.1241152,-0.138720218,-0.210689868,-0.222847048,-0.282924878,-0.331051476,-0.115045306,-0.16632463,0.147963372,-0.200900416,-0.052076453,-0.058334401,-0.306173263,-0.117447798,-0.094132357,-0.07889364,-0.068933689,-0.108252557,-0.106922282,-0.040060342,-0.102713986,-0.091115427,-0.12217926,-0.124927466,-0.137818369,-0.198186505,-0.27831091,-0.21150647,-0.085306426,-0.072286843,-0.104109844,-0.225210697,-0.130138537,-0.160467164,-0.209991459,-0.246123384,-0.207041967,-0.275221638,-0.070981797,-0.343511689,-0.089972778,-0.095493748,-0.202268101,-0.504890309,-0.101912448,-0.111478542,-0.180776007,-0.192549632,-0.050233384,-0.215399346,-0.186887135,-0.275152965,-0.225693664,-0.091125796,-0.129401116,-0.230512847,-0.355505897,-0.161492635,-0.188668509,-0.047999271,-0.224540743,-0.138309308,-0.120921906,-0.100681083,-0.144248806,-0.314857264,-0.151956182,-0.121293958,-0.238289203,-0.171091077
2011/05/21,-0.054024469,-0.094913243,-0.068142653,-0.175859108,-0.11522706,-0.099767197,0.981783372,-0.39243215,-0.116496188,-0.06226948,-0.076409146,-0.131144227,-0.142862423,-0.186399165,-0.204719826,-0.107419101,-0.107191453,-0.125253122,-0.064680709,-0.08624063,-0.310815003,-0.219035474,-0.074941644,-0.132459945,-0.06190118,-0.288250359,-0.176611253,-0.272537745,-0.166203762,-0.190159297,-0.183536782,-0.176966408,-0.088622261,-0.168077708,-0.139696072,-0.19814998,-0.400671753,-0.247677772,-0.1241152,-0.138720218,-0.210689868,-0.222847048,-0.282924878,-0.331051476,-0.115045306,-0.16632463,0.147963372,-0.200900416,-0.051885425,-0.058334401,-0.306173263,-0.117447798,-0.094132357,-0.07889364,-0.068933689,-0.108252557,-0.106922282,-0.040060342,-0.102713986,-0.091115427,-0.12217926,-0.124927466,-0.137818369,-0.198186505,-0.132806045,-0.21150647,-0.085306426,-0.072286843,-0.104109844,-0.225210697,-0.124912977,-0.160467164,-0.209991459,-0.246123384,-0.207041967,-0.275221638,-0.070981797,-0.343511689,-0.089972778,-0.095493748,-0.202268101,-0.504890309,-0.101912448,-0.111478542,-0.180776007,-0.192549632,-0.052437057,-0.215399346,-0.186887135,-0.275152965,-0.225693664,-0.091125796,-0.129401116,-0.230512847,-0.354479,-0.161492635,-0.188668509,-0.047999271,-0.224540743,-0.227692469,-0.120921906,-0.100681083,-0.144248806,-0.312647357,-0.151956182,-0.121293958,0.840164478,-0.171091077
2011/06/07,-0.053386997,-0.063419592,-0.044893483,0.397631166,-0.079045647,-0.09651091,-0.130511755,-0.275651128,-0.088300749,-0.06226948,0.086051501,-0.126013556,-0.142862423,0.036041707,0.712550645,-0.107419101,-0.106622055,-0.115070536,-0.064680709,-0.08624063,-0.265269097,-0.184889753,-0.071333629,-0.126550442,-0.05759482,-0.250984941,-0.176611253,-0.1016585,0.156698155,-0.141738668,-0.134544272,-0.155574507,-0.087960293,-0.13653497,-0.135339054,-0.111315813,-0.22680304,-0.207739881,-0.02247968,-0.037448971,-0.210689868,-0.222847048,-0.105215278,-0.285389603,-0.111458794,-0.144895551,-0.090694666,-0.186937253,-0.051938404,-0.057389899,-0.045829267,-0.082639645,-0.091929981,-0.078146003,-0.064133315,-0.073591275,-0.082744623,-0.039822503,-0.095777305,-0.087196978,-0.122168251,-0.124402661,-0.130408913,-0.145612727,-0.235467811,-0.003820952,-0.070358455,-0.071757844,-0.090136409,-0.130692118,-0.113232398,-0.160467164,-0.133560061,-0.027256001,-0.185811305,-0.246551889,-0.070981797,0.226448454,-0.088147112,-0.087736163,-0.202268101,-0.29302291,-0.094268382,-0.110820609,-0.177849993,-0.174162324,-0.051976734,-0.215399346,0.318834547,-0.273838435,-0.216835452,-0.090390908,0.032268801,-0.191480682,-0.277077464,-0.145673915,-0.17905021,-0.047424758,-0.17129908,-0.199804923,-0.102134934,0.154101844,-0.138798829,-0.241785598,-0.112920666,-0.092922918,-0.195151056,-0.036209852
2011/06/21,-0.049718036,-0.088485967,-0.068142653,0.222398027,-0.10980527,-0.095503012,-0.103232551,-0.298242966,0.031673722,-0.044995085,-0.048243292,-0.131144227,-0.114931663,-0.13779587,0.467459225,-0.107419101,-0.094608763,-0.120057925,-0.052305575,-0.085740753,-0.291806625,0.292140903,-0.074941644,-0.111354579,-0.057799885,0.448502161,-0.12405092,-0.032095414,0.032721163,-0.124422673,-0.043971707,-0.166041477,-0.088411174,-0.160603204,-0.139696072,-0.14783946,-0.370564617,-0.230697376,-0.1241152,-0.111928883,-0.210689868,-0.19252501,0.15622838,-0.297209701,-0.112672216,-0.151906235,-0.105264754,-0.167654791,-0.051831334,-0.057531253,-0.159078154,0.203880596,-0.093821708,-0.076223508,-0.061826477,-0.081952787,-0.092530819,-0.039688718,-0.095340813,-0.088511807,-0.12213994,-0.124383039,-0.124468768,-0.183284641,-0.200898033,-0.093892896,-0.073866653,-0.070944806,-0.091262407,-0.19306152,-0.115832825,-0.133654603,-0.16894446,-0.216608061,-0.191245344,-0.220769907,-0.070981797,0.201564816,-0.089972778,-0.095493748,-0.202268101,-0.355222206,0.041413797,-0.10729303,-0.180042904,-0.141570726,-0.052353108,-0.215399346,-0.186887135,-0.274064672,-0.185708678,-0.088948351,-0.129401116,-0.230512847,-0.34713825,-0.159063464,0.113424597,-0.046528288,-0.182576688,-0.095994185,-0.118838169,-0.099081828,-0.084995527,-0.169965453,-0.135010044,-0.106517375,-0.202340747,0.071042641
2011/07/07,-0.053316166,-0.071480467,-0.043076163,-0.175859108,1.171743282,-0.050845363,-0.010970996,-0.301008057,-0.090062964,-0.059970871,-0.076409146,-0.129311844,-0.142862423,-0.117357721,-0.131313606,-0.102793592,-0.105825151,-0.11737374,-0.060355419,-0.083721251,-0.264018321,-0.069108219,-0.055612992,-0.131596543,-0.06190118,-0.288250359,-0.121422903,-0.026468129,0.195879644,-0.077142826,-0.011794204,-0.138641445,-0.08294825,-0.158051335,-0.139696072,-0.069744595,-0.358333592,-0.206075802,-0.105966,-0.138720218,-0.210689868,-0.162202971,0.022524621,-0.267880164,-0.110870382,-0.161058781,-0.131969394,-0.165992509,-0.052018462,-0.058334401,-0.172230092,-0.007527316,-0.093535911,-0.07889364,-0.068554379,-0.096108383,-0.106922282,-0.040060342,-0.07923043,-0.089162712,-0.122130601,-0.122918952,-0.098904185,0.05216482,-0.237976615,-0.156852386,-0.05327506,-0.070120788,-0.0943156,-0.090184155,-0.125885616,-0.160467164,-0.203889001,-0.125928007,-0.164391084,-0.251068588,-0.063875761,0.032464955,-0.085339979,-0.095493748,-0.187760814,-0.375659785,-0.063692116,-0.095338621,-0.068046103,-0.166330085,-0.052370947,-0.215399346,0.191144023,-0.274708398,-0.18697194,-0.080102481,-0.129401116,-0.208017363,-0.349219129,-0.160547268,-0.157615144,-0.047581059,-0.118624527,-0.070618855,-0.095396128,-0.093741959,-0.102366007,-0.274415908,0.164641792,-0.079919525,-0.222882722,-0.161055271
2011/07/21,-0.049471093,-0.04492332,-0.068142653,-0.175859108,-0.114022218,-0.083668821,0.37120425,-0.258093426,-0.032581191,-0.06226948,-0.076216559,-0.128090256,-0.108486103,0.253507088,-0.190493814,-0.107419101,-0.105814559,-0.125253122,-0.055469444,-0.08624063,-0.291079729,-0.195579254,-0.069214636,0.040540102,-0.060875856,0.147802047,-0.176611253,0.31375623,-0.072771494,-0.123640627,-0.168460308,-0.130104657,-0.087637189,-0.163517132,-0.139696072,-0.113699108,-0.287769991,-0.102401052,-0.036730163,0.106867022,-0.002358327,-0.020700122,-0.031379628,-0.261506692,-0.113719933,-0.163817083,-0.03546432,-0.158419895,-0.05199607,-0.057901937,0.248979326,0.039581462,-0.091961957,-0.046184524,-0.067557288,-0.076667661,-0.106922282,-0.039931022,-0.099273172,-0.083087597,-0.122135025,-0.124681538,0.606024422,-0.198186505,-0.215226231,-0.107747731,-0.075296624,-0.07024421,-0.078534294,-0.187703324,-0.127981957,-0.117567066,-0.19793057,-0.004509039,-0.017482485,-0.240232447,-0.037989487,0.059265103,-0.084825223,-0.086258527,-0.202268101,-0.3074954,-0.026078456,-0.111478542,-0.180776007,-0.191635014,-0.052437057,-0.215399346,0.163141715,-0.275028215,0.308526712,-0.019536315,-0.119136359,-0.226227993,-0.33478074,-0.161367121,0.597512934,-0.047963062,-0.180061492,-0.119483184,-0.079594456,-0.031624583,-0.125711468,-0.225683684,-0.13565062,-0.044361906,-0.055465627,0.006465481
2011/08/07,0.052220967,1.873439979,-0.068142653,-0.175859108,-0.11522706,-0.099767197,-0.137038215,-0.378872582,0.588389794,-0.06226948,-0.076409146,-0.131144227,-0.142862423,-0.186399165,-0.204719826,-0.107419101,-0.107191453,-0.125253122,-0.064680709,-0.08624063,-0.312960679,-0.219035474,-0.074941644,-0.132459945,-0.06190118,-0.288250359,-0.176611253,-0.272537745,-0.166203762,-0.190159297,-0.183536782,-0.176966408,-0.088622261,-0.168077708,-0.139696072,-0.19814998,-0.400671753,-0.247677772,-0.1241152,-0.138720218,-0.210689868,-0.222847048,-0.282924878,-0.331051476,-0.115045306,-0.16632463,-0.145769598,-0.200900416,-0.052076453,-0.058334401,0.1683618,-0.117447798,-0.094132357,-0.07889364,-0.068933689,-0.108252557,-0.106922282,-0.040060342,-0.102713986,-0.091115427,-0.12217926,-0.124927466,-0.137818369,-0.198186505,0.594718282,-0.21150647,-0.085306426,-0.072286843,-0.104109844,-0.225210697,-0.130138537,-0.160467164,-0.207163286,0.52293171,-0.207041967,-0.226851916,-0.070981797,-0.343511689,-0.089972778,-0.095493748,-0.202268101,-0.504890309,-0.101912448,-0.111478542,-0.180776007,-0.192549632,-0.052437057,-0.215399346,-0.186887135,-0.275152965,-0.225693664,-0.091125796,-0.129401116,-0.230512847,-0.355505897,-0.161492635,-0.188668509,-0.047999271,-0.224540743,-0.160655098,-0.120921906,-0.100681083,-0.144248806,-0.312923596,-0.151956182,-0.121293958,-0.238289203,-0.171091077
2011/08/21,0.441787568,3.054451913,3.879829659,-0.175859108,-0.11522706,-0.099767197,-0.137038215,2.333040907,-0.116496188,-0.06226948,-0.076409146,0.12538929,-0.142862423,-0.186399165,1.587757645,-0.107419101,-0.107191453,-0.125253122,-0.064680709,-0.08624063,-0.224451545,0.369120482,-0.074941644,-0.132459945,-0.06190118,-0.288250359,-0.176611253,1.199149531,-0.166203762,-0.022678258,-0.183536782,0.213855807,-0.088622261,-0.168077708,-0.139696072,-0.19814998,-0.400671753,-0.247677772,-0.1241152,-0.138720218,-0.210689868,-0.222847048,-0.282924878,1.110902395,-0.115045306,-0.16632463,4.003208609,-0.200900416,-0.052076453,-0.058334401,-0.306173263,-0.117447798,-0.094132357,-0.07889364,-0.06086734,-0.090318123,-0.106922282,-0.040060342,-0.102713986,-0.091115427,-0.12217926,-0.120701981,-0.018079369,-0.198186505,0.449213417,4.307138242,-0.085306426,-0.072286843,-0.104109844,-0.225210697,-0.130138537,-0.160467164,-0.208577372,1.291986804,-0.207041967,-0.001126542,-0.070981797,-0.343511689,-0.089972778,-0.095493748,-0.202268101,-0.504890309,-0.101912448,-0.111478542,0.16799438,-0.192549632,-0.052437057,-0.215399346,-0.186887135,-0.275152965,-0.225693664,-0.091125796,-0.129401116,0.669306529,-0.308589539,-0.161492635,6.159408862,-0.047999271,-0.224540743,0.420335446,-0.120921906,-0.100681083,-0.144248806,3.426514578,-0.151956182,-0.121293958,4.614752364,-0.171091077
2011/09/07,0.052220967,-0.094913243,-0.068142653,-0.175859108,-0.11522706,-0.099767197,-0.137038215,-0.39243215,-0.116496188,-0.06226948,-0.076409146,-0.131144227,-0.142862423,-0.186399165,1.587757645,-0.107419101,-0.107191453,-0.125253122,-0.064680709,-0.08624063,-0.293649595,-0.219035474,-0.074941644,-0.132459945,-0.06190118,-0.288250359,-0.176611253,-0.272537745,-0.166203762,-0.190159297,-0.183536782,-0.123059896,-0.088622261,-0.168077708,-0.139696072,-0.19814998,-0.400671753,-0.247677772,-0.1241152,-0.138720218,-0.210689868,-0.222847048,-0.282924878,-0.331051476,-0.115045306,-0.16632463,-0.145769598,-0.200900416,-0.052076453,-0.058334401,0.642896863,-0.117447798,-0.094132357,-0.07889364,-0.068933689,-0.108252557,-0.106922282,-0.040060342,-0.102713986,-0.091115427,-0.12217926,-0.124927466,-0.121958899,-0.198186505,-0.27831091,18.58605553,-0.085306426,-0.072286843,-0.104109844,-0.225210697,-0.130138537,-0.160467164,-0.209991459,-0.246123384,-0.207041967,-0.23652586,-0.070981797,-0.343511689,-0.089972778,-0.095493748,-0.202268101,-0.504890309,-0.101912448,-0.111478542,-0.133750786,-0.192549632,-0.052437057,-0.215399346,-0.186887135,-0.275152965,-0.225693664,-0.091125796,-0.129401116,-0.230512847,-0.346777272,-0.161492635,2.119723262,-0.047999271,-0.224540743,-0.227692469,-0.120921906,-0.100681083,-0.144248806,0.741478082,-0.151956182,-0.121293958,-0.238289203,-0.171091077
2011/09/21,-0.054024469,0.298757401,-0.068142653,-0.175859108,-0.11522706,-0.099767197,-0.137038215,0.326224925,-0.116496188,-0.06226948,-0.076409146,-0.131144227,-0.142862423,-0.186399165,-0.204719826,-0.107419101,-0.107191453,-0.125253122,-0.064680709,-0.08624063,-0.202458367,-0.219035474,1.187863647,-0.132459945,-0.06190118,4.36992686,-0.176611253,0.463305893,-0.166203762,-0.190159297,-0.183536782,-0.069153384,-0.088622261,-0.168077708,-0.139696072,-0.19814998,1.179952914,-0.247677772,-0.1241152,-0.138720218,-0.210689868,-0.222847048,-0.282924878,2.552856266,-0.056204095,-0.16632463,-0.072336355,-0.200900416,-0.051885425,-0.058334401,-0.147994908,-0.117447798,-0.094132357,-0.07889364,-0.068933689,-0.108252557,-0.106922282,-0.040060342,-0.102713986,-0.091115427,-0.12217926,-0.124927466,-0.118390518,-0.198186505,-0.27831091,-0.21150647,-0.085306426,-0.072286843,-0.104109844,-0.225210697,-0.130138537,-0.160467164,-0.209991459,-0.246123384,-0.207041967,-0.194605434,-0.070981797,-0.343511689,-0.089972778,-0.095493748,-0.202268101,-0.504890309,-0.101912448,-0.111478542,-0.141588323,-0.161510703,-0.052437057,-0.215399346,-0.186887135,-0.271659971,-0.225693664,-0.091125796,-0.129401116,-0.230512847,-0.196721946,-0.161492635,-0.188668509,-0.047999271,-0.224540743,-0.205346678,-0.120921906,-0.100681083,-0.144248806,1.053903625,-0.151956182,-0.121293958,-0.238289203,-0.171091077
2011/10/07,0.016805822,-0.094913243,-0.068142653,-0.175859108,-0.11522706,-0.099767197,-0.137038215,-0.39243215,-0.116496188,-0.06226948,-0.076409146,-0.131144227,-0.142862423,-0.186399165,-0.204719826,-0.107419101,-0.107191453,-0.125253122,-0.064680709,-0.08624063,-0.312960679,-0.219035474,-0.074941644,-0.132459945,-0.06190118,-0.288250359,-0.176611253,-0.272537745,-0.166203762,0.144802781,-0.183536782,-0.176966408,-0.088622261,-0.168077708,-0.139696072,-0.19814998,-0.400671753,-0.247677772,-0.1241152,-0.138720218,-0.210689868,-0.222847048,-0.282924878,2.552856266,0.372496158,-0.16632463,-0.145769598,-0.200900416,-0.052076453,-0.058334401,-0.306173263,-0.117447798,-0.094132357,-0.07889364,-0.068933689,-0.108252557,-0.106922282,-0.040060342,-0.102713986,-0.091115427,-0.12217926,-0.124927466,-0.137818369,-0.198186505,-0.27831091,-0.21150647,-0.085306426,-0.072286843,-0.104109844,-0.225210697,-0.130138537,-0.160467164,-0.209991459,-0.246123384,-0.207041967,-0.21287844,-0.070981797,-0.343511689,-0.089972778,-0.095493748,-0.202268101,-0.504890309,-0.101912448,-0.111478542,-0.180776007,-0.192549632,-0.052437057,-0.215399346,-0.186887135,-0.275152965,-0.225693664,-0.091125796,-0.129401116,-0.230512847,-0.355505897,-0.161492635,-0.188668509,-0.047999271,-0.224540743,-0.093617728,-0.120921906,-0.100681083,-0.144248806,0.654186772,-0.151956182,-0.121293958,-0.238289203,-0.171091077
2011/10/21,-0.054024469,-0.094913243,0.151189142,-0.175859108,-0.11522706,-0.099767197,-0.137038215,0.122831413,-0.116496188,-0.06226948,-0.076409146,-0.131144227,-0.142862423,-0.186399165,-0.204719826,-0.107419101,-0.107191453,-0.125253122,-0.064680709,-0.08624063,-0.288285405,-0.219035474,-0.074941644,-0.132459945,-0.06190118,-0.288250359,-0.176611253,0.463305893,-0.166203762,-0.190159297,-0.183536782,-0.109583268,-0.088622261,-0.168077708,-0.139696072,-0.19814998,-0.400671753,-0.247677772,-0.1241152,-0.138720218,-0.210689868,-0.222847048,-0.282924878,0.38992546,0.036260665,-0.16632463,-0.145769598,-0.200900416,-0.050930289,-0.058334401,-0.306173263,-0.117447798,-0.094132357,-0.07889364,-0.068933689,-0.108252557,-0.106922282,-0.040060342,-0.102713986,-0.091115427,-0.12217926,-0.124927466,-0.132664041,-0.198186505,-0.27831091,-0.21150647,-0.085306426,-0.072286843,-0.104109844,-0.225210697,-0.130138537,-0.160467164,-0.209991459,-0.246123384,-0.207041967,-0.109689698,-0.070981797,-0.343511689,-0.089972778,-0.095493748,-0.202268101,-0.34758899,-0.101912448,-0.111478542,-0.121994481,-0.162085498,-0.052437057,-0.215399346,-0.186887135,-0.275152965,-0.225693664,-0.091125796,-0.129401116,-0.230512847,-0.330732006,-0.161492635,-0.188668509,-0.047999271,-0.224540743,-0.227692469,-0.120921906,-0.100681083,-0.144248806,0.002816807,-0.151956182,-0.121293958,-0.238289203,-0.171091077
2011/11/07,-0.030414372,-0.094913243,0.078078543,-0.175859108,-0.11522706,-0.099767197,-0.137038215,-0.274915898,-0.116496188,-0.06226948,-0.076409146,-0.131144227,-0.142862423,-0.186399165,-0.204719826,-0.107419101,-0.107191453,-0.125253122,-0.064680709,-0.08624063,-0.311172616,-0.071996485,-0.074941644,-0.132459945,-0.06190118,-0.288250359,-0.176611253,0.21802468,-0.166203762,-0.190159297,-0.183536782,-0.141028733,-0.088622261,-0.168077708,-0.139696072,-0.140337618,-0.400671753,-0.247677772,1.569810135,-0.138720218,-0.210689868,-0.222847048,-0.282924878,-0.331051476,-0.115045306,-0.16632463,-0.145769598,-0.200900416,-0.050357206,-0.058334401,2.013775932,-0.117447798,-0.094132357,-0.07889364,-0.068933689,-0.108252557,-0.106922282,-0.040060342,-0.102713986,-0.091115427,-0.12217926,-0.124927466,-0.134646475,-0.198186505,0.497715038,0.167198992,-0.085306426,-0.072286843,-0.104109844,-0.225210697,0.057981632,-0.160467164,-0.209991459,-0.246123384,-0.207041967,0.141832861,-0.070981797,-0.343511689,-0.089972778,-0.095493748,-0.202268101,-0.504890309,-0.101912448,-0.111478542,-0.162488421,-0.192549632,-0.052437057,-0.215399346,-0.186887135,-0.275152965,-0.225693664,-0.091125796,-0.129401116,-0.230512847,-0.249222056,-0.161492635,-0.044394024,-0.047999271,-0.224540743,-0.227692469,-0.120921906,-0.100681083,-0.144248806,-0.306201796,-0.151956182,-0.121293958,-0.238289203,-0.171091077
2011/11/21,-0.042219421,-0.094913243,-0.068142653,-0.175859108,-0.11522706,-0.099767197,-0.137038215,-0.030843684,1.763199764,-0.06226948,-0.076409146,-0.131144227,-0.142862423,-0.186399165,-0.204719826,-0.107419101,-0.107191453,-0.125253122,-0.064680709,-0.08624063,-0.308669327,0.491652973,-0.074941644,-0.132459945,-0.06190118,-0.288250359,-0.176611253,-0.272537745,-0.166203762,-0.190159297,-0.183536782,-0.09610664,-0.088622261,-0.168077708,-0.139696072,-0.140337618,-0.400671753,-0.247677772,-0.1241152,-0.138720218,-0.210689868,-0.222847048,-0.282924878,-0.331051476,-0.109441381,-0.16632463,-0.145769598,-0.200900416,-0.048510608,-0.058334401,-0.200721026,-0.117447798,-0.094132357,-0.07889364,-0.068933689,-0.108252557,-0.106922282,-0.040060342,-0.102713986,-0.091115427,-0.12217926,-0.124927466,-0.123016197,-0.198186505,-0.181307667,0.098343453,-0.085306426,-0.072286843,-0.104109844,-0.225210697,-0.130138537,-0.160467164,-0.209991459,-0.246123384,-0.207041967,0.720119769,-0.070981797,-0.343511689,-0.089972778,-0.095493748,-0.202268101,-0.504890309,-0.101912448,-0.111478542,-0.180776007,-0.187951272,-0.052437057,-0.215399346,-0.186887135,-0.275152965,-0.225693664,-0.091125796,-0.129401116,-0.230512847,-0.168097192,-0.161492635,-0.188668509,-0.047999271,-0.224540743,-0.227692469,-0.120921906,-0.100681083,-0.144248806,-0.266791796,-0.151956182,-0.121293958,-0.238289203,-0.171091077
2011/12/07,-0.048121945,-0.094913243,-0.068142653,-0.175859108,-0.11522706,-0.099767197,-0.137038215,-0.302035033,-0.116496188,-0.06226948,-0.076409146,-0.131144227,-0.142862423,-0.186399165,-0.204719826,-0.107419101,-0.107191453,-0.125253122,-0.064680709,-0.08624063,-0.29829856,-0.182275727,-0.074941644,-0.132459945,-0.06190118,-0.288250359,-0.176611253,0.299785084,-0.166203762,-0.190159297,-0.183536782,-0.158997571,-0.088622261,-0.168077708,-0.139696072,-0.19814998,-0.400671753,-0.247677772,-0.1241152,-0.138720218,-0.210689868,-0.222847048,-0.282924878,-0.331051476,-0.084223719,-0.16632463,-0.145769598,-0.200900416,-0.05182175,-0.058334401,-0.147994908,-0.117447798,-0.094132357,-0.07889364,-0.068933689,-0.102274412,-0.106922282,-0.040060342,-0.102713986,-0.091115427,-0.12217926,-0.124927466,-0.115482949,-0.198186505,3.238056669,-0.108223162,-0.085306426,-0.072286843,-0.104109844,-0.225210697,0.095431481,-0.160467164,-0.209991459,-0.246123384,-0.207041967,1.175511752,-0.070981797,-0.343511689,-0.089972778,-0.095493748,-0.202268101,-0.452456536,-0.101912448,-0.111478542,-0.180776007,0.029321234,-0.052437057,-0.215399346,-0.186887135,-0.230326213,-0.225693664,-0.091125796,-0.129401116,-0.230512847,-0.146061693,-0.161492635,-0.188668509,-0.047999271,-0.224540743,-0.227692469,-0.120921906,-0.100681083,-0.144248806,-0.203349061,-0.151956182,-0.121293958,-0.058546923,-0.171091077
2011/12/21,-0.054024469,-0.094913243,-0.068142653,-0.175859108,-0.11522706,-0.099767197,-0.137038215,-0.070015768,-0.116496188,-0.06226948,-0.076409146,-0.131144227,-0.142862423,-0.024594566,0.273274166,-0.107419101,-0.107191453,-0.125253122,-0.064680709,-0.08624063,0.35529818,0.001523009,-0.054897116,-0.132459945,-0.06190118,-0.288250359,-0.176611253,-0.218030809,-0.166203762,-0.190159297,1.01051997,-0.123059896,-0.088622261,-0.168077708,-0.139696072,-0.19814998,-0.400671753,-0.247677772,-0.1241152,-0.138720218,-0.210689868,-0.222847048,-0.282924878,-0.331051476,-0.055270108,-0.16632463,0.090848628,-0.200900416,-0.051630722,-0.058334401,-0.042542672,-0.117447798,-0.094132357,-0.07889364,-0.068933689,-0.096296268,-0.106922282,-0.040060342,-0.102713986,-0.091115427,-0.12217926,-0.124927466,-0.055349124,-0.198186505,0.222872515,0.23605453,0.163826422,-0.070040564,-0.104109844,-0.225210697,0.751529604,-0.160467164,-0.209362976,-0.18915634,-0.207041967,1.009860381,-0.070981797,-0.343511689,-0.089972778,0.335483231,-0.202268101,0.264138362,-0.101912448,-0.111478542,0.353047332,0.100595813,-0.052437057,-0.215399346,-0.186887135,0.799912853,-0.225693664,-0.091125796,-0.129401116,-0.230512847,-0.31822383,-0.161492635,-0.188668509,-0.047999271,-0.068863365,-0.227692469,-0.120921906,-0.100681083,-0.144248806,-0.280419553,-0.151956182,-0.121293958,-0.118461017,-0.171091077
2012/01/07,0.005000773,-0.094913243,-0.068142653,-0.175859108,-0.11522706,-0.099767197,-0.137038215,1.388391041,-0.116496188,-0.06226948,-0.076409146,-0.131144227,-0.142862423,-0.186399165,-0.204719826,-0.107419101,-0.107191453,-0.125253122,-0.064680709,-0.08624063,-0.260034005,-0.145515979,-0.074941644,-0.132459945,-0.06190118,-0.288250359,-0.176611253,-0.272537745,-0.166203762,-0.152941289,-0.183536782,0.092566154,-0.088622261,-0.168077708,-0.139696072,-0.140337618,-0.400671753,-0.247677772,-0.1241152,-0.138720218,-0.210689868,-0.222847048,-0.282924878,-0.331051476,-0.115045306,-0.16632463,-0.145769598,-0.200900416,-0.036284856,-0.058334401,0.379266272,-0.117447798,-0.094132357,-0.07889364,-0.068933689,-0.108252557,0.900480162,-0.040060342,0.957056732,-0.091115427,-0.12217926,-0.12380067,0.276113805,-0.198186505,1.516249096,-0.159864816,-0.085306426,-0.068917425,-0.104109844,-0.225210697,-0.130138537,-0.160467164,-0.209991459,0.266580012,-0.207041967,1.957668085,-0.070981797,-0.343511689,-0.089972778,21.3671598,-0.202268101,-0.295155217,-0.101912448,-0.111478542,-0.050150394,0.302923649,-0.052437057,-0.215399346,-0.186887135,0.234824105,-0.225693664,-0.091125796,-0.129401116,-0.230512847,-0.116623979,-0.161492635,-0.188668509,-0.047999271,-0.224540743,-0.227692469,-0.120921906,-0.100681083,-0.144248806,-0.283918572,-0.151956182,-0.121293958,0.121195357,-0.171091077
2012/01/21,-0.054024469,-0.094913243,-0.068142653,-0.175859108,-0.11522706,-0.099767197,-0.137038215,0.282532985,-0.116496188,-0.06226948,-0.076409146,-0.074136779,-0.142862423,-0.186399165,-0.204719826,-0.107419101,-0.107191453,-0.125253122,-0.064680709,-0.08624063,-0.130459018,0.581510132,-0.074941644,-0.132459945,-0.06190118,-0.288250359,-0.176611253,-0.272537745,-0.166203762,-0.190159297,-0.183536782,-0.099101446,-0.088622261,-0.127741726,-0.139696072,-0.178879193,-0.400671753,-0.247677772,-0.1241152,-0.138720218,-0.210689868,-0.222847048,-0.282924878,-0.170834379,0.001703129,-0.16632463,-0.145769598,-0.200900416,-0.051567047,-0.058334401,-0.28859789,-0.117447798,-0.094132357,-0.07889364,-0.068933689,-0.108252557,-0.106922282,-0.040060342,-0.102713986,-0.091115427,-0.12217926,-0.124927466,0.476824212,-0.198186505,0.125869271,-0.21150647,-0.085306426,-0.072286843,-0.104109844,-0.225210697,-0.130138537,-0.160467164,-0.209991459,-0.246123384,-0.207041967,0.279656713,-0.070981797,-0.343511689,-0.089972778,0.637167116,-0.202268101,-0.260199368,-0.101912448,-0.111478542,-0.180776007,1.558659104,-0.052437057,0.886262386,-0.186887135,-0.111758485,-0.225693664,0.065831686,-0.129401116,-0.230512847,-0.35343784,-0.161492635,-0.188668509,-0.047999271,-0.016970906,-0.175552292,-0.120921906,-0.100681083,-0.144248806,-0.278332419,-0.151956182,-0.121293958,-0.238289203,-0.171091077
2012/02/07,-0.054024469,-0.094913243,-0.068142653,-0.175859108,-0.11522706,-0.099767197,-0.137038215,-0.261356331,-0.116496188,-0.06226948,-0.076409146,-0.131144227,-0.142862423,-0.186399165,-0.204719826,-0.107419101,-0.107191453,-0.125253122,-0.064680709,-0.08624063,-0.306702457,-0.059743236,-0.074941644,-0.132459945,-0.06190118,-0.288250359,-0.176611253,-0.190777341,-0.166203762,-0.152941289,-0.183536782,-0.16798199,-0.088622261,0.041669401,-0.139696072,-0.19814998,-0.400671753,-0.247677772,-0.1241152,-0.138720218,-0.210689868,-0.222847048,-0.282924878,-0.331051476,-0.09683255,-0.16632463,-0.145769598,-0.200900416,-0.051407857,-0.058334401,-0.068905731,-0.117447798,-0.094132357,-0.07889364,-0.068933689,-0.108252557,-0.106922282,-0.040060342,-0.102713986,-0.091115427,-0.12217926,-0.12380067,-0.137818369,-0.198186505,0.352210173,-0.21150647,-0.085306426,-0.072286843,-0.104109844,-0.225210697,-0.130138537,-0.160467164,-0.209991459,-0.246123384,-0.207041967,-0.12079682,-0.070981797,-0.343511689,-0.089972778,-0.095493748,-0.202268101,-0.295155217,-0.101912448,-0.111478542,-0.180776007,0.644926668,-0.052437057,1.437093252,-0.186887135,-0.273988634,-0.225693664,-0.076155862,-0.129401116,-0.230512847,-0.192550177,-0.161492635,0.172017705,-0.047999271,-0.224540743,-0.227692469,-0.120921906,-0.100681083,-0.144248806,-0.301045348,-0.151956182,-0.121293958,-0.238289203,-0.171091077
2012/02/21,-0.054024469,-0.094913243,-0.068142653,-0.175859108,-0.11522706,-0.099767197,-0.137038215,-0.327346226,-0.116496188,-0.06226948,-0.076409146,-0.131144227,-0.142862423,-0.186399165,-0.204719826,-0.107419101,-0.107191453,-0.125253122,-0.064680709,-0.08624063,-0.26468297,-0.189627676,-0.074941644,-0.132459945,-0.06190118,-0.288250359,-0.176611253,-0.272537745,-0.166203762,-0.145497687,-0.183536782,-0.171575757,-0.088622261,-0.168077708,-0.139696072,-0.128775146,-0.400671753,-0.247677772,-0.1241152,-0.138720218,-0.210689868,-0.222847048,-0.282924878,-0.331051476,-0.07301587,-0.16632463,-0.145769598,-0.200900416,-0.050930289,-0.058334401,-0.306173263,-0.117447798,-0.094132357,-0.07889364,-0.068933689,-0.101078783,-0.106922282,-0.040060342,0.012897365,-0.065599947,-0.12217926,-0.120871,-0.135439449,-0.198186505,-0.045503126,-0.190849808,-0.085306426,-0.072286843,-0.104109844,-0.225210697,-0.119164861,-0.160467164,-0.209991459,-0.143582705,-0.207041967,0.13624347,-0.070981797,-0.343511689,-0.089972778,-0.095493748,-0.202268101,0.250156022,-0.101912448,-0.111478542,-0.180776007,1.409059128,-0.052437057,-0.215399346,-0.186887135,-0.274454366,-0.225693664,0.193030755,-0.129401116,-0.230512847,-0.353862861,-0.161492635,-0.188668509,-0.047999271,-0.224540743,-0.227692469,-0.120921906,-0.100681083,-0.144248806,-0.250548982,-0.151956182,-0.121293958,-0.238289203,-0.171091077
2012/03/07,0.034513395,-0.094913243,0.041523244,-0.175859108,-0.11522706,-0.099767197,-0.137038215,-0.067002531,-0.116496188,-0.06226948,-0.076409146,-0.131144227,-0.142862423,-0.186399165,-0.204719826,-0.107419101,-0.107191453,-0.125253122,-0.064680709,-0.08624063,-0.266024017,-0.035236738,-0.074941644,-0.132459945,-0.06190118,0.876293946,-0.176611253,-0.272537745,-0.166203762,-0.134332284,6.166674129,-0.170228094,-0.088622261,-0.168077708,-0.139696072,-0.154790709,-0.400671753,-0.247677772,-0.1241152,-0.138720218,-0.210689868,-0.222847048,-0.282924878,-0.331051476,-0.062508511,-0.16632463,-0.072336355,-0.200900416,-0.050548234,-0.058334401,-0.227084085,-0.117447798,-0.094132357,-0.07889364,-0.068933689,-0.108252557,-0.106922282,-0.040060342,-0.102713986,-0.091115427,-0.12217926,-0.124927466,0.453145141,-0.198186505,-0.096429828,-0.043671095,-0.085306426,-0.072286843,-0.104109844,-0.225210697,-0.130138537,-0.160467164,-0.209991459,-0.246123384,-0.207041967,0.007472519,-0.070981797,-0.343511689,-0.089972778,0.001476072,-0.202268101,-0.34758899,-0.101912448,-0.111478542,-0.180776007,1.542469045,-0.052437057,-0.215399346,-0.186887135,-0.273406468,-0.225693664,-0.091125796,-0.129401116,-0.140530909,-0.314526288,-0.161492635,-0.188668509,-0.047999271,-0.224540743,-0.227692469,-0.120921906,-0.100681083,-0.144248806,-0.297178011,-0.151956182,-0.121293958,0.300937637,-0.171091077
2012/03/21,-0.054024469,-0.094913243,-0.068142653,-0.175859108,-0.11522706,-0.099767197,-0.137038215,-0.316498572,0.024481008,-0.06226948,-0.076409146,-0.131144227,-0.142862423,-0.186399165,-0.204719826,-0.107419101,-0.107191453,-0.125253122,-0.064680709,-0.08624063,-0.121137248,0.177969796,-0.074941644,-0.132459945,-0.06190118,1.575020529,-0.176611253,-0.272537745,-0.166203762,-0.145497687,-0.183536782,-0.176966408,-0.088622261,-0.168077708,-0.139696072,-0.19814998,-0.400671753,-0.247677772,-0.1241152,-0.138720218,-0.210689868,-0.222847048,-0.282924878,-0.331051476,-0.051160563,-0.16632463,-0.145769598,-0.200900416,-0.051694398,-0.058334401,0.706168204,-0.117447798,-0.094132357,-0.07889364,-0.068933689,-0.108252557,-0.106922282,-0.040060342,-0.102713986,-0.091115427,-0.12217926,-0.045657371,-0.090874337,-0.198186505,0.332809524,0.067358461,-0.085306426,-0.072286843,-0.104109844,-0.225210697,-0.130138537,-0.160467164,-0.209991459,-0.246123384,-0.207041967,0.437640588,-0.070981797,-0.343511689,-0.089972778,-0.095493748,-0.202268101,-0.504890309,-0.101912448,-0.111478542,-0.180776007,0.640903103,-0.052437057,-0.215399346,-0.186887135,-0.271659971,-0.225693664,-0.091125796,-0.129401116,-0.230512847,-0.309937342,-0.161492635,-0.188668509,-0.047999271,-0.131134316,-0.227692469,-0.120921906,-0.100681083,-0.144248806,-0.304139217,-0.151956182,-0.121293958,-0.022598467,-0.171091077
2012/04/07,-0.054024469,-0.094913243,-0.068142653,-0.175859108,-0.11522706,-0.099767197,-0.137038215,-0.243276908,-0.116496188,-0.06226948,-0.076409146,-0.131144227,-0.142862423,-0.186399165,-0.204719826,-0.107419101,-0.107191453,-0.125253122,-0.064680709,-0.08624063,-0.312960679,-0.219035474,-0.074941644,-0.132459945,-0.06190118,-0.288250359,-0.176611253,-0.272537745,-0.166203762,-0.190159297,-0.183536782,-0.176966408,-0.088622261,-0.168077708,-0.139696072,-0.19814998,-0.400671753,-0.247677772,-0.1241152,-0.138720218,-0.210689868,-0.222847048,-0.282924878,-0.331051476,-0.106639419,-0.16632463,-0.109052977,-0.200900416,-0.048064878,-0.058334401,0.405629331,-0.117447798,-0.094132357,-0.07889364,-0.068933689,-0.108252557,-0.106922282,-0.040060342,-0.102713986,-0.091115427,-0.12217926,-0.101264751,-0.089843472,-0.198186505,0.158203686,-0.134043989,-0.085306426,-0.072286843,-0.104109844,-0.225210697,-0.130138537,-0.160467164,-0.209991459,-0.117947535,-0.207041967,0.31488898,-0.070981797,-0.343511689,-0.089972778,-0.095493748,-0.202268101,-0.504890309,-0.101912448,-0.111478542,-0.180776007,-0.160361113,-0.052437057,-0.215399346,-0.186887135,-0.275152965,-0.225693664,-0.091125796,-0.129401116,-0.230512847,-0.347033996,-0.161492635,-0.188668509,-0.047999271,0.008975324,-0.227692469,-0.120921906,-0.100681083,-0.144248806,-0.312094881,-0.151956182,-0.121293958,0.300937637,-0.171091077
2012/04/21,-0.054024469,-0.094913243,-0.068142653,-0.175859108,-0.11522706,-0.099767197,-0.137038215,0.112661738,-0.028385441,-0.06226948,-0.076409146,-0.131144227,-0.142862423,-0.186399165,1.767005392,-0.107419101,-0.107191453,-0.125253122,-0.064680709,-0.08624063,-0.310546794,0.66319846,-0.074941644,-0.132459945,-0.06190118,-0.288250359,-0.176611253,1.812352563,-0.166203762,-0.176202544,-0.183536782,-0.173597251,-0.088622261,-0.168077708,-0.139696072,-0.19814998,-0.400671753,-0.247677772,-0.1241152,-0.138720218,-0.210689868,-0.222847048,-0.282924878,-0.331051476,-0.115045306,-0.16632463,-0.118232132,-0.200900416,-0.041164013,-0.058334401,0.286995566,-0.117447798,-0.094132357,-0.07889364,-0.066412955,-0.108252557,-0.106922282,-0.040060342,-0.102713986,-0.091115427,-0.12217926,-0.124927466,-0.063179737,-0.198186505,-0.205558477,0.214537175,-0.085306426,-0.072286843,-0.104109844,-0.225210697,-0.130138537,-0.160467164,-0.209991459,0.074316239,-0.207041967,0.112811027,-0.070981797,-0.343511689,-0.089972778,-0.095493748,-0.202268101,-0.465564979,-0.101912448,-0.111478542,-0.180776007,-0.180622636,-0.052437057,-0.215399346,-0.186887135,-0.275152965,-0.225693664,-0.085001732,-0.129401116,-0.230512847,-0.355505897,-0.161492635,-0.188668509,-0.047999271,-0.224540743,-0.227692469,-0.120921906,-0.100681083,-0.144248806,-0.29400127,-0.151956182,-0.121293958,3.536298682,-0.171091077
2012/05/07,-0.054024469,-0.094913243,-0.068142653,-0.175859108,-0.11522706,-0.099767197,-0.137038215,-0.33819388,-0.116496188,-0.06226948,-0.076409146,-0.131144227,-0.142862423,-0.186399165,-0.204719826,-0.107419101,-0.107191453,-0.125253122,-0.064680709,-0.08624063,-0.312960679,0.087295753,-0.074941644,-0.132459945,-0.06190118,-0.288250359,-0.176611253,-0.272537745,-0.166203762,-0.190159297,-0.183536782,-0.176966408,-0.088622261,-0.168077708,-0.139696072,-0.19814998,-0.400671753,-0.247677772,-0.1241152,-0.138720218,-0.210689868,-0.222847048,-0.282924878,-0.331051476,-0.115045306,-0.16632463,-0.145769598,-0.200900416,-0.052076453,-0.058334401,0.748349099,-0.117447798,-0.094132357,-0.07889364,-0.068933689,-0.108252557,-0.106922282,-0.040060342,-0.102713986,-0.091115427,-0.12217926,-0.124927466,-0.13610026,-0.198186505,-0.27831091,0.23605453,-0.085306426,-0.072286843,-0.104109844,-0.225210697,-0.130138537,-0.160467164,-0.209991459,-0.246123384,-0.207041967,-0.192813962,-0.070981797,-0.343511689,-0.089972778,-0.095493748,-0.202268101,-0.504890309,-0.101912448,-0.111478542,-0.180776007,-0.192549632,-0.052437057,-0.215399346,-0.186887135,-0.275152965,-0.225693664,-0.091125796,-0.129401116,-0.230512847,-0.300139033,-0.161492635,-0.188668509,-0.047999271,-0.224540743,-0.227692469,-0.120921906,-0.100681083,-0.144248806,-0.308319623,-0.151956182,-0.121293958,0.121195357,-0.171091077
2012/05/21,-0.045170683,-0.094913243,-0.068142653,-0.175859108,-0.11522706,-0.095696838,-0.137038215,-0.378872582,-0.116496188,-0.06226948,-0.063265081,-0.131144227,-0.142862423,-0.186399165,-0.204719826,-0.107419101,-0.107191453,-0.125253122,-0.064680709,-0.08624063,-0.312960679,0.350740608,-0.074941644,-0.132459945,-0.06190118,6.69901547,-0.176611253,-0.272537745,-0.166203762,-0.190159297,-0.183536782,-0.170228094,-0.088622261,-0.168077708,-0.139696072,-0.19814998,-0.400671753,-0.247677772,-0.1241152,-0.138720218,-0.210689868,-0.222847048,-0.282924878,-0.331051476,-0.115045306,-0.16632463,-0.145769598,-0.200900416,-0.050787018,-0.058334401,-0.187539497,-0.117447798,-0.094132357,-0.07889364,-0.068933689,-0.108252557,-0.106922282,-0.040060342,-0.102713986,-0.091115427,-0.12217926,-0.124927466,-0.137421883,-0.198186505,-0.205558477,-0.21150647,-0.085306426,-0.072286843,-0.104109844,-0.225210697,-0.129485342,-0.160467164,-0.209991459,-0.246123384,-0.207041967,-0.24834957,-0.070981797,-0.343511689,-0.089972778,-0.095493748,-0.202268101,-0.504890309,-0.101912448,-0.111478542,-0.180776007,-0.183927708,-0.052437057,-0.215399346,-0.186887135,-0.275152965,-0.225693664,-0.091125796,-0.129401116,-0.230512847,-0.07866088,-0.161492635,-0.188668509,-0.047999271,-0.224540743,-0.227692469,-0.120921906,-0.100681083,-0.144248806,-0.313752311,-0.151956182,-0.121293958,-0.238289203,-0.171091077
2012/06/07,-0.054024469,-0.094913243,-0.068142653,-0.175859108,-0.11522706,-0.099767197,-0.137038215,-0.39243215,-0.116496188,-0.06226948,-0.076409146,-0.131144227,-0.142862423,-0.186399165,-0.204719826,-0.107419101,-0.107191453,-0.125253122,-0.064680709,-0.08624063,-0.312960679,-0.219035474,-0.074941644,-0.132459945,-0.06190118,-0.288250359,-0.176611253,-0.272537745,-0.166203762,-0.190159297,-0.183536782,-0.176966408,-0.088622261,-0.168077708,-0.139696072,-0.19814998,-0.400671753,-0.247677772,-0.1241152,1.267824887,-0.210689868,-0.222847048,-0.282924878,-0.331051476,-0.108740891,-0.16632463,-0.145769598,-0.200900416,-0.051837669,-0.058334401,-0.306173263,0.065753006,-0.094132357,-0.07889364,-0.066917102,-0.09928534,-0.106922282,-0.040060342,-0.102713986,-0.091115427,-0.12217926,-0.124927466,-0.136430666,-0.198186505,-0.27831091,-0.21150647,-0.085306426,-0.072286843,-0.104109844,-0.225210697,-0.130138537,-0.160467164,-0.209991459,-0.246123384,-0.207041967,-0.249961894,-0.070981797,-0.343511689,-0.089972778,-0.095493748,-0.202268101,-0.504890309,0.089189212,-0.111478542,-0.180776007,-0.192549632,-0.052437057,-0.215399346,-0.186887135,-0.275152965,-0.225693664,-0.091125796,-0.129401116,-0.230512847,-0.348510161,-0.161492635,-0.188668509,-0.047999271,-0.224540743,-0.227692469,-0.120921906,-0.100681083,-0.144248806,-0.309332497,-0.151956182,-0.121293958,-0.238289203,-0.171091077
2012/06/21,-0.054024469,-0.094913243,-0.068142653,-0.175859108,-0.11522706,-0.099767197,-0.137038215,-0.387957492,-0.116496188,-0.06226948,-0.076409146,-0.131144227,-0.142862423,-0.186399165,-0.204719826,-0.107419101,-0.107191453,-0.125253122,-0.064680709,-0.08624063,-0.311544533,0.626071115,-0.074941644,-0.132459945,-0.06190118,-0.288250359,-0.176611253,-0.272537745,-0.166203762,-0.171736383,-0.183536782,-0.176966408,-0.088622261,-0.168077708,-0.139696072,-0.19814998,-0.400671753,-0.247677772,-0.1241152,-0.138720218,-0.210689868,-0.222847048,-0.282924878,-0.331051476,-0.115045306,-0.16632463,-0.145769598,-0.200900416,-0.050022908,-0.058334401,1.156976514,-0.117447798,-0.094132357,-0.07889364,-0.061875634,-0.09928534,-0.106922282,-0.040060342,-0.030456891,-0.091115427,-0.12217926,-0.124927466,-0.137818369,-0.198186505,-0.27831091,-0.21150647,-0.085306426,-0.072286843,-0.104109844,-0.225210697,-0.130138537,-0.160467164,-0.209991459,-0.246123384,-0.207041967,-0.234042881,-0.070981797,-0.343511689,-0.089972778,-0.095493748,-0.202268101,-0.504890309,-0.101912448,-0.111478542,-0.180776007,-0.192549632,-0.052437057,-0.215399346,-0.186887135,-0.275152965,-0.225693664,-0.091125796,-0.129401116,-0.230512847,-0.340712162,-0.161492635,-0.188668509,-0.047999271,-0.224540743,-0.227692469,-0.120921906,-0.100681083,-0.144248806,-0.314310312,-0.151956182,-0.121293958,-0.238289203,-0.171091077
2012/07/07,-0.054024469,-0.094913243,-0.068142653,-0.175859108,-0.11522706,-0.099767197,-0.137038215,-0.383482835,-0.116496188,-0.06226948,-0.076409146,-0.131144227,-0.142862423,-0.186399165,-0.204719826,-0.107419101,-0.107191453,-0.125253122,-0.064680709,-0.08624063,-0.312960679,-0.219035474,-0.074941644,-0.132459945,-0.06190118,-0.288250359,-0.176611253,-0.272537745,-0.166203762,-0.190159297,-0.183536782,-0.176966408,-0.088622261,-0.168077708,-0.139696072,-0.19814998,-0.400671753,-0.247677772,-0.1241152,-0.138720218,-0.210689868,-0.222847048,-0.282924878,-0.331051476,-0.115045306,-0.16632463,-0.121536628,-0.200900416,-0.052076453,-0.058334401,-0.306173263,-0.117447798,-0.094132357,-0.07889364,-0.068933689,-0.108252557,-0.106922282,-0.040060342,-0.102713986,-0.091115427,-0.12217926,-0.124927466,-0.137818369,-0.198186505,-0.27831091,-0.21150647,-0.085306426,-0.072286843,-0.104109844,-0.225210697,-0.130138537,-0.160467164,-0.209991459,-0.246123384,-0.207041967,-0.266708567,-0.070981797,-0.343511689,-0.089972778,-0.095493748,-0.202268101,-0.504890309,-0.101912448,-0.111478542,-0.180776007,-0.192549632,-0.052437057,-0.215399346,-0.186887135,-0.274000277,-0.225693664,-0.091125796,-0.129401116,-0.230512847,-0.35266781,-0.161492635,-0.188668509,-0.047999271,-0.224540743,-0.227692469,-0.120921906,-0.100681083,-0.144248806,-0.313945677,-0.151956182,-0.121293958,-0.238289203,-0.171091077
2012/07/21,-0.054024469,-0.094913243,-0.068142653,-0.175859108,-0.11522706,-0.099767197,-0.137038215,-0.150800658,-0.116496188,-0.06226948,-0.076409146,-0.131144227,-0.142862423,-0.186399165,-0.204719826,-0.107419101,-0.107191453,-0.125253122,-0.064680709,-0.08624063,-0.312960679,-0.219035474,-0.074941644,-0.132459945,-0.06190118,-0.288250359,-0.176611253,-0.272537745,-0.166203762,-0.190159297,-0.183536782,-0.14138811,-0.088622261,-0.168077708,-0.139696072,-0.19814998,-0.400671753,-0.247677772,-0.1241152,-0.138720218,-0.210689868,-0.222847048,-0.282924878,-0.331051476,-0.115045306,-0.16632463,-0.145769598,-0.200900416,-0.051824297,-0.058334401,-0.097377835,-0.117447798,-0.094132357,-0.07889364,-0.068933689,-0.108252557,-0.106922282,-0.040060342,-0.102713986,-0.091115427,-0.12217926,-0.124927466,-0.134678194,-0.198186505,-0.27831091,-0.092214249,-0.085306426,-0.072286843,-0.104109844,-0.225210697,-0.130138537,-0.160467164,-0.209991459,-0.246123384,-0.207041967,-0.256776651,-0.070981797,-0.343511689,-0.089972778,-0.095493748,-0.202268101,-0.504890309,-0.101912448,-0.111478542,-0.180776007,-0.192549632,-0.052437057,-0.215399346,-0.186887135,-0.275152965,-0.225693664,-0.091125796,-0.129401116,-0.230512847,-0.354828145,-0.161492635,-0.188668509,-0.047999271,-0.224540743,-0.227692469,-0.120921906,-0.100681083,-0.144248806,-0.313581043,-0.151956182,-0.121293958,2.252938801,-0.171091077
2012/08/07,-0.054024469,-0.094913243,-0.068142653,-0.175859108,-0.11522706,-0.099767197,-0.137038215,-0.189038638,-0.116496188,-0.06226948,-0.076409146,-0.131144227,-0.142862423,-0.186399165,-0.204719826,-0.107419101,-0.107191453,-0.125253122,-0.064680709,-0.08624063,-0.297940947,12.49983707,-0.074941644,-0.132459945,-0.06190118,-0.288250359,-0.176611253,-0.272537745,-0.166203762,-0.190159297,-0.183536782,-0.176966408,-0.088622261,-0.168077708,-0.139696072,-0.19814998,-0.400671753,-0.247677772,-0.1241152,-0.138720218,-0.210689868,-0.222847048,-0.282924878,-0.331051476,-0.115045306,-0.16632463,-0.145769598,-0.200900416,-0.052076453,-0.058334401,0.642896863,-0.117447798,-0.094132357,-0.07889364,-0.068933689,-0.108252557,-0.106922282,-0.040060342,-0.102713986,-0.091115427,-0.12217926,-0.124927466,-0.111253757,-0.198186505,-0.27831091,0.976251569,-0.085306426,-0.072286843,0.214673319,-0.225210697,-0.130138537,-0.160467164,-0.209991459,3.342800387,-0.207041967,-0.232226329,-0.070981797,-0.343511689,-0.089972778,-0.095493748,-0.202268101,-0.504890309,-0.101912448,-0.111478542,-0.180776007,-0.192549632,-0.052437057,-0.215399346,-0.186887135,-0.275152965,-0.225693664,-0.091125796,-0.129401116,-0.230512847,0.021429488,-0.161492635,-0.188668509,-0.047999271,-0.224540743,-0.227692469,-0.120921906,-0.100681083,-0.144248806,-0.256018501,-0.151956182,-0.121293958,-0.238289203,-0.171091077
2012/08/21,-0.033441308,0.10797855,0.086514382,-0.175859108,-0.082302428,0.309616943,-0.1063782,-0.040830248,-0.100229589,-0.06226948,-0.01023945,-0.114699771,-0.142862423,-0.048631884,-0.133480337,-0.09750259,-0.100124349,-0.088156306,-0.06254579,-0.082292886,-0.027722723,-0.169472652,-0.074941644,0.00112374,-0.042025672,-0.153879862,-0.127083247,0.536156509,0.14643498,-0.08287123,-0.130931485,-0.062098311,-0.08790619,-0.164137193,-0.139696072,-0.101758984,-0.301376101,-0.026867317,-0.1241152,-0.138720218,-0.088408311,0.013898102,-0.053430909,-0.197948042,-0.113078544,-0.10303318,0.05455566,-0.133769827,-0.051640274,-0.058334401,0.284933839,-0.079868146,-0.091121453,-0.07889364,-0.067375574,-0.068260303,-0.035887494,-0.039860237,-0.094932452,-0.08807787,-0.121933128,-0.124437743,0.787213598,-0.17291065,-0.005054017,0.391553288,-0.085306426,-0.069416358,0.928272182,-0.093934893,-0.126753647,-0.056516928,-0.026779095,0.437152488,-0.156006722,-0.19662162,-0.069615252,0.004330162,-0.083043377,-0.085548126,-0.202268101,-0.400560545,-0.087212321,-0.109799442,-0.125084279,-0.173842512,-0.052418693,-0.215399346,-0.133171169,-0.274184928,-0.224841913,-0.090497687,-0.079656526,0.064351041,-0.133336196,-0.145783265,0.569789861,-0.04629003,0.015861054,0.187331881,-0.096966945,-0.010500956,-0.075999316,0.770286835,0.429032961,-0.114473997,-0.041264012,-0.13746684
2012/09/07,-0.054024469,-0.094913243,-0.068142653,-0.175859108,-0.11522706,-0.099767197,-0.137038215,-0.39243215,-0.116496188,-0.06226948,-0.076409146,-0.131144227,-0.142862423,-0.186399165,-0.204719826,-0.107419101,-0.107191453,-0.125253122,-0.064680709,-0.08624063,-0.22713364,-0.219035474,-0.074941644,-0.132459945,-0.06190118,-0.288250359,-0.176611253,-0.272537745,-0.166203762,-0.190159297,-0.183536782,-0.176966408,-0.088622261,-0.168077708,-0.139696072,-0.19814998,-0.400671753,-0.247677772,-0.1241152,-0.138720218,-0.210689868,-0.222847048,-0.282924878,-0.331051476,-0.115045306,-0.16632463,-0.145769598,-0.200900416,-0.052076453,-0.058334401,-0.306173263,-0.117447798,-0.094132357,-0.07889364,-0.068933689,-0.108252557,-0.106922282,-0.040060342,-0.102713986,-0.091115427,-0.12217926,-0.124927466,-0.137818369,-0.198186505,-0.27831091,-0.21150647,-0.085306426,-0.072286843,-0.104109844,-0.225210697,-0.130138537,-0.160467164,-0.209991459,-0.246123384,-0.207041967,-0.270922108,-0.070981797,-0.343511689,-0.089972778,-0.095493748,-0.202268101,-0.190287671,-0.101912448,-0.111478542,-0.180776007,-0.192549632,-0.052437057,-0.215399346,-0.186887135,-0.275152965,-0.225693664,-0.091125796,-0.129401116,-0.230512847,-0.022277816,-0.161492635,-0.188668509,-0.047999271,-0.224540743,-0.227692469,-0.120921906,-0.100681083,-0.144248806,-0.302702778,-0.151956182,-0.121293958,-0.238289203,-0.171091077
2012/09/21,-0.054024469,-0.094913243,-0.068142653,-0.175859108,-0.11522706,-0.099767197,-0.137038215,-0.22971734,-0.116496188,-0.06226948,-0.076409146,-0.131144227,-0.142862423,-0.186399165,-0.204719826,-0.107419101,-0.107191453,-0.125253122,-0.064680709,-0.08624063,-0.312960679,-0.219035474,-0.074941644,-0.132459945,-0.06190118,-0.288250359,-0.176611253,-0.272537745,-0.166203762,-0.190159297,-0.183536782,-0.176966408,-0.088622261,-0.168077708,-0.139696072,-0.19814998,-0.400671753,-0.247677772,-0.1241152,-0.138720218,-0.210689868,-0.222847048,-0.282924878,-0.331051476,-0.115045306,-0.16632463,-0.145769598,-0.200900416,-0.047300768,-0.058334401,-0.147994908,-0.117447798,-0.094132357,-0.07889364,0.346483282,-0.108252557,-0.106922282,-0.040060342,-0.102713986,-0.091115427,-0.12217926,-0.124927466,-0.123544846,-0.198186505,-0.27831091,-0.21150647,-0.085306426,-0.072286843,-0.104109844,-0.225210697,-0.130138537,-0.160467164,-0.209991459,-0.246123384,-0.207041967,-0.258023515,-0.070981797,-0.343511689,-0.089972778,-0.095493748,-0.202268101,-0.504890309,-0.101912448,-0.111478542,-0.180776007,-0.192549632,-0.052437057,-0.215399346,-0.186887135,-0.275152965,-0.225693664,-0.091125796,-0.129401116,-0.230512847,-0.345750375,-0.161492635,-0.188668509,-0.047999271,-0.224540743,-0.227692469,-0.120921906,-0.100681083,-0.144248806,-0.297730488,-0.151956182,-0.121293958,1.91861816,-0.171091077
2012/10/07,-0.054024469,-0.094913243,-0.068142653,-0.175859108,-0.11522706,-0.099767197,-0.137038215,-0.202598205,-0.116496188,-0.06226948,-0.076409146,-0.131144227,-0.142862423,-0.186399165,-0.204719826,-0.107419101,-0.107191453,-0.125253122,-0.064680709,-0.08624063,-0.312960679,-0.219035474,-0.074941644,-0.132459945,-0.06190118,-0.288250359,-0.176611253,-0.272537745,-0.166203762,0.033148755,-0.183536782,-0.176966408,-0.088622261,-0.168077708,-0.139696072,-0.19814998,-0.400671753,-0.247677772,-0.1241152,-0.138720218,-0.210689868,-0.222847048,-0.282924878,-0.331051476,-0.115045306,-0.16632463,-0.145769598,-0.200900416,-0.051885425,-0.058334401,-0.306173263,-0.117447798,-0.094132357,-0.07889364,-0.068933689,-0.108252557,-0.106922282,-0.040060342,-0.102713986,-0.091115427,-0.12217926,-0.124927466,-0.137818369,-0.198186505,-0.27831091,-0.21150647,-0.085306426,-0.072286843,-0.104109844,-0.225210697,-0.130138537,-0.160467164,-0.209991459,-0.246123384,-0.207041967,-0.262323046,-0.070981797,-0.343511689,-0.089972778,-0.095493748,-0.202268101,-0.504890309,-0.101912448,-0.111478542,-0.180776007,-0.192549632,-0.052437057,-0.215399346,-0.186887135,-0.275152965,-0.225693664,-0.091125796,-0.129401116,-0.230512847,-0.355505897,-0.161492635,-0.188668509,-0.047999271,-0.224540743,-0.227692469,-0.120921906,-0.100681083,-0.144248806,-0.263476936,-0.151956182,-0.121293958,-0.238289203,-0.171091077
2012/10/21,-0.054024469,-0.094913243,-0.068142653,-0.175859108,-0.11522706,-0.099767197,-0.137038215,-0.365313015,-0.116496188,-0.06226948,-0.076409146,-0.131144227,-0.142862423,-0.186399165,-0.204719826,-0.107419101,-0.107191453,-0.125253122,-0.064680709,-0.08624063,-0.312960679,-0.219035474,-0.074941644,-0.132459945,-0.06190118,-0.288250359,-0.176611253,-0.272537745,-0.166203762,-0.190159297,-0.183536782,-0.176966408,-0.088622261,-0.168077708,-0.139696072,-0.19814998,-0.400671753,-0.247677772,-0.1241152,-0.138720218,-0.210689868,-0.222847048,-0.282924878,-0.331051476,-0.115045306,-0.16632463,-0.145769598,-0.200900416,-0.050739261,-0.058334401,-0.306173263,-0.117447798,-0.094132357,-0.07889364,-0.068933689,-0.108252557,-0.106922282,-0.040060342,-0.102713986,-0.091115427,-0.12217926,-0.124927466,-0.132267555,-0.198186505,-0.27831091,-0.21150647,-0.085306426,-0.072286843,-0.104109844,-0.225210697,-0.130138537,-0.160467164,-0.209991459,-0.246123384,-0.207041967,-0.264472811,-0.070981797,-0.343511689,-0.089972778,-0.095493748,-0.202268101,-0.504890309,-0.101912448,-0.111478542,-0.180776007,-0.192549632,-0.052437057,-0.215399346,-0.186887135,-0.275152965,-0.225693664,-0.091125796,-0.129401116,-0.230512847,-0.289014315,-0.161492635,-0.188668509,-0.047999271,-0.224540743,-0.227692469,-0.120921906,-0.100681083,-0.144248806,-0.301045348,-0.151956182,-0.121293958,-0.238289203,-0.171091077
2012/11/07,1.04077081,-0.083977948,-0.059765397,0.056457554,-0.00761582,-0.012028357,0.584077261,-0.080599764,-0.116496188,0.039513625,0.056966606,-0.010715993,-0.142862423,-0.047348338,0.36912192,0.085890412,0.080808593,0.026778549,-0.036734033,-0.039694826,0.335088297,-0.172243379,1.00833984,0.082095289,-0.06190118,0.099931076,0.456521766,-0.107313595,-0.035398587,0.059395204,-0.16883722,-0.113036654,-2.20E-04,-0.064952046,0.697365648,-0.074997605,-0.016492147,-0.083003308,0.017045244,1.072471401,0.054253505,0.309262621,-0.180764284,0.609723289,0.310426853,0.432254264,0.129860038,-0.099085689,-0.050186409,-0.058334401,-0.109548781,-0.089967677,0.276373292,-0.068613632,-0.067732139,-0.025467709,-0.106922282,-0.039402257,-0.035474745,0.030222326,-0.122166358,-0.121327588,-0.051831956,0.45594326,-0.041562369,-0.081971988,-0.073628324,-0.068861268,0.032121923,0.874224162,-0.119188448,-0.066623201,-0.13631046,-0.003568392,0.170760612,-0.197804852,-0.068761161,-0.153741854,0.439447871,-0.086066127,0.143287417,0.563557053,-0.101912448,0.522435287,0.47972152,-0.058786057,-0.052383496,-0.180972417,0.456290877,0.234195852,0.33486509,-0.070457081,-0.129401116,-0.061921689,1.233710686,0.229835149,-0.087976941,-0.047484427,-0.1123233,-0.180673202,-0.071997499,0.055493809,0.13723875,-0.076378993,-0.105943923,0.240732331,0.364596362,-0.073520746
2012/11/21,-0.054024469,-0.094913243,-0.068142653,-0.175859108,-0.11522706,-0.099767197,-0.137038215,-0.365313015,-0.116496188,-0.06226948,-0.076409146,-0.131144227,-0.142862423,-0.186399165,-0.204719826,-0.107419101,-0.107191453,-0.125253122,-0.064680709,-0.08624063,-0.268974322,-0.219035474,-0.074941644,-0.132459945,-0.06190118,-0.288250359,-0.176611253,-0.027256532,-0.166203762,-0.190159297,-0.020710862,-0.176966408,-0.088622261,-0.168077708,-0.139696072,-0.19814998,-0.400671753,-0.247677772,-0.1241152,-0.138720218,-0.210689868,-0.222847048,-0.282924878,-0.331051476,-0.064609982,-0.16632463,-0.145769598,-0.200900416,-0.052076453,-0.058334401,-0.306173263,-0.117447798,-0.094132357,-0.07889364,-0.068933689,-0.108252557,-0.106922282,-0.040060342,-0.102713986,-0.091115427,-0.12217926,-0.124927466,-0.133457015,-0.198186505,-0.205558477,-0.21150647,-0.085306426,-0.072286843,-0.104109844,-0.225210697,-0.130138537,-0.160467164,-0.209991459,-0.246123384,-0.207041967,-0.187081255,-0.070981797,-0.343511689,-0.089972778,-0.095493748,-0.202268101,-0.504890309,-0.101912448,-0.111478542,-0.180776007,-0.192549632,-0.052437057,-0.215399346,-0.186887135,-0.275152965,-0.225693664,-0.091125796,-0.129401116,-0.230512847,-0.285741081,-0.161492635,-0.188668509,-0.047999271,-0.224540743,-0.227692469,-0.120921906,-0.100681083,-0.144248806,-0.27425023,-0.151956182,-0.121293958,-0.238289203,-0.171091077
2012/12/07,-0.054024469,-0.094913243,-0.068142653,-0.175859108,-0.11522706,-0.099767197,-0.137038215,-0.148359936,-0.116496188,-0.06226948,-0.076409146,-0.131144227,-0.142862423,-0.186399165,-0.204719826,-0.107419101,-0.107191453,-0.125253122,-0.064680709,-0.08624063,-0.312960679,-0.219035474,-0.074941644,-0.132459945,-0.06190118,-0.288250359,-0.176611253,-0.272537745,-0.166203762,-0.190159297,-0.183536782,-0.176966408,-0.088622261,-0.168077708,-0.139696072,-0.19814998,-0.400671753,-0.247677772,-0.1241152,-0.138720218,-0.210689868,-0.222847048,-0.282924878,-0.331051476,-0.115045306,-0.16632463,-0.072336355,-0.200900416,-0.046727686,-0.058334401,-0.306173263,-0.117447798,-0.094132357,-0.07889364,-0.068933689,-0.108252557,-0.106922282,-0.040060342,-0.102713986,-0.091115427,-0.12217926,-0.124927466,-0.137818369,-0.198186505,-0.27831091,-0.21150647,-0.085306426,-0.072286843,-0.104109844,-0.225210697,0.536120397,-0.160467164,-0.209991459,-0.246123384,-0.207041967,-0.258023515,-0.070981797,-0.343511689,-0.089972778,-0.095493748,-0.202268101,-0.504890309,-0.101912448,-0.111478542,-0.180776007,-0.187951272,-0.052437057,-0.215399346,-0.186887135,-0.275152965,-0.225693664,-0.091125796,-0.129401116,-0.230512847,-0.353452103,-0.161492635,-0.188668509,-0.047999271,-0.224540743,-0.227692469,-0.120921906,-0.100681083,-0.144248806,-0.306570114,-0.151956182,-0.121293958,-0.238289203,-0.171091077
2012/12/21,-0.054024469,-0.094913243,-0.068142653,9.382312119,-0.11522706,-0.099767197,-0.137038215,-0.202598205,-0.116496188,-0.06226948,-0.076409146,-0.131144227,-0.142862423,-0.186399165,-0.204719826,-0.107419101,-0.107191453,-0.125253122,-0.064680709,-0.08624063,-0.312960679,-0.219035474,-0.074941644,-0.132459945,-0.06190118,-0.288250359,-0.176611253,0.708587106,-0.166203762,-0.190159297,-0.183536782,-0.176966408,-0.088622261,-0.168077708,-0.139696072,-0.19814998,-0.400671753,-0.247677772,-0.1241152,-0.138720218,-0.210689868,-0.222847048,-0.282924878,-0.331051476,-0.115045306,-0.16632463,0.221396615,-0.200900416,-0.052076453,-0.058334401,-0.147994908,-0.117447798,-0.094132357,-0.07889364,-0.068933689,-0.108252557,-0.106922282,-0.040060342,-0.102713986,-0.091115427,-0.12217926,-0.124927466,-0.137818369,-0.198186505,-0.27831091,-0.21150647,-0.085306426,-0.072286843,-0.104109844,-0.225210697,1.576006891,-0.160467164,-0.209991459,-0.246123384,-0.207041967,-0.02369908,-0.070981797,-0.343511689,-0.089972778,-0.095493748,-0.202268101,-0.504890309,-0.101912448,-0.111478542,-0.180776007,-0.178754553,-0.052437057,-0.215399346,-0.186887135,-0.275152965,1.213765852,-0.091125796,-0.129401116,-0.230512847,-0.35332374,-0.161492635,-0.188668509,-0.047999271,-0.224540743,-0.227692469,-0.120921906,-0.100681083,-0.144248806,-0.299940394,-0.151956182,-0.121293958,-0.238289203,-0.171091077
2013/01/07,-0.022769198,-0.094913243,-0.065158547,-0.024142104,-0.111411726,-0.091045,-0.075674276,-0.034500565,0.487691796,0.007385339,0.016225219,0.113852068,-0.031139384,-0.166895932,-0.151067439,-0.037669363,-0.091737965,0.2753543,-0.025203862,-0.07724285,-0.12791417,-0.147272001,-0.020535067,-0.119029257,-0.057799885,0.482831131,-0.071490586,-0.207370439,-0.121394409,0.314731262,-0.183536782,-0.114599059,-0.056114906,0.255390656,0.106312396,0.694290665,0.595731098,0.038158891,-0.1241152,-0.138720218,-0.210689868,-0.118965989,-0.264618351,0.655591564,0.041553261,-0.059803636,-0.088987884,0.286702082,-0.048002501,-0.02835022,-0.234676168,-0.117447798,-0.002109306,0.007313475,-0.067494337,-0.001447107,-0.022972078,-0.03951049,7.35E-05,0.767490406,-0.114808273,-0.093363126,-0.078953722,-0.078971588,0.018984235,-0.189374332,0.097729952,0.305303753,-0.060379333,-0.096613991,-0.117323473,-0.160467164,-0.184361321,-0.193806711,-0.080668979,0.01842048,-0.060105211,-0.203351267,0.419635147,0.961572576,-0.022654071,0.226293305,-0.092812369,0.869756504,-0.117222648,0.429496069,-0.052431227,-0.038346567,0.103136769,0.69698637,0.418767652,-0.086163592,-0.021621171,-0.139102625,0.002482729,0.131779045,-0.171492975,-0.047727705,0.11690811,-0.056631476,-0.119532748,-0.089235428,-0.104194914,-0.266773797,-0.043143728,-0.107221022,-0.027978508,-0.171091077
2013/01/21,-0.049043934,-0.078236003,-0.056405835,-0.022043252,-0.098932223,-0.097744658,-0.070267557,0.113060495,0.680331443,-0.027527101,-0.076409146,0.065222946,0.162881313,-0.162656099,-0.204719826,-0.100560766,-0.10650708,-0.09375181,-0.051928157,-0.08624063,-0.236994054,0.115154912,-0.068345965,-0.098424414,-0.060028849,0.147966906,0.01719399,-0.247790867,-0.121206282,0.119336338,-0.1629422,0.347906329,-0.086832083,-0.154540197,-0.114438,0.248240191,0.295378422,-0.013006017,1.074611227,0.024357475,-0.072458543,-0.071720863,-0.2462574,0.696635632,-0.107872166,-0.084541069,0.002009367,0.038142855,-0.046187623,0.038123908,-0.068020493,-0.074966452,-0.091025453,-0.030673871,-0.04105104,0.013730038,-0.096814565,-0.032572209,-0.082414334,-0.08101205,0.273888315,0.053857295,-0.070939001,-0.025101846,0.331685604,-0.138430546,-0.058548695,-0.067681462,-0.049474112,0.283208638,-0.113002975,0.555132287,-0.097164331,-0.205398616,-0.165991879,-0.191326253,-0.065990936,-0.31739907,-0.067979463,0.033200324,0.470210155,0.375642213,-0.099249382,-0.109221367,-0.153234913,0.253565918,-0.047004424,1.271324216,-0.186887135,0.092811271,-0.039287523,0.150688203,-0.129401116,-0.140491175,-0.238034986,-0.157635289,-0.188668509,-0.047872116,-0.065937751,-0.15086367,-0.118360791,-0.100212798,-0.134809643,-0.299401425,-0.139301648,-0.025100154,0.169915407,-0.082480621
2013/02/07,-0.054024469,-0.094913243,-0.068142653,-0.175859108,-0.11522706,-0.099767197,-0.137038215,-0.39243215,-0.116496188,-0.06226948,-0.076409146,-0.131144227,-0.142862423,-0.186399165,-0.204719826,-0.107419101,-0.107191453,-0.125253122,-0.064680709,-0.08624063,-0.312960679,-0.219035474,-0.074941644,-0.132459945,-0.06190118,-0.288250359,-0.176611253,-0.272537745,-0.166203762,-0.190159297,-0.183536782,-0.176966408,-0.088622261,-0.168077708,-0.139696072,-0.19814998,-0.400671753,-0.247677772,-0.1241152,-0.138720218,-0.210689868,-0.222847048,-0.282924878,-0.331051476,-0.115045306,-0.16632463,-0.145769598,-0.200900416,-0.052076453,-0.058334401,-0.306173263,-0.117447798,-0.094132357,-0.07889364,-0.068933689,-0.108252557,-0.106922282,-0.040060342,-0.102713986,-0.091115427,-0.12217926,-0.124927466,-0.137818369,-0.198186505,-0.27831091,-0.21150647,-0.085306426,-0.072286843,-0.104109844,-0.225210697,-0.130138537,-0.160467164,-0.209991459,-0.246123384,-0.207041967,-0.253723984,-0.070981797,-0.343511689,-0.089972778,-0.095493748,-0.202268101,-0.504890309,-0.101912448,-0.111478542,-0.180776007,-0.192549632,-0.052437057,-0.215399346,-0.186887135,-0.275152965,-0.225693664,-0.091125796,-0.129401116,-0.230512847,-0.355505897,-0.161492635,-0.188668509,-0.047999271,0.242491392,-0.227692469,-0.120921906,-0.100681083,-0.144248806,-0.313752311,-0.151956182,-0.121293958,-0.238289203,-0.171091077
2013/02/21,-0.054024469,-0.094913243,-0.068142653,-0.175859108,-0.11522706,-0.099767197,-0.137038215,-0.39243215,-0.116496188,-0.06226948,-0.076409146,-0.131144227,-0.142862423,-0.186399165,-0.204719826,-0.107419101,-0.107191453,-0.125253122,-0.064680709,-0.08624063,-0.228742897,-0.219035474,-0.074941644,-0.132459945,-0.06190118,-0.288250359,-0.176611253,-0.272537745,-0.166203762,-0.190159297,-0.183536782,-0.176966408,-0.088622261,-0.168077708,-0.139696072,-0.19814998,-0.400671753,-0.247677772,-0.1241152,-0.138720218,-0.210689868,-0.222847048,-0.282924878,1.110902395,0.620469834,-0.16632463,-0.145769598,-0.200900416,-0.052076453,-0.058334401,-0.306173263,-0.117447798,-0.094132357,-0.07889364,-0.068933689,-0.108252557,-0.106922282,-0.040060342,-0.102713986,-0.091115427,-0.12217926,-0.124927466,-0.024423157,-0.198186505,-0.205558477,-0.21150647,-0.085306426,-0.072286843,-0.104109844,-0.225210697,-0.130138537,-0.160467164,-0.209991459,-0.246123384,-0.207041967,0.426676784,-0.070981797,-0.343511689,-0.089972778,-0.095493748,-0.202268101,-0.190287671,-0.101912448,-0.111478542,-0.180776007,0.132784332,-0.052437057,9.699556239,-0.186887135,-0.275152965,0.327944611,-0.091125796,-0.129401116,-0.230512847,-0.352489387,-0.161492635,-0.188668509,-0.047999271,-0.224540743,-0.227692469,-0.120921906,-0.100681083,-0.144248806,-0.304083969,-0.151956182,-0.121293958,-0.238289203,-0.171091077
2013/03/07,-0.054024469,-0.094913243,-0.068142653,-0.175859108,-0.11522706,-0.099767197,-0.137038215,-0.17547907,-0.116496188,-0.06226948,-0.076409146,-0.131144227,-0.142862423,-0.186399165,-0.204719826,-0.107419101,-0.107191453,-0.125253122,-0.064680709,-0.08624063,-0.234643506,-0.219035474,-0.074941644,-0.132459945,-0.06190118,-0.288250359,-0.176611253,-0.272537745,-0.166203762,-0.190159297,-0.183536782,-0.176966408,-0.088622261,-0.168077708,-0.139696072,-0.19814998,-0.400671753,-0.247677772,-0.1241152,-0.138720218,-0.210689868,-0.222847048,-0.282924878,-0.331051476,0.229596074,-0.16632463,-0.145769598,-0.200900416,-0.052076453,-0.058334401,-0.147994908,-0.117447798,-0.094132357,-0.07889364,-0.068933689,-0.108252557,-0.106922282,-0.040060342,-0.102713986,-0.091115427,-0.12217926,-0.124927466,-0.137818369,-0.198186505,-0.27831091,-0.21150647,-0.085306426,-0.072286843,-0.104109844,-0.225210697,-0.130138537,-0.160467164,-0.209991459,-0.246123384,-0.207041967,0.083789193,-0.070981797,-0.343511689,-0.089972778,-0.095493748,-0.202268101,-0.190287671,-0.101912448,-0.111478542,-0.180776007,0.069556883,-0.052437057,-0.215399346,-0.186887135,-0.275152965,-0.225693664,-0.091125796,-0.129401116,-0.230512847,-0.353965551,-0.161492635,-0.188668509,-0.047999271,-0.224540743,-0.227692469,-0.120921906,-0.100681083,-0.144248806,-0.275078945,-0.151956182,-0.121293958,-0.238289203,-0.171091077
2013/03/21,-0.053567313,-0.05824784,-0.05896799,-0.152432218,0.031193279,-0.081676714,-0.053925264,0.27045904,-0.042091557,-0.031764425,-0.076409146,-0.028876637,-0.002743111,-0.054338059,-0.191100512,-0.092803778,-0.102743027,-0.045701666,-0.064680709,-0.08624063,-0.13141132,0.044182636,-0.056208853,-0.04630768,-0.035865644,0.274993292,0.14532079,-0.137560078,-0.139341985,-0.151432683,0.31074897,-0.008259066,-0.08308051,-0.136611687,0.757425923,-0.028029625,-0.094496162,-0.018866938,0.394328615,-0.138720218,0.38543272,-0.156584588,0.419233781,-0.005080368,-0.10695464,-0.159010951,0.072545547,0.090137325,-0.049504346,-0.035908273,-0.054121741,0.055235152,-0.089056721,0.024685226,0.343822717,-0.017532754,0.012706758,-0.039200174,-0.080399295,-0.069773136,0.303337412,0.286356209,-0.070902248,-0.171341234,-0.011599541,-0.109692035,-0.082192266,-0.070211904,-0.049789756,-0.146445214,-0.115658176,-0.160467164,0.068294562,-0.144472815,0.209570748,0.592562972,-0.06565227,-0.182011616,-0.088888901,-0.064786639,-0.112211725,0.267047889,0.179060076,-0.107109455,0.230871563,-0.146102302,-0.049107062,-0.087108407,-0.003121989,-0.202232689,-0.128422495,-0.019448065,-0.023192962,0.418112204,0.134336204,-0.14572266,-0.188668509,-0.047914783,0.337424067,-0.071856272,0.151353057,-0.100576319,-0.046927778,-0.065989076,-0.099482844,-0.012932348,-0.226658821,-0.028671191
2013/04/07,-0.054024469,-0.094913243,-0.068142653,-0.175859108,-0.11522706,-0.099767197,-0.137038215,-0.33819388,0.588389794,-0.06226948,-0.076409146,-0.131144227,-0.142862423,-0.186399165,-0.204719826,-0.107419101,-0.107191453,-0.125253122,-0.064680709,-0.08624063,-0.312960679,-0.219035474,-0.074941644,-0.132459945,-0.06190118,-0.288250359,-0.176611253,0.21802468,-0.166203762,-0.190159297,-0.183536782,-0.176966408,-0.088622261,-0.168077708,-0.139696072,-0.19814998,-0.400671753,-0.247677772,-0.1241152,-0.138720218,-0.210689868,-0.222847048,-0.282924878,-0.331051476,-0.115045306,-0.16632463,-0.145769598,-0.200900416,-0.052076453,-0.058334401,-0.306173263,-0.117447798,-0.094132357,-0.07889364,-0.068933689,-0.108252557,-0.106922282,-0.040060342,-0.102713986,-0.091115427,-0.12217926,-0.121547078,-0.118787005,-0.198186505,-0.132806045,-0.21150647,-0.085306426,-0.072286843,-0.104109844,-0.225210697,-0.130138537,-0.160467164,-0.209991459,-0.246123384,-0.207041967,0.002098106,-0.070981797,-0.343511689,-0.089972778,-0.095493748,-0.202268101,-0.504890309,-0.101912448,-0.111478542,-0.180776007,-0.123574234,-0.052437057,-0.215399346,-0.186887135,-0.26118099,-0.225693664,-0.091125796,-0.129401116,-0.230512847,-0.355505897,-0.161492635,-0.188668509,-0.047999271,-0.224540743,-0.093617728,-0.120921906,-0.100681083,-0.144248806,-0.310437451,-0.151956182,-0.121293958,-0.238289203,-0.171091077
2013/04/21,-0.054024469,-0.094913243,-0.068142653,-0.175859108,-0.11522706,-0.099767197,-0.137038215,-0.39243215,-0.116496188,-0.06226948,-0.076409146,-0.131144227,-0.142862423,-0.186399165,-0.204719826,-0.107419101,-0.107191453,-0.125253122,-0.064680709,-0.08624063,-0.312960679,0.460284655,-0.074941644,-0.132459945,-0.06190118,-0.288250359,-0.176611253,5.749116026,-0.166203762,-0.190159297,-0.183536782,-0.176966408,-0.088622261,-0.168077708,-0.139696072,-0.19814998,-0.400671753,-0.247677772,-0.1241152,-0.138720218,-0.210689868,-0.222847048,-0.282924878,-0.331051476,-0.115045306,-0.16632463,-0.145769598,-0.200900416,-0.052076453,-0.058334401,-0.253974406,-0.117447798,-0.094132357,-0.07889364,-0.068933689,-0.108252557,-0.106922282,-0.040060342,-0.102713986,-0.091115427,-0.12217926,-0.124927466,-0.135439449,-0.198186505,0.107276983,0.146370191,-0.085306426,-0.072286843,-0.104109844,-0.225210697,-0.130138537,-0.160467164,-0.209991459,-0.246123384,-0.207041967,0.089561314,-0.070981797,-0.343511689,-0.089972778,-0.095493748,-0.202268101,-0.34758899,-0.101912448,-0.111478542,-0.180776007,-0.094161974,-0.052437057,-0.215399346,-0.186887135,-0.275152965,-0.142647923,-0.091125796,-0.129401116,-0.230512847,-0.355167021,-0.161492635,-0.188668509,-0.047999271,-0.224540743,-0.227692469,-0.120921906,-0.100681083,-0.144248806,-0.279932453,-0.151956182,-0.121293958,-0.238289203,-0.171091077
2013/05/07,-0.054024469,-0.094913243,-0.068142653,-0.175859108,-0.11522706,-0.099767197,-0.137038215,-0.39243215,-0.116496188,-0.06226948,-0.076409146,-0.131144227,-0.142862423,-0.186399165,-0.204719826,-0.107419101,-0.107191453,-0.125253122,-0.064680709,-0.08624063,-0.102684434,-0.219035474,-0.074941644,-0.132459945,-0.06190118,-0.288250359,-0.176611253,0.708587106,-0.166203762,-0.190159297,-0.183536782,-0.176966408,-0.088622261,-0.168077708,-0.139696072,-0.024712895,-0.400671753,-0.247677772,-0.1241152,-0.138720218,-0.210689868,-0.222847048,-0.282924878,-0.331051476,-0.115045306,-0.16632463,-0.145769598,-0.200900416,-0.052076453,-0.058334401,-0.306173263,-0.117447798,-0.094132357,-0.07889364,-0.068933689,-0.108252557,-0.106922282,-0.040060342,-0.102713986,-0.091115427,-0.12217926,-0.124927466,-0.137818369,-0.198186505,-0.27831091,-0.108223162,-0.085306426,-0.072286843,-0.104109844,-0.225210697,-0.130138537,-0.160467164,-0.209991459,-0.246123384,-0.207041967,-0.103240402,-0.070981797,-0.343511689,-0.089972778,-0.095493748,-0.202268101,-0.504890309,-0.101912448,-0.111478542,-0.180776007,0.053462623,-0.052437057,-0.215399346,-0.186887135,-0.275152965,0.051125473,-0.091125796,-0.129401116,-0.230512847,-0.354864086,-0.161492635,-0.188668509,-0.047999271,-0.224540743,-0.138309308,-0.120921906,-0.100681083,-0.144248806,-0.309332497,-0.151956182,-0.121293958,0.840164478,-0.171091077
2013/05/21,-0.054024469,-0.094913243,-0.068142653,-0.175859108,-0.11522706,-0.099767197,-0.137038215,-0.39243215,-0.116496188,-0.06226948,-0.076409146,-0.131144227,-0.142862423,-0.12572244,-0.204719826,-0.107419101,-0.107191453,-0.125253122,-0.064680709,-0.08624063,-0.260391618,-0.219035474,-0.074941644,-0.132459945,-0.06190118,-0.288250359,-0.176611253,0.054503872,0.674686647,-0.190159297,-0.183536782,-0.176966408,-0.088622261,-0.168077708,-0.139696072,-0.19814998,-0.400671753,-0.247677772,-0.1241152,-0.138720218,-0.210689868,-0.222847048,-0.282924878,-0.331051476,-0.109441381,-0.16632463,-0.145769598,-0.200900416,-0.052076453,-0.058334401,-0.306173263,0.004686071,-0.094132357,-0.07889364,0.878862313,-0.108252557,-0.106922282,-0.040060342,-0.102713986,-0.042514512,-0.12217926,-0.120138583,-0.13200323,-0.198186505,-0.035802801,-0.21150647,-0.085306426,-0.072286843,-0.104109844,-0.225210697,-0.130138537,-0.160467164,-0.209991459,-0.246123384,-0.207041967,-0.196396905,-0.070981797,-0.343511689,-0.089972778,-0.095493748,-0.202268101,0.124314967,-0.101912448,-0.111478542,0.143175513,-0.192549632,-0.052437057,-0.215399346,-0.186887135,-0.272824303,-0.170329837,-0.08840399,-0.129401116,-0.230512847,-0.071996746,-0.161492635,-0.044394024,-0.047999271,-0.224540743,-0.153206501,-0.120921906,-0.100681083,-0.144248806,-0.309148338,-0.151956182,-0.121293958,-0.238289203,-0.171091077
2013/06/07,-0.054024469,-0.094913243,-0.068142653,-0.175859108,-0.11522706,-0.099767197,-0.137038215,-0.311074745,-0.116496188,-0.06226948,-0.076409146,-0.131144227,-0.142862423,-0.186399165,-0.204719826,-0.107419101,-0.107191453,-0.125253122,-0.064680709,-0.08624063,-0.312960679,-0.219035474,-0.074941644,-0.132459945,-0.06190118,-0.288250359,-0.176611253,-0.272537745,-0.166203762,-0.190159297,-0.183536782,-0.176966408,-0.088622261,-0.168077708,-0.139696072,-0.19814998,-0.400671753,-0.247677772,-0.1241152,-0.138720218,-0.210689868,-0.222847048,-0.282924878,-0.331051476,-0.115045306,-0.16632463,-0.145769598,-0.200900416,-0.052076453,-0.058334401,0.484718508,-0.117447798,-0.094132357,-0.07889364,0.035928847,-0.108252557,-0.106922282,-0.040060342,-0.102713986,-0.091115427,-0.12217926,-0.124927466,-0.137818369,-0.198186505,-0.27831091,3.248484338,-0.085306426,-0.072286843,-0.104109844,-0.225210697,-0.130138537,-0.160467164,-0.209991459,-0.246123384,-0.207041967,-0.273071873,-0.070981797,-0.343511689,-0.089972778,-0.095493748,-0.202268101,-0.504890309,-0.101912448,-0.111478542,-0.180776007,-0.192549632,-0.052437057,-0.215399346,-0.186887135,-0.275152965,-0.225693664,-0.091125796,-0.129401116,-0.230512847,-0.355505897,-0.161492635,-0.188668509,-0.047999271,0.242491392,-0.160655098,-0.120921906,-0.100681083,-0.144248806,-0.310437451,-0.151956182,-0.121293958,-0.238289203,-0.171091077
2013/06/21,-0.049718036,-0.088485967,-0.068142653,0.222398027,-0.10980527,-0.095503012,-0.103232551,-0.298242966,0.031673722,-0.044995085,-0.048243292,-0.131144227,-0.114931663,-0.13779587,0.467459225,-0.107419101,-0.094608763,-0.120057925,-0.052305575,-0.085740753,-0.291806625,0.292140903,-0.074941644,-0.111354579,-0.057799885,0.448502161,-0.12405092,-0.032095414,0.032721163,-0.124422673,-0.043971707,-0.166041477,-0.088411174,-0.160603204,-0.139696072,-0.14783946,-0.370564617,-0.230697376,-0.1241152,-0.111928883,-0.210689868,-0.19252501,0.15622838,-0.297209701,-0.112672216,-0.151906235,-0.105264754,-0.167654791,-0.051831334,-0.057531253,-0.159078154,0.203880596,-0.093821708,-0.076223508,-0.061826477,-0.081952787,-0.092530819,-0.039688718,-0.095340813,-0.088511807,-0.12213994,-0.124383039,-0.124468768,-0.183284641,-0.200898033,-0.093892896,-0.073866653,-0.070944806,-0.091262407,-0.19306152,-0.115832825,-0.133654603,-0.16894446,-0.216608061,-0.191245344,-0.220769907,-0.070981797,0.201564816,-0.089972778,-0.095493748,-0.202268101,-0.355222206,0.041413797,-0.10729303,-0.180042904,-0.141570726,-0.052353108,-0.215399346,-0.186887135,-0.274064672,-0.185708678,-0.088948351,-0.129401116,-0.230512847,-0.34713825,-0.159063464,0.113424597,-0.046528288,-0.182576688,-0.095994185,-0.118838169,-0.099081828,-0.084995527,-0.169965453,-0.135010044,-0.106517375,-0.202340747,0.071042641
2013/07/07,-0.053316166,-0.071480467,-0.043076163,-0.175859108,1.171743282,-0.050845363,-0.010970996,-0.301008057,-0.090062964,-0.059970871,-0.076409146,-0.129311844,-0.142862423,-0.117357721,-0.131313606,-0.102793592,-0.105825151,-0.11737374,-0.060355419,-0.083721251,-0.264018321,-0.069108219,-0.055612992,-0.131596543,-0.06190118,-0.288250359,-0.121422903,-0.026468129,0.195879644,-0.077142826,-0.011794204,-0.138641445,-0.08294825,-0.158051335,-0.139696072,-0.069744595,-0.358333592,-0.206075802,-0.105966,-0.138720218,-0.210689868,-0.162202971,0.022524621,-0.267880164,-0.110870382,-0.161058781,-0.131969394,-0.165992509,-0.052018462,-0.058334401,-0.172230092,-0.007527316,-0.093535911,-0.07889364,-0.068554379,-0.096108383,-0.106922282,-0.040060342,-0.07923043,-0.089162712,-0.122130601,-0.122918952,-0.098904185,0.05216482,-0.237976615,-0.156852386,-0.05327506,-0.070120788,-0.0943156,-0.090184155,-0.125885616,-0.160467164,-0.203889001,-0.125928007,-0.164391084,-0.251068588,-0.063875761,0.032464955,-0.085339979,-0.095493748,-0.187760814,-0.375659785,-0.063692116,-0.095338621,-0.068046103,-0.166330085,-0.052370947,-0.215399346,0.191144023,-0.274708398,-0.18697194,-0.080102481,-0.129401116,-0.208017363,-0.349219129,-0.160547268,-0.157615144,-0.047581059,-0.118624527,-0.070618855,-0.095396128,-0.093741959,-0.102366007,-0.274415908,0.164641792,-0.079919525,-0.222882722,-0.161055271
2013/07/21,-0.049471093,-0.04492332,-0.068142653,-0.175859108,-0.114022218,-0.083668821,0.37120425,-0.258093426,-0.032581191,-0.06226948,-0.076216559,-0.128090256,-0.108486103,0.253507088,-0.190493814,-0.107419101,-0.105814559,-0.125253122,-0.055469444,-0.08624063,-0.291079729,-0.195579254,-0.069214636,0.040540102,-0.060875856,0.147802047,-0.176611253,0.31375623,-0.072771494,-0.123640627,-0.168460308,-0.130104657,-0.087637189,-0.163517132,-0.139696072,-0.113699108,-0.287769991,-0.102401052,-0.036730163,0.106867022,-0.002358327,-0.020700122,-0.031379628,-0.261506692,-0.113719933,-0.163817083,-0.03546432,-0.158419895,-0.05199607,-0.057901937,0.248979326,0.039581462,-0.091961957,-0.046184524,-0.067557288,-0.076667661,-0.106922282,-0.039931022,-0.099273172,-0.083087597,-0.122135025,-0.124681538,0.606024422,-0.198186505,-0.215226231,-0.107747731,-0.075296624,-0.07024421,-0.078534294,-0.187703324,-0.127981957,-0.117567066,-0.19793057,-0.004509039,-0.017482485,-0.240232447,-0.037989487,0.059265103,-0.084825223,-0.086258527,-0.202268101,-0.3074954,-0.026078456,-0.111478542,-0.180776007,-0.191635014,-0.052437057,-0.215399346,0.163141715,-0.275028215,0.308526712,-0.019536315,-0.119136359,-0.226227993,-0.33478074,-0.161367121,0.597512934,-0.047963062,-0.180061492,-0.119483184,-0.079594456,-0.031624583,-0.125711468,-0.225683684,-0.13565062,-0.044361906,-0.055465627,0.006465481
2013/08/07,-0.047089003,0.131447377,-0.046209474,0.156021838,-0.091243169,-0.099767197,-0.093819846,-0.228869867,-0.087125939,-0.060847361,0.988260146,-0.131144227,-0.142862423,-0.073072741,-0.184092109,-0.106883741,-0.107098778,-0.125253122,-0.064230158,-0.08624063,-0.302373907,0.323148917,-0.072122883,-0.110355272,-0.049340963,-0.094159641,-0.176611253,-0.03492157,-0.035648852,-0.145957374,-0.047848515,-0.066542287,-0.084097089,-0.163976883,-0.126080392,-0.133274531,-0.378718633,0.03833577,-0.053534978,-0.021508126,-0.078218182,0.071950553,-0.078054917,-0.313527731,-0.113323267,-0.125733713,-0.108936416,-0.181507134,-0.051957857,-0.058334401,-0.063884196,-0.050655838,-0.087173824,-0.076557274,-0.067546285,-0.067423253,0.921467713,-0.039905499,-0.096692561,-0.090545885,-0.12217926,-0.124465303,0.00694107,-0.130817659,-0.148215414,0.129973966,-0.085306426,-0.071156684,-0.077294438,-0.225210697,-0.127886699,-0.029085615,-0.098811821,0.304422406,-0.207041967,-0.24032154,0.008961108,-0.02593768,-0.064449485,-0.095493748,-0.188163794,-0.436726404,-0.101912448,-0.111478542,-0.175959188,-0.186483949,-0.052437057,-0.215399346,-0.016248071,-0.275080194,-0.224924722,-0.09078557,-0.021621171,-0.150528903,-0.314067285,-0.154747543,0.037261328,-0.045564984,-0.092377136,-0.09991024,-0.104259246,0.145205112,-0.108718907,0.03764909,-0.068670426,-0.121293958,-0.215821418,0.063077716
2013/08/21,-0.033441308,0.10797855,0.086514382,-0.175859108,-0.082302428,0.309616943,-0.1063782,-0.040830248,-0.100229589,-0.06226948,-0.01023945,-0.114699771,-0.142862423,-0.048631884,-0.133480337,-0.09750259,-0.100124349,-0.088156306,-0.06254579,-0.082292886,-0.027722723,-0.169472652,-0.074941644,0.00112374,-0.042025672,-0.153879862,-0.127083247,0.536156509,0.14643498,-0.08287123,-0.130931485,-0.062098311,-0.08790619,-0.164137193,-0.139696072,-0.101758984,-0.301376101,-0.026867317,-0.1241152,-0.138720218,-0.088408311,0.013898102,-0.053430909,-0.197948042,-0.113078544,-0.10303318,0.05455566,-0.133769827,-0.051640274,-0.058334401,0.284933839,-0.079868146,-0.091121453,-0.07889364,-0.067375574,-0.068260303,-0.035887494,-0.039860237,-0.094932452,-0.08807787,-0.121933128,-0.124437743,0.787213598,-0.17291065,-0.005054017,0.391553288,-0.085306426,-0.069416358,0.928272182,-0.093934893,-0.126753647,-0.056516928,-0.026779095,0.437152488,-0.156006722,-0.19662162,-0.069615252,0.004330162,-0.083043377,-0.085548126,-0.202268101,-0.400560545,-0.087212321,-0.109799442,-0.125084279,-0.173842512,-0.052418693,-0.215399346,-0.133171169,-0.274184928,-0.224841913,-0.090497687,-0.079656526,0.064351041,-0.133336196,-0.145783265,0.569789861,-0.04629003,0.015861054,0.187331881,-0.096966945,-0.010500956,-0.075999316,0.770286835,0.429032961,-0.114473997,-0.041264012,-0.13746684
2013/09/07,-0.047083101,0.042309096,-0.054523193,-0.175859108,0.079957388,0.114384834,-0.135795079,-0.156644099,-0.116496188,-0.060046098,-0.076409146,-0.120296524,-0.100631114,0.115273952,0.312947667,0.44211192,0.259794063,0.243561233,-0.032228223,-0.082281607,0.033283258,-0.196036709,-0.070130958,0.151656657,-0.058456092,-0.008020332,-0.107932417,0.898645005,0.112598125,0.17334793,0.134801849,0.092944013,-0.06086098,0.047026019,-0.139696072,-0.055485589,-0.138739666,-0.147833045,-0.1241152,-0.063704479,-0.050815467,-0.084376404,0.299283724,0.356050988,0.084460824,-0.120219199,-0.054669017,0.486831879,-0.052017216,-0.056760231,0.235951662,-0.082901361,-0.083387719,-0.07889364,-0.066462058,-0.037541241,0.207387281,-0.039947085,-0.08021565,-0.09020416,-0.122040537,-0.124875633,-0.001051408,0.146046567,-0.229781573,0.784616769,-0.025514543,-0.068162034,-0.038453371,-0.105487163,-0.127881012,0.544238436,-0.165162749,0.853568433,-0.03601719,-0.194373532,0.17050973,0.151470005,0.007748403,-0.087736163,-0.141788833,-0.04036703,-0.101912448,-0.090392961,-0.046918343,-0.081123562,-0.052424465,-0.215399346,-0.133962773,-0.272927429,-0.223558202,-0.086492504,-0.103533929,-0.127287853,0.144617352,0.055006329,0.892400823,-0.012866605,-0.057788032,1.14890681,0.113257252,0.217401148,0.502834073,1.817152401,1.029641083,0.085814632,-0.205216624,0.066199967
2013/09/21,-0.053093686,0.056498543,-0.042835139,-0.114588779,0.055826946,-0.081763688,-0.070339235,-0.206075018,-0.111073989,-0.06226948,-0.076409146,-0.116015327,-0.142862423,-0.081381757,-0.088898205,-0.026219016,0.634284118,0.011167426,1.202166948,0.265220702,0.239925688,-0.185574678,-0.019433719,-0.031213223,-0.050307133,0.249231628,0.170084794,-0.084174352,0.828849888,-0.04515221,-0.183536782,-0.118792297,-0.085121469,-0.14953867,-0.139696072,-0.041167182,-0.112917006,-0.151673226,-0.1241152,0.095703966,-0.210689868,-0.01195338,0.453091414,0.098761697,-0.066576744,-0.102948791,-0.129859062,0.322718176,-0.051419613,-0.057426226,0.291761196,-0.113924706,-0.055766752,-0.078030982,-0.052524357,-0.06452013,-0.068176034,-0.039552932,-0.080481034,-0.086091775,-0.122107803,-0.124784991,-0.120984965,-0.130784225,0.344841657,-0.031819997,0.744737151,-0.065716478,-0.051099832,0.089851233,-0.127981319,-0.146029631,-0.179325715,0.224840697,-0.156006722,-0.238135428,-0.038184708,-0.133305103,-0.088309722,-0.065656881,0.004739726,-0.031574674,-0.087212321,-0.108932215,-0.082128549,-0.064486782,-0.052426463,-0.215399346,0.470426657,-0.265206889,-0.13129124,-0.090497687,-0.129401116,-0.167294768,0.087432389,-0.096008712,0.074170009,-0.012482973,0.003885871,0.192551629,-0.113067821,-0.043743409,0.158943626,0.195287275,0.199613696,-0.08492083,0.173735408,-0.160283286
2013/10/07,-0.046597126,-0.068668534,-0.065096379,0.122833743,-0.002555482,0.138784889,-0.11567183,-0.079963038,-0.116496188,-0.06226948,-0.076409146,-0.100604522,-0.093983593,0.117363688,-0.166309595,-0.062823627,-0.105500125,-0.064440454,-0.032931884,-0.019931995,0.860684588,-0.188657627,-0.054002271,-0.093846718,-0.06190118,-0.268841287,-0.031741834,-0.061810037,-0.00152939,-0.06662357,0.22352802,-0.136073934,-0.046861392,-0.167573508,-0.133644659,-0.11796974,-0.168909525,-0.014904846,0.052335356,-0.021508126,0.186725191,-0.008065939,0.080797293,0.019423423,-0.082443306,-0.165227578,-0.088348882,-0.157265533,-0.040389866,-0.057350545,-0.169158586,-0.044022079,-0.056896956,-0.076557274,-0.067648515,-0.030886589,0.092459452,-0.039730009,-0.087058282,-0.065898278,-0.122163778,-0.124434493,-0.130134,-0.116039976,0.041785359,-0.130442393,0.008118392,-0.069205229,-0.067766565,0.267073568,-0.00955908,-0.160467164,-0.092251889,-0.092253024,-0.159652097,-0.230376422,-0.066540524,-0.004636984,-0.089222093,-0.095493748,-0.154313458,-0.135076157,0.049376366,-0.027390751,-0.00799642,-0.077415535,-0.052328404,-0.171136151,0.134701871,-0.203083982,0.765005779,-0.063851031,-0.129401116,-0.173631408,0.226394987,0.163539342,0.152480535,-0.044869725,0.124065386,-0.18599954,-0.118582043,-0.095471252,-0.099170247,-0.179884113,-0.064517603,-0.04002275,-0.210828577,-0.042855785
2013/10/21,-0.028848467,-0.044152887,0.016097958,-0.099393738,-0.102829233,0.896620398,0.720391549,0.743332427,-0.109861967,0.006376574,-0.041919119,-0.070602317,-0.103759359,-0.011447942,0.133460923,-0.100065147,0.732991342,-0.100814915,-0.011963065,0.509358487,1.094814327,0.093621793,0.027393691,0.087545462,-0.048120828,0.180855488,0.61496283,-0.004636154,0.03346649,-0.005032836,-0.13186669,0.356326914,-0.023510899,-0.120219872,0.204726157,-0.054455654,0.428278072,-0.066847877,-0.056358187,0.333878937,0.262675624,0.396977046,0.136182732,0.314529179,-0.071354965,0.191732431,-0.099142849,0.043920366,-0.028336526,-0.056760231,0.072048758,1.003618987,0.927591524,-0.063193264,-0.067019012,-0.007324597,-0.076700209,-0.039223823,-0.061637953,-0.047131599,-0.122143948,-0.123919978,0.328894578,-0.022596958,-0.00101002,-0.142439639,0.489256206,0.124988717,-0.00885497,0.522412729,-0.127684044,-0.080386982,0.132520441,0.644165957,-0.019504453,-0.111810845,-0.011054227,0.813963105,-0.08768363,-0.049587095,-0.038459022,0.499152701,-0.048403983,0.256679413,0.856101372,-0.123529648,-0.052425304,-0.127266407,-0.065472422,-0.154990012,0.615063881,-0.071692101,-0.064733149,0.911808439,0.887021448,0.445973316,0.114204184,-0.032057286,-0.007788993,-0.079720691,-0.106867713,0.125445191,-0.125517371,-0.102880463,-0.069319591,-0.111836945,-0.13948029,-0.080802937
2013/11/07,1.04077081,-0.083977948,-0.059765397,0.056457554,-0.00761582,-0.012028357,0.584077261,-0.080599764,-0.116496188,0.039513625,0.056966606,-0.010715993,-0.142862423,-0.047348338,0.36912192,0.085890412,0.080808593,0.026778549,-0.036734033,-0.039694826,0.335088297,-0.172243379,1.00833984,0.082095289,-0.06190118,0.099931076,0.456521766,-0.107313595,-0.035398587,0.059395204,-0.16883722,-0.113036654,-2.20E-04,-0.064952046,0.697365648,-0.074997605,-0.016492147,-0.083003308,0.017045244,1.072471401,0.054253505,0.309262621,-0.180764284,0.609723289,0.310426853,0.432254264,0.129860038,-0.099085689,-0.050186409,-0.058334401,-0.109548781,-0.089967677,0.276373292,-0.068613632,-0.067732139,-0.025467709,-0.106922282,-0.039402257,-0.035474745,0.030222326,-0.122166358,-0.121327588,-0.051831956,0.45594326,-0.041562369,-0.081971988,-0.073628324,-0.068861268,0.032121923,0.874224162,-0.119188448,-0.066623201,-0.13631046,-0.003568392,0.170760612,-0.197804852,-0.068761161,-0.153741854,0.439447871,-0.086066127,0.143287417,0.563557053,-0.101912448,0.522435287,0.47972152,-0.058786057,-0.052383496,-0.180972417,0.456290877,0.234195852,0.33486509,-0.070457081,-0.129401116,-0.061921689,1.233710686,0.229835149,-0.087976941,-0.047484427,-0.1123233,-0.180673202,-0.071997499,0.055493809,0.13723875,-0.076378993,-0.105943923,0.240732331,0.364596362,-0.073520746
2013/11/21,-0.050843463,-0.033500623,-0.063103646,-0.175859108,-0.018071499,-0.097596339,-0.036530742,-0.105008955,-0.04130835,-0.06226948,0.028480495,0.046776019,-0.088118134,-0.077181061,0.214002911,0.58268799,0.155849889,0.740719278,-0.063402345,0.810098143,0.120405441,0.103028925,-0.065681072,-0.025014444,-0.055011004,-0.210614072,-0.022083872,-0.042916794,-0.136212004,0.91127045,0.005758788,-0.132106515,0.119587344,0.673842843,0.080478543,-0.131496774,0.040146904,0.115646098,-0.108478966,-0.101212349,0.509956106,0.249064951,-0.249267467,0.075172811,0.373434815,-0.141035054,-0.115686446,0.106289158,-0.049300794,-0.058334401,0.207557585,-0.102791734,-0.018005201,-0.078548576,-0.068842271,-0.067437771,-0.01961407,-0.039974868,-0.040669227,-0.087379232,-0.12205251,-0.123000645,-0.117232736,-0.136738093,-0.166158993,0.422538722,-0.085306426,-0.069790104,-0.00200828,0.119782116,-0.120096127,-0.108723046,-0.125328379,-0.209077277,-0.001812235,-0.154319472,-0.066647115,-0.045518829,0.74934118,-0.082435146,0.38943578,0.131472849,-0.071336183,-0.104647004,-0.047237443,-0.095995452,-0.05238917,-0.11624979,-0.186887135,0.336361155,-0.10832235,-0.049947592,0.232739497,-0.152768453,-0.10105108,0.101904947,-0.165504439,-0.047664701,0.045455723,-0.204316862,-0.061021414,-0.100681083,0.121762003,-0.210703011,-0.151956182,-0.121293958,0.187340516,-0.128004019
2013/12/07,-0.054024469,-0.094913243,-0.068142653,-0.175859108,-0.11522706,-0.099767197,-0.137038215,-0.39243215,-0.116496188,-0.06226948,-0.076409146,-0.131144227,-0.142862423,-0.186399165,-0.204719826,-0.107419101,-0.107191453,-0.125253122,-0.064680709,-0.08624063,-0.312960679,-0.219035474,-0.074941644,-0.132459945,-0.06190118,-0.288250359,-0.176611253,-0.272537745,-0.166203762,-0.190159297,-0.183536782,-0.176966408,-0.088622261,-0.168077708,-0.139696072,-0.19814998,-0.400671753,-0.247677772,-0.1241152,-0.138720218,-0.210689868,-0.222847048,-0.282924878,-0.331051476,-0.115045306,-0.16632463,-0.145769598,-0.200900416,-0.052076453,-0.058334401,-0.306173263,-0.117447798,-0.094132357,-0.07889364,-0.06086734,-0.108252557,-0.106922282,-0.040060342,-0.102713986,-0.091115427,-0.12217926,-0.124927466,-0.131474581,-0.198186505,-0.27831091,-0.21150647,-0.085306426,-0.072286843,-0.104109844,-0.225210697,-0.127525757,-0.160467164,-0.209991459,-0.246123384,-0.207041967,-0.275221638,-0.070981797,-0.343511689,-0.089972778,-0.095493748,-0.202268101,0.124314967,-0.101912448,-0.111478542,-0.024025271,-0.192549632,-0.052437057,-0.215399346,-0.186887135,-0.275152965,-0.225693664,-0.082960378,-0.129401116,-0.230512847,-0.355249172,-0.161492635,-0.188668509,-0.047999271,-0.224540743,-0.227692469,-0.120921906,-0.100681083,-0.144248806,-0.314857264,-0.151956182,-0.121293958,-0.238289203,-0.171091077
2013/12/21,-0.052689985,-0.094913243,-0.066675551,0.291660137,-0.033711623,-0.089856759,-0.008972433,-0.016051396,0.016308417,-0.058544462,-0.074408962,1.079837783,0.04415223,-0.179364182,-0.090416915,-0.077815672,-0.099902454,-0.078086292,-0.064680709,-0.028417109,-0.147459484,0.600002606,-0.06465793,-0.118445314,1.090143767,-0.054562538,-0.059589801,-0.014730094,-0.160579077,-0.113329805,0.081704283,0.953792745,0.979694036,-0.098717356,-0.139696072,-0.093056056,0.0063284,0.092691139,-0.050466273,-0.121247608,-0.049419989,0.787667859,-0.279396229,0.35752226,0.273761499,0.532545071,0.029099134,-0.200900416,1.091700385,-0.058334401,-0.183093171,-0.111075596,0.049998547,-3.92E-04,-0.068308255,-0.075592408,-0.106922282,-0.040023055,-0.026657036,-0.066898274,-0.122148488,-0.107786957,-0.120189484,0.308900523,-0.115971062,-0.091175824,0.039259998,-0.067855782,0.134731242,-0.146181784,0.149813212,0.133305242,0.196784238,0.05914975,-0.160888354,0.088072757,-0.059625041,-0.105886853,-0.072758597,0.558354543,0.221596981,0.099825831,-0.085294913,0.365460183,4.11E-04,0.267260197,-0.052337823,-0.021411084,0.180397318,1.391714964,0.082418072,0.242676497,0.111932238,-0.177157098,0.054037489,-0.035911157,-0.176122902,-0.047961124,-0.099348015,-0.103452865,-0.104530771,-0.096687034,0.033901838,-0.228119844,-0.06962727,-0.121293958,0.263792617,-0.171091077
2014/01/07,-0.022769198,-0.094913243,-0.065158547,-0.024142104,-0.111411726,-0.091045,-0.075674276,-0.034500565,0.487691796,0.007385339,0.016225219,0.113852068,-0.031139384,-0.166895932,-0.151067439,-0.037669363,-0.091737965,0.2753543,-0.025203862,-0.07724285,-0.12791417,-0.147272001,-0.020535067,-0.119029257,-0.057799885,0.482831131,-0.071490586,-0.207370439,-0.121394409,0.314731262,-0.183536782,-0.114599059,-0.056114906,0.255390656,0.106312396,0.694290665,0.595731098,0.038158891,-0.1241152,-0.138720218,-0.210689868,-0.118965989,-0.264618351,0.655591564,0.041553261,-0.059803636,-0.088987884,0.286702082,-0.048002501,-0.02835022,-0.234676168,-0.117447798,-0.002109306,0.007313475,-0.067494337,-0.001447107,-0.022972078,-0.03951049,7.35E-05,0.767490406,-0.114808273,-0.093363126,-0.078953722,-0.078971588,0.018984235,-0.189374332,0.097729952,0.305303753,-0.060379333,-0.096613991,-0.117323473,-0.160467164,-0.184361321,-0.193806711,-0.080668979,0.01842048,-0.060105211,-0.203351267,0.419635147,0.961572576,-0.022654071,0.226293305,-0.092812369,0.869756504,-0.117222648,0.429496069,-0.052431227,-0.038346567,0.103136769,0.69698637,0.418767652,-0.086163592,-0.021621171,-0.139102625,0.002482729,0.131779045,-0.171492975,-0.047727705,0.11690811,-0.056631476,-0.119532748,-0.089235428,-0.104194914,-0.266773797,-0.043143728,-0.107221022,-0.027978508,-0.171091077
2014/01/21,-0.054024469,-0.094913243,-0.068142653,-0.175859108,-0.11522706,-0.099767197,-0.137038215,-0.094121666,-0.116496188,-0.06226948,-0.076409146,-0.131144227,-0.142862423,-0.186399165,-0.204719826,-0.107419101,-0.107191453,-0.125253122,-0.064680709,-0.08624063,-0.067280781,-0.219035474,-0.074941644,-0.132459945,-0.06190118,-0.288250359,-0.176611253,-0.272537745,-0.166203762,-0.190159297,-0.183536782,-0.176966408,-0.088622261,-0.168077708,-0.139696072,-0.19814998,1.179952914,-0.247677772,22.74387683,-0.138720218,-0.210689868,-0.222847048,-0.282924878,2.552856266,-0.115045306,-0.16632463,-0.145769598,-0.200900416,-0.052076453,-0.058334401,-0.306173263,-0.117447798,-0.094132357,-0.07889364,-0.068933689,-0.108252557,-0.106922282,-0.040060342,-0.102713986,-0.091115427,8.450179357,-0.124927466,-0.129492147,-0.198186505,-0.27831091,-0.21150647,-0.085306426,-0.072286843,-0.104109844,-0.225210697,0.047530512,-0.160467164,-0.209991459,-0.246123384,-0.207041967,-0.14193618,-0.070981797,-0.343511689,-0.089972778,-0.095493748,-0.202268101,-0.504890309,-0.101912448,-0.111478542,-0.180776007,-0.151164393,-0.052437057,2.263339551,-0.186887135,-0.041122392,-0.225693664,4.665230262,-0.129401116,-0.230512847,-0.352040119,-0.161492635,-0.188668509,-0.047999271,-0.224540743,-0.048926147,-0.120921906,-0.100681083,-0.144248806,-0.314857264,-0.151956182,-0.121293958,-0.238289203,-0.171091077
2014/02/07,-0.054024469,-0.094913243,-0.068142653,-0.175859108,-0.11522706,-0.099767197,-0.137038215,1.044881999,-0.116496188,-0.06226948,-0.076409146,-0.131144227,-0.142862423,-0.186399165,-0.204719826,-0.107419101,-0.107191453,-0.125253122,-0.064680709,-0.08624063,0.050731397,-0.219035474,-0.074941644,-0.132459945,-0.06190118,-0.288250359,-0.176611253,-0.272537745,-0.166203762,-0.190159297,-0.183536782,-0.176966408,-0.088622261,-0.168077708,-0.139696072,-0.19814998,-0.400671753,-0.247677772,-0.1241152,-0.138720218,-0.210689868,-0.222847048,-0.282924878,-0.331051476,-0.115045306,-0.16632463,-0.145769598,-0.200900416,-0.052076453,-0.058334401,-0.306173263,-0.117447798,-0.094132357,-0.07889364,-0.068933689,25.96841399,-0.106922282,-0.040060342,15.79384679,-0.091115427,-0.12217926,-0.124927466,-0.110064296,-0.198186505,-0.27831091,-0.21150647,-0.085306426,-0.072286843,-0.104109844,-0.225210697,-0.130138537,-0.160467164,-0.209991459,-0.246123384,-0.207041967,0.068740835,-0.070981797,-0.343511689,-0.089972778,-0.095493748,-0.202268101,-0.504890309,-0.101912448,-0.111478542,-0.180776007,-0.192549632,-0.052437057,-0.215399346,-0.186887135,-0.275152965,-0.225693664,3.248530217,-0.129401116,-0.230512847,-0.355505897,-0.161492635,-0.188668509,-0.047999271,-0.224540743,-0.227692469,-0.120921906,-0.100681083,-0.144248806,-0.255189786,-0.151956182,-0.121293958,-0.238289203,-0.171091077
2014/02/21,-0.054024469,-0.094913243,-0.068142653,-0.175859108,-0.11522706,-0.099767197,-0.137038215,1.722860372,-0.116496188,-0.06226948,-0.076409146,-0.131144227,-0.142862423,-0.186399165,-0.204719826,-0.107419101,-0.107191453,-0.125253122,-0.064680709,-0.08624063,0.440171585,-0.219035474,-0.074941644,-0.132459945,-0.06190118,-0.288250359,-0.176611253,-0.272537745,-0.166203762,-0.190159297,-0.183536782,-0.176966408,-0.088622261,-0.168077708,-0.139696072,-0.19814998,-0.400671753,-0.247677772,-0.1241152,-0.138720218,-0.210689868,-0.222847048,-0.282924878,-0.331051476,-0.064609982,-0.16632463,-0.145769598,-0.200900416,-0.048064878,-0.058334401,4.755534072,-0.117447798,-0.094132357,-0.07889364,-0.068933689,-0.108252557,-0.106922282,-0.040060342,4.521740057,-0.091115427,-0.04662459,-0.124927466,-0.134646475,-0.198186505,-0.27831091,-0.21150647,-0.085306426,-0.072286843,-0.104109844,-0.225210697,-0.130138537,-0.160467164,-0.209991459,-0.246123384,-0.207041967,-0.137636649,-0.070981797,-0.343511689,-0.089972778,-0.095493748,-0.202268101,-0.504890309,-0.101912448,-0.111478542,-0.180776007,-0.192549632,-0.052437057,9.699556239,-0.186887135,-0.275152965,-0.225693664,24.38879774,-0.129401116,-0.230512847,-0.355505897,-0.161492635,-0.188668509,-0.047999271,-0.224540743,0.085148594,-0.120921906,-0.100681083,-0.144248806,-0.314857264,-0.151956182,-0.121293958,6.232432886,-0.171091077
2014/03/07,-0.054024469,-0.094913243,7.096695987,-0.175859108,-0.11522706,-0.099767197,-0.137038215,-0.256836475,-0.116496188,-0.06226948,-0.076409146,-0.131144227,-0.142862423,-0.186399165,1.109763653,-0.107419101,-0.107191453,-0.125253122,-0.064680709,-0.08624063,-0.131293447,-0.219035474,-0.074941644,-0.132459945,-0.06190118,-0.288250359,-0.176611253,-0.272537745,-0.166203762,-0.190159297,-0.183536782,-0.176966408,-0.088622261,-0.168077708,-0.139696072,-0.19814998,1.706827803,-0.247677772,-0.1241152,-0.138720218,-0.210689868,-0.222847048,-0.282924878,-0.331051476,-0.101035494,-0.16632463,-0.145769598,-0.200900416,-0.052076453,-0.058334401,-0.306173263,-0.117447798,-0.094132357,-0.07889364,0.015762975,-0.108252557,-0.106922282,-0.040060342,-0.102713986,-0.091115427,-0.016898162,-0.124927466,-0.121694574,-0.198186505,-0.27831091,-0.21150647,-0.085306426,-0.072286843,-0.104109844,-0.225210697,-0.130138537,-0.160467164,-0.209991459,-0.246123384,-0.207041967,2.704353288,-0.070981797,-0.343511689,-0.089972778,-0.095493748,-0.202268101,1.172990428,-0.101912448,-0.111478542,-0.180776007,-0.097900057,-0.052437057,-0.215399346,-0.186887135,-0.275152965,-0.225693664,0.017746446,-0.129401116,-0.230512847,-0.354093913,-0.161492635,-0.188668509,-0.047999271,-0.224540743,-0.138309308,-0.120921906,-0.100681083,-0.144248806,-0.247823431,-0.151956182,-0.121293958,-0.238289203,-0.171091077
2014/03/21,-0.053567313,-0.05824784,-0.05896799,-0.152432218,0.031193279,-0.081676714,-0.053925264,0.27045904,-0.042091557,-0.031764425,-0.076409146,-0.028876637,-0.002743111,-0.054338059,-0.191100512,-0.092803778,-0.102743027,-0.045701666,-0.064680709,-0.08624063,-0.13141132,0.044182636,-0.056208853,-0.04630768,-0.035865644,0.274993292,0.14532079,-0.137560078,-0.139341985,-0.151432683,0.31074897,-0.008259066,-0.08308051,-0.136611687,0.757425923,-0.028029625,-0.094496162,-0.018866938,0.394328615,-0.138720218,0.38543272,-0.156584588,0.419233781,-0.005080368,-0.10695464,-0.159010951,0.072545547,0.090137325,-0.049504346,-0.035908273,-0.054121741,0.055235152,-0.089056721,0.024685226,0.343822717,-0.017532754,0.012706758,-0.039200174,-0.080399295,-0.069773136,0.303337412,0.286356209,-0.070902248,-0.171341234,-0.011599541,-0.109692035,-0.082192266,-0.070211904,-0.049789756,-0.146445214,-0.115658176,-0.160467164,0.068294562,-0.144472815,0.209570748,0.592562972,-0.06565227,-0.182011616,-0.088888901,-0.064786639,-0.112211725,0.267047889,0.179060076,-0.107109455,0.230871563,-0.146102302,-0.049107062,-0.087108407,-0.003121989,-0.202232689,-0.128422495,-0.019448065,-0.023192962,0.418112204,0.134336204,-0.14572266,-0.188668509,-0.047914783,0.337424067,-0.071856272,0.151353057,-0.100576319,-0.046927778,-0.065989076,-0.099482844,-0.012932348,-0.226658821,-0.028671191
2014/04/07,-0.054024469,-0.094913243,-0.068142653,-0.175859108,-0.11522706,-0.099767197,-0.137038215,-0.39243215,-0.116496188,-0.06226948,-0.076409146,-0.131144227,-0.142862423,-0.186399165,-0.204719826,-0.107419101,-0.107191453,-0.125253122,-0.064680709,-0.08624063,-0.312960679,-0.219035474,-0.074941644,-0.132459945,-0.06190118,-0.288250359,-0.176611253,-0.272537745,7.401809914,-0.190159297,-0.183536782,-0.176966408,-0.088622261,-0.168077708,-0.139696072,-0.19814998,-0.400671753,-0.247677772,-0.1241152,-0.138720218,-0.210689868,-0.222847048,-0.282924878,-0.331051476,-0.115045306,-0.16632463,-0.145769598,-0.200900416,-0.052076453,-0.058334401,-0.306173263,-0.117447798,-0.094132357,-0.07889364,0.229521222,1.649321942,-0.106922282,-0.040060342,-0.102713986,-0.091115427,-0.12217926,-0.124927466,-0.137818369,-0.198186505,-0.27831091,-0.21150647,-0.085306426,-0.072286843,-0.104109844,-0.225210697,2.354615371,-0.160467164,-0.209991459,-0.246123384,-0.207041967,-0.275221638,-0.070981797,-0.343511689,-0.089972778,-0.095493748,-0.202268101,-0.504890309,-0.101912448,-0.111478542,-0.180776007,-0.182203323,-0.052437057,-0.215399346,-0.186887135,-0.275152965,-0.225693664,-0.091125796,-0.129401116,-0.230512847,-0.355505897,-0.084371005,-0.188668509,-0.047999271,-0.224540743,-0.227692469,-0.120921906,-0.100681083,-0.144248806,-0.314857264,-0.151956182,-0.121293958,-0.238289203,-0.171091077
2014/04/21,-0.054024469,-0.094913243,24.93568199,-0.175859108,-0.11522706,-0.099767197,-0.137038215,-0.39243215,-0.116496188,-0.06226948,-0.076409146,-0.131144227,-0.142862423,-0.186399165,-0.204719826,-0.107419101,-0.107191453,-0.125253122,-0.064680709,-0.08624063,-0.312960679,-0.219035474,-0.074941644,-0.132459945,-0.06190118,-0.288250359,-0.176611253,-0.272537745,-0.166203762,-0.190159297,-0.183536782,-0.176966408,-0.088622261,-0.168077708,-0.139696072,-0.024712895,-0.400671753,-0.247677772,-0.1241152,-0.138720218,-0.210689868,-0.222847048,-0.282924878,-0.331051476,0.019448891,-0.16632463,-0.145769598,-0.200900416,-0.052076453,-0.058334401,-0.306173263,-0.117447798,-0.094132357,-0.07889364,-0.068933689,-0.108252557,-0.106922282,-0.040060342,-0.102713986,-0.091115427,0.443861469,-0.097884363,-0.137818369,-0.198186505,-0.27831091,-0.21150647,-0.085306426,-0.072286843,-0.104109844,-0.225210697,20.61533573,-0.160467164,-0.209991459,-0.246123384,-0.207041967,0.490094865,-0.070981797,-0.343511689,-0.089972778,-0.095493748,-0.202268101,-0.504890309,-0.101912448,-0.111478542,-0.180776007,-0.192549632,-0.052437057,-0.215399346,-0.186887135,-0.275152965,-0.225693664,-0.091125796,-0.129401116,-0.230512847,-0.355505897,-0.161492635,-0.188668509,-0.047999271,-0.224540743,-0.227692469,-0.120921906,-0.100681083,-0.144248806,-0.24469273,-0.151956182,-0.121293958,-0.238289203,-0.171091077
2014/05/07,-0.054024469,-0.094913243,-0.068142653,-0.175859108,-0.11522706,-0.099767197,-0.137038215,-0.39243215,-0.116496188,-0.06226948,-0.076409146,-0.131144227,-0.142862423,-0.186399165,-0.204719826,-0.107419101,-0.107191453,-0.125253122,-0.064680709,-0.08624063,-0.312960679,-0.219035474,-0.074941644,-0.132459945,-0.06190118,-0.288250359,-0.176611253,-0.272537745,-0.166203762,-0.190159297,-0.183536782,-0.176966408,-0.088622261,-0.168077708,-0.139696072,-0.19814998,-0.400671753,-0.247677772,-0.1241152,-0.138720218,-0.210689868,-0.222847048,-0.282924878,-0.331051476,-0.115045306,-0.16632463,-0.145769598,-0.200900416,-0.052076453,-0.058334401,-0.306173263,-0.117447798,-0.094132357,-0.07889364,-0.068933689,0.214567249,-0.106922282,-0.040060342,-0.102713986,-0.091115427,-0.12217926,-0.124927466,-0.137818369,-0.198186505,-0.27831091,-0.21150647,-0.085306426,-0.072286843,-0.104109844,-0.225210697,-0.130138537,-0.160467164,-0.209991459,-0.246123384,-0.207041967,-0.275221638,-0.070981797,-0.343511689,-0.089972778,-0.095493748,-0.202268101,-0.504890309,-0.101912448,-0.111478542,-0.180776007,-0.192549632,-0.052437057,-0.215399346,-0.186887135,-0.275152965,-0.225693664,-0.091125796,-0.129401116,-0.230512847,-0.355505897,0.881845873,-0.188668509,-0.047999271,-0.224540743,-0.227692469,-0.120921906,-0.100681083,-0.144248806,-0.276736375,-0.151956182,-0.121293958,-0.238289203,-0.171091077
2014/05/21,-0.05258088,-0.068668534,-0.059369382,-0.175859108,0.054782208,-0.090486779,-0.079232433,-0.11427764,-0.107097709,-0.057198609,-0.051067388,-0.113846538,-0.117836462,0.05367263,-0.079246403,-0.107419101,-0.101712475,-0.114391697,-0.063923783,-0.085820733,-0.140516686,-0.064840588,-0.056300233,-0.074654266,-0.054838749,0.115458334,-0.176611253,0.093468544,-0.079712177,-0.132790395,0.003604476,-0.11915039,-0.070562948,-0.123519124,-0.136210458,0.736890641,0.109644211,0.063742688,-0.042806784,-0.106570616,0.298001407,-0.19313145,0.369592994,-0.122448816,-0.106639419,-0.099147446,0.158341937,0.211012877,-0.05182688,-0.053848018,-0.042738512,-0.002641961,-0.0901481,-0.06857625,-0.030416873,-0.068663575,-0.094833453,-0.039800205,-0.093630237,-0.083643037,-0.119952137,-0.119021123,-0.094070625,-0.198186505,-0.152248266,-0.138819612,-0.085306426,-0.050383704,-0.044539851,-0.225210697,-0.105018025,-0.070376959,-0.17322897,0.018260667,0.128857435,0.188559344,-0.067855141,0.221986927,-0.085031125,-0.057998751,-0.19414402,-0.19040752,0.987876619,-0.107790005,0.04330962,0.061978676,-0.052384169,-0.215399346,-0.149084019,-0.126276586,-0.140285733,-0.070211438,0.731113958,-0.085890449,-0.059916097,0.043608435,-0.167508251,1.004394743,-0.139629853,-0.16280455,0.492280208,-0.094951984,0.017684115,-0.170981296,-0.081418319,-0.059823372,0.231813892,-0.082775989
2014/06/07,-0.053386997,-0.063419592,-0.044893483,0.397631166,-0.079045647,-0.09651091,-0.130511755,-0.275651128,-0.088300749,-0.06226948,0.086051501,-0.126013556,-0.142862423,0.036041707,0.712550645,-0.107419101,-0.106622055,-0.115070536,-0.064680709,-0.08624063,-0.265269097,-0.184889753,-0.071333629,-0.126550442,-0.05759482,-0.250984941,-0.176611253,-0.1016585,0.156698155,-0.141738668,-0.134544272,-0.155574507,-0.087960293,-0.13653497,-0.135339054,-0.111315813,-0.22680304,-0.207739881,-0.02247968,-0.037448971,-0.210689868,-0.222847048,-0.105215278,-0.285389603,-0.111458794,-0.144895551,-0.090694666,-0.186937253,-0.051938404,-0.057389899,-0.045829267,-0.082639645,-0.091929981,-0.078146003,-0.064133315,-0.073591275,-0.082744623,-0.039822503,-0.095777305,-0.087196978,-0.122168251,-0.124402661,-0.130408913,-0.145612727,-0.235467811,-0.003820952,-0.070358455,-0.071757844,-0.090136409,-0.130692118,-0.113232398,-0.160467164,-0.133560061,-0.027256001,-0.185811305,-0.246551889,-0.070981797,0.226448454,-0.088147112,-0.087736163,-0.202268101,-0.29302291,-0.094268382,-0.110820609,-0.177849993,-0.174162324,-0.051976734,-0.215399346,0.318834547,-0.273838435,-0.216835452,-0.090390908,0.032268801,-0.191480682,-0.277077464,-0.145673915,-0.17905021,-0.047424758,-0.17129908,-0.199804923,-0.102134934,0.154101844,-0.138798829,-0.241785598,-0.112920666,-0.092922918,-0.195151056,-0.036209852
2014/06/21,-0.049718036,-0.088485967,-0.068142653,0.222398027,-0.10980527,-0.095503012,-0.103232551,-0.298242966,0.031673722,-0.044995085,-0.048243292,-0.131144227,-0.114931663,-0.13779587,0.467459225,-0.107419101,-0.094608763,-0.120057925,-0.052305575,-0.085740753,-0.291806625,0.292140903,-0.074941644,-0.111354579,-0.057799885,0.448502161,-0.12405092,-0.032095414,0.032721163,-0.124422673,-0.043971707,-0.166041477,-0.088411174,-0.160603204,-0.139696072,-0.14783946,-0.370564617,-0.230697376,-0.1241152,-0.111928883,-0.210689868,-0.19252501,0.15622838,-0.297209701,-0.112672216,-0.151906235,-0.105264754,-0.167654791,-0.051831334,-0.057531253,-0.159078154,0.203880596,-0.093821708,-0.076223508,-0.061826477,-0.081952787,-0.092530819,-0.039688718,-0.095340813,-0.088511807,-0.12213994,-0.124383039,-0.124468768,-0.183284641,-0.200898033,-0.093892896,-0.073866653,-0.070944806,-0.091262407,-0.19306152,-0.115832825,-0.133654603,-0.16894446,-0.216608061,-0.191245344,-0.220769907,-0.070981797,0.201564816,-0.089972778,-0.095493748,-0.202268101,-0.355222206,0.041413797,-0.10729303,-0.180042904,-0.141570726,-0.052353108,-0.215399346,-0.186887135,-0.274064672,-0.185708678,-0.088948351,-0.129401116,-0.230512847,-0.34713825,-0.159063464,0.113424597,-0.046528288,-0.182576688,-0.095994185,-0.118838169,-0.099081828,-0.084995527,-0.169965453,-0.135010044,-0.106517375,-0.202340747,0.071042641
2014/07/07,-0.054024469,-0.094913243,-0.068142653,-0.175859108,-0.11522706,-0.099767197,-0.137038215,-0.39243215,-0.116496188,-0.06226948,-0.076409146,-0.131144227,-0.142862423,-0.186399165,-0.204719826,-0.107419101,-0.107191453,-0.125253122,-0.064680709,-0.08624063,-0.312960679,-0.219035474,-0.074941644,-0.132459945,-0.06190118,-0.288250359,-0.176611253,-0.272537745,-0.166203762,-0.190159297,-0.183536782,-0.176966408,-0.088622261,-0.168077708,-0.139696072,-0.19814998,-0.400671753,-0.247677772,-0.1241152,-0.138720218,-0.210689868,-0.222847048,-0.282924878,-0.331051476,-0.115045306,-0.16632463,-0.145769598,-0.200900416,-0.052076453,-0.058334401,-0.306173263,-0.117447798,-0.094132357,-0.07889364,-0.068933689,-0.108252557,-0.106922282,-0.040060342,-0.102713986,-0.091115427,-0.12217926,-0.124927466,-0.137818369,-0.198186505,-0.27831091,-0.21150647,-0.085306426,-0.072286843,-0.104109844,-0.225210697,-0.130138537,-0.160467164,-0.209991459,-0.246123384,-0.207041967,-0.275221638,-0.070981797,-0.343511689,-0.089972778,-0.095493748,-0.202268101,-0.504890309,-0.101912448,-0.111478542,-0.180776007,-0.192549632,-0.052437057,-0.215399346,-0.186887135,-0.275152965,-0.225693664,-0.091125796,-0.129401116,-0.230512847,-0.297101129,-0.161492635,-0.188668509,-0.047999271,-0.224540743,-0.227692469,-0.120921906,-0.100681083,-0.144248806,-0.301597824,-0.151956182,-0.121293958,-0.238289203,-0.171091077
2014/07/21,-0.054024469,0.298757401,-0.068142653,-0.175859108,-0.11522706,-0.099767197,-0.137038215,-0.365313015,-0.116496188,-0.06226948,-0.076409146,-0.131144227,-0.142862423,0.450706443,-0.204719826,-0.107419101,-0.107191453,-0.125253122,-0.064680709,-0.08624063,-0.306523651,-0.219035474,-0.074941644,-0.132459945,-0.06190118,-0.288250359,-0.176611253,-0.272537745,-0.166203762,-0.190159297,-0.183536782,-0.176966408,-0.088622261,-0.168077708,-0.139696072,-0.19814998,-0.400671753,-0.247677772,-0.1241152,-0.138720218,-0.210689868,-0.222847048,-0.282924878,-0.331051476,-0.115045306,-0.16632463,-0.145769598,-0.200900416,-0.052076453,-0.058334401,1.117431925,-0.117447798,-0.094132357,-0.07889364,-0.068933689,-0.018580388,-0.106922282,-0.040060342,-0.102713986,-0.091115427,-0.12217926,-0.124927466,-0.082310223,-0.198186505,-0.27831091,-0.21150647,-0.085306426,-0.072286843,-0.104109844,-0.225210697,-0.130138537,-0.160467164,-0.209991459,-0.246123384,-0.207041967,-0.247274687,-0.070981797,3.560324909,-0.089972778,-0.095493748,-0.202268101,-0.504890309,-0.101912448,-0.111478542,-0.180776007,-0.191974837,-0.052437057,-0.215399346,-0.186887135,-0.275152965,-0.225693664,-0.091125796,-0.129401116,-0.230512847,-0.352168481,-0.161492635,-0.188668509,-0.047999271,0.242491392,-0.138309308,-0.120921906,-0.100681083,-0.144248806,-0.314304787,-0.151956182,-0.121293958,-0.238289203,-0.171091077
2014/08/07,-0.054024469,-0.094913243,-0.068142653,-0.175859108,-0.11522706,-0.099767197,-0.137038215,-0.320114457,-0.116496188,-0.06226948,-0.076409146,-0.131144227,-0.142862423,-0.186399165,-0.204719826,-0.107419101,-0.107191453,-0.125253122,-0.064680709,-0.08624063,-0.304020362,-0.219035474,-0.074941644,-0.132459945,-0.06190118,-0.288250359,-0.176611253,-0.272537745,-0.166203762,-0.190159297,-0.183536782,-0.176966408,-0.088622261,-0.168077708,-0.139696072,-0.140337618,-0.400671753,-0.247677772,-0.1241152,-0.138720218,-0.210689868,-0.222847048,-0.282924878,-0.331051476,-0.109441381,-0.16632463,-0.145769598,-0.200900416,-0.052076453,-0.058334401,-0.306173263,-0.117447798,-0.094132357,-0.07889364,-0.067589298,-0.108252557,-0.106922282,-0.040060342,-0.102713986,-0.091115427,-0.12217926,-0.124927466,-0.130417283,-0.198186505,-0.27831091,-0.21150647,-0.085306426,-0.072286843,-0.104109844,-0.225210697,-0.130138537,-0.160467164,-0.209991459,-0.246123384,-0.207041967,-0.254440572,-0.070981797,-0.343511689,-0.089972778,-0.095493748,-0.202268101,-0.504890309,-0.101912448,-0.111478542,-0.180776007,-0.190250452,-0.052437057,-0.215399346,-0.186887135,-0.275152965,-0.225693664,-0.091125796,-0.129401116,-0.230512847,-0.354992448,-0.161492635,-0.188668509,-0.047999271,-0.224540743,-0.227692469,-0.120921906,-0.100681083,-0.144248806,-0.314857264,-0.151956182,-0.121293958,-0.238289203,-0.171091077
2014/08/21,-0.054024469,-0.094913243,-0.068142653,-0.175859108,-0.11522706,-0.099767197,-0.137038215,-0.39243215,-0.116496188,-0.06226948,-0.076409146,-0.131144227,-0.142862423,-0.186399165,-0.204719826,-0.107419101,-0.107191453,-0.125253122,-0.064680709,-0.08624063,-0.308669327,-0.219035474,-0.074941644,-0.132459945,-0.06190118,-0.288250359,-0.176611253,-0.272537745,-0.166203762,-0.190159297,-0.183536782,-0.123059896,-0.088622261,-0.168077708,-0.139696072,-0.19814998,-0.400671753,-0.247677772,-0.1241152,-0.138720218,-0.210689868,-0.222847048,-0.282924878,-0.331051476,-0.115045306,-0.16632463,-0.145769598,-0.200900416,-0.052076453,-0.058334401,0.484718508,-0.117447798,-0.094132357,-0.07889364,-0.064900515,-0.108252557,-0.106922282,-0.040060342,-0.102713986,-0.091115427,-0.12217926,-0.124927466,-0.079931303,-0.198186505,-0.27831091,-0.21150647,-0.085306426,-0.072286843,-0.104109844,-0.225210697,-0.130138537,-0.160467164,-0.209991459,-0.246123384,-0.207041967,-0.266622577,-0.070981797,-0.343511689,-0.089972778,-0.095493748,-0.202268101,-0.504890309,-0.101912448,-0.111478542,-0.180776007,-0.190250452,-0.052437057,-0.215399346,-0.186887135,-0.275152965,-0.225693664,-0.091125796,-0.129401116,-0.230512847,-0.35268193,-0.161492635,-0.188668509,-0.047999271,-0.224540743,-0.093617728,-0.120921906,-0.100681083,-0.144248806,-0.299940394,-0.151956182,-0.121293958,-0.238289203,-0.171091077
2014/09/07,-0.054024469,-0.094913243,-0.068142653,-0.175859108,-0.11522706,-0.099767197,-0.137038215,-0.267684129,-0.116496188,-0.06226948,-0.076409146,-0.131144227,-0.142862423,-0.077181061,-0.204719826,-0.107419101,-0.107191453,-0.125253122,-0.064680709,-0.08624063,-0.310815003,-0.219035474,-0.074941644,-0.132459945,-0.06190118,-0.288250359,-0.176611253,0.904812076,-0.166203762,-0.190159297,-0.183536782,-0.133841198,-0.088622261,-0.168077708,-0.139696072,-0.163462563,-0.400671753,-0.247677772,-0.1241152,-0.138720218,-0.210689868,-0.222847048,-0.282924878,-0.331051476,-0.115045306,-0.16632463,-0.145769598,-0.200900416,-0.05142696,-0.058334401,0.231633142,-0.117447798,-0.094132357,-0.07889364,-0.051187722,-0.108252557,-0.106922282,-0.040060342,-0.102713986,-0.091115427,-0.12217926,-0.124927466,-0.124179225,0.678043134,-0.27831091,-0.21150647,-0.085306426,-0.072286843,-0.104109844,-0.225210697,-0.130138537,0.740434881,-0.209991459,-0.246123384,-0.207041967,-0.099370824,-0.070981797,-0.343511689,-0.089972778,-0.095493748,-0.202268101,-0.504890309,-0.101912448,-0.111478542,-0.180776007,-0.147025869,-0.052437057,-0.215399346,-0.186887135,-0.275152965,-0.225693664,-0.091125796,-0.129401116,-0.230512847,-0.072210683,-0.161492635,-0.188668509,-0.047999271,-0.131134316,0.031518697,-0.120921906,-0.100681083,-0.144248806,0.791532466,-0.151956182,-0.121293958,-0.238289203,-0.171091077
2014/09/21,-0.039858411,-0.094913243,-0.068142653,-0.175859108,-0.11522706,-0.099767197,-0.137038215,-0.33819388,-0.116496188,-0.06226948,-0.076409146,-0.131144227,-0.142862423,-0.040775026,-0.204719826,-0.107419101,-0.107191453,-0.125253122,-0.004126659,-0.08624063,-0.289143676,-0.189627676,-0.074941644,-0.132459945,-0.06190118,-0.288250359,-0.176611253,-0.272537745,-0.166203762,-0.145497687,-0.183536782,-0.144622501,-0.088622261,-0.168077708,-0.139696072,-0.163462563,-0.400671753,-0.247677772,-0.1241152,-0.138720218,-0.210689868,-0.222847048,-0.282924878,0.245730072,-0.115045306,-0.16632463,-0.13108295,-0.200900416,-0.051694398,-0.058334401,-0.116359237,-0.117447798,-0.079519437,-0.07889364,-0.068127054,-0.086731236,-0.106922282,-0.040060342,-0.102713986,-0.091115427,-0.12217926,-0.124927466,-0.137818369,-0.198186505,-0.045503126,-0.21150647,-0.085306426,-0.072286843,-0.104109844,-0.225210697,-0.130138537,-0.160467164,-0.209991459,0.061498654,-0.207041967,-0.236095907,-0.070981797,0.437255631,-0.089972778,-0.095493748,-0.202268101,0.061394439,-0.101912448,-0.111478542,-0.180776007,-0.183122995,-0.052437057,-0.215399346,-0.186887135,-0.275152965,-0.225693664,-0.091125796,-0.129401116,-0.230512847,1.577884455,-0.161492635,-0.188668509,-0.047999271,-0.037727889,-0.227692469,-0.120921906,-0.100681083,0.08932166,0.192205801,-0.151956182,-0.121293958,-0.238289203,-0.171091077
2014/10/07,-0.054024469,-0.094913243,-0.068142653,-0.175859108,-0.11522706,-0.099767197,-0.137038215,-0.270396043,-0.116496188,-0.06226948,-0.076409146,-0.131144227,-0.142862423,-0.186399165,-0.204719826,0.962872276,-0.107191453,-0.125253122,-0.064680709,-0.08624063,-0.235179925,-0.219035474,-0.074941644,-0.132459945,-0.06190118,-0.288250359,-0.176611253,-0.272537745,-0.166203762,-0.190159297,-0.183536782,-0.176966408,-0.088622261,-0.168077708,-0.139696072,-0.19814998,-0.400671753,-0.247677772,-0.1241152,-0.138720218,-0.210689868,-0.222847048,-0.282924878,-0.331051476,-0.115045306,-0.16632463,-0.145769598,-0.200900416,-0.052076453,-0.058334401,-0.306173263,-0.117447798,-0.094132357,-0.07889364,-0.052800991,-0.090318123,-0.106922282,-0.040060342,-0.102713986,-0.091115427,-0.12217926,-0.124927466,-0.137818369,-0.198186505,-0.27831091,-0.21150647,-0.085306426,-0.072286843,-0.104109844,-0.225210697,-0.130138537,-0.160467164,-0.209991459,-0.246123384,-0.207041967,-0.221477502,-0.070981797,-0.343511689,-0.089972778,-0.095493748,-0.202268101,-0.34758899,-0.101912448,-0.111478542,-0.180776007,-0.02988265,-0.052437057,-0.215399346,-0.186887135,-0.275152965,-0.225693664,-0.091125796,-0.129401116,-0.230512847,1.166098753,-0.161492635,-0.188668509,-0.047999271,-0.224540743,-0.227692469,-0.120921906,-0.100681083,0.099053763,-0.176185626,-0.151956182,-0.121293958,-0.238289203,-0.171091077
2014/10/21,-0.028848467,-0.044152887,0.016097958,-0.099393738,-0.102829233,0.896620398,0.720391549,0.743332427,-0.109861967,0.006376574,-0.041919119,-0.070602317,-0.103759359,-0.011447942,0.133460923,-0.100065147,0.732991342,-0.100814915,-0.011963065,0.509358487,1.094814327,0.093621793,0.027393691,0.087545462,-0.048120828,0.180855488,0.61496283,-0.004636154,0.03346649,-0.005032836,-0.13186669,0.356326914,-0.023510899,-0.120219872,0.204726157,-0.054455654,0.428278072,-0.066847877,-0.056358187,0.333878937,0.262675624,0.396977046,0.136182732,0.314529179,-0.071354965,0.191732431,-0.099142849,0.043920366,-0.028336526,-0.056760231,0.072048758,1.003618987,0.927591524,-0.063193264,-0.067019012,-0.007324597,-0.076700209,-0.039223823,-0.061637953,-0.047131599,-0.122143948,-0.123919978,0.328894578,-0.022596958,-0.00101002,-0.142439639,0.489256206,0.124988717,-0.00885497,0.522412729,-0.127684044,-0.080386982,0.132520441,0.644165957,-0.019504453,-0.111810845,-0.011054227,0.813963105,-0.08768363,-0.049587095,-0.038459022,0.499152701,-0.048403983,0.256679413,0.856101372,-0.123529648,-0.052425304,-0.127266407,-0.065472422,-0.154990012,0.615063881,-0.071692101,-0.064733149,0.911808439,0.887021448,0.445973316,0.114204184,-0.032057286,-0.007788993,-0.079720691,-0.106867713,0.125445191,-0.125517371,-0.102880463,-0.069319591,-0.111836945,-0.13948029,-0.080802937
2014/11/07,-0.054024469,0.167533853,-0.068142653,-0.175859108,-0.11522706,-0.099767197,-0.137038215,-0.383392438,-0.116496188,-0.06226948,-0.076409146,-0.131144227,-0.142862423,2.847437066,-0.204719826,-0.107419101,-0.107191453,-0.125253122,0.481987798,0.722059872,2.103428072,-0.219035474,-0.074941644,-0.132459945,-0.06190118,-0.288250359,-0.176611253,-0.272537745,-0.166203762,0.405328841,-0.183536782,-0.176966408,-0.088622261,-0.168077708,-0.139696072,-0.19814998,-0.400671753,-0.247677772,-0.1241152,-0.138720218,-0.210689868,-0.222847048,-0.282924878,-0.331051476,-0.115045306,-0.16632463,-0.145769598,-0.200900416,-0.052076453,-0.058334401,0.062909564,-0.117447798,-0.083694557,-0.07889364,-0.068933689,-0.108252557,-0.106922282,-0.040060342,-0.102713986,-0.091115427,-0.12217926,-0.124927466,-0.13728972,0.532004861,-0.27831091,-0.21150647,-0.085306426,-0.072286843,-0.104109844,-0.225210697,-0.130138537,-0.160467164,-0.209991459,-0.246123384,-0.207041967,-0.275221638,-0.070981797,-0.343511689,-0.089972778,-0.095493748,-0.202268101,-0.504890309,-0.101912448,-0.111478542,-0.180776007,-0.189867256,-0.052437057,-0.215399346,-0.186887135,-0.263509653,-0.225693664,0.254543572,-0.129401116,-0.230512847,0.050246786,-0.161492635,-0.188668509,-0.047999271,-0.224540743,-0.227692469,-0.120921906,-0.100681083,-0.079368121,-0.295888899,-0.151956182,-0.121293958,-0.238289203,-0.171091077
2014/11/21,-0.054024469,-0.094913243,-0.068142653,-0.175859108,-0.11522706,-0.099767197,-0.137038215,-0.39243215,-0.116496188,-0.06226948,2.289522614,-0.131144227,-0.142862423,2.544053443,-0.204719826,15.83002897,-0.107191453,-0.125253122,-0.064680709,21.9688159,-0.074790647,-0.219035474,-0.074941644,-0.132459945,-0.06190118,-0.288250359,-0.176611253,-0.272537745,-0.166203762,1.149689014,-0.183536782,-0.176966408,-0.088622261,-0.168077708,-0.139696072,-0.19814998,-0.400671753,-0.247677772,-0.1241152,-0.138720218,-0.210689868,-0.222847048,-0.282924878,-0.331051476,-0.106639419,-0.16632463,-0.145769598,-0.200900416,-0.052076453,-0.058334401,10.44995482,-0.117447798,0.45907103,-0.07889364,-0.068933689,-0.036514822,-0.106922282,-0.040060342,-0.102713986,-0.091115427,-0.12217926,-0.124927466,-0.137818369,-0.198186505,-0.27831091,-0.21150647,-0.085306426,-0.072286843,-0.104109844,-0.225210697,-0.130138537,-0.160467164,-0.209991459,-0.246123384,-0.207041967,-0.26017328,-0.070981797,-0.343511689,-0.089972778,-0.095493748,-0.202268101,0.124314967,-0.101912448,-0.111478542,-0.180776007,-0.105180794,-0.052437057,2.263339551,-0.186887135,0.049695443,-0.225693664,-0.091125796,-0.129401116,-0.230512847,-0.18427082,-0.161492635,-0.188668509,-0.047999271,-0.224540743,-0.227692469,-0.120921906,-0.100681083,-0.144248806,-0.292205721,-0.151956182,-0.121293958,-0.238289203,-0.171091077
2014/12/07,-0.054024469,-0.094913243,-0.068142653,-0.175859108,-0.11522706,-0.099767197,-0.137038215,-0.256836475,-0.116496188,-0.06226948,-0.076409146,-0.131144227,-0.142862423,-0.186399165,-0.204719826,0.360271249,-0.107191453,-0.125253122,-0.064680709,-0.08624063,-0.262537294,-0.219035474,-0.074941644,-0.132459945,-0.06190118,-0.288250359,-0.176611253,-0.272537745,-0.166203762,-0.022678258,-0.183536782,-0.176966408,-0.088622261,-0.168077708,-0.139696072,-0.19814998,1.179952914,-0.247677772,-0.1241152,-0.138720218,-0.210689868,-0.222847048,-0.282924878,-0.331051476,0.750761087,-0.16632463,-0.145769598,-0.200900416,-0.052076453,-0.058334401,-0.306173263,-0.117447798,-0.094132357,-0.07889364,-0.068933689,-0.090318123,-0.106922282,-0.040060342,-0.102713986,-0.091115427,-0.12217926,-0.119856884,-0.137818369,-0.198186505,-0.27831091,-0.21150647,-0.085306426,-0.072286843,-0.104109844,-0.225210697,-0.124912977,-0.160467164,-0.209991459,-0.246123384,-0.207041967,-0.27199699,-0.070981797,-0.343511689,-0.089972778,-0.095493748,-0.202268101,-0.032986352,-0.101912448,-0.111478542,-0.180776007,0.125886792,-0.052437057,1.023970102,-0.186887135,1.177932386,-0.225693664,1.639942847,-0.129401116,-0.230512847,-0.081388575,-0.161492635,-0.188668509,-0.047999271,-0.224540743,-0.227692469,-0.120921906,-0.100681083,-0.144248806,-0.267344272,-0.151956182,-0.121293958,-0.238289203,-0.171091077
2014/12/21,-0.052689985,-0.094913243,-0.066675551,0.291660137,-0.033711623,-0.089856759,-0.008972433,-0.016051396,0.016308417,-0.058544462,-0.074408962,1.079837783,0.04415223,-0.179364182,-0.090416915,-0.077815672,-0.099902454,-0.078086292,-0.064680709,-0.028417109,-0.147459484,0.600002606,-0.06465793,-0.118445314,1.090143767,-0.054562538,-0.059589801,-0.014730094,-0.160579077,-0.113329805,0.081704283,0.953792745,0.979694036,-0.098717356,-0.139696072,-0.093056056,0.0063284,0.092691139,-0.050466273,-0.121247608,-0.049419989,0.787667859,-0.279396229,0.35752226,0.273761499,0.532545071,0.029099134,-0.200900416,1.091700385,-0.058334401,-0.183093171,-0.111075596,0.049998547,-3.92E-04,-0.068308255,-0.075592408,-0.106922282,-0.040023055,-0.026657036,-0.066898274,-0.122148488,-0.107786957,-0.120189484,0.308900523,-0.115971062,-0.091175824,0.039259998,-0.067855782,0.134731242,-0.146181784,0.149813212,0.133305242,0.196784238,0.05914975,-0.160888354,0.088072757,-0.059625041,-0.105886853,-0.072758597,0.558354543,0.221596981,0.099825831,-0.085294913,0.365460183,4.11E-04,0.267260197,-0.052337823,-0.021411084,0.180397318,1.391714964,0.082418072,0.242676497,0.111932238,-0.177157098,0.054037489,-0.035911157,-0.176122902,-0.047961124,-0.099348015,-0.103452865,-0.104530771,-0.096687034,0.033901838,-0.228119844,-0.06962727,-0.121293958,0.263792617,-0.171091077
2015/01/07,-0.054024469,-0.094913243,-0.068142653,-0.175859108,-0.11522706,-0.099767197,-0.137038215,-0.311074745,-0.116496188,-0.06226948,1.868912523,0.381922806,-0.142862423,-0.186399165,-0.204719826,0.522164062,-0.107191453,-0.125253122,0.71747577,-0.08624063,-0.233570668,-0.219035474,-0.074941644,-0.132459945,-0.06190118,-0.288250359,-0.176611253,-0.272537745,-0.166203762,-0.190159297,-0.183536782,-0.09610664,-0.088622261,5.228876746,-0.139696072,-0.19814998,-0.400671753,-0.247677772,-0.1241152,-0.138720218,-0.210689868,-0.222847048,-0.282924878,-0.331051476,2.86904469,-0.16632463,-0.145769598,-0.200900416,-0.052076453,-0.058334401,-0.306173263,-0.117447798,1.377597407,-0.07889364,-0.068933689,-0.036514822,-0.106922282,-0.040060342,-0.102713986,-0.091115427,-0.12217926,-0.010839376,-0.12433782,-0.198186505,-0.27831091,-0.21150647,-0.085306426,-0.072286843,-0.104109844,-0.225210697,-0.130138537,-0.160467164,-0.209991459,-0.246123384,-0.207041967,-0.221477502,-0.070981797,-0.343511689,-0.089972778,-0.095493748,-0.202268101,0.438917605,-0.101912448,-0.111478542,-0.180776007,-0.192549632,-0.052437057,-0.215399346,-0.186887135,0.123048309,-0.225693664,-0.091125796,-0.129401116,-0.230512847,-0.355505897,-0.161492635,-0.188668509,-0.047999271,-0.224540743,-0.227692469,-0.120921906,-0.100681083,-0.144248806,-0.252427403,-0.151956182,-0.121293958,-0.238289203,-0.171091077
2015/01/21,-0.049043934,-0.078236003,-0.056405835,-0.022043252,-0.098932223,-0.097744658,-0.070267557,0.113060495,0.680331443,-0.027527101,-0.076409146,0.065222946,0.162881313,-0.162656099,-0.204719826,-0.100560766,-0.10650708,-0.09375181,-0.051928157,-0.08624063,-0.236994054,0.115154912,-0.068345965,-0.098424414,-0.060028849,0.147966906,0.01719399,-0.247790867,-0.121206282,0.119336338,-0.1629422,0.347906329,-0.086832083,-0.154540197,-0.114438,0.248240191,0.295378422,-0.013006017,1.074611227,0.024357475,-0.072458543,-0.071720863,-0.2462574,0.696635632,-0.107872166,-0.084541069,0.002009367,0.038142855,-0.046187623,0.038123908,-0.068020493,-0.074966452,-0.091025453,-0.030673871,-0.04105104,0.013730038,-0.096814565,-0.032572209,-0.082414334,-0.08101205,0.273888315,0.053857295,-0.070939001,-0.025101846,0.331685604,-0.138430546,-0.058548695,-0.067681462,-0.049474112,0.283208638,-0.113002975,0.555132287,-0.097164331,-0.205398616,-0.165991879,-0.191326253,-0.065990936,-0.31739907,-0.067979463,0.033200324,0.470210155,0.375642213,-0.099249382,-0.109221367,-0.153234913,0.253565918,-0.047004424,1.271324216,-0.186887135,0.092811271,-0.039287523,0.150688203,-0.129401116,-0.140491175,-0.238034986,-0.157635289,-0.188668509,-0.047872116,-0.065937751,-0.15086367,-0.118360791,-0.100212798,-0.134809643,-0.299401425,-0.139301648,-0.025100154,0.169915407,-0.082480621
2015/02/07,-0.049687397,-0.079563077,-0.057471231,-0.175859108,-0.112516165,-0.02290231,-0.047046043,0.635768701,0.461568692,-0.022696457,-0.04846372,0.062663393,0.539862498,-0.156720332,-0.172247408,-0.090388141,-0.107191453,-0.119719108,-0.062358739,-0.08624063,0.147123099,-0.063614552,0.007321847,0.450607078,0.024226022,-0.115135905,-0.176611253,-0.189253855,-0.125987264,0.026356275,-0.178817191,0.038818589,-0.084032042,0.055244171,0.078154801,0.002469688,0.056716737,-0.139150894,0.023182655,-0.118335507,-0.210689868,-0.167769335,-0.264074461,0.038841039,-0.092958533,0.082835597,-0.113700201,-0.079481612,-0.022384502,-0.057821085,-0.125916529,-0.021333753,-0.084791283,-0.069288904,-0.051226829,1.076354908,0.301148708,-0.039555995,0.612317088,0.807201547,-0.045057618,0.942042528,-0.06614823,0.340159552,1.141293401,0.247808798,-0.080432088,-0.071537269,-0.028113763,-0.060830559,-0.010522253,0.49795607,0.541695193,-0.235481869,0.079769771,0.070315319,-0.070981797,-0.257837428,-0.081591216,-0.093807317,0.064960331,0.069789271,-0.033543159,-0.087234499,-0.045591749,-0.007453864,-0.052198212,0.411042465,0.025412972,-0.096641308,-0.029238045,0.058632706,0.079866031,-0.07501611,-0.151516506,0.171786416,-0.169850098,-0.047533673,0.176594414,-0.087295673,-0.120034053,-0.100590895,-0.11946519,-0.291875608,-0.031498839,-0.021070176,-0.158651837,-0.073351059
2015/02/21,-0.049038133,-0.057060297,-0.068142653,-0.032895008,-0.101160527,-0.06765659,-0.118032591,0.548964896,-0.116496188,0.002625593,-0.054867484,0.169679692,1.024714957,-0.090883332,-0.050011949,0.088008652,-0.099459666,-0.036474086,-0.063559337,-0.085990691,0.233316024,0.133538303,-0.065545772,-0.121454243,-0.058312546,-0.094159641,-0.102319243,-0.229564866,-0.166203762,0.057087966,-0.129768443,-0.040885649,0.030818587,0.235606245,-0.087502634,0.019131235,0.525782092,1.208073696,-0.093711412,-0.095928502,-0.210689868,-0.033755444,-0.123539869,-0.118389689,-0.062353979,0.834477963,-0.059339837,0.22575177,-0.050411931,-0.051291842,0.640508415,0.161715332,-0.048672011,-0.045822516,-0.056761837,-0.023765097,-0.05655216,-0.03595597,0.963803816,-0.075231395,-0.085718553,0.754354853,-0.123558409,0.318196538,0.076932379,0.132424423,-0.033204124,-0.069946455,-0.027583627,0.198911132,0.025357372,-0.041598144,0.403722264,-0.238036098,0.2771853,0.426794537,-0.070981797,-0.079095081,-0.071634614,-0.075227569,0.267017836,0.633086621,-0.055198709,-0.095569925,-0.035716264,0.853066917,0.059722232,1.343591982,-0.147508889,0.021018349,-0.112120924,0.970251381,0.138252412,0.042919445,-0.337865746,-0.159138067,-0.188668509,-0.04773931,0.892344653,0.103078259,-0.099977678,-0.100537033,-0.058323489,-0.199777007,-0.10069557,0.234575421,0.104751901,0.090847733
2015/03/07,-0.049701216,1.020048041,0.2624444,-0.095941288,-0.047077514,-0.099767197,-0.11706594,0.133308711,-0.042942869,-0.027013425,-0.037240711,-0.059189006,0.027150898,-0.181122928,-0.146369389,-0.107419101,-0.106463067,-0.117590641,-0.064680709,-0.08624063,-0.162939178,0.117851012,0.163501094,-7.22E-04,-0.058156519,-0.119475822,-0.073248457,-0.233790423,-0.125002944,-0.125164705,0.185172259,-0.096344021,-0.080432414,0.164834446,-0.007091193,-0.10675231,0.392283765,-0.037580868,-0.087290736,-0.097950795,0.268512058,-0.019821222,-0.146805199,-0.305974017,-0.087150786,-0.086118769,-0.114783553,-0.200900416,-0.049087556,1.087183221,-0.248580118,-0.090896957,-0.08161747,1.11215574,0.046948811,-0.056646574,-0.106922282,-0.039391667,-0.064692415,-0.083707445,0.12571316,0.207309026,0.006488489,-0.079133565,-0.159944243,-0.121450219,-0.077807444,0.998855473,-0.041376982,-0.146181784,-0.094154118,0.327898075,0.594644492,-0.225718132,0.216032819,0.382131463,1.041267312,-0.155065619,-0.057494978,-0.062262396,0.585686219,0.072319604,0.055954141,-0.10336612,-0.096062457,0.333546893,1.083024822,0.333819557,-0.114979034,0.086815218,-0.079300471,-0.080392413,0.051013139,0.884721482,-0.24269321,-0.161415909,-0.188668509,-0.047999271,-0.014896943,0.719112611,0.464548944,-0.100681083,-0.042669305,-0.047181867,0.100390122,0.871178466,-0.065880889,-0.070844904
2015/03/21,-0.053567313,-0.05824784,-0.05896799,-0.152432218,0.031193279,-0.081676714,-0.053925264,0.27045904,-0.042091557,-0.031764425,-0.076409146,-0.028876637,-0.002743111,-0.054338059,-0.191100512,-0.092803778,-0.102743027,-0.045701666,-0.064680709,-0.08624063,-0.13141132,0.044182636,-0.056208853,-0.04630768,-0.035865644,0.274993292,0.14532079,-0.137560078,-0.139341985,-0.151432683,0.31074897,-0.008259066,-0.08308051,-0.136611687,0.757425923,-0.028029625,-0.094496162,-0.018866938,0.394328615,-0.138720218,0.38543272,-0.156584588,0.419233781,-0.005080368,-0.10695464,-0.159010951,0.072545547,0.090137325,-0.049504346,-0.035908273,-0.054121741,0.055235152,-0.089056721,0.024685226,0.343822717,-0.017532754,0.012706758,-0.039200174,-0.080399295,-0.069773136,0.303337412,0.286356209,-0.070902248,-0.171341234,-0.011599541,-0.109692035,-0.082192266,-0.070211904,-0.049789756,-0.146445214,-0.115658176,-0.160467164,0.068294562,-0.144472815,0.209570748,0.592562972,-0.06565227,-0.182011616,-0.088888901,-0.064786639,-0.112211725,0.267047889,0.179060076,-0.107109455,0.230871563,-0.146102302,-0.049107062,-0.087108407,-0.003121989,-0.202232689,-0.128422495,-0.019448065,-0.023192962,0.418112204,0.134336204,-0.14572266,-0.188668509,-0.047914783,0.337424067,-0.071856272,0.151353057,-0.100576319,-0.046927778,-0.065989076,-0.099482844,-0.012932348,-0.226658821,-0.028671191
2015/04/07,-0.054024469,-0.08246383,-0.068142653,-0.038000869,-0.102576216,0.042194386,0.068700644,0.11076108,-0.012570691,-0.018019024,-0.076409146,-0.125506127,-0.082703864,0.073071623,-0.078786794,-0.107419101,-0.107191453,-0.101817011,-0.06089608,-0.08624063,-0.187145062,-0.111700603,-0.066268531,0.743737449,-0.06190118,0.060117596,-0.028970624,-0.223930736,0.160809175,-0.103066771,-0.164610009,0.122670209,-0.083185425,0.197471787,-0.122938312,-0.052856715,0.284748089,-0.006904467,-0.006843446,-0.030524441,-0.063952,-0.116719912,0.131257703,-0.306402692,-0.105335429,-0.165199449,-0.063800526,0.479356216,-0.051778075,-0.047630913,-0.110478247,-0.108992376,-0.092557766,0.054818348,0.908890935,0.035087145,-0.106922282,-0.039845943,-0.056968804,-0.078556297,1.155071661,-0.079139746,-0.075712132,-0.086919249,0.047660406,-0.151015114,-0.085306426,-0.069898012,-0.02895508,-0.199244054,0.24295865,-0.010316823,0.252124532,-0.223665222,0.387559144,0.929863664,-0.069159736,-0.164824174,-0.082726605,-0.083890522,-0.122416025,-0.077391804,-0.072512193,-0.111275197,-0.110162815,-0.18781661,-0.052188976,-0.151841938,-0.158615574,-0.26683207,0.021669078,-0.089210063,0.181502569,0.266299514,-0.116615449,-0.035800848,-0.185585721,-0.047999271,-0.034434714,-0.034012242,-0.100975022,-0.09936025,-0.087270256,0.129905944,-0.123970193,0.047841087,-0.045708189,0.157946099
2015/04/21,-0.054024469,-0.094913243,-0.068142653,-0.175859108,-0.11522706,-0.099767197,-0.137038215,-0.39243215,-0.116496188,-0.06226948,-0.076409146,-0.131144227,-0.142862423,-0.186399165,-0.204719826,-0.107419101,-0.107191453,-0.125253122,-0.064680709,-0.08624063,-0.307596489,-0.219035474,-0.074941644,-0.132459945,-0.06190118,-0.288250359,-0.176611253,-0.272537745,-0.166203762,-0.078505271,-0.183536782,-0.069153384,-0.088622261,-0.168077708,-0.139696072,0.148724191,-0.400671753,-0.247677772,-0.1241152,-0.138720218,-0.210689868,-0.222847048,-0.282924878,-0.331051476,0.170754862,-0.16632463,-0.145769598,-0.200900416,-0.052076453,-0.058334401,0.1683618,-0.117447798,-0.094132357,-0.07889364,-0.068933689,-0.108252557,-0.106922282,-0.040060342,-0.102713986,-0.091115427,-0.12217926,-0.124927466,0.601232945,-0.198186505,-0.27831091,-0.21150647,-0.085306426,-0.072286843,-0.104109844,-0.225210697,-0.130138537,-0.160467164,-0.209991459,-0.246123384,-0.207041967,3.989913033,-0.070981797,-0.343511689,-0.089972778,-0.095493748,-0.202268101,-0.190287671,-0.101912448,-0.111478542,-0.180776007,0.027022054,-0.052437057,-0.215399346,-0.186887135,-0.268166978,-0.225693664,-0.091125796,-0.129401116,-0.230512847,-0.355505897,-0.161492635,-0.188668509,-0.047999271,-0.224540743,-0.227692469,-0.120921906,-0.100681083,-0.144248806,-0.314857264,-0.151956182,-0.121293958,-0.238289203,-0.171091077
2015/05/07,-0.044372948,-0.094913243,-0.068142653,0.34984031,-0.11522706,-0.066118899,-0.130698226,-0.201385788,-0.116496188,-0.058209237,-0.075166435,-0.111476657,-0.04901507,0.464373416,0.138240863,-0.107419101,-0.092744584,0.235662994,-0.033764502,-0.078911529,-0.239597081,-0.107481894,-0.067785748,-0.098077385,0.003555494,-0.226141329,0.038010109,-0.121712098,-0.071208627,-0.089627817,0.033021692,-0.11758294,-0.076072452,-0.138811386,0.014832814,-0.141570949,-0.323396769,-0.247677772,-0.09870632,-0.113714972,0.011862565,-0.084431535,0.062618043,-0.278179834,-0.102770673,0.104302759,0.962829071,-0.177628478,-0.051549812,-0.048928738,-0.056718009,-0.095463701,-0.094085967,-0.060821216,-0.061392549,-0.053284786,-0.106922282,-0.039837368,-0.091795136,-0.065804844,-0.010168429,-0.118900883,-0.056543054,-0.094632093,-0.208499439,-0.091858496,-0.077832441,-0.068162676,-0.039224643,-0.125441086,0.205718804,-0.074380968,-0.151878829,-0.200725829,-0.0935169,-0.174632766,-0.032609203,-0.008018338,-0.087666673,-0.074806853,-0.125540672,-0.244154634,0.057084133,-0.107887324,-0.13885041,-0.167328081,-0.052340096,-0.215399346,-0.186887135,-0.227165054,-0.194837558,-0.087111132,-0.12077872,0.012347494,0.205508246,-0.042158356,-0.17712655,-0.047999271,-0.16538334,-0.168672723,0.393223983,0.821519533,-0.037270387,0.35363369,-0.13968054,-7.17E-04,0.011214869,0.288816432
2015/05/21,-0.05258088,-0.068668534,-0.059369382,-0.175859108,0.054782208,-0.090486779,-0.079232433,-0.11427764,-0.107097709,-0.057198609,-0.051067388,-0.113846538,-0.117836462,0.05367263,-0.079246403,-0.107419101,-0.101712475,-0.114391697,-0.063923783,-0.085820733,-0.140516686,-0.064840588,-0.056300233,-0.074654266,-0.054838749,0.115458334,-0.176611253,0.093468544,-0.079712177,-0.132790395,0.003604476,-0.11915039,-0.070562948,-0.123519124,-0.136210458,0.736890641,0.109644211,0.063742688,-0.042806784,-0.106570616,0.298001407,-0.19313145,0.369592994,-0.122448816,-0.106639419,-0.099147446,0.158341937,0.211012877,-0.05182688,-0.053848018,-0.042738512,-0.002641961,-0.0901481,-0.06857625,-0.030416873,-0.068663575,-0.094833453,-0.039800205,-0.093630237,-0.083643037,-0.119952137,-0.119021123,-0.094070625,-0.198186505,-0.152248266,-0.138819612,-0.085306426,-0.050383704,-0.044539851,-0.225210697,-0.105018025,-0.070376959,-0.17322897,0.018260667,0.128857435,0.188559344,-0.067855141,0.221986927,-0.085031125,-0.057998751,-0.19414402,-0.19040752,0.987876619,-0.107790005,0.04330962,0.061978676,-0.052384169,-0.215399346,-0.149084019,-0.126276586,-0.140285733,-0.070211438,0.731113958,-0.085890449,-0.059916097,0.043608435,-0.167508251,1.004394743,-0.139629853,-0.16280455,0.492280208,-0.094951984,0.017684115,-0.170981296,-0.081418319,-0.059823372,0.231813892,-0.082775989
2015/06/07,-0.054024469,-0.094913243,-0.068142653,-0.175859108,-0.11522706,-0.099767197,-0.137038215,-0.39243215,-0.116496188,-0.06226948,-0.076409146,-0.131144227,-0.142862423,-0.186399165,-0.204719826,-0.107419101,-0.107191453,-0.125253122,-0.064680709,-0.08624063,-0.312960679,-0.219035474,-0.074941644,-0.132459945,-0.06190118,-0.288250359,-0.176611253,-0.272537745,-0.166203762,-0.190159297,-0.183536782,-0.176966408,-0.088622261,-0.168077708,-0.139696072,-0.19814998,-0.400671753,-0.247677772,-0.1241152,-0.138720218,-0.210689868,-0.222847048,-0.282924878,-0.331051476,-0.115045306,-0.16632463,-0.145769598,-0.200900416,-0.052076453,-0.058334401,1.275610279,-0.117447798,-0.094132357,-0.07889364,-0.068933689,-0.108252557,-0.106922282,-0.040060342,-0.102713986,-0.091115427,-0.12217926,-0.124927466,-0.134646475,-0.198186505,-0.27831091,-0.21150647,-0.085306426,-0.072286843,-0.104109844,-0.225210697,-0.130138537,-0.160467164,-0.209991459,-0.246123384,-0.207041967,-0.270922108,-0.070981797,-0.343511689,-0.089972778,-0.095493748,-0.202268101,-0.504890309,-0.101912448,-0.111478542,-0.180776007,-0.192549632,-0.052437057,-0.215399346,-0.186887135,-0.275152965,-0.225693664,-0.091125796,-0.129401116,-0.230512847,-0.355505897,-0.161492635,-0.188668509,-0.047999271,-0.224540743,-0.227692469,-0.120921906,-0.100681083,-0.144248806,-0.314857264,-0.151956182,-0.121293958,-0.238289203,-0.171091077
2015/06/21,-0.049718036,-0.088485967,-0.068142653,0.222398027,-0.10980527,-0.095503012,-0.103232551,-0.298242966,0.031673722,-0.044995085,-0.048243292,-0.131144227,-0.114931663,-0.13779587,0.467459225,-0.107419101,-0.094608763,-0.120057925,-0.052305575,-0.085740753,-0.291806625,0.292140903,-0.074941644,-0.111354579,-0.057799885,0.448502161,-0.12405092,-0.032095414,0.032721163,-0.124422673,-0.043971707,-0.166041477,-0.088411174,-0.160603204,-0.139696072,-0.14783946,-0.370564617,-0.230697376,-0.1241152,-0.111928883,-0.210689868,-0.19252501,0.15622838,-0.297209701,-0.112672216,-0.151906235,-0.105264754,-0.167654791,-0.051831334,-0.057531253,-0.159078154,0.203880596,-0.093821708,-0.076223508,-0.061826477,-0.081952787,-0.092530819,-0.039688718,-0.095340813,-0.088511807,-0.12213994,-0.124383039,-0.124468768,-0.183284641,-0.200898033,-0.093892896,-0.073866653,-0.070944806,-0.091262407,-0.19306152,-0.115832825,-0.133654603,-0.16894446,-0.216608061,-0.191245344,-0.220769907,-0.070981797,0.201564816,-0.089972778,-0.095493748,-0.202268101,-0.355222206,0.041413797,-0.10729303,-0.180042904,-0.141570726,-0.052353108,-0.215399346,-0.186887135,-0.274064672,-0.185708678,-0.088948351,-0.129401116,-0.230512847,-0.34713825,-0.159063464,0.113424597,-0.046528288,-0.182576688,-0.095994185,-0.118838169,-0.099081828,-0.084995527,-0.169965453,-0.135010044,-0.106517375,-0.202340747,0.071042641
2015/07/07,-0.053316166,-0.071480467,-0.043076163,-0.175859108,1.171743282,-0.050845363,-0.010970996,-0.301008057,-0.090062964,-0.059970871,-0.076409146,-0.129311844,-0.142862423,-0.117357721,-0.131313606,-0.102793592,-0.105825151,-0.11737374,-0.060355419,-0.083721251,-0.264018321,-0.069108219,-0.055612992,-0.131596543,-0.06190118,-0.288250359,-0.121422903,-0.026468129,0.195879644,-0.077142826,-0.011794204,-0.138641445,-0.08294825,-0.158051335,-0.139696072,-0.069744595,-0.358333592,-0.206075802,-0.105966,-0.138720218,-0.210689868,-0.162202971,0.022524621,-0.267880164,-0.110870382,-0.161058781,-0.131969394,-0.165992509,-0.052018462,-0.058334401,-0.172230092,-0.007527316,-0.093535911,-0.07889364,-0.068554379,-0.096108383,-0.106922282,-0.040060342,-0.07923043,-0.089162712,-0.122130601,-0.122918952,-0.098904185,0.05216482,-0.237976615,-0.156852386,-0.05327506,-0.070120788,-0.0943156,-0.090184155,-0.125885616,-0.160467164,-0.203889001,-0.125928007,-0.164391084,-0.251068588,-0.063875761,0.032464955,-0.085339979,-0.095493748,-0.187760814,-0.375659785,-0.063692116,-0.095338621,-0.068046103,-0.166330085,-0.052370947,-0.215399346,0.191144023,-0.274708398,-0.18697194,-0.080102481,-0.129401116,-0.208017363,-0.349219129,-0.160547268,-0.157615144,-0.047581059,-0.118624527,-0.070618855,-0.095396128,-0.093741959,-0.102366007,-0.274415908,0.164641792,-0.079919525,-0.222882722,-0.161055271
2015/07/21,-0.054024469,-0.094913243,-0.068142653,-0.175859108,-0.11522706,-0.099767197,-0.137038215,-0.39243215,-0.116496188,-0.06226948,-0.076409146,-0.131144227,-0.142862423,-0.186399165,-0.204719826,-0.107419101,-0.107191453,-0.125253122,-0.064680709,-0.08624063,-0.312960679,-0.219035474,-0.074941644,-0.132459945,-0.06190118,-0.288250359,-0.176611253,-0.272537745,-0.166203762,0.033148755,-0.183536782,-0.176966408,-0.088622261,-0.168077708,-0.139696072,-0.19814998,-0.400671753,-0.247677772,-0.1241152,-0.138720218,-0.210689868,-0.222847048,-0.282924878,-0.331051476,-0.115045306,-0.16632463,-0.145769598,-0.200900416,-0.052076453,-0.058334401,1.591966988,-0.117447798,-0.094132357,-0.07889364,-0.068933689,-0.108252557,-0.106922282,-0.040060342,-0.102713986,-0.091115427,-0.12217926,-0.124927466,-0.137818369,-0.198186505,-0.27831091,-0.21150647,-0.085306426,-0.072286843,-0.104109844,-0.225210697,-0.130138537,-0.160467164,-0.209991459,-0.246123384,-0.207041967,-0.275221638,-0.070981797,-0.343511689,-0.089972778,-0.095493748,-0.202268101,-0.504890309,-0.101912448,-0.111478542,-0.180776007,-0.192549632,-0.052437057,-0.215399346,-0.186887135,-0.275152965,-0.225693664,-0.091125796,-0.129401116,-0.230512847,-0.355505897,-0.161492635,-0.188668509,-0.047999271,-0.224540743,-0.227692469,-0.120921906,-0.100681083,-0.144248806,-0.314857264,-0.151956182,-0.121293958,-0.238289203,-0.171091077
2015/08/07,-0.054024469,0.692428046,-0.068142653,-0.175859108,-0.11522706,-0.099767197,-0.137038215,-0.39243215,-0.116496188,-0.06226948,-0.076409146,-0.131144227,-0.142862423,-0.186399165,-0.204719826,-0.107419101,-0.107191453,-0.125253122,-0.064680709,-0.08624063,-0.312960679,-0.219035474,-0.074941644,-0.132459945,-0.06190118,-0.288250359,-0.176611253,-0.272537745,-0.166203762,-0.078505271,-0.183536782,-0.123059896,-0.088622261,-0.168077708,-0.139696072,-0.024712895,-0.400671753,-0.247677772,-0.1241152,-0.138720218,-0.210689868,-0.222847048,0.01608174,-0.331051476,-0.115045306,-0.16632463,-0.145769598,-0.200900416,-0.052076453,-0.058334401,0.801075217,-0.117447798,-0.094132357,-0.07889364,-0.068933689,-0.108252557,-0.106922282,-0.040060342,-0.102713986,-0.091115427,-0.12217926,-0.124927466,-0.134646475,-0.198186505,-0.27831091,-0.21150647,-0.085306426,-0.072286843,-0.104109844,-0.225210697,-0.130138537,-0.160467164,-0.209991459,-0.246123384,-0.207041967,-0.270922108,-0.070981797,3.560324909,-0.089972778,-0.095493748,-0.202268101,-0.504890309,-0.101912448,-0.111478542,-0.180776007,-0.187951272,-0.052437057,-0.215399346,-0.186887135,-0.275152965,-0.225693664,-0.091125796,-0.129401116,-0.230512847,-0.355505897,-0.161492635,-0.188668509,-0.047999271,-0.224540743,-0.227692469,-0.120921906,-0.100681083,-0.144248806,-0.314857264,-0.151956182,-0.121293958,-0.238289203,-0.171091077
2015/08/21,-0.054024469,-0.094913243,-0.068142653,-0.175859108,-0.11522706,-0.099767197,-0.137038215,-0.39243215,-0.116496188,-0.06226948,-0.076409146,-0.131144227,-0.142862423,0.54172153,-0.204719826,-0.107419101,-0.107191453,-0.125253122,-0.064680709,-0.08624063,-0.312960679,-0.219035474,-0.074941644,-0.132459945,-0.06190118,-0.288250359,-0.176611253,-0.272537745,-0.166203762,-0.190159297,-0.183536782,-0.176966408,-0.088622261,-0.168077708,-0.139696072,-0.024712895,-0.400671753,-0.247677772,-0.1241152,-0.138720218,-0.210689868,-0.222847048,-0.282924878,-0.331051476,-0.115045306,-0.16632463,-0.145769598,-0.200900416,-0.052076453,-0.058334401,12.11082754,-0.117447798,-0.094132357,-0.07889364,-0.068933689,-0.108252557,-0.106922282,-0.040060342,-0.102713986,-0.091115427,-0.12217926,-0.124927466,-0.134646475,-0.198186505,-0.27831091,-0.159864816,-0.085306426,-0.072286843,-0.104109844,-0.225210697,-0.130138537,-0.160467164,-0.209991459,6.931724157,-0.207041967,-0.275221638,-0.070981797,-0.343511689,-0.089972778,-0.095493748,-0.202268101,-0.504890309,-0.101912448,-0.111478542,-0.180776007,-0.182203323,-0.052437057,-0.215399346,-0.186887135,-0.275152965,-0.225693664,-0.091125796,-0.129401116,-0.230512847,-0.35512081,-0.161492635,-0.188668509,-0.047999271,-0.224540743,-0.227692469,-0.120921906,-0.100681083,-0.144248806,-0.314857264,-0.151956182,-0.121293958,-0.238289203,-0.171091077
2015/09/07,-0.054024469,0.579950719,-0.068142653,-0.175859108,0.616714618,-0.099767197,-0.137038215,-0.334319718,-0.116496188,-0.06226948,-0.076409146,-0.131144227,-0.142862423,1.347855157,0.512271162,0.293458341,-0.031568216,-0.125253122,-0.064680709,-0.08624063,-0.01057363,-0.219035474,-0.074941644,-0.132459945,-0.06190118,-0.288250359,-0.176611253,-0.062296706,-0.166203762,1.596305117,-0.183536782,0.073313828,-0.088622261,-0.168077708,-0.139696072,-0.148596527,0.050935294,-0.247677772,-0.1241152,-0.138720218,-0.210689868,-0.222847048,0.229657897,-0.331051476,-0.112643624,-0.16632463,-0.145769598,-0.200900416,-0.052076453,-0.058334401,2.202083497,-0.117447798,-0.094132357,-0.07889364,-0.068933689,-0.108252557,-0.106922282,-0.038467667,-0.102713986,-0.091115427,-0.12217926,-0.124927466,0.11797223,0.740630966,-0.27831091,-0.063958887,-0.085306426,-0.072286843,-0.104109844,-0.225210697,-0.123046706,-0.160467164,-0.209991459,7.297940868,-0.207041967,0.341453939,-0.070981797,0.771870196,-0.089972778,-0.095493748,-0.202268101,-0.504890309,-0.101912448,-0.110597382,0.549234562,0.055761803,-0.052437057,-0.215399346,-0.186887135,-0.274653966,-0.225693664,-0.091125796,-0.129401116,-0.230512847,-0.303445886,-0.161492635,-0.188668509,-0.047999271,-0.224540743,-0.227692469,-0.120921906,-0.100681083,0.092102261,0.335013122,-0.151956182,-0.121293958,-0.238289203,-0.171091077
2015/09/21,-0.054024469,-0.094913243,-0.068142653,-0.175859108,0.896840446,-0.099767197,-0.137038215,-0.39243215,-0.116496188,-0.06226948,-0.076409146,-0.131144227,-0.142862423,1.694579298,-0.204719826,1.067802803,-0.107191453,-0.125253122,-0.064680709,1.761303373,0.125472444,-0.219035474,-0.074941644,-0.132459945,-0.06190118,-0.288250359,-0.176611253,0.381545489,-0.166203762,-0.190159297,-0.183536782,0.281238947,-0.088622261,-0.168077708,-0.139696072,-0.19814998,-0.400671753,-0.247677772,-0.1241152,-0.138720218,-0.210689868,-0.222847048,-0.282924878,-0.331051476,-0.098233532,-0.16632463,-0.145769598,-0.200900416,-0.052076453,-0.058334401,1.80287146,-0.117447798,-0.094132357,-0.07889364,-0.068933689,-0.084339979,-0.106922282,-0.040060342,-0.102713986,-0.091115427,-0.12217926,-0.124927466,-0.137818369,-0.198186505,-0.27831091,-0.022153739,-0.085306426,-0.072286843,-0.104109844,-0.225210697,-0.130138537,-0.160467164,-0.209991459,-0.246123384,-0.207041967,-0.275221638,-0.070981797,-0.343511689,-0.089972778,-0.095493748,-0.202268101,-0.504890309,-0.101912448,-0.111478542,-0.180776007,1.513441898,-0.052437057,-0.215399346,-0.186887135,-0.275152965,-0.225693664,-0.091125796,-0.129401116,-0.230512847,-0.186110677,-0.161492635,-0.188668509,-0.047999271,-0.224540743,-0.138309308,-0.120921906,-0.100681083,0.764080786,-0.274710628,-0.151956182,-0.121293958,-0.238289203,-0.171091077
2015/10/07,-0.054024469,-0.094913243,-0.068142653,-0.175859108,0.738704898,-0.099767197,-0.137038215,-0.39243215,-0.116496188,-0.06226948,-0.076409146,-0.131144227,-0.142862423,2.817098703,-0.204719826,-0.107419101,-0.107191453,-0.125253122,-0.064680709,1.210189395,1.623511881,-0.219035474,-0.074941644,-0.132459945,-0.06190118,-0.288250359,-0.176611253,0.21802468,-0.166203762,-0.190159297,-0.183536782,0.227332435,-0.088622261,-0.168077708,-0.139696072,-0.19814998,-0.400671753,-0.247677772,-0.1241152,-0.138720218,-0.210689868,-0.222847048,0.464591669,-0.331051476,-0.089827644,-0.16632463,-0.145769598,-0.200900416,-0.052076453,-0.058334401,-0.306173263,-0.117447798,-0.094132357,-0.07889364,-0.064900515,-0.108252557,-0.106922282,-0.040060342,-0.102713986,-0.091115427,-0.12217926,-0.124927466,-0.134249988,-0.198186505,-0.27831091,-0.21150647,-0.085306426,-0.072286843,-0.104109844,-0.225210697,-0.128832147,-0.160467164,-0.209991459,-0.117947535,-0.207041967,-0.268772342,-0.070981797,-0.343511689,-0.089972778,-0.095493748,-0.202268101,-0.504890309,-0.101912448,-0.111478542,-0.180776007,2.26125018,-0.052437057,-0.215399346,-0.186887135,-0.275152965,-0.225693664,-0.091125796,-0.129401116,-0.230512847,0.776327155,-0.161492635,-0.188668509,-0.047999271,-0.224540743,-0.227692469,-0.120921906,-0.100681083,-0.144248806,-0.204914411,-0.151956182,-0.121293958,-0.238289203,-0.171091077
2015/10/21,-0.054024469,-0.094913243,-0.068142653,-0.175859108,0.08402373,-0.099767197,-0.137038215,-0.351753447,-0.116496188,0.186398226,-0.076409146,-0.131144227,-0.142862423,-0.004368991,0.243399542,-0.107419101,-0.107191453,-0.125253122,-0.064680709,11.92541974,2.218132333,-0.2006556,-0.074941644,-0.132459945,-0.06190118,-0.288250359,-0.176611253,0.708587106,-0.166203762,-0.134332284,-0.183536782,1.938864204,-0.088622261,-0.168077708,-0.139696072,-0.19814998,-0.400671753,-0.247677772,-0.1241152,-0.138720218,1.378970368,0.307788633,4.052671095,-0.331051476,0.483874165,-0.16632463,-0.145769598,-0.200900416,-0.052076453,-0.058334401,0.128817211,0.065753006,-0.094132357,-0.07889364,-0.054817579,-0.081350906,0.648629551,-0.040060342,-0.102713986,-0.091115427,-0.12217926,-0.124927466,-0.133853502,-0.198186505,0.012698821,0.08543304,-0.085306426,-0.072286843,-0.104109844,-0.225210697,-0.130138537,-0.160467164,-0.209991459,0.587019634,-0.207041967,-0.075830892,-0.070981797,4.536284058,-0.089972778,-0.095493748,-0.202268101,-0.111637012,1.235799173,0.602481672,-0.092603718,0.064096331,-0.052437057,-0.215399346,-0.186887135,-0.273406468,0.577081835,-0.091125796,1.163958214,-0.230512847,-0.26456133,-0.161492635,0.424498055,-0.047999271,-0.224540743,-0.08803128,-0.120921906,-0.100681083,-0.144248806,-0.248421947,-0.151956182,-0.121293958,-0.238289203,-0.171091077
2015/11/07,-0.054024469,-0.094913243,-0.068142653,-0.175859108,-0.11522706,-0.099767197,-0.137038215,-0.39243215,-0.116496188,-0.06226948,-0.076409146,0.039878118,-0.142862423,-0.186399165,-0.204719826,-0.107419101,-0.107191453,-0.125253122,-0.064680709,-0.08624063,-0.310815003,-0.219035474,-0.074941644,-0.132459945,-0.06190118,-0.288250359,-0.176611253,-0.272537745,-0.166203762,-0.190159297,-0.183536782,-0.015246871,-0.088622261,-0.168077708,-0.139696072,-0.19814998,-0.400671753,1.416401021,-0.1241152,-0.138720218,-0.210689868,-0.222847048,-0.282924878,-0.331051476,-0.019778583,-0.16632463,-0.145769598,-0.200900416,-0.052076453,-0.058334401,-0.306173263,-0.117447798,0.566928294,-0.07889364,-0.068933689,-0.108252557,-0.106922282,-0.040060342,-0.102713986,1.13E-05,-0.12217926,-0.07084126,1.652715824,13.67544946,-0.27831091,-0.21150647,-0.085306426,-0.072286843,-0.104109844,1.350098951,-0.130138537,-0.160467164,-0.209991459,-0.246123384,-0.207041967,-0.275221638,-0.070981797,-0.343511689,-0.089972778,-0.095493748,-0.202268101,0.438917605,-0.101912448,-0.004564414,-0.180776007,-0.162660293,-0.052437057,-0.215399346,-0.186887135,-0.26118099,2.099587092,-0.091125796,-0.129401116,-0.230512847,-0.131000537,-0.161492635,-0.188668509,-0.047999271,-0.224540743,-0.227692469,-0.120921906,-0.100681083,-0.144248806,-0.272869039,-0.151956182,-0.121293958,-0.238289203,-0.171091077
2015/11/21,-0.054024469,-0.094913243,-0.068142653,-0.175859108,-0.11522706,-0.099767197,-0.137038215,-0.39243215,-0.116496188,-0.06226948,-0.076409146,0.12538929,-0.142862423,-0.186399165,-0.204719826,-0.107419101,-0.107191453,-0.125253122,-0.064680709,-0.08624063,-0.312960679,-0.219035474,-0.074941644,-0.132459945,-0.06190118,-0.288250359,-0.176611253,-0.272537745,-0.166203762,-0.190159297,-0.183536782,-0.156751466,-0.088622261,-0.168077708,-0.139696072,-0.154790709,-0.400671753,-0.247677772,-0.1241152,-0.138720218,2.968630604,-0.222847048,-0.282924878,-0.331051476,-0.100335003,-0.16632463,-0.145769598,-0.200900416,-0.052076453,-0.058334401,-0.306173263,-0.117447798,-0.060209508,-0.07889364,-0.067925396,-0.108252557,0.648629551,-0.040060342,-0.102713986,-0.091115427,-0.12217926,-0.124716192,-0.029973971,-0.198186505,-0.27831091,-0.21150647,-0.085306426,-0.072286843,-0.104109844,0.956271539,-0.130138537,-0.160467164,-0.209991459,-0.117947535,-0.207041967,-0.269847225,-0.070981797,-0.343511689,-0.089972778,-0.095493748,-0.202268101,-0.111637012,-0.101912448,-0.109936511,-0.180776007,-0.19168744,-0.052437057,-0.215399346,-0.186887135,-0.270786723,2.390247187,-0.091125796,-0.129401116,-0.230512847,0.218818349,-0.161492635,-0.188668509,-0.047999271,-0.224540743,-0.227692469,-0.120921906,-0.100681083,-0.144248806,-0.312233,-0.151956182,-0.121293958,-0.238289203,-0.171091077
2015/12/07,-0.048121945,-0.094913243,-0.068142653,-0.175859108,-0.11522706,-0.099767197,-0.137038215,-0.39243215,-0.116496188,-0.057393643,-0.076409146,0.296411634,0.248168215,-0.186399165,-0.204719826,-0.107419101,-0.107191453,-0.125253122,-0.064680709,-0.08624063,-0.258424748,-0.206782225,-0.074941644,-0.132459945,-0.06190118,-0.288250359,-0.176611253,-0.272537745,-0.166203762,-0.097114276,-0.183536782,-0.16798199,7.394718468,-0.168077708,-0.139696072,0.553410723,1.706827803,2.248440417,-0.1241152,-0.138720218,-0.210689868,0.130910073,-0.282924878,-0.331051476,-0.087025682,-0.16632463,-0.145769598,-0.200900416,-0.052076453,-0.058334401,-0.042542672,-0.117447798,-0.094132357,-0.07889364,-0.062211732,-0.108252557,0.900480162,-0.032627857,-0.102713986,0.221752963,-0.12217926,-0.114645453,-0.135175124,-0.198186505,-0.084304423,-0.21150647,-0.085306426,-0.072286843,-0.104109844,-0.225210697,-0.128832147,-0.160467164,-0.209991459,-0.246123384,-0.207041967,-0.242258568,-0.070981797,-0.343511689,-0.089972778,-0.095493748,-0.202268101,0.648652697,0.662494192,-0.099142297,-0.180776007,-0.180478938,-0.052437057,-0.215399346,-0.186887135,1.083621558,0.789309841,-0.091125796,-0.129401116,-0.230512847,4.05991593,-0.161492635,-0.188668509,-0.047999271,-0.224540743,-0.227692469,-0.120921906,-0.100681083,-0.144248806,-0.293955231,-0.151956182,-0.121293958,0.300937637,-0.171091077
2015/12/21,-0.030414372,-0.094913243,-0.068142653,-0.175859108,-0.11522706,-0.099767197,-0.137038215,-0.39243215,-0.116496188,-0.06226948,-0.076409146,0.723967494,0.639198853,-0.186399165,-0.204719826,-0.107419101,-0.107191453,-0.125253122,-0.064680709,-0.08624063,-0.166339488,-0.219035474,-0.074941644,-0.132459945,-0.06190118,-0.288250359,-0.176611253,-0.109016937,-0.166203762,-0.190159297,-0.183536782,0.029675223,24.18698339,0.840321854,-0.139696072,0.090911829,-0.400671753,4.744558607,1.569810135,-0.138720218,-0.210689868,-0.222847048,-0.282924878,-0.331051476,-0.06180802,-0.16632463,-0.145769598,-0.200900416,-0.052076453,-0.058334401,-0.200721026,-0.117447798,-0.094132357,-0.07889364,-0.068933689,-0.108252557,-0.106922282,-0.040060342,-0.102713986,-0.091115427,-0.12217926,-0.101264751,-0.137818369,-0.198186505,0.012698821,-0.21150647,1.409490666,-0.072286843,-0.104109844,-0.225210697,-0.130138537,-0.160467164,-0.209991459,-0.246123384,-0.207041967,-0.262323046,-0.070981797,2.259046043,-0.089972778,-0.095493748,-0.202268101,0.753520243,-0.101912448,-0.002508373,-0.180776007,-0.15729554,-0.052437057,-0.215399346,-0.186887135,9.8929515,-0.188784446,-0.091125796,-0.129401116,-0.230512847,1.261257876,-0.161492635,-0.188668509,-0.047999271,-0.224540743,-0.227692469,-0.120921906,-0.100681083,2.515859285,-0.29404731,-0.151956182,-0.121293958,0.840164478,-0.171091077
2016/01/07,-0.054024469,-0.094913243,-0.068142653,-0.175859108,-0.11522706,-0.099767197,-0.137038215,-0.33819388,-0.116496188,0.376555883,-0.076409146,3.58859176,2.203321406,-0.186399165,-0.204719826,0.522164062,-0.107191453,-0.125253122,-0.064680709,-0.08624063,-0.207554347,-0.219035474,-0.074941644,-0.132459945,-0.06190118,-0.288250359,-0.176611253,-0.149897139,-0.166203762,-0.134332284,-0.183536782,0.261024005,0.59403218,0.001333418,-0.139696072,-0.19814998,1.970265247,1.000381323,-0.1241152,-0.138720218,-0.210689868,-0.222847048,-0.282924878,-0.331051476,-0.030986433,0.557729565,-0.145769598,-0.200900416,-0.052076453,-0.058334401,0.089272623,-0.117447798,-0.094132357,-0.07889364,-0.066917102,-0.09928534,0.648629551,-0.031698796,-0.102713986,-0.091115427,0.032336234,0.359524367,-0.137818369,-0.198186505,-0.27831091,-0.159864816,-0.085306426,-0.072286843,-0.104109844,-0.225210697,-0.130138537,-0.160467164,-0.209991459,-0.246123384,-0.207041967,-0.275221638,-0.070981797,-0.343511689,-0.089972778,-0.095493748,-0.202268101,0.832170903,0.089189212,1.381207176,-0.180776007,0.185378074,-0.052437057,-0.215399346,-0.186887135,12.42187889,-0.225693664,-0.091125796,-0.129401116,-0.230512847,-0.350660226,-0.161492635,0.172017705,-0.042296386,0.242491392,-0.227692469,-0.120921906,-0.100681083,0.001732735,-0.303255254,-0.062071769,-0.121293958,-0.238289203,-0.171091077
2016/01/21,-0.054024469,-0.094913243,-0.068142653,-0.175859108,-0.11522706,-0.099767197,-0.137038215,-0.10090145,-0.116496188,0.164456958,-0.076409146,2.990013555,3.962959277,-0.186399165,-0.204719826,-0.107419101,-0.107191453,-0.125253122,-0.064680709,-0.08624063,-0.217388695,-0.206782225,0.060358923,-0.132459945,-0.06190118,-0.288250359,3.686573269,-0.231657543,-0.166203762,-0.022678258,-0.183536782,0.164441504,-0.049835077,-0.135808922,-0.139696072,-0.183696889,-0.400671753,-0.247677772,0.722847468,-0.138720218,-0.210689868,1.369059997,-0.233090442,-0.331051476,-0.076518323,-0.133413076,-0.145769598,-0.200900416,-0.051949101,-0.058334401,-0.306173263,-0.117447798,-0.094132357,-0.07889364,0.496719031,1.64633287,-0.106922282,0.07793036,-0.102713986,-0.091115427,0.41320609,2.001547761,-0.038498437,-0.198186505,0.67959612,-0.21150647,-0.085306426,-0.072286843,-0.104109844,0.562444127,-0.127525757,0.59028454,-0.209991459,-0.246123384,-0.207041967,-0.257665221,-0.070981797,-0.343511689,-0.089972778,-0.095493748,-0.202268101,0.150531854,-0.070062172,-0.084236,0.118356647,0.053462623,-0.042979627,3.296147424,-0.186887135,3.473702452,0.392535743,0.298092468,-0.129401116,-0.11053693,-0.351997332,-0.161492635,-0.188668509,-0.047999271,-0.224540743,0.005076179,-0.120921906,-0.100681083,-0.144248806,-0.299848315,-0.10487387,-0.121293958,-0.148418063,-0.171091077
2016/02/07,-0.054024469,0.017564084,-0.005476426,-0.175859108,-0.052876473,-0.099767197,-0.137038215,0.454072275,0.185597804,0.754781554,-0.076409146,3.753506163,6.057766267,-0.186399165,-0.204719826,0.030061304,-0.107191453,-0.125253122,-0.064680709,-0.08624063,0.117017458,-0.219035474,1.381150172,-0.132459945,-0.06190118,0.044476586,-0.176611253,-0.237497572,-0.166203762,-0.086480559,-0.183536782,-0.024873034,-0.048726871,0.60464447,0.078154801,-0.185761617,-0.400671753,-0.247677772,-0.1241152,-0.138720218,-0.210689868,0.383593731,-0.282924878,-0.331051476,0.208581355,4.008741119,-0.145769598,-0.200900416,-0.052021874,-0.058334401,0.100571077,-0.117447798,-0.094132357,-0.054862453,0.298373272,-0.054449256,-0.106922282,-0.03050429,-0.102713986,19.09756725,1.651143712,14.51474754,-0.128869097,6.999414106,0.251742528,-0.075024956,-0.085306426,-0.072286843,-0.054786613,-0.225210697,-0.127899011,1.770037218,-0.201910963,-0.227812548,0.551195962,-0.258484179,-0.070981797,-0.064666218,-0.089972778,-0.095493748,0.08787764,0.663633775,-0.020011737,0.217194287,1.6532076,0.667097332,-0.048816737,0.669864546,3.593424444,0.263766053,-0.130784246,-0.02988516,-0.037018306,0.026578403,-0.35519416,-0.161492635,-0.116531266,-0.047999271,0.509366897,0.137820813,-0.120921906,-0.100681083,-0.109491296,-0.257597006,-0.056568641,-0.121293958,-0.084224392,-0.171091077
2016/02/21,-0.054024469,-0.094913243,-0.068142653,-0.175859108,0.206104373,-0.099767197,-0.025156056,0.609167899,-0.116496188,1.010414742,-0.076409146,5.957251227,22.22409008,-0.186399165,-0.204719826,0.335087922,-0.107191453,-0.125253122,-0.037767797,-0.08624063,1.225775079,-0.204331575,-0.074941644,-0.132459945,-0.06190118,-0.288250359,-0.176611253,-0.239833583,-0.166203762,0.405328841,-0.183536782,0.074597316,0.275460108,0.585398444,-0.139696072,-0.186587508,-0.400671753,-0.247677772,0.214669867,-0.138720218,-0.210689868,-0.0813442,2.148995621,-0.234921218,0.288997677,15.33282336,-0.145769598,-0.200900416,-0.052076453,-0.058334401,0.020728669,-0.117447798,0.141761917,0.179041099,0.080293766,0.142829515,1.101960651,0.030548267,-0.102713986,0.040107043,-0.079653954,3.71017888,-0.123121927,0.532004861,0.264907254,3.888840846,-0.085306426,-0.072286843,-0.104109844,-0.225210697,-0.128570869,0.4401342,-0.209991459,-0.246123384,-0.207041967,-0.253723984,-0.070981797,-0.083255916,-0.089972778,-0.095493748,0.06853459,2.7040566,0.254810651,0.143881742,-0.180776007,2.684337613,2.630534865,0.280348434,-0.186887135,0.065064615,0.516181625,0.221337538,0.474166571,-0.134532114,-0.350422756,-0.161492635,-0.188668509,-0.04293004,-0.224540743,-0.083189692,-0.120921906,-0.100681083,-0.020975504,-0.071951699,-0.117714501,-0.121293958,-0.238289203,-0.171091077
2016/03/07,-0.054024469,-0.094913243,0.260855039,-0.175859108,-0.11522706,-0.099767197,0.072740833,1.523986716,-0.116496188,0.620347752,-0.01945153,0.638456322,2.985382682,-0.186399165,-0.204719826,-0.107419101,-0.107191453,-0.125253122,-0.064680709,-0.08624063,-0.166250085,-0.206782225,0.015258734,-0.132459945,-0.06190118,-0.288250359,-0.176611253,-0.272537745,0.04401884,-0.190159297,-0.020710862,0.130749933,0.063940664,-0.168077708,-0.139696072,-0.19814998,-0.400671753,-0.247677772,0.722847468,-0.138720218,-0.210689868,-0.222847048,-0.183256006,-0.331051476,-0.099634513,0.00920366,-0.029500297,-0.200900416,-0.052076453,-0.058334401,0.247450977,-0.117447798,-0.007150692,0.028579168,-0.060195145,0.00533219,-0.106922282,-0.036344099,-0.102713986,-0.091115427,-0.121766393,0.728338765,-0.132994447,-0.198186505,-0.27831091,0.01227403,-0.085306426,-0.060493881,-0.104109844,-0.225210697,-0.123606587,2.842539652,-0.209991459,-0.246123384,-0.207041967,-0.22344812,-0.070981797,1.283086894,-0.089972778,-0.095493748,-0.202268101,0.150531854,0.853595852,-0.10685245,-0.180776007,0.191030224,26.06072115,-0.215399346,-0.186887135,0.285472513,0.101875649,-0.025802451,3.15788718,0.009438987,-0.355110113,-0.161492635,-0.188668509,-0.047999271,-0.224540743,-0.143895756,-0.120921906,-0.100681083,-0.038817693,-0.158644492,-0.151956182,-0.121293958,-0.238289203,-0.171091077
2016/03/21,-0.04930245,-0.094913243,0.048834304,-0.175859108,-0.11522706,-0.099767197,-0.081097135,3.854424374,-0.116496188,-0.05446814,-0.076409146,0.176695993,1.108435619,-0.186399165,-0.204719826,-0.107419101,-0.107191453,-0.125253122,-0.064680709,-0.08624063,2.19290276,-0.086700384,-0.074941644,-0.132459945,-0.06190118,0.332839937,-0.176611253,-0.207129422,-0.110144401,-0.190159297,-0.183536782,-0.045793895,-0.028631416,0.351449746,-0.139696072,-0.19814998,0.020828158,-0.247677772,0.214669867,-0.138720218,-0.210689868,-0.222847048,-0.023785809,-0.331051476,-0.115045306,-0.069784071,0.099007877,-0.200900416,-0.052076453,-0.058334401,-0.295628039,-0.117447798,-0.094132357,-0.07889364,0.028400255,-0.055644885,-0.106922282,-0.028168366,-0.102713986,-0.091115427,-0.12217926,-0.121547078,-0.137818369,-0.198186505,-0.064903774,-0.146093708,-0.010566572,-0.070939076,-0.104109844,-0.225210697,-0.127699943,-0.160467164,-0.209425825,-0.246123384,-0.207041967,-0.261463139,-0.070981797,-0.343511689,-0.089972778,-0.095493748,-0.202268101,-0.127367143,0.484132643,-0.111478542,-0.180776007,-0.16066767,0.025940247,-0.215399346,-0.186887135,-0.157788379,-0.225693664,-0.091125796,0.12927075,1.353169255,-0.354752839,-0.161492635,-0.188668509,-0.045971578,-0.131134316,-0.214284995,-0.120921906,-0.100681083,-0.144248806,-0.286091646,-0.151956182,-0.121293958,-0.238289203,-0.171091077
2016/04/07,-0.054024469,-0.094913243,-0.068142653,-0.175859108,-0.11522706,-0.099767197,-0.137038215,-0.141580152,-0.116496188,-0.06226948,-0.076409146,-0.131144227,-0.142862423,-0.186399165,-0.204719826,-0.107419101,-0.107191453,-0.125253122,-0.064680709,-0.08624063,-0.254356904,-0.219035474,-0.074941644,-0.132459945,-0.06190118,-0.288250359,-0.176611253,-0.272537745,0.674686647,-0.120375531,-0.183536782,-0.16348978,-0.088622261,-0.168077708,-0.139696072,-0.19814998,0.38964058,-0.247677772,-0.1241152,-0.138720218,-0.210689868,-0.222847048,-0.282924878,-0.331051476,-0.115045306,-0.16632463,-0.145769598,-0.200900416,-0.052076453,-0.058334401,-0.306173263,-0.117447798,-0.094132357,-0.07889364,-0.068429542,-0.063416473,-0.106922282,-0.040060342,-0.102713986,-0.091115427,-0.12217926,-0.124927466,-0.137818369,-0.198186505,-0.187370369,0.356551723,-0.085306426,-0.072286843,-0.104109844,-0.225210697,-0.120993807,-0.160467164,-0.209991459,-0.246123384,-0.207041967,-0.267428739,-0.070981797,0.144467886,-0.089972778,-0.095493748,-0.202268101,-0.42623965,-0.101912448,-0.111478542,-0.180776007,-0.192405934,-0.052437057,-0.215399346,-0.186887135,-0.275152965,-0.225693664,-0.080919023,-0.129401116,-0.230512847,-0.355505897,-0.161492635,-0.188668509,-0.047999271,-0.224540743,-0.157861874,-0.120921906,-0.100681083,-0.144248806,-0.311404285,-0.151956182,-0.121293958,-0.238289203,-0.171091077
2016/04/21,-0.054024469,-0.094913243,-0.068142653,-0.175859108,-0.11522706,-0.099767197,-0.090420648,-0.048923108,-0.116496188,-0.06226948,0.081319638,-0.131144227,-0.142862423,-0.186399165,-0.085221328,-0.107419101,-0.107191453,-0.125253122,-0.064680709,-0.08624063,-0.311887841,-0.194528976,-0.074941644,-0.132459945,-0.06190118,-0.288250359,-0.176611253,-0.027256532,-0.02605536,-0.022678258,-0.183536782,-0.158997571,-0.088622261,-0.168077708,-0.139696072,-0.19814998,0.126203136,-0.247677772,-0.1241152,1.736673256,-0.210689868,-0.222847048,-0.233090442,-0.331051476,-0.115045306,-0.056619449,-0.121291851,-0.200900416,-0.052076453,-0.058334401,0.194724859,-0.117447798,-0.094132357,-0.07889364,-0.068261494,-0.096296268,0.39677894,-0.040060342,-0.102713986,-0.091115427,-0.12217926,-0.124927466,-0.137686207,0.897100544,-0.132806045,-0.047974566,-0.085306426,-0.070602134,-0.104109844,-0.225210697,-0.034772062,-0.160467164,-0.209991459,-0.246123384,-0.207041967,-0.268414048,-0.070981797,4.210964342,-0.089972778,-0.095493748,-0.202268101,-0.400022763,-0.101912448,-0.111478542,-0.180776007,-0.191591641,-0.052437057,-0.215399346,-0.186887135,-0.275152965,-0.225693664,-0.080238572,-0.129401116,-0.230512847,-0.355035235,-0.161492635,-0.188668509,-0.047999271,-0.224540743,-0.205346678,-0.120921906,-0.100681083,-0.144248806,0.144895385,-0.134835342,-0.121293958,-0.238289203,-0.171091077
2016/05/07,-0.05080491,-0.094913243,-0.068142653,-0.175859108,-0.11522706,-0.099767197,-0.137038215,0.625768097,-0.116496188,-0.043652647,-0.071629486,-0.131144227,-0.142862423,0.012179206,-0.204719826,-0.107419101,-0.097890199,-0.125253122,-0.064680709,-0.049976853,-0.192315171,-0.219035474,-0.074941644,-0.132459945,-0.06190118,-0.288250359,-0.176611253,0.039638344,-0.089759179,0.276757538,-0.183536782,-0.103457528,-0.088622261,-0.042669472,-0.139696072,-0.19814998,-0.400671753,-0.247677772,-0.1241152,-0.138720218,-0.210689868,0.548986671,1.239290636,-0.331051476,-0.037099806,1.832304305,-0.12574235,-0.200900416,-0.052076453,-0.058334401,0.197121501,-0.117447798,-0.094132357,-0.073796115,-0.068933689,-0.062601271,-0.106922282,-0.040060342,-0.102713986,-0.077860632,-0.12217926,-0.122699483,-0.137097484,2.390673794,-0.04021204,-0.21150647,-0.085306426,-0.072286843,-0.093972761,-0.225210697,-0.129663486,-0.160467164,-0.207934606,0.196665913,-0.207041967,0.063268705,-0.070981797,0.366276783,-0.089972778,-0.095493748,-0.202268101,0.124314967,-0.101912448,-0.111478542,-0.180776007,0.06401795,-0.052437057,-0.215399346,-0.186887135,-0.275152965,-0.225693664,-0.091125796,-0.129401116,-0.197792142,-0.353778843,-0.159784245,0.099880462,-0.047999271,-0.224540743,-0.032674664,-0.120921906,-0.100681083,-0.082317243,12.85568371,-0.151956182,-0.121293958,0.055834528,-0.171091077
2016/05/21,-0.051073207,0.561204498,-0.068142653,-0.175859108,3.581982048,-0.099767197,-0.090420648,-0.166439359,-0.116496188,0.064502291,-0.076409146,-0.131144227,0.248168215,0.283845451,1.856629265,-0.107419101,-0.016369429,-0.125253122,-0.064680709,-0.075743221,1.027729188,-0.219035474,-0.074941644,-0.132459945,-0.06190118,-0.288250359,-0.176611253,-0.190777341,-0.166203762,-0.125027782,-0.183536782,-0.114075477,-0.080864824,-0.083372145,-0.139696072,-0.19814998,0.38964058,-0.247677772,-0.1241152,-0.138720218,-0.210689868,0.307788633,8.039426013,-0.331051476,-0.115045306,-0.067589967,-0.145769598,-0.200900416,-0.052076453,-0.058334401,0.326540154,-0.117447798,-0.094132357,-0.07889364,-0.068933689,-0.081350906,-0.106922282,-0.039131281,-0.102713986,-0.091115427,-0.121972827,-0.024360928,-0.13728972,-0.198186505,-0.169182261,-0.1770787,-0.085306426,-0.070602134,-0.104109844,-0.225210697,-0.129485342,-0.160467164,-0.209991459,2.851459632,-0.207041967,0.165659428,-0.070981797,1.283086894,-0.089972778,-0.095493748,-0.202268101,-0.295155217,2.22315775,-0.079095897,-0.180776007,4.319399441,-0.052437057,-0.215399346,-0.186887135,-0.273115385,-0.161102532,-0.085682184,-0.129401116,-0.170524889,-0.240985486,-0.161492635,0.003697472,-0.040395425,0.125733358,-0.130860711,-0.120921906,-0.100681083,-0.087478207,0.241440678,-0.151956182,-0.121293958,-0.148418063,-0.171091077
2016/06/07,-0.054024469,-0.094913243,-0.068142653,-0.175859108,0.789308274,-0.099767197,-0.137038215,-0.36983287,-0.116496188,-0.06226948,-0.076409146,-0.131144227,-0.142862423,-0.186399165,-0.204719826,-0.107419101,-0.107191453,-0.125253122,-0.064680709,-0.08624063,-0.057982852,-0.219035474,-0.074941644,-0.132459945,-0.06190118,-0.288250359,-0.176611253,-0.190777341,-0.166203762,-0.152941289,-0.183536782,-0.145520943,-0.078279012,-0.168077708,-0.030770636,-0.19814998,-0.400671753,-0.247677772,-0.1241152,-0.138720218,-0.210689868,-0.222847048,1.261942652,-0.331051476,-0.115045306,0.031144696,-0.145769598,-0.200900416,-0.052076453,-0.058334401,0.642896863,-0.117447798,-0.094132357,-0.07889364,-0.068933689,-0.096296268,-0.106922282,-0.040060342,-0.102713986,-0.091115427,-0.12217926,-0.120701981,-0.137818369,-0.198186505,-0.254060099,-0.21150647,0.288392847,-0.072286843,-0.104109844,-0.225210697,-0.129267611,-0.160467164,-0.209991459,-0.075222252,-0.207041967,0.05476736,-0.070981797,-0.343511689,-0.089972778,-0.095493748,-0.202268101,-0.504890309,-0.101912448,-0.111478542,-0.180776007,0.246402142,-0.052437057,-0.215399346,-0.186887135,-0.273988634,-0.225693664,-0.091125796,-0.129401116,-0.230512847,-0.320398855,-0.161492635,-0.188668509,-0.041662732,-0.224540743,-0.115963518,-0.120921906,-0.100681083,-0.144248806,-0.26117495,-0.151956182,-0.121293958,-0.238289203,-0.171091077
2016/06/21,-0.054024469,-0.016179114,-0.068142653,-0.175859108,-0.020345731,-0.099767197,0.086726103,0.372327454,0.024481008,0.30049282,-0.076409146,-0.131144227,-0.142862423,-0.095384078,-0.204719826,-0.107419101,0.157045033,-0.125253122,0.195197089,-0.075743221,-0.004412475,-0.211683524,-0.074941644,-0.132459945,-0.06190118,-0.288250359,-0.176611253,1.395374501,3.785981158,0.289953014,-0.183536782,-0.136536524,-0.088622261,-0.018027853,-0.139696072,0.374192401,0.231578114,-0.247677772,-0.1241152,0.423897824,-0.210689868,0.41391577,8.448068392,-0.186856089,-0.068812926,0.13646167,-0.145769598,-0.200900416,-0.052076453,-0.058334401,-0.290355427,-0.117447798,-0.094132357,-0.02282087,-0.068933689,-0.050862369,0.195298451,-0.032256233,-0.102713986,-0.091115427,-0.12217926,-0.115124341,-0.113394785,-0.198186505,-0.27831091,-0.185685643,-0.085306426,-0.064200241,-0.104109844,-0.225210697,0.05563013,-0.160467164,-0.209991459,-0.143582705,-0.207041967,0.157741125,-0.070981797,2.38917393,-0.089972778,-0.095493748,-0.202268101,0.218695759,-0.101912448,-0.028208884,-0.180776007,0.86610778,-0.050674119,-0.215399346,-0.186887135,-0.268516277,-0.19801175,-0.082143836,-0.129401116,-0.230512847,-0.318126845,-0.118831683,0.157590256,-0.017583887,-0.224540743,1.048252149,-0.120921906,-0.100681083,1.07226404,0.457947068,-0.151956182,-0.121293958,0.516628374,-0.171091077
2016/07/07,-0.039858411,-0.094913243,-0.068142653,-0.175859108,1.030939391,-0.099767197,0.086726103,-0.186326724,-0.116496188,-0.06226948,-0.076409146,-0.131144227,-0.142862423,-0.040775026,-0.204719826,-0.107419101,-0.107191453,-0.125253122,-0.064680709,-0.035853066,-0.075648917,-0.219035474,-0.074941644,-0.132459945,-0.06190118,-0.288250359,-0.176611253,0.119912195,2.0201113,-0.190159297,-0.183536782,-0.171575757,-0.001738968,-0.168077708,-0.139696072,1.050597034,-0.400671753,-0.247677772,-0.1241152,-0.138720218,-0.210689868,-0.222847048,3.245353224,0.245730072,-0.093189999,-0.061007656,-0.145769598,-0.200900416,-0.052076453,-0.058334401,-0.242901921,-0.117447798,-0.094132357,-0.07889364,-0.068933689,-0.101078783,-0.106922282,-0.040060342,-0.102713986,-0.091115427,-0.12217926,-0.085883986,-0.132584744,-0.198186505,-0.161907018,-0.21150647,-0.085306426,-0.072286843,-0.104109844,-0.225210697,-0.129093425,-0.160467164,-0.209991459,-0.041042025,-0.207041967,-0.051646031,-0.070981797,0.437255631,-0.089972778,-0.095493748,-0.202268101,0.564758661,-0.101912448,-0.0189567,-0.180776007,0.323616269,-0.051114853,-0.215399346,-0.186887135,-0.273755767,-0.225693664,-0.091125796,-0.129401116,-0.230512847,-0.340975304,-0.156025786,-0.130958715,-0.03963504,-0.224540743,-0.084679412,-0.120921906,-0.100681083,-0.144248806,-0.121821924,-0.151956182,-0.121293958,-0.238289203,-0.171091077
2016/07/21,-0.054024469,-0.094913243,-0.068142653,-0.175859108,-0.089925372,-0.099767197,-0.090420648,-0.383392438,-0.116496188,-0.06226948,-0.076409146,-0.131144227,-0.142862423,-0.186399165,-0.204719826,-0.107419101,-0.107191453,-0.125253122,-0.064680709,-0.08624063,-0.304914394,-0.219035474,-0.044874852,-0.132459945,-0.06190118,0.488112511,-0.176611253,-0.190777341,0.394389844,-0.190159297,-0.183536782,-0.154505362,-0.088622261,-0.168077708,-0.139696072,-0.111431437,-0.400671753,-0.247677772,-0.1241152,0.798976519,-0.210689868,-0.222847048,0.364922796,-0.331051476,-0.115045306,-0.16632463,-0.145769598,-0.200900416,-0.052076453,-0.058334401,1.565603929,-0.117447798,-0.094132357,-0.07889364,-0.068933689,-0.102274412,-0.106922282,-0.040060342,-0.102713986,-0.091115427,-0.12217926,-0.124927466,-0.137818369,-0.198186505,-0.27831091,-0.1770787,-0.085306426,-0.072286843,-0.104109844,-0.225210697,-0.129267611,-0.160467164,-0.209991459,1.548338501,-0.207041967,-0.258740103,-0.070981797,0.307127744,-0.089972778,-0.095493748,-0.202268101,-0.504890309,-0.038211895,-0.111478542,-0.180776007,-0.190058854,-0.052437057,-0.215399346,4.223476374,-0.275152965,-0.225693664,-0.091125796,-0.129401116,-0.230512847,-0.35268193,-0.161492635,-0.116531266,-0.047999271,-0.224540743,-0.015407462,-0.120921906,-0.100681083,-0.111808464,-0.285483922,0.036373065,-0.121293958,-0.058546923,-0.171091077
2016/08/07,-0.054024469,-0.094913243,-0.068142653,-0.175859108,-0.08359995,-0.099767197,-0.090420648,-0.347233591,-0.116496188,-0.06226948,-0.076409146,-0.131144227,-0.142862423,-0.186399165,-0.204719826,-0.107419101,-0.107191453,-0.125253122,-0.064680709,-0.08624063,-0.312960679,-0.206782225,-0.074941644,-0.132459945,-0.06190118,-0.288250359,-0.176611253,-0.109016937,-0.166203762,-0.190159297,-0.183536782,-0.172474199,-0.088622261,-0.168077708,-0.139696072,-0.140337618,-0.400671753,-0.247677772,-0.1241152,-0.138720218,-0.210689868,-0.222847048,-0.183256006,-0.331051476,-0.115045306,-0.16632463,-0.145769598,-0.200900416,-0.052076453,-0.058334401,-0.068905731,-0.117447798,-0.094132357,-0.07889364,-0.068933689,-0.102274412,-0.106922282,-0.040060342,-0.102713986,-0.091115427,-0.12217926,-0.124927466,-0.137818369,-0.198186505,-0.27831091,-0.21150647,-0.085306426,-0.072286843,-0.104109844,-0.225210697,-0.130138537,-0.160467164,-0.209991459,2.445569444,-0.207041967,-0.266980871,-0.070981797,-0.343511689,-0.089972778,-0.095493748,-0.202268101,-0.504890309,-0.101912448,-0.111478542,-0.180776007,-0.191591641,-0.052437057,-0.215399346,-0.186887135,-0.275152965,-0.225693664,-0.091125796,-0.129401116,-0.230512847,-0.355398928,-0.161492635,-0.188668509,-0.047365617,-0.224540743,-0.209070977,-0.120921906,-0.100681083,-0.144248806,-0.309977053,-0.151956182,-0.121293958,-0.238289203,-0.171091077
2016/08/21,-0.054024469,-0.094913243,-0.068142653,-0.175859108,-0.11522706,-0.099767197,-0.137038215,-0.320114457,-0.116496188,-0.06226948,-0.076409146,-0.131144227,-0.142862423,-0.186399165,-0.204719826,-0.107419101,-0.107191453,-0.125253122,-0.064680709,-0.08624063,-0.312960679,-0.219035474,-0.074941644,-0.132459945,-0.06190118,-0.288250359,-0.176611253,0.381545489,-0.166203762,-0.190159297,-0.183536782,-0.16798199,-0.088622261,-0.168077708,-0.139696072,-0.19814998,-0.400671753,-0.247677772,-0.1241152,-0.138720218,-0.210689868,-0.222847048,-0.282924878,-0.331051476,-0.109441381,-0.16632463,-0.145769598,-0.200900416,-0.052076453,-0.058334401,-0.253447144,-0.117447798,-0.094132357,-0.07889364,-0.068933689,-0.108252557,-0.106922282,-0.040060342,-0.102713986,-0.091115427,-0.12217926,-0.124927466,-0.137025396,-0.198186505,-0.229809288,-0.21150647,-0.085306426,-0.072286843,-0.1039137,-0.225210697,-0.130138537,-0.160467164,-0.209991459,-0.246123384,-0.207041967,-0.215028206,-0.070981797,-0.343511689,-0.089972778,-0.095493748,-0.202268101,-0.504890309,-0.101912448,-0.111478542,-0.180776007,-0.191400042,-0.052069778,-0.215399346,-0.186887135,-0.275152965,-0.225693664,-0.091125796,-0.129401116,-0.230512847,-0.355505897,-0.161492635,-0.188668509,-0.047999271,-0.224540743,-0.227692469,-0.120921906,-0.100681083,-0.144248806,-0.307859226,-0.151956182,-0.121293958,-0.238289203,-0.171091077
2016/09/07,-0.054024469,-0.094913243,-0.068142653,-0.175859108,-0.11522706,-0.099767197,-0.137038215,-0.186326724,-0.116496188,-0.06226948,-0.076409146,-0.131144227,-0.142862423,-0.186399165,-0.204719826,-0.107419101,-0.107191453,-0.125253122,-0.064680709,-0.08624063,-0.274982214,-0.160219878,-0.074941644,-0.132459945,-0.06190118,-0.288250359,-0.176611253,1.002924561,0.338330483,-0.190159297,-0.183536782,-0.00985622,-0.088622261,5.209515475,-0.139696072,-0.19814998,-0.400671753,-0.247677772,-0.1241152,-0.138720218,-0.210689868,-0.222847048,-0.282924878,-0.331051476,-0.108320596,-0.139995387,-0.116396301,-0.200900416,-0.052076453,-0.058334401,0.706168204,-0.117447798,-0.094132357,-0.07889364,-0.068127054,-0.014993502,-0.106922282,-0.040060342,-0.102713986,-0.091115427,-0.12217926,-0.123913349,-0.099438451,3.306732053,-0.132806045,1.6579214,-0.085306426,-0.068243542,-0.104109844,-0.225210697,-0.126480645,2.54223897,-0.191891147,1.650879181,-0.207041967,-0.045626687,-0.070981797,-0.343511689,-0.089972778,-0.095493748,-0.202268101,-0.441969782,-0.101912448,0.073565142,-0.180776007,0.010927794,-0.052437057,-0.215399346,-0.186887135,-0.275152965,-0.225693664,-0.07969421,-0.129401116,-0.230512847,1.313407129,-0.147679078,0.763543096,-0.03963504,-0.224540743,-0.004234567,-0.120921906,-0.100681083,-0.144248806,4.789032481,-0.151956182,-0.121293958,-0.238289203,-0.171091077
2016/09/21,-0.051073207,-0.094913243,-0.068142653,-0.175859108,2.512985745,-0.099767197,-0.137038215,-0.320114457,-0.116496188,-0.06226948,-0.076409146,-0.131144227,-0.142862423,-0.186399165,-0.204719826,-0.02947071,-0.107191453,-0.125253122,-0.064680709,0.022232598,-0.267990887,-0.219035474,-0.074941644,-0.132459945,-0.06190118,-0.288250359,-0.176611253,-0.027256532,-0.166203762,-0.180854795,-0.183536782,-0.165735885,-0.088622261,-0.097489739,-0.139696072,-0.183696889,0.126203136,-0.247677772,-0.1241152,0.33012815,-0.210689868,-0.222847048,-0.183256006,-0.331051476,-0.114344816,0.217643504,-0.139650161,-0.200900416,-0.052076453,-0.058334401,-0.279810203,-0.117447798,-0.094132357,-0.07889364,-0.068597591,0.077069924,-0.106922282,-0.027982554,-0.102713986,-0.091115427,-0.12217926,-0.124927466,-0.13728972,-0.198186505,-0.217683883,-0.159864816,-0.085306426,-0.072286843,-0.104109844,-0.225210697,-0.129049879,0.214908688,-0.209991459,0.309305295,-0.207041967,-0.261248163,-0.070981797,0.307127744,-0.089972778,-0.095493748,-0.033016419,0.019447421,-0.101912448,-0.111478542,-0.180776007,-0.164001481,-0.052161598,-0.215399346,0.364408304,-0.273988634,-0.225693664,-0.091125796,-0.129401116,-0.230512847,-0.265524046,-0.121914921,-0.188668509,0.002376209,-0.224540743,-0.155068651,-0.120921906,-0.100681083,-0.144248806,-0.104501781,-0.151956182,-0.121293958,-0.148418063,-0.171091077
2016/10/07,-0.054024469,-0.094913243,-0.068142653,-0.175859108,-0.11522706,-0.099767197,-0.137038215,-0.308061508,-0.116496188,-0.06226948,-0.076409146,-0.131144227,-0.142862423,-0.186399165,-0.204719826,-0.107419101,-0.107191453,-0.125253122,-0.064680709,-0.08624063,-0.312960679,-0.219035474,-0.074941644,-0.132459945,-0.06190118,-0.288250359,-0.176611253,-0.272537745,-0.166203762,-0.177753294,-0.183536782,-0.176966408,-0.088622261,-0.168077708,-0.139696072,-0.19814998,-0.400671753,-0.247677772,-0.1241152,-0.138720218,-0.210689868,-0.222847048,-0.150033048,-0.331051476,-0.115045306,-0.16632463,-0.145769598,-0.200900416,-0.051673173,-0.058334401,0.150786427,-0.117447798,-0.094132357,-0.07889364,-0.068933689,-0.104267127,-0.106922282,-0.035105352,-0.102713986,-0.091115427,-0.12217926,-0.124927466,-0.137818369,-0.198186505,-0.27831091,-0.21150647,-0.085306426,-0.072286843,-0.104109844,-0.225210697,-0.128977302,-0.160467164,-0.209991459,-0.18915634,-0.207041967,-0.266622577,-0.070981797,0.957767177,-0.089972778,-0.095493748,-0.202268101,-0.504890309,-0.101912448,-0.111478542,-0.180776007,-0.190761381,-0.052437057,-0.215399346,-0.186887135,-0.275152965,-0.225693664,-0.091125796,-0.129401116,-0.230512847,-0.328250338,-0.161492635,-0.188668509,-0.042085168,-0.224540743,-0.207829544,-0.120921906,-0.100681083,-0.144248806,-0.30282555,-0.151956182,-0.121293958,-0.118461017,-0.171091077
2016/10/21,-0.054024469,-0.094913243,1.686511707,-0.175859108,-0.089925372,-0.099767197,-0.137038215,0.577830232,-0.116496188,-0.06226948,-0.076409146,-0.131144227,-0.142862423,-0.186399165,-0.204719826,-0.107419101,-0.107191453,-0.125253122,-0.064680709,-0.08624063,-0.295318454,-0.153684812,-0.074941644,-0.132459945,-0.06190118,-0.288250359,-0.176611253,-0.218030809,0.674686647,-0.128129283,-0.183536782,-0.129049508,-0.088622261,-0.168077708,-0.139696072,-0.178879193,1.706827803,0.307015159,1.005168357,-0.138720218,-0.210689868,0.012991032,-0.282924878,-0.170834379,-0.115045306,-0.16632463,0.058211631,-0.200900416,-0.05020863,-0.058334401,0.010183446,-0.117447798,-0.094132357,-0.07889364,-0.067141167,0.126887796,-0.106922282,-0.027672867,-0.102713986,-0.091115427,-0.12217926,-0.124927466,-0.133765394,-0.198186505,-0.27831091,-0.21150647,-0.085306426,4.735871861,-0.104109844,-0.225210697,-0.126364522,0.340033972,-0.209991459,-0.246123384,-0.207041967,-0.226254759,-0.04729501,6.596642263,-0.089972778,-0.095493748,0.249069718,0.403961757,-0.101912448,-0.111478542,-0.180776007,-0.181820126,-0.052437057,-0.215399346,-0.186887135,-0.275152965,-0.225693664,-0.091125796,-0.129401116,9.647504306,2.205974603,1.176448331,-0.188668509,-0.047999271,-0.224540743,-0.178035157,-0.120921906,-0.100681083,-0.144248806,-0.278577964,-0.151956182,-0.121293958,-0.118461017,-0.171091077
2016/11/07,-0.054024469,-0.094913243,-0.068142653,-0.175859108,-0.11522706,-0.099767197,-0.043803082,-0.012764261,-0.116496188,0.064502291,-0.076409146,-0.131144227,-0.142862423,-0.186399165,-0.204719826,-0.107419101,-0.107191453,-0.125253122,-0.064680709,-0.08624063,-0.309205746,-0.194528976,25.72236646,-0.132459945,-0.06190118,-0.288250359,-0.176611253,-0.272537745,-0.02605536,-0.078505271,-0.183536782,-0.16798199,-0.088622261,-0.168077708,-0.139696072,-0.111431437,0.126203136,-0.247677772,1.569810135,-0.138720218,-0.210689868,-0.222847048,-0.282924878,1.35122804,-0.115045306,0.579670601,-0.145769598,-0.200900416,-0.052076453,-0.058334401,-0.306173263,-0.117447798,-0.094132357,-0.07889364,-0.068933689,-0.102274412,-0.106922282,-0.040060342,-0.102713986,-0.091115427,-0.12217926,-0.124927466,-0.132796204,-0.198186505,-0.27831091,0.020880973,-0.085306426,-0.072286843,-0.104109844,-0.225210697,-0.12142927,1.341036244,-0.209991459,0.394755861,-0.207041967,-0.165225306,-0.070981797,-0.343511689,-0.089972778,-0.095493748,-0.202268101,-0.190287671,-0.101912448,-0.111478542,-0.180776007,-0.168216645,-0.052069778,-0.215399346,-0.186887135,-0.275152965,-0.225693664,-0.091125796,-0.129401116,-0.230512847,-0.105114175,0.066943585,-0.188668509,-0.047999271,-0.224540743,-0.220243872,-0.120921906,-0.100681083,-0.144248806,-0.2430353,-0.151956182,-0.121293958,-0.238289203,-0.171091077
2016/11/21,-0.048575985,-0.094913243,-6.56E-04,-0.175859108,-0.080193954,-0.099767197,-0.137038215,0.381506238,-0.116496188,-0.06226948,-0.076409146,-0.131144227,-0.142862423,-0.186399165,-0.204719826,-0.107419101,-0.107191453,-0.125253122,-0.064680709,-0.08624063,-0.307513963,-0.219035474,-0.074941644,-0.132459945,-0.06190118,-0.288250359,-0.176611253,-0.234802174,-0.166203762,0.591418884,0.016864351,-0.158306462,-0.088622261,-0.164354387,-0.139696072,-0.144784723,-0.400671753,-0.247677772,0.266790647,-0.138720218,-0.210689868,-0.222847048,-0.213923351,3.107453909,-0.115045306,-0.065058309,-0.145769598,-0.200900416,-0.052002981,-0.058334401,-0.233167868,-0.117447798,-0.093329449,-0.07026706,-0.068933689,-0.108252557,-0.106922282,-0.040060342,-0.102713986,-0.091115427,-0.12217926,-0.124927466,-0.136720406,0.644341994,-0.27831091,11.98784114,-0.085306426,-0.072286843,-0.104109844,-0.225210697,0.085315332,0.532534409,-0.209991459,-0.029210409,-0.207041967,0.844640799,-0.070981797,-0.343511689,-0.089972778,-0.095493748,-0.202268101,-0.408089498,-0.101912448,-0.111478542,-0.180776007,-0.190515742,-0.051928517,-0.215399346,-0.186887135,-0.274615581,-0.225693664,-0.091125796,-0.129401116,-0.230512847,-0.328075898,-0.148839281,-0.188668509,-0.047999271,-0.224540743,-0.0867421,-0.120921906,-0.100681083,-0.144248806,-0.29649804,-0.151956182,-0.121293958,-0.238289203,-0.171091077
2016/12/07,-0.054024469,-0.094913243,-0.068142653,-0.175859108,-0.11522706,-0.099767197,-0.137038215,0.756741191,-0.116496188,-0.06226948,-0.076409146,-0.131144227,-0.142862423,-0.186399165,-0.204719826,-0.107419101,-0.107191453,-0.125253122,-0.064680709,-0.08624063,-0.312960679,-0.219035474,-0.029841455,-0.132459945,-0.06190118,-0.288250359,-0.176611253,-0.272537745,-0.061092461,0.563505378,-0.183536782,-0.166858937,-0.088622261,-0.131775324,-0.139696072,0.235442733,0.784796747,0.376351775,-0.1241152,-0.138720218,-0.210689868,0.042470792,-0.282924878,0.029436992,-0.110842363,0.080512027,-0.145769598,-0.200900416,-0.051742155,-0.058334401,-0.306173263,-0.117447798,-0.084999282,-0.07889364,-0.062883928,-0.090318123,-0.106922282,-0.040060342,-0.102713986,-0.091115427,-0.12217926,-0.124927466,-0.137421883,0.897100544,-0.27831091,-0.21150647,-0.085306426,-0.068496248,-0.103484635,-0.225210697,1.869618058,-0.160467164,-0.209991459,1.484250577,-0.207041967,5.580470752,-0.070981797,-0.343511689,-0.089972778,-0.095493748,-0.202268101,0.045664308,-0.101912448,-0.111478542,-0.180776007,-0.184646201,-0.041556422,-0.215399346,-0.186887135,-0.275152965,-0.225693664,-0.091125796,-0.129401116,-0.230512847,-0.35478386,-0.161492635,-0.188668509,-0.044672588,0.008975324,-0.099204175,-0.120921906,-0.100681083,-0.144248806,-0.263338817,-0.151956182,-0.121293958,-0.238289203,-0.171091077
2016/12/21,-0.054024469,-0.094913243,-0.068142653,-0.175859108,-0.11522706,-0.099767197,-0.137038215,0.271986655,-0.116496188,-0.06226948,-0.076409146,-0.131144227,-0.142862423,-0.186399165,1.946253139,-0.107419101,-0.107191453,-0.125253122,-0.064680709,-0.08624063,-0.026512937,-0.182275727,-0.074941644,-0.132459945,-0.06190118,-0.288250359,-0.176611253,-0.272537745,-0.166203762,0.312283819,-0.183536782,-0.150013152,-0.088622261,-0.168077708,-0.139696072,-0.19814998,-0.400671753,-0.247677772,-0.1241152,-0.138720218,-0.210689868,-0.222847048,-0.282924878,1.110902395,-0.115045306,-0.100501522,-0.145769598,-0.200900416,-0.052076453,-0.058334401,-0.306173263,-0.117447798,-0.005411059,0.257542975,-0.068933689,-0.054449256,-0.106922282,-0.040060342,-0.102713986,-0.091115427,-0.12217926,-0.102532396,-0.137025396,-0.198186505,-0.27831091,-0.21150647,-0.085306426,-0.072286843,-0.104109844,-0.225210697,-0.130138537,6.596298171,-0.209991459,-0.246123384,-0.207041967,3.844803864,0.142199282,-0.343511689,-0.089972778,-0.095493748,-0.202268101,0.753520243,-0.101912448,-0.111478542,-0.180776007,0.113241302,-0.052437057,-0.215399346,-0.186887135,-0.215772073,-0.225693664,-0.091125796,-0.129401116,-0.230512847,-0.061235721,-0.161492635,-0.188668509,-0.047999271,-0.224540743,-0.138309308,-0.120921906,-0.100681083,-0.144248806,-0.104087424,-0.151956182,-0.121293958,-0.238289203,-0.171091077
2017/01/07,-0.054024469,-0.094913243,-0.068142653,-0.175859108,-0.11522706,-0.099767197,-0.137038215,-0.39243215,-0.116496188,-0.06226948,-0.076409146,-0.131144227,-0.142862423,-0.186399165,-0.204719826,-0.107419101,-0.107191453,-0.125253122,-0.064680709,-0.08624063,-0.106975786,-0.219035474,-0.074941644,-0.132459945,-0.06190118,-0.288250359,-0.176611253,-0.272537745,-0.166203762,0.033148755,-0.183536782,-0.09610664,-0.088622261,-0.168077708,-0.139696072,-0.024712895,-0.400671753,-0.247677772,-0.1241152,-0.138720218,-0.210689868,-0.222847048,-0.282924878,-0.331051476,-0.115045306,-0.16632463,-0.145769598,-0.200900416,-0.052076453,-0.058334401,-0.306173263,-0.117447798,-0.094132357,1.491143897,-0.068933689,-0.108252557,-0.106922282,-0.040060342,-0.102713986,-0.091115427,-0.12217926,-0.124927466,0.025534174,-0.198186505,-0.27831091,-0.21150647,-0.085306426,-0.072286843,-0.104109844,-0.225210697,-0.130138537,-0.160467164,-0.209991459,-0.246123384,-0.207041967,1.053333415,-0.070981797,-0.343511689,-0.089972778,-0.095493748,-0.202268101,-0.190287671,-0.101912448,-0.111478542,-0.180776007,-0.058047605,-0.052437057,-0.215399346,-0.186887135,-0.233237041,-0.225693664,-0.091125796,-0.129401116,-0.230512847,-0.286832159,-0.161492635,-0.188668509,-0.047999271,-0.224540743,-0.227692469,-0.120921906,-0.100681083,-0.144248806,-0.178395532,-0.151956182,-0.121293958,-0.238289203,-0.171091077
2017/01/21,-0.054024469,-0.094913243,-0.068142653,-0.175859108,-0.11522706,-0.099767197,-0.137038215,-0.166439359,-0.116496188,-0.052517806,-0.076409146,0.381922806,-0.142862423,-0.186399165,-0.204719826,-0.107419101,-0.107191453,-0.125253122,-0.064680709,-0.08624063,-0.294364821,-0.219035474,-0.074941644,-0.132459945,-0.06190118,-0.288250359,-0.176611253,-0.272537745,-0.166203762,-0.078505271,-0.183536782,-0.176966408,-0.088622261,-0.168077708,-0.139696072,-0.19814998,0.653078025,-0.247677772,-0.1241152,-0.138720218,-0.210689868,-0.222847048,0.315088359,0.630251105,-0.115045306,1.545076195,-0.096814103,-0.200900416,-0.052076453,-0.058334401,-0.306173263,-0.117447798,-0.094132357,-0.07889364,-0.068933689,-0.084339979,-0.106922282,-0.025195372,-0.102713986,-0.091115427,-0.12217926,0.073952019,-0.137818369,-0.198186505,-0.27831091,-0.21150647,-0.085306426,-0.072286843,-0.101854187,-0.225210697,-0.05523884,14.85456691,-0.209991459,-0.246123384,-0.207041967,0.051542711,-0.070981797,-0.343511689,-0.053939894,-0.095493748,-0.202268101,0.438917605,-0.101912448,-0.086806051,-0.180776007,-0.062645965,-0.0517025,2.263339551,-0.186887135,0.47933366,-0.225693664,-0.091125796,-0.129401116,0.129414903,0.003950845,-0.161492635,-0.188668509,-0.047999271,-0.224540743,-0.227692469,-0.120921906,-0.100681083,-0.144248806,-0.30233446,-0.151956182,-0.121293958,-0.238289203,-0.171091077
2017/02/07,-0.049687397,-0.079563077,-0.057471231,-0.175859108,-0.112516165,-0.02290231,-0.047046043,0.635768701,0.461568692,-0.022696457,-0.04846372,0.062663393,0.539862498,-0.156720332,-0.172247408,-0.090388141,-0.107191453,-0.119719108,-0.062358739,-0.08624063,0.147123099,-0.063614552,0.007321847,0.450607078,0.024226022,-0.115135905,-0.176611253,-0.189253855,-0.125987264,0.026356275,-0.178817191,0.038818589,-0.084032042,0.055244171,0.078154801,0.002469688,0.056716737,-0.139150894,0.023182655,-0.118335507,-0.210689868,-0.167769335,-0.264074461,0.038841039,-0.092958533,0.082835597,-0.113700201,-0.079481612,-0.022384502,-0.057821085,-0.125916529,-0.021333753,-0.084791283,-0.069288904,-0.051226829,1.076354908,0.301148708,-0.039555995,0.612317088,0.807201547,-0.045057618,0.942042528,-0.06614823,0.340159552,1.141293401,0.247808798,-0.080432088,-0.071537269,-0.028113763,-0.060830559,-0.010522253,0.49795607,0.541695193,-0.235481869,0.079769771,0.070315319,-0.070981797,-0.257837428,-0.081591216,-0.093807317,0.064960331,0.069789271,-0.033543159,-0.087234499,-0.045591749,-0.007453864,-0.052198212,0.411042465,0.025412972,-0.096641308,-0.029238045,0.058632706,0.079866031,-0.07501611,-0.151516506,0.171786416,-0.169850098,-0.047533673,0.176594414,-0.087295673,-0.120034053,-0.100590895,-0.11946519,-0.291875608,-0.031498839,-0.021070176,-0.158651837,-0.073351059
2017/02/21,-0.049038133,-0.057060297,-0.068142653,-0.032895008,-0.101160527,-0.06765659,-0.118032591,0.548964896,-0.116496188,0.002625593,-0.054867484,0.169679692,1.024714957,-0.090883332,-0.050011949,0.088008652,-0.099459666,-0.036474086,-0.063559337,-0.085990691,0.233316024,0.133538303,-0.065545772,-0.121454243,-0.058312546,-0.094159641,-0.102319243,-0.229564866,-0.166203762,0.057087966,-0.129768443,-0.040885649,0.030818587,0.235606245,-0.087502634,0.019131235,0.525782092,1.208073696,-0.093711412,-0.095928502,-0.210689868,-0.033755444,-0.123539869,-0.118389689,-0.062353979,0.834477963,-0.059339837,0.22575177,-0.050411931,-0.051291842,0.640508415,0.161715332,-0.048672011,-0.045822516,-0.056761837,-0.023765097,-0.05655216,-0.03595597,0.963803816,-0.075231395,-0.085718553,0.754354853,-0.123558409,0.318196538,0.076932379,0.132424423,-0.033204124,-0.069946455,-0.027583627,0.198911132,0.025357372,-0.041598144,0.403722264,-0.238036098,0.2771853,0.426794537,-0.070981797,-0.079095081,-0.071634614,-0.075227569,0.267017836,0.633086621,-0.055198709,-0.095569925,-0.035716264,0.853066917,0.059722232,1.343591982,-0.147508889,0.021018349,-0.112120924,0.970251381,0.138252412,0.042919445,-0.337865746,-0.159138067,-0.188668509,-0.04773931,0.892344653,0.103078259,-0.099977678,-0.100537033,-0.058323489,-0.199777007,-0.10069557,0.234575421,0.104751901,0.090847733
2017/03/07,-0.054024469,-0.094913243,-0.068142653,-0.175859108,1.402874199,-0.099767197,-0.137038215,0.258427088,-0.116496188,-0.06226948,-0.076409146,-0.131144227,-0.142862423,-0.186399165,-0.204719826,-0.107419101,-0.107191453,-0.125253122,-0.064680709,-0.08624063,-0.071035714,-0.108756232,0.015258734,-0.132459945,-0.06190118,-0.288250359,-0.176611253,-0.027256532,-0.166203762,-0.190159297,-0.183536782,-0.176966408,-0.088622261,-0.168077708,-0.139696072,-0.111431437,-0.400671753,-0.247677772,-0.1241152,-0.138720218,-0.210689868,-0.222847048,0.01608174,-0.331051476,-0.115045306,0.228614022,-0.109052977,-0.200900416,-0.052076453,-0.058334401,-0.306173263,-0.117447798,-0.026286659,-0.07889364,-0.066917102,-0.090318123,-0.106922282,-0.040060342,-0.102713986,-0.072890084,-0.12217926,0.021274308,-0.137818369,-0.198186505,-0.060053612,-0.21150647,-0.085306426,-0.072286843,-0.104109844,-0.225210697,-0.130138537,6.596298171,-0.204335112,-0.246123384,2.446790784,0.857704759,-0.070981797,-0.343511689,-0.089972778,-0.095493748,-0.202268101,0.438917605,-0.101912448,-0.111478542,-0.180776007,0.695508627,-0.052437057,-0.215399346,-0.186887135,-0.269913474,-0.225693664,-0.091125796,-0.129401116,-0.230512847,-0.223934717,-0.161492635,-0.188668509,-0.047999271,-0.224540743,-0.227692469,-0.120921906,-0.100681083,-0.144248806,-0.031712983,-0.151956182,-0.121293958,-0.238289203,-0.171091077
2017/03/21,-0.054024469,-0.094913243,-0.068142653,-0.175859108,0.104897623,-0.099767197,-0.137038215,0.307241531,-0.116496188,-0.06226948,-0.076409146,-0.131144227,-0.142862423,-0.186399165,-0.204719826,-0.107419101,-0.107191453,-0.125253122,-0.064680709,-0.08624063,-0.155897198,-0.189627676,-0.074941644,-0.132459945,-0.06190118,-0.288250359,-0.176611253,-0.272537745,0.00197432,-0.190159297,-0.183536782,-0.150013152,-0.088622261,-0.158397072,-0.139696072,-0.19814998,-0.400671753,-0.247677772,-0.1241152,-0.138720218,-0.210689868,-0.222847048,1.810121453,-0.042660702,-0.115045306,-0.0873369,-0.072336355,-0.200900416,-0.05184722,-0.058334401,-0.306173263,-0.117447798,0.022771,-0.07889364,-0.068933689,-0.072383689,0.497519185,-0.035600851,-0.102713986,-0.091115427,-0.12217926,-0.095180053,-0.137025396,-0.198186505,-0.27831091,-0.21150647,-0.085306426,-0.072286843,-0.104109844,-0.225210697,-0.130138537,-0.160467164,-0.209991459,-0.246123384,-0.207041967,-0.119148666,-0.028345581,-0.343511689,-0.089972778,-0.095493748,-0.202268101,-0.504890309,0.891816185,-0.111478542,-0.180776007,-0.154383245,-0.052437057,-0.215399346,-0.186887135,-0.275152965,-0.225693664,-0.091125796,-0.129401116,-0.230512847,-0.304058356,-0.161492635,-0.188668509,-0.047999271,-0.224540743,-0.218754153,-0.120921906,-0.100681083,-0.144248806,-0.249223038,-0.151956182,-0.121293958,-0.238289203,-0.171091077
2017/04/07,-0.054024469,-0.094913243,-0.068142653,-0.175859108,-0.11522706,-0.099767197,-0.137038215,-0.240564994,-0.116496188,-0.06226948,-0.076409146,-0.131144227,-0.142862423,-0.186399165,-0.204719826,-0.107419101,-0.107191453,-0.125253122,-0.064680709,-0.08624063,-0.309742165,-0.204331575,-0.074941644,-0.132459945,-0.06190118,-0.288250359,-0.176611253,-0.272537745,-0.166203762,-0.190159297,-0.183536782,-0.176966408,-0.088622261,-0.168077708,-0.139696072,-0.128775146,-0.400671753,-0.247677772,-0.1241152,-0.138720218,-0.210689868,-0.222847048,0.374889683,-0.331051476,-0.115045306,-0.16632463,-0.087023004,-0.200900416,-0.051809015,-0.058334401,-0.306173263,-0.117447798,-0.094132357,-0.07889364,-0.068127054,0.157177061,-0.106922282,-0.037830597,-0.102713986,-0.091115427,-0.12217926,-0.123575311,-0.136232422,-0.198186505,-0.249209937,-0.21150647,-0.085306426,-0.066221891,-0.103403725,-0.225210697,-0.106623516,0.740434881,-0.209991459,-0.246123384,7.754456287,-0.254153937,-0.070981797,-0.343511689,-0.068353048,-0.095493748,-0.202268101,-0.504890309,-0.101912448,-0.111478542,-0.180776007,-0.190250452,-0.046266773,-0.215399346,-0.186887135,-0.275152965,-0.225693664,-0.091125796,-0.129401116,0.561328204,-0.3552235,-0.159344944,-0.188668509,-0.047999271,-0.224540743,-0.227692469,-0.120921906,-0.100681083,-0.144248806,-0.311100423,-0.151956182,-0.121293958,-0.238289203,4.324949743
2017/04/21,-0.054024469,-0.094913243,-0.068142653,-0.175859108,-0.11522706,-0.099767197,-0.137038215,-0.28395561,-0.116496188,-0.06226948,-0.076409146,-0.131144227,-0.142862423,-0.186399165,-0.204719826,-0.107419101,-0.107191453,-0.125253122,-0.064680709,-0.08624063,-0.309205746,-0.219035474,-0.074941644,-0.132459945,-0.06190118,-0.288250359,-0.176611253,-0.272537745,-0.166203762,-0.190159297,-0.183536782,-0.176966408,-0.088622261,-0.168077708,-0.139696072,-0.111431437,-0.400671753,-0.247677772,-0.1241152,-0.138720218,-0.210689868,-0.222847048,-0.282924878,-0.331051476,-0.115045306,-0.16632463,-0.145769598,-0.200900416,-0.051980939,-0.058334401,-0.306173263,-0.117447798,-0.094132357,0.033251899,-0.068933689,0.089026214,-0.106922282,-0.017762887,-0.102713986,-0.091115427,-0.12217926,-0.124927466,-0.114029164,-0.198186505,-0.27831091,-0.21150647,-0.085306426,-0.072286843,-0.104109844,-0.225210697,-0.130138537,-0.160467164,-0.209991459,-0.117947535,-0.207041967,-0.251574218,-0.070981797,-0.343511689,-0.089972778,-0.095493748,-0.202268101,-0.34758899,-0.101912448,-0.111478542,-0.180776007,-0.178179758,-0.052437057,-0.215399346,-0.186887135,-0.275152965,-0.225693664,-0.091125796,-0.129401116,0.669306529,-0.355505897,-0.161492635,-0.188668509,-0.047999271,-0.224540743,-0.227692469,-0.120921906,-0.100681083,-0.144248806,-0.310713689,-0.151956182,-0.121293958,-0.238289203,6.853972704
2017/05/07,-0.054024469,-0.094913243,-0.068142653,-0.175859108,-0.11522706,-0.099767197,-0.137038215,-0.164631417,-0.116496188,-0.06226948,-0.076409146,-0.131144227,-0.142862423,0.141255148,0.153775668,-0.107419101,0.244679019,-0.125253122,0.636737037,-0.08624063,-0.016213693,-0.145515979,-0.038861493,-0.132459945,-0.06190118,-0.288250359,-0.176611253,-0.17442526,0.170152402,-0.190159297,-0.183536782,-0.176966408,-0.088622261,-0.168077708,-0.139696072,-0.094087729,-0.400671753,-0.247677772,-0.1241152,-0.138720218,-0.210689868,-0.222847048,1.75032013,-0.331051476,-0.115045306,0.439247969,-0.13108295,-0.200900416,-0.051809015,-0.034721858,-0.306173263,-0.117447798,-0.094132357,0.100539222,-0.06248061,0.020875366,-0.106922282,-0.040060342,-0.102713986,-0.091115427,-0.12217926,-0.120532962,-0.120531547,-0.198186505,-0.220108964,-0.21150647,-0.085306426,-0.070265192,-0.095754106,-0.225210697,-0.085721275,0.740434881,-0.209991459,0.317850352,-0.207041967,-0.153974867,-0.070981797,2.779557589,-0.068353048,-0.095493748,-0.202268101,-0.127367143,-0.101912448,-0.111478542,-0.180776007,-0.12748284,-0.05221669,-0.215399346,-0.186887135,-0.275152965,-0.225693664,-0.091125796,-0.129401116,0.057429353,-0.264343114,0.080561899,-0.188668509,-0.047999271,-0.224540743,-0.218754153,-0.120921906,-0.100681083,0.96521091,-0.252316908,-0.151956182,-0.121293958,0.193092269,7.696980358
2017/05/21,-0.054024469,-0.094913243,0.151189142,-0.175859108,-0.11522706,-0.099767197,-0.137038215,1.166918106,-0.116496188,-0.06226948,-0.076409146,-0.131144227,-0.142862423,-0.049876535,-0.204719826,-0.107419101,-0.061039037,-0.125253122,-0.045757568,-0.08624063,-0.283994053,0.166941872,-0.074941644,-0.132459945,-0.06190118,-0.288250359,-0.176611253,0.708587106,-0.166203762,-0.190159297,-0.183536782,-0.176966408,-0.088622261,-0.168077708,-0.139696072,-0.111431437,1.179952914,-0.247677772,-0.1241152,-0.138720218,-0.210689868,-0.222847048,1.212108216,0.029436992,-0.115045306,-0.067589967,0.07453013,-0.200900416,-0.051742155,0.030212634,-0.306173263,-0.117447798,-0.094132357,-0.07889364,-0.061875634,0.008321262,-0.106922282,-0.040060342,-0.102713986,-0.091115427,-0.12217926,-0.124927466,-0.129293904,-0.198186505,-0.205558477,-0.172775229,-0.085306426,-0.069759779,0.171938428,-0.225210697,-0.120993807,2.091787948,-0.209991459,-0.246123384,0.456416221,-0.101090636,-0.070981797,-0.343511689,0.018125873,-0.095493748,-0.202268101,0.045664308,-0.101912448,-0.105310419,-0.180776007,-0.150876996,-0.051335221,-0.215399346,-0.186887135,-0.275152965,-0.225693664,-0.091125796,-0.129401116,0.039432966,-0.348092984,-0.151791418,-0.188668509,-0.032791579,-0.224540743,-0.227692469,-0.120921906,-0.100681083,0.099053763,-0.270797251,-0.151956182,-0.121293958,-0.238289203,1.23392168
2017/06/07,-0.054024469,-0.094913243,-0.068142653,-0.175859108,-0.11522706,-0.099767197,-0.137038215,-0.341207117,-0.116496188,-0.06226948,-0.076409146,-0.131144227,-0.142862423,-0.186399165,-0.204719826,-0.107419101,-0.107191453,-0.125253122,-0.064680709,-0.08624063,-0.305808426,-0.161853645,-0.074941644,-0.132459945,-0.06190118,-0.288250359,-0.176611253,-0.272537745,-0.166203762,-0.190159297,-0.147353245,-0.176966408,-0.088622261,-0.168077708,-0.139696072,-0.19814998,-0.400671753,-0.247677772,-0.1241152,-0.138720218,-0.210689868,-0.222847048,-0.282924878,-0.331051476,-0.115045306,-0.1078152,-0.145769598,-0.200900416,-0.051758074,-0.058334401,-0.112844163,-0.117447798,-0.094132357,-0.07889364,-0.068037428,0.07109178,-0.106922282,-0.036344099,-0.102713986,-0.091115427,-0.121904016,-0.124927466,-0.137642153,-0.198186505,-0.262143703,-0.1770787,-0.085306426,-0.072286843,-0.103979081,-0.225210697,-0.124332359,-0.160467164,-0.209991459,0.209612968,-0.207041967,-0.262561908,-0.070981797,-0.343511689,-0.065950855,-0.095493748,-0.202268101,-0.469934461,-0.101912448,-0.111478542,-0.180776007,-0.191016846,-0.040928987,-0.215399346,7.163718714,-0.275152965,-0.225693664,-0.091125796,-0.129401116,-0.190520875,-0.354664412,-0.159540189,-0.188668509,-0.047576835,-0.224540743,-0.227692469,-0.120921906,-0.100681083,-0.144248806,-0.307859226,-0.151956182,-0.121293958,-0.238289203,-0.171091077
2017/06/21,-0.054024469,-0.094913243,-0.068142653,-0.175859108,-0.11522706,-0.099767197,-0.137038215,-0.39243215,-0.116496188,-0.06226948,-0.076409146,-0.131144227,-0.142862423,-0.186399165,0.512271162,-0.107419101,-0.107191453,-0.125253122,-0.064680709,-0.08624063,-0.312960679,-0.170022478,-0.074941644,-0.132459945,-0.06190118,-0.288250359,-0.176611253,0.21802468,-0.166203762,-0.190159297,-0.183536782,-0.176966408,-0.088622261,-0.168077708,-0.139696072,-0.140337618,-0.400671753,-0.247677772,-0.1241152,-0.138720218,-0.210689868,-0.222847048,-0.282924878,-0.331051476,-0.115045306,-0.16632463,-0.047858608,-0.200900416,-0.051312343,-0.058334401,-0.306173263,-0.117447798,-0.094132357,-0.07889364,-0.068933689,0.035222913,-0.106922282,-0.040060342,-0.102713986,-0.091115427,-0.12217926,-0.124927466,-0.12962431,-0.198186505,-0.27831091,-0.21150647,-0.085306426,-0.072286843,-0.100971539,-0.225210697,-0.130138537,-0.160467164,-0.209991459,-0.246123384,-0.207041967,-0.275221638,-0.070981797,-0.343511689,-0.089972778,-0.095493748,-0.202268101,-0.400022763,-0.101912448,-0.111478542,-0.180776007,-0.185268896,-0.052437057,-0.215399346,-0.186887135,-0.275152965,-0.225693664,-0.091125796,-0.129401116,-0.230512847,-0.355505897,-0.159296133,-0.188668509,-0.047999271,-0.224540743,-0.227692469,-0.120921906,-0.100681083,-0.144248806,-0.289995815,-0.151956182,-0.121293958,-0.238289203,1.702259265
2017/07/07,-0.054024469,-0.094913243,-0.068142653,-0.175859108,-0.11522706,-0.099767197,-0.137038215,-0.39243215,-0.116496188,-0.06226948,-0.076409146,-0.131144227,-0.142862423,-0.186399165,-0.204719826,-0.107419101,-0.107191453,-0.125253122,-0.064680709,-0.08624063,-0.312960679,0.240461366,-0.074941644,-0.132459945,-0.06190118,-0.288250359,-0.176611253,-0.272537745,0.04401884,-0.190159297,-0.183536782,-0.176966408,-0.088622261,-0.168077708,-0.139696072,-0.19814998,-0.400671753,-0.247677772,-0.1241152,-0.138720218,-0.210689868,-0.222847048,-0.282924878,-0.331051476,-0.115045306,-0.16632463,0.056171819,-0.200900416,-0.051885425,-0.058334401,-0.227084085,-0.117447798,-0.094132357,-0.07889364,-0.068933689,-0.072383689,-0.106922282,-0.040060342,-0.102713986,-0.091115427,-0.12217926,-0.124927466,-0.135439449,4.182961693,-0.27831091,0.020880973,-0.085306426,-0.072286843,-0.102712317,-0.225210697,-0.130138537,-0.160467164,-0.209991459,-0.246123384,-0.207041967,-0.275221638,-0.070981797,0.632447461,-0.089972778,-0.095493748,-0.202268101,-0.504890309,-0.101912448,-0.099142297,-0.180776007,-0.190825247,-0.052437057,-0.215399346,-0.186887135,-0.275152965,-0.225693664,-0.091125796,-0.129401116,-0.230512847,-0.354992448,-0.161065538,-0.188668509,-0.047999271,-0.224540743,-0.227692469,-0.120921906,-0.073023362,-0.144248806,-0.308227544,-0.151956182,-0.121293958,-0.238289203,-0.171091077
2017/07/21,-0.054024469,-0.094913243,-0.068142653,-0.175859108,-0.11522706,-0.099767197,-0.137038215,-0.39243215,-0.116496188,-0.06226948,-0.076409146,-0.131144227,-0.142862423,-0.186399165,-0.204719826,-0.107419101,-0.107191453,-0.125253122,-0.064680709,-0.08624063,-0.312960679,-0.219035474,-0.074941644,-0.132459945,-0.06190118,-0.288250359,-0.176611253,-0.272537745,-0.166203762,-0.190159297,-0.183536782,-0.150013152,-0.088622261,-0.168077708,-0.139696072,-0.19814998,-0.400671753,-0.247677772,-0.1241152,-0.138720218,-0.210689868,-0.222847048,-0.282924878,-0.331051476,-0.115045306,-0.16632463,-0.145769598,-0.200900416,-0.051742155,-0.058334401,-0.147994908,-0.117447798,-0.094132357,-0.07889364,-0.068933689,-0.036514822,-0.106922282,-0.040060342,-0.102713986,-0.091115427,-0.12155996,-0.124927466,-0.131672825,-0.198186505,-0.27831091,-0.21150647,-0.085306426,-0.067232716,-0.103153642,-0.225210697,-0.130138537,-0.160467164,-0.209991459,-0.246123384,-0.207041967,-0.268772342,0.621856711,-0.343511689,-0.089972778,-0.095493748,-0.202268101,-0.504890309,-0.101912448,-0.111478542,-0.180776007,-0.189675657,-0.052437057,-0.215399346,-0.186887135,-0.275152965,-0.225693664,-0.091125796,-0.129401116,-0.230512847,-0.355505897,-0.159784245,-0.188668509,-0.047999271,-0.224540743,-0.227692469,-0.120921906,-0.097223868,-0.144248806,-0.308780021,-0.151956182,-0.121293958,-0.238289203,-0.171091077
2017/08/07,-0.054024469,-0.094913243,-0.068142653,-0.175859108,-0.11522706,-0.099767197,-0.137038215,-0.39243215,-0.116496188,-0.06226948,-0.076409146,-0.131144227,-0.142862423,-0.186399165,0.051348384,-0.094570465,-0.107191453,-0.125253122,-0.053867485,-0.08624063,-0.309895428,-0.208532689,-0.074941644,-0.132459945,-0.06190118,-0.288250359,-0.176611253,-0.272537745,-0.046076561,-0.174208722,-0.183536782,-0.176966408,-0.088622261,-0.168077708,-0.139696072,-0.148596527,-0.400671753,-0.247677772,-0.1241152,-0.138720218,-0.210689868,-0.222847048,-0.197494416,-0.331051476,-0.115045306,-0.16632463,-0.030374503,-0.200900416,-0.051121316,-0.058334401,-0.238382539,-0.117447798,-0.094132357,-0.07889364,-0.06605285,-0.062135442,-0.106922282,-0.040060342,-0.102713986,-0.091115427,-0.12217926,-0.124927466,-0.135666013,1.053570123,-0.27831091,0.098343453,-0.085306426,-0.072286843,-0.10247064,-0.225210697,-0.119314162,-0.160467164,-0.209991459,1.328608475,-0.207041967,-0.266622577,-0.070981797,0.771870196,-0.089972778,-0.095493748,-0.202268101,-0.504890309,-0.101912448,-0.111478542,-0.180776007,-0.189100862,-0.052437057,-0.215399346,1.703268655,-0.275152965,-0.225693664,-0.091125796,-0.129401116,-0.230512847,-0.354295625,-0.161492635,-0.188668509,-0.047999271,-0.224540743,-0.138309308,-0.120921906,-0.08981555,-0.005218767,-0.300571796,-0.151956182,-0.121293958,-0.238289203,-0.171091077
2017/08/21,-0.054024469,-0.094913243,0.004967945,-0.175859108,-0.11522706,-0.099767197,-0.137038215,-0.36983287,-0.116496188,-0.06226948,-0.076409146,-0.131144227,-0.142862423,-0.186399165,-0.204719826,0.150410194,-0.022300663,-0.125253122,-0.064680709,-0.08624063,-0.309920971,-0.194528976,-0.074941644,-0.132459945,-0.06190118,-0.288250359,-0.176611253,-0.272537745,-0.166203762,-0.134332284,-0.183536782,-0.176966408,-0.088622261,-0.147909717,-0.139696072,-0.111431437,-0.400671753,-0.247677772,-0.1241152,-0.138720218,-0.210689868,-0.222847048,-0.133421569,-0.331051476,-0.115045306,-0.16632463,-0.109052977,-0.200900416,-0.047842012,-0.058334401,0.221087918,-0.117447798,-0.094132357,-0.07889364,-0.06086734,-0.048471111,-0.106922282,-0.038202221,-0.102713986,-0.091115427,-0.120734226,-0.124927466,-0.135307286,-0.198186505,0.085451253,-0.134043989,-0.085306426,-0.072286843,-0.10033407,-0.225210697,-0.127961221,-0.160467164,-0.209991459,0.651107559,-0.207041967,-0.261606457,-0.070981797,2.259046043,0.072175198,-0.095493748,-0.202268101,-0.400022763,-0.101912448,-0.111478542,-0.180776007,-0.181628528,-0.052437057,-0.215399346,-0.186887135,-0.275152965,-0.225693664,-0.091125796,-0.129401116,-0.170524889,-0.354906873,-0.161492635,-0.188668509,-0.047999271,-0.224540743,0.468751325,-0.120921906,0.027235877,0.245035305,-0.291653245,-0.151956182,-0.121293958,-0.238289203,-0.171091077
2017/09/07,-0.04694144,-0.094913243,0.019590065,-0.175859108,-0.11522706,-0.099767197,-0.137038215,-0.294803264,-0.116496188,-0.06226948,-0.076409146,-0.131144227,0.326374343,4.764821564,-0.204719826,12.87278692,5.351026869,-0.125253122,0.429844033,-0.08624063,4.793104419,-0.204331575,-0.074941644,-0.132459945,-0.06190118,-0.288250359,-0.176611253,0.21802468,1.683755137,0.189464391,-0.183536782,0.265066993,-0.088622261,-0.168077708,-0.139696072,2.091219545,0.86382798,-0.247677772,-0.1241152,-0.138720218,-0.210689868,-0.222847048,5.996214117,1.687683944,-0.115045306,-0.16632463,-0.145769598,-0.200900416,-0.052038247,-0.058334401,-0.053087896,-0.117447798,-0.046118478,-0.07889364,-0.061673975,0.049570459,5.937492384,-0.040060342,-0.102713986,-0.091115427,-0.118958897,-0.124927466,-0.017603585,1.554272774,-0.249209937,0.542461676,-0.085306426,-0.066221891,-0.104109844,-0.225210697,-0.119164861,13.35306351,-0.209991459,-0.143582705,-0.207041967,-0.26576267,-0.028345581,5.121859548,2.309817271,-0.095493748,0.203935936,-0.504890309,-0.101912448,-0.111478542,-0.180776007,-0.035055805,-0.052437057,-0.215399346,-0.186887135,-0.275152965,-0.225693664,-0.091125796,-0.129401116,-0.230512847,-0.275587637,-0.156806764,3.677887708,0.722270331,-0.224540743,12.03567717,-0.120921906,6.090499799,12.13766489,1.67096479,-0.080048652,-0.121293958,-0.238289203,-0.171091077
2017/09/21,-0.054024469,-0.016179114,-0.024276294,-0.175859108,-0.11522706,-0.099767197,-0.137038215,-0.373448755,-0.116496188,-0.06226948,-0.076409146,-0.079837523,-0.142862423,0.123052131,0.476421613,0.732624719,12.6766943,1.020287843,7.76697642,0.034479575,2.311308312,-0.160219878,-0.074941644,-0.132459945,-0.06190118,-0.288250359,-0.176611253,-0.272537745,0.758775687,-0.134332284,-0.183536782,-0.09610664,-0.007944918,-0.168077708,-0.139696072,0.408879818,-0.400671753,-0.247677772,-0.1241152,-0.138720218,-0.210689868,-0.222847048,2.946346605,-0.331051476,-0.115045306,-0.16632463,-0.116396301,-0.200900416,-0.041722769,-0.058334401,0.057636952,-0.117447798,0.205432496,-0.056464532,-0.068933689,0.08185244,-0.106922282,-0.038945469,-0.102713986,-0.091115427,-0.120321359,-0.12382884,-0.131633176,-0.198186505,-0.27831091,0.38237255,-0.085306426,-0.070265192,-0.102138596,-0.225210697,-0.127787035,-0.160467164,-0.209991459,-0.041042025,-0.207041967,-0.271352061,-0.070981797,0.437255631,-0.046733318,-0.095493748,0.813241993,-0.190287671,-0.101912448,-0.111478542,-0.180776007,-0.178294717,-0.052437057,-0.215399346,-0.186887135,-0.275152965,-0.225693664,-0.091125796,-0.129401116,-0.158527297,-0.121886826,0.101648319,-0.015539127,0.283908608,-0.224540743,2.464975245,-0.120921906,1.296725278,3.904305946,0.066185878,0.274352751,-0.121293958,-0.238289203,0.109911475
2017/10/07,-0.054024469,-0.094913243,-0.068142653,-0.175859108,-0.11522706,-0.099767197,-0.137038215,-0.378872582,-0.116496188,-0.06226948,-0.076409146,-0.002877469,-0.142862423,-0.186399165,-0.204719826,-0.107419101,-0.078832739,-0.125253122,-0.064680709,-0.08624063,-0.265755808,-0.219035474,-0.074941644,-0.132459945,-0.06190118,-0.288250359,-0.176611253,-0.149897139,-0.166203762,-0.078505271,-0.183536782,-0.156751466,-0.088622261,-0.168077708,-0.139696072,-0.19814998,-0.400671753,-0.247677772,-0.1241152,-0.138720218,-0.210689868,-0.222847048,-0.058669914,-0.331051476,-0.110842363,-0.16632463,-0.145769598,-0.200900416,-0.051646641,-0.058334401,-0.147994908,-0.117447798,0.106795288,-0.02282087,-0.068933689,-6.46E-04,-0.106922282,-0.040060342,-0.102713986,-0.091115427,-0.12217926,-0.124927466,-0.137818369,-0.198186505,-0.27831091,-0.21150647,-0.085306426,-0.072286843,-0.099255278,-0.225210697,2.72040459,-0.160467164,-0.209991459,-0.117947535,-0.207041967,-0.261785604,-0.070981797,-0.343511689,-0.089972778,-0.095493748,-0.202268101,-0.42623965,-0.101912448,-0.111478542,-0.180776007,-0.192549632,-0.052437057,-0.215399346,-0.186887135,-0.275152965,-0.225693664,-0.091125796,-0.129401116,-0.230512847,0.125723716,0.150837764,-0.188668509,-0.028989656,-0.224540743,-0.227692469,-0.120921906,-0.033265388,0.561328645,-0.258366527,-0.062071769,-0.121293958,-0.238289203,-0.171091077
2017/10/21,-0.054024469,-0.094913243,-0.024276294,-0.175859108,-0.11522706,-0.099767197,-0.137038215,-0.259548389,-0.116496188,-0.06226948,-0.076409146,-0.131144227,-0.142862423,-0.186399165,-0.204719826,-0.089431011,-0.107191453,-0.125253122,-0.064680709,-0.06419607,-0.308562043,-0.211683524,-0.074941644,-0.132459945,-0.06190118,-0.288250359,-0.176611253,-0.272537745,-0.166203762,-0.167828492,-0.183536782,-0.147317827,-0.045180615,-0.168077708,-0.139696072,0.582316904,-0.400671753,-0.247677772,-0.1241152,-0.138720218,-0.210689868,-0.222847048,-0.282924878,1.255097782,-0.115045306,-0.16632463,-0.145769598,-0.200900416,-0.051656193,-0.058334401,-0.274537592,-0.117447798,-0.052381158,-0.07889364,-0.068933689,0.013701592,-0.106922282,-0.040060342,-0.102713986,-0.091115427,-0.1220554,-0.124927466,-0.13750118,0.239928315,-0.27831091,-0.180521477,-0.085306426,-0.064200241,-0.087898536,-0.225210697,-0.129877259,-0.160467164,-0.209991459,-0.169217874,0.058341308,-0.253509007,-0.070981797,3.950708569,-0.089972778,-0.095493748,0.203935936,-0.284668463,-0.101912448,-0.111478542,-0.180776007,-0.191744919,-0.052326874,-0.215399346,-0.186887135,-0.275152965,-0.225693664,-0.091125796,-0.129401116,-0.122534522,0.675306162,8.861518437,-0.188668509,-0.030130232,-0.224540743,-0.227692469,-0.120921906,-0.100681083,-0.105320395,-0.30784081,-0.151956182,-0.121293958,-0.238289203,0.109911475
2017/11/07,-0.054024469,-0.094913243,-0.013309705,-0.175859108,-0.11522706,-0.099767197,0.247556706,0.014354874,-0.116496188,-0.06226948,-0.076409146,-0.131144227,-0.142862423,-0.186399165,-0.204719826,-0.107419101,-0.107191453,-0.125253122,-0.064680709,-0.08624063,-0.311619632,-0.209845537,-0.074941644,-0.132459945,-0.06190118,-0.288250359,-0.176611253,-0.272537745,-0.166203762,-0.176202544,-0.183536782,-0.119690739,0.155736999,-0.168077708,-0.139696072,0.473918725,0.38964058,0.376351775,-0.1241152,-0.138720218,-0.210689868,-0.222847048,-0.282924878,-0.150807242,-0.098233532,0.113423582,-0.090694666,-0.200900416,-0.051431735,-0.058334401,-0.147994908,-0.117447798,0.258143384,-0.07889364,-0.068933689,-0.005129563,-0.106922282,-0.026124432,-0.102713986,-0.091115427,-0.12217926,-0.124927466,-0.135835935,-0.198186505,-0.27831091,-0.185685643,-0.085306426,-0.069759779,-0.097526758,-0.225210697,-0.130138537,-0.160467164,-0.209991459,-0.085903573,-0.207041967,-0.219059016,-0.070981797,2.58436576,-0.076460446,-0.095493748,-0.202268101,-0.150962341,-0.101912448,-0.087577066,-0.180776007,-0.191400042,-0.052437057,-0.215399346,-0.186887135,-0.275152965,-0.225693664,-0.091125796,-0.129401116,0.804279436,0.295707262,0.986881384,-0.188668509,-0.047999271,-0.224540743,-0.227692469,-0.120921906,-0.100681083,-0.144248806,-0.059820232,-0.151956182,-0.121293958,-0.238289203,-0.171091077
2017/11/21,-0.054024469,-0.094913243,-0.068142653,-0.175859108,-0.11522706,-0.099767197,-0.137038215,-0.378872582,-0.116496188,-0.06226948,-0.076409146,-0.131144227,-0.142862423,-0.186399165,-0.204719826,0.324295068,0.025149211,-0.125253122,-0.064680709,-0.08624063,-0.280775539,-0.17308579,-0.074941644,-0.132459945,-0.06190118,-0.288250359,0.789184877,-0.272537745,-0.166203762,-0.162245791,-0.183536782,-0.176966408,0.016103136,-0.168077708,-0.139696072,-0.19814998,1.57510908,6.616647249,-0.1241152,-0.138720218,-0.210689868,0.042470792,-0.282924878,1.110902395,-0.041493792,-0.16632463,-0.145769598,-0.200900416,-0.005131473,-0.058334401,-0.306173263,-0.117447798,-0.058904783,-0.07889364,-0.068429542,0.026255696,-0.106922282,-0.038666751,-0.102713986,-0.091115427,-0.122024435,-0.124927466,-0.137818369,0.34945702,-0.27831091,-0.21150647,-0.085306426,-0.068496248,-0.052622023,-0.225210697,-0.124259782,-0.160467164,-0.209991459,-0.246123384,-0.207041967,-0.27199699,-0.070981797,0.144467886,-0.049435784,-0.047008838,3.098139703,-0.150962341,-0.101912448,-0.111478542,-0.180776007,-0.159642619,-0.052437057,-0.215399346,-0.186887135,-0.275152965,-0.225693664,-0.091125796,-0.129401116,0.039432966,-0.351847576,1.229259292,-0.188668509,-0.047999271,-0.224540743,-0.227692469,-0.120921906,-0.100681083,-0.144248806,-0.250355615,-0.151956182,-0.121293958,-0.238289203,-0.171091077
2017/12/07,-0.054024469,-0.094913243,-0.068142653,-0.175859108,-0.11522706,-0.099767197,-0.137038215,-0.247796763,-0.116496188,-0.06226948,-0.076409146,-0.131144227,-0.142862423,-0.186399165,-0.204719826,-0.107419101,-0.107191453,-0.125253122,-0.064680709,-0.08624063,-0.305987232,-0.219035474,-0.074941644,-0.132459945,-0.06190118,-0.288250359,-0.176611253,-0.272537745,-0.166203762,-0.171550293,-0.183536782,-0.172474199,-0.088622261,-0.168077708,-0.139696072,-0.19814998,-0.400671753,-0.247677772,-0.1241152,-0.138720218,-0.210689868,-0.222847048,-0.282924878,-0.331051476,-0.115045306,-0.16632463,-0.145769598,-0.200900416,-0.050102503,-0.058334401,-0.279810203,-0.117447798,-0.081954924,-0.07889364,-0.068933689,-0.072383689,-0.106922282,-0.040060342,-0.102713986,-0.091115427,-0.12217926,-0.124927466,-0.133589177,-0.198186505,-0.254060099,-0.21150647,-0.085306426,-0.072286843,0.144993135,-0.225210697,-0.128396684,-0.160467164,-0.209991459,-0.246123384,-0.207041967,-0.115064112,-0.070981797,-0.343511689,0.342421825,-0.095493748,-0.202268101,-0.504890309,-0.101912448,-0.111478542,-0.180776007,-0.184502503,-0.052253418,-0.215399346,-0.186887135,-0.275152965,-0.225693664,-0.091125796,-0.129401116,-0.170524889,-0.355420322,-0.161492635,-0.188668509,-0.047999271,-0.224540743,-0.227692469,-0.120921906,-0.100681083,-0.144248806,-0.308043385,-0.151956182,-0.121293958,-0.238289203,-0.171091077
2017/12/21,-0.054024469,-0.094913243,-0.068142653,-0.175859108,-0.11522706,-0.099767197,-0.137038215,-0.28395561,-0.116496188,-0.06226948,-0.076409146,-0.131144227,-0.142862423,-0.186399165,-0.204719826,-0.107419101,-0.107191453,-0.125253122,-0.064680709,-0.08624063,0.39425412,0.383824381,-0.074941644,-0.132459945,-0.06190118,-0.288250359,-0.176611253,-0.17442526,-0.166203762,-0.190159297,-0.183536782,-0.176966408,-0.088622261,-0.168077708,-0.139696072,-0.19814998,-0.400671753,-0.247677772,-0.1241152,-0.138720218,-0.210689868,-0.222847048,-0.282924878,-0.331051476,-0.104958241,1.308113004,-0.13108295,-0.200900416,-0.050968494,-0.058334401,0.326540154,-0.117447798,-0.094132357,-0.07889364,-0.068933689,-0.050862369,-0.106922282,-0.040060342,-0.102713986,-0.091115427,-0.12217926,-0.124927466,-0.103561913,1.554272774,-0.220108964,0.211955092,-0.085306426,-0.072286843,0.147562623,-0.225210697,3.609794948,-0.160467164,-0.209991459,-0.246123384,-0.207041967,0.927787113,-0.070981797,-0.343511689,-0.003493857,-0.095493748,-0.202268101,-0.190287671,-0.101912448,-0.099142297,-0.180776007,-0.068853751,-0.052437057,-0.215399346,-0.186887135,-0.254195003,-0.225693664,-0.091125796,-0.129401116,-0.014556197,-0.291889627,-0.055523611,-0.188668509,-0.047999271,-0.224540743,-0.142778466,-0.120921906,-0.02462235,-0.144248806,-0.258836132,-0.151956182,-0.121293958,-0.238289203,-0.171091077
2018/01/07,-0.054024469,-0.094913243,-0.068142653,-0.175859108,-0.035105049,-0.099767197,-0.137038215,-0.35928654,-0.116496188,-0.06226948,-0.076409146,-0.131144227,-0.142862423,-0.186399165,-0.204719826,-0.107419101,-0.059741579,-0.125253122,-0.064680709,0.060723098,-0.02913543,-0.104671816,0.045325526,-0.132459945,-0.06190118,-0.288250359,-0.176611253,0.272531616,0.114093041,-0.165347291,-0.183536782,-0.173971602,-0.088622261,-0.146565184,-0.139696072,-0.19814998,-0.400671753,-0.247677772,-0.1241152,-0.138720218,-0.210689868,0.012991032,-0.282924878,-0.331051476,-0.112243344,0.989236611,0.123485625,-0.200900416,-0.052076453,-0.058334401,-0.253447144,-0.117447798,-0.094132357,-0.07889364,-0.068485559,-6.46E-04,-0.106922282,-0.040060342,-0.102713986,-0.091115427,-0.12217926,-0.124927466,-0.135087016,-0.198186505,-0.27831091,-0.13691297,-0.085306426,-0.071163703,-0.103586793,-0.225210697,0.096302408,-0.160467164,-0.209991459,-0.246123384,-0.207041967,-2.91E-04,-0.070981797,0.090247933,-0.089972778,-0.05239605,-0.202268101,-0.434978612,-0.101912448,-0.111478542,-0.180776007,-0.063029161,-0.052314631,-0.215399346,4.958536959,-0.267002646,-0.225693664,-0.08840399,-0.129401116,-0.230512847,0.18039172,4.396520444,-0.188668509,-0.047999271,-0.224540743,-0.21031241,-0.120921906,0.136714357,-0.144248806,-0.171090563,-0.151956182,-0.121293958,-0.238289203,-0.171091077
2018/01/21,-0.054024469,-0.094913243,-0.068142653,-0.175859108,-0.11522706,-0.099767197,-0.137038215,-0.168699287,-0.116496188,-0.06226948,-0.076409146,-0.131144227,-0.142862423,-0.186399165,-0.204719826,-0.107419101,-0.107191453,-0.125253122,0.228627971,-0.08624063,-0.312960679,-0.209845537,-0.074941644,-0.132459945,-0.06190118,-0.288250359,-0.176611253,-0.272537745,-0.166203762,-0.148289038,-0.183536782,-0.045569284,-0.088622261,-0.168077708,-0.139696072,-0.19814998,-0.400671753,-0.247677772,-0.1241152,-0.138720218,-0.210689868,-0.222847048,-0.282924878,0.209681226,-0.115045306,-0.100501522,-0.081515511,-0.200900416,-0.048351419,-0.058334401,1.611739282,-0.117447798,-0.094132357,-0.07889364,-0.068933689,-0.076867298,-0.106922282,-0.040060342,-0.102713986,-0.091115427,-0.12217926,-0.12439928,-0.12612201,2.266209356,-0.223746586,-0.011395061,-0.085306426,-0.072286843,-0.102491655,-0.225210697,-0.125239575,-0.160467164,-0.209991459,-0.246123384,-0.207041967,-0.268772342,-0.070981797,-0.343511689,0.2883725,-0.095493748,-0.202268101,-0.504890309,-0.101912448,-0.111478542,-0.180776007,-0.181484829,-0.052161598,-0.215399346,-0.186887135,-0.259871118,-0.225693664,-0.091125796,-0.129401116,0.084423935,-0.332352578,-0.094682362,-0.188668509,-0.047999271,-0.224540743,-0.227692469,-0.120921906,-0.092038046,-0.144248806,-0.304567386,-0.023549877,-0.121293958,-0.238289203,-0.171091077
2018/02/07,-0.051073207,-0.029301469,0.114633842,-0.175859108,-0.11522706,-0.099767197,-0.137038215,-0.286215538,-0.116496188,-0.059831562,-0.076409146,-0.131144227,-0.142862423,0.496213987,0.542145787,0.132422104,-0.107191453,-0.125253122,-0.054167853,-0.08624063,0.122700945,1.496419397,-0.074941644,-0.132459945,-0.06190118,0.099931076,-0.176611253,-0.272537745,-0.166203762,-0.097114276,-0.183536782,0.110534991,-0.075693199,1.915275787,-0.139696072,-0.19814998,-0.400671753,-0.247677772,-0.1241152,0.33012815,-0.210689868,-0.222847048,-0.208173224,1.591553685,-0.115045306,-0.11147204,-0.090694666,-0.200900416,-0.04696647,-0.058334401,0.44517392,-0.056380863,-0.046292441,-0.07889364,-0.066244906,-0.030536678,0.144928329,-0.039131281,-0.102713986,-0.091115427,-0.122076044,-0.108448075,-0.094469151,4.548057376,-0.120680639,-0.095312749,-0.085306426,-0.071444488,-0.103644002,-0.225210697,-0.070915521,1.341036244,-0.209991459,-0.182035459,-0.207041967,-0.232584623,-0.070981797,-0.343511689,-0.080964557,-0.095493748,-0.033016419,-0.400022763,0.089189212,-0.10582443,-0.180776007,-0.070980492,-0.051335221,-0.215399346,0.915703742,-0.124372073,-0.225693664,-0.091125796,-0.129401116,0.009438987,-0.017239602,0.003651784,-0.188668509,-0.044514175,-0.224540743,1.042293272,-0.120921906,-0.100681083,-0.144248806,-0.303577532,0.074894957,-0.121293958,-0.238289203,-0.171091077
2018/02/21,-0.051494816,-0.094913243,-0.068142653,-0.175859108,-0.098961689,-0.099767197,-0.137038215,0.432764383,-0.116496188,-0.045552324,-0.076409146,-0.131144227,-0.142862423,0.593730151,1.178048509,4.140339955,0.078371447,1.365768452,-0.064680709,-0.08024211,2.997280919,-0.119259017,-0.074941644,-0.132459945,-0.06190118,-0.288250359,-0.176611253,-0.132377052,-0.166203762,0.535591871,-0.090493399,0.117594177,2.349429315,5.04909351,-0.139696072,-0.19814998,0.502542342,0.822087166,-0.1241152,0.263149812,-0.210689868,4.173848601,0.16558505,0.080935344,-0.104838157,0.708182385,0.273848931,-0.200900416,-0.051940005,6.97E-04,2.06650205,1.452844806,0.030375683,-0.034836464,-0.066629018,0.112084771,-0.106922282,-0.039264004,-0.102713986,-0.032533967,-0.122090789,0.101920704,-0.100378691,10.28527525,0.085451253,-0.189374332,-0.085306426,-0.067954734,-0.101545961,-0.225210697,-0.115954874,2.091787948,-0.209991459,-0.154569206,2.636350266,-0.223473713,-0.070981797,1.329561139,-0.082251446,-0.040082422,1.103387734,2.214175349,-0.101912448,0.014967975,-0.180776007,1.248543521,-0.051807436,0.492811768,0.75819076,2.597085799,-0.225693664,-0.07771118,-0.129401116,1.02923428,-0.245728772,-0.149551334,-0.188668509,-0.047999271,-0.224540743,0.714022974,-0.120921906,-0.097223868,-0.144248806,0.14125167,0.042487651,-0.121293958,0.686099667,1.23392168
2018/03/07,-0.054024469,-0.029301469,-0.068142653,-0.175859108,-0.096250794,-0.099767197,-0.137038215,-0.128020584,-0.116496188,-0.06226948,-0.076409146,-0.131144227,-0.142862423,-0.186399165,-0.204719826,-0.107419101,-0.094031527,-0.125253122,-0.064680709,-0.08624063,0.089174758,-0.194528976,-0.074941644,-0.132459945,-0.06190118,1.652656816,-0.176611253,-0.231657543,-0.166203762,0.507678365,-0.183536782,0.645107906,-0.088622261,5.537447012,-0.139696072,-0.154790709,3.814327358,0.168341926,-0.1241152,0.798976519,4.028404095,1.899695679,0.240336704,-0.331051476,-0.112243344,0.206672986,-0.139650161,-0.200900416,-0.05015026,0.049889753,-0.121631849,-0.117447798,-0.076736024,1.112652706,-0.067589298,0.080058997,-0.106922282,-0.040060342,-0.102713986,-0.091115427,-0.121766393,0.536290481,-0.11733322,0.34945702,-0.120680639,0.761078011,-0.085306426,-0.065548008,-0.071329265,-0.225210697,-0.127090294,0.965660392,-0.209991459,-0.246123384,-0.207041967,-0.253007395,-0.070981797,0.632447461,0.2883725,-0.095493748,3.859772274,1.697328158,2.31870858,0.043752548,-0.180776007,0.994402022,-0.052345237,0.404285378,1.466999181,3.657666783,-0.225693664,-0.081599475,-0.129401116,0.969246321,-0.345846647,-0.161492635,-0.188668509,-0.047999271,-0.185621399,-0.123412115,-0.120921906,-0.100681083,-0.144248806,-0.018729782,-0.151956182,-0.121293958,-0.238289203,-0.171091077
2018/03/21,-0.054024469,-0.094913243,-0.068142653,-0.175859108,-0.11522706,-0.099767197,-0.137038215,-0.372709142,-0.116496188,-0.06226948,-0.076409146,-0.131144227,-0.142862423,-0.186399165,-0.204719826,-0.107419101,-0.107191453,-0.125253122,-0.064680709,-0.08624063,-0.312960679,-0.219035474,-0.074941644,-0.132459945,-0.06190118,-0.288250359,-0.176611253,-0.272537745,-0.166203762,-0.098806003,-0.183536782,-0.172065816,-0.088622261,-0.168077708,-0.139696072,-0.182382972,0.174100853,-0.247677772,0.799844074,-0.138720218,-0.210689868,-0.029888619,-0.282924878,-0.331051476,-0.115045306,-0.16632463,-0.132418099,-0.200900416,-0.051937524,-0.058334401,-0.306173263,0.348881521,-0.094132357,-0.07889364,-0.061233993,-0.062601271,-0.106922282,-0.039046821,-0.102713986,0.008295535,-0.12217926,-0.072915589,-0.001138571,-0.198186505,-0.27831091,0.506781988,-0.085306426,-0.068611114,-0.102879486,-0.225210697,-0.128475859,-0.160467164,-0.209991459,-0.246123384,-0.207041967,-0.274244472,-0.070981797,0.011382547,-0.070318478,-0.095493748,0.167008297,-0.44768983,-0.101912448,-0.111478542,-0.180776007,-0.190041436,-0.052437057,-0.215399346,-0.186887135,-0.271977516,-0.225693664,-0.088156553,-0.129401116,-0.230512847,-0.161994156,-0.15696651,-0.188668509,-0.047999271,-0.224540743,-0.227692469,-0.120921906,-0.098166745,-0.144248806,-0.299940394,-0.151956182,-0.121293958,-0.238289203,-0.171091077
2018/04/07,-0.054024469,0.141289143,-0.068142653,-0.175859108,-0.096250794,-0.099767197,-0.109067675,-0.343617707,-0.116496188,-0.06226948,-0.076409146,-0.131144227,-0.142862423,-0.186399165,0.082076569,-0.107419101,-0.107191453,0.282050332,0.033719623,-0.08624063,-0.301588596,-0.211683524,-0.074941644,-0.132459945,-0.06190118,-0.288250359,0.596025651,-0.223481503,-0.166203762,-0.145497687,-0.183536782,-0.160794455,-0.088622261,0.124761525,-0.139696072,-0.19814998,-0.08454682,-0.247677772,2.924950404,-0.138720218,0.425174226,0.41391577,0.225386374,-0.331051476,-0.115045306,-0.16632463,0.037813508,-0.200900416,-0.050911186,-0.058334401,-0.306173263,0.102393167,-0.086825897,-0.07889364,-0.068127054,0.063918006,-0.106922282,-0.036715724,-0.102713986,-0.091115427,-0.12217926,-0.104645139,-0.137025396,0.678043134,-0.27831091,-0.21150647,-0.085306426,-0.071276017,-0.100667515,-0.225210697,-0.128832147,-0.160467164,-0.209991459,-0.246123384,-0.207041967,-0.273501826,-0.070981797,-0.343511689,0.061365333,-0.095493748,1.422548049,-0.221747935,-0.101912448,-0.111478542,-0.180776007,-0.190250452,-0.052437057,-0.215399346,-0.186887135,-0.274105067,-0.225693664,-0.091125796,-0.129401116,0.021436578,-0.079630014,0.679938517,-0.188668509,-0.047999271,-0.224540743,-0.158420519,-0.120921906,-0.070949033,1.023603526,-0.211599379,-0.151956182,-0.121293958,-0.238289203,-0.171091077
2018/04/21,-0.042219421,-0.094913243,-0.068142653,-0.175859108,-0.096250794,-0.099767197,0.142667182,-0.36983287,-0.116496188,-0.052517806,0.015599311,-0.131144227,-0.142862423,0.299014632,-0.085221328,-0.107419101,-0.083466516,0.200023942,0.326397531,-0.023256175,0.136200823,-0.219035474,-0.074941644,-0.132459945,-0.06190118,-0.288250359,-0.176611253,0.299785084,-0.166203762,-0.097114276,-0.183536782,-0.16798199,-0.088622261,0.84838905,-0.139696072,-0.140337618,0.653078025,0.584361624,-0.1241152,-0.138720218,-0.210689868,1.192181436,5.298532007,-0.331051476,-0.115045306,1.786427593,-0.145769598,-0.200900416,-0.052076453,-0.058334401,-0.227084085,-0.117447798,-0.052381158,-0.07889364,-0.068933689,-0.006624099,-0.106922282,-0.040060342,-0.102713986,-0.091115427,-0.12217926,-0.083940263,-0.136232422,-0.198186505,-0.181307667,-0.21150647,-0.085306426,-0.072286843,-0.104109844,-0.225210697,-0.130138537,-0.160467164,-0.209991459,-0.246123384,0.235263491,-0.264114517,-0.035451617,9.416079806,-0.089972778,-0.095493748,-0.202268101,-0.34758899,-0.101912448,-0.111478542,-0.180776007,0.146196215,-0.052437057,-0.215399346,-0.186887135,-0.221593729,-0.225693664,-0.076155862,-0.129401116,-0.11053693,-0.070456401,-0.089048741,-0.188668509,-0.030256963,-0.224540743,-0.197898082,-0.120921906,-0.100681083,-0.111808464,1.352609331,-0.066351979,-0.121293958,-0.238289203,0.297246509
2018/05/07,-0.054024469,-0.094913243,-0.068142653,0.620655161,-0.11522706,-0.099767197,-0.137038215,-0.383392438,-0.116496188,0.020619755,-0.076409146,-0.131144227,-0.142862423,-0.186399165,-0.204719826,-0.107419101,-0.107191453,-0.125253122,-0.064680709,0.060723098,-0.309384552,-0.206782225,-0.074941644,-0.132459945,-0.06190118,-0.288250359,-0.176611253,-0.272537745,-0.166203762,-0.190159297,-0.183536782,-0.176966408,0.12858597,-0.039002564,-0.139696072,-0.140337618,0.126203136,-0.247677772,-0.1241152,-0.138720218,-0.210689868,2.2534528,0.065916177,-0.331051476,-0.115045306,2.62018697,-0.145769598,-0.200900416,-0.052076453,-0.058334401,-0.306173263,-0.117447798,-0.094132357,-0.041511793,-0.068933689,0.035222913,-0.106922282,-0.040060342,-0.102713986,-0.091115427,-0.12217926,-0.039431823,-0.137818369,-0.198186505,-0.27831091,-0.21150647,-0.085306426,-0.001529076,-0.104109844,-0.225210697,-0.130138537,-0.160467164,-0.209991459,-0.246123384,-0.207041967,-0.275221638,-0.070981797,1.60840661,-0.089972778,-0.095493748,1.490248722,-0.400022763,-0.101912448,-0.043629191,-0.180776007,-0.170132628,-0.052437057,-0.215399346,-0.186887135,0.122466144,-0.225693664,-0.091125796,-0.129401116,-0.050548972,-0.355505897,-0.159784245,-0.188668509,-0.047999271,-0.224540743,-0.227692469,-0.120921906,-0.100681083,1.153364897,-0.176277705,-0.151956182,-0.121293958,-0.238289203,-0.171091077
2018/05/21,-0.054024469,-0.094913243,-0.068142653,-0.175859108,-0.11522706,-0.099767197,-0.137038215,-0.33819388,-0.116496188,-0.06226948,-0.076409146,-0.02853082,0.09175596,-0.186399165,-0.204719826,-0.107419101,-0.107191453,0.146282514,-0.064680709,-0.08624063,-0.303734272,-0.211683524,-0.074941644,-0.132459945,-0.06190118,-0.288250359,-0.176611253,-0.17442526,-0.166203762,-0.145497687,-0.183536782,-0.174271083,0.355103126,-0.136615642,-0.139696072,-0.146118854,-0.08454682,-0.247677772,-0.1241152,-0.138720218,-0.210689868,-0.010592776,-0.193222893,-0.331051476,-0.093189999,0.017980074,-0.145769598,-0.200900416,-0.051904528,-0.058334401,-0.306173263,-0.117447798,-0.006454839,0.044466453,-0.067723737,-0.004232842,0.195298451,-0.040060342,-0.102713986,-0.091115427,-0.12217926,-0.093827898,-0.136549612,-0.198186505,-0.263760424,-0.21150647,-0.085306426,-0.065211066,-0.10349199,-0.225210697,-0.129615981,-0.160467164,-0.209991459,-0.066677195,0.058341308,-0.266192623,-0.070981797,0.82763929,-0.089972778,-0.095493748,8.34E-04,-0.316128726,-0.101912448,-0.070152119,-0.180776007,-0.18484738,-0.05221669,-0.215399346,-0.186887135,3.434406273,-0.225693664,-0.087043087,-0.129401116,-0.158527297,-0.2624947,0.019572356,-0.188668509,-0.047999271,-0.224540743,-0.223223311,-0.120921906,-0.100681083,0.225571099,-0.060110283,-0.151956182,-0.121293958,-0.130443835,-0.171091077
2018/06/07,-0.045170683,-0.094913243,0.425353886,-0.175859108,-0.11522706,-0.099767197,-0.137038215,-0.37548269,-0.116496188,-0.06226948,-0.076409146,-0.131144227,-0.142862423,-0.186399165,-0.204719826,-0.107419101,-0.107191453,-0.125253122,-0.064680709,-0.08624063,-0.311753736,-0.219035474,-0.074941644,-0.132459945,-0.06190118,-0.288250359,-0.176611253,-0.211217442,-0.166203762,-0.148289038,-0.183536782,-0.173597251,-0.088622261,-0.168077708,-0.139696072,0.257122369,0.784796747,-0.247677772,-0.1241152,-0.138720218,-0.210689868,-0.222847048,-0.170797396,-0.331051476,-0.115045306,-0.149868853,-0.090694666,-0.200900416,-0.051933182,-0.058334401,-0.167767203,0.111553207,-0.053685883,-0.07889364,-0.067925396,-0.027547605,-0.106922282,-0.040060342,-0.102713986,-0.084280924,-0.12217926,-0.123765458,-0.137124517,-0.198186505,-0.27831091,-0.153409609,-0.085306426,-0.071023311,-0.102785871,-0.225210697,-0.12981194,-0.160467164,-0.209991459,0.907459257,-0.207041967,-0.261785604,-0.070981797,0.632447461,-0.089972778,-0.095493748,-0.202268101,-0.465564979,-0.101912448,-0.111478542,-0.180776007,-0.191974837,-0.052437057,-0.215399346,-0.186887135,-0.265110608,-0.225693664,-0.091125796,-0.129401116,-0.230512847,-0.34786835,-0.161492635,-0.188668509,-0.047999271,-0.224540743,-0.227692469,-0.120921906,-0.100681083,-0.144248806,-0.259126182,-0.151956182,-0.121293958,-0.238289203,-0.171091077
2018/06/21,-0.049597576,-0.094913243,-0.068142653,-0.175859108,-0.11522706,-0.099767197,-0.137038215,-0.39243215,-0.116496188,-0.06226948,-0.076409146,-0.131144227,-0.142862423,-0.186399165,-0.204719826,-0.107419101,-0.107191453,-0.125253122,-0.064680709,-0.08624063,-0.312960679,-0.219035474,-0.074941644,-0.132459945,-0.06190118,-0.288250359,-0.176611253,-0.149897139,-0.166203762,-0.148289038,-0.183536782,-0.173597251,-0.088622261,-0.168077708,-0.139696072,-0.133111073,-0.400671753,-0.247677772,-0.1241152,-0.138720218,-0.210689868,-0.222847048,-0.282924878,-0.331051476,-0.115045306,-0.16632463,-0.145769598,-0.200900416,-0.051789912,-0.058334401,-0.227084085,-0.117447798,-0.088913457,-0.07889364,-0.068933689,-0.108252557,-0.106922282,-0.040060342,-0.102713986,-0.091115427,-0.12217926,-0.124927466,-0.13315965,-0.198186505,-0.27831091,-0.069491922,-0.085306426,-0.072286843,-0.103374304,-0.225210697,-0.130138537,0.402596614,-0.209991459,-0.085903573,-0.207041967,-0.268772342,-0.070981797,-0.343511689,-0.089972778,-0.095493748,-0.202268101,-0.504890309,-0.101912448,-0.111478542,-0.180776007,-0.191974837,-0.052437057,-0.215399346,-0.186887135,-0.273843092,-0.225693664,-0.091125796,-0.129401116,-0.230512847,-0.353740917,-0.16124858,-0.188668509,-0.047999271,-0.224540743,-0.227692469,-0.120921906,-0.100681083,-0.144248806,-0.298421084,-0.151956182,-0.121293958,-0.238289203,-0.171091077
2018/07/07,-0.054024469,-0.094913243,-0.068142653,-0.175859108,-0.11522706,-0.099767197,-0.137038215,-0.378872582,-0.116496188,-0.06226948,-0.076409146,-0.131144227,-0.142862423,-0.186399165,-0.204719826,-0.107419101,-0.107191453,-0.125253122,-0.064680709,-0.08624063,-0.312960679,-0.2006556,-0.074941644,-0.132459945,-0.06190118,-0.288250359,-0.176611253,0.340665287,-0.166203762,-0.190159297,-0.183536782,-0.069153384,-0.088622261,-0.168077708,-0.139696072,-0.111431437,-0.400671753,-0.247677772,-0.1241152,-0.138720218,-0.210689868,-0.222847048,-0.208173224,-0.331051476,-0.115045306,-0.16632463,-0.127411287,-0.200900416,-0.051933182,-0.058334401,-0.10845032,-0.117447798,-0.094132357,-0.07889364,-0.068933689,-0.072383689,-0.106922282,-0.040060342,-0.102713986,-0.091115427,-0.12217926,-0.124927466,-0.092024149,-0.198186505,-0.27831091,-0.095312749,-0.085306426,-0.072286843,-0.10403629,-0.225210697,-0.126872562,-0.160467164,-0.209991459,-0.246123384,0.456416221,-0.265010252,-0.070981797,-0.343511689,-0.089972778,-0.095493748,-0.202268101,-0.504890309,-0.101912448,-0.111478542,-0.180776007,-0.19168744,-0.052437057,-0.215399346,-0.186887135,-0.275152965,-0.225693664,-0.091125796,-0.129401116,-0.140530909,-0.352168481,-0.156184422,-0.188668509,-0.047999271,-0.224540743,-0.227692469,-0.120921906,-0.007336275,0.026062992,-0.298282964,-0.151956182,-0.121293958,-0.238289203,-0.171091077
2018/07/21,-0.04694144,-0.094913243,-0.068142653,-0.175859108,-0.11522706,-0.099767197,-0.081097135,-0.387008323,-0.116496188,-0.06226948,-0.076409146,-0.131144227,-0.142862423,-0.186399165,-0.204719826,-0.107419101,-0.107191453,-0.125253122,-0.064680709,-0.08624063,-0.306738219,-0.204331575,-0.074941644,-0.132459945,-0.06190118,-0.288250359,-0.176611253,0.610474621,-0.166203762,-0.167828492,-0.183536782,-0.150013152,-0.088622261,-0.168077708,-0.139696072,-0.19814998,-0.400671753,-0.247677772,-0.1241152,-0.138720218,-0.210689868,-0.222847048,-0.282924878,-0.331051476,-0.113364129,-0.113666143,-0.101709652,-0.200900416,-0.051961836,-0.058334401,0.706168204,-0.117447798,-0.060731398,-0.07889364,-0.068933689,-0.09390501,-0.106922282,-0.040060342,-0.102713986,-0.091115427,-0.12217926,-0.124927466,-0.124972198,-0.198186505,-0.27831091,-0.118551493,-0.085306426,-0.072286843,-0.102285704,-0.225210697,-0.130138537,0.740434881,-0.209991459,-0.246123384,-0.207041967,-0.267482483,-0.070981797,-0.343511689,-0.089972778,-0.095493748,-0.202268101,-0.504890309,-0.101912448,-0.111478542,-0.180776007,-0.189790616,-0.052437057,-0.215399346,-0.186887135,-0.275152965,-0.225693664,-0.091125796,-0.129401116,-0.230512847,-0.350859188,-0.160565223,-0.102103818,-0.047238886,-0.224540743,-0.227692469,-0.120921906,-0.06334316,-0.144248806,-0.255631767,-0.151956182,-0.121293958,-0.238289203,-0.171091077
2018/08/07,-0.024511848,0.298757401,-0.068142653,-0.175859108,0.428759224,-0.099767197,-0.137038215,-0.220677629,-0.116496188,-0.06226948,25.47565387,-0.131144227,-0.142862423,-0.065045716,0.03427717,-0.107419101,-0.10496724,-0.125253122,-0.064680709,-0.08624063,-0.263073713,-0.194528976,-0.074941644,-0.132459945,-0.06190118,-0.288250359,-0.176611253,1.362670339,0.674686647,-0.11572328,-0.183536782,0.043151851,-0.088622261,-0.168077708,-0.139696072,-0.19814998,0.126203136,0.584361624,1.569810135,-0.138720218,-0.210689868,0.484667194,0.065916177,-0.331051476,-0.110842363,0.667434746,0.099007877,-0.200900416,-0.052012777,-0.058334401,0.563807686,-0.117447798,0.05199684,-0.069548178,-0.064900515,-0.0604274,-0.106922282,-0.040060342,-0.102713986,-0.091115427,-0.12217926,-0.124927466,-0.026802077,-0.198186505,-0.27831091,4.642808992,-0.085306426,-0.068917425,-0.104109844,-0.225210697,-0.130138537,2.091787948,-0.209991459,0.266580012,-0.207041967,-0.261964751,1.847647916,1.60840661,-0.089972778,-0.095493748,-0.202268101,-0.295155217,-0.101912448,-0.111478542,-0.180776007,-0.077015839,-0.052437057,-0.215399346,2.01829462,-0.275152965,-0.225693664,-0.091125796,-0.129401116,0.009438987,-0.122293306,-4.97E-05,2.817049943,0.008395921,-0.224540743,-0.093617728,-0.120921906,5.31677505,0.196374791,2.779840665,-0.151956182,-0.121293958,0.121195357,2.17059685
2018/08/21,-0.050089453,-0.094913243,-0.068142653,-0.175859108,0.095620337,-0.099767197,-0.137038215,-0.241770289,-0.116496188,-0.06226948,1.644002961,-0.131144227,-0.142862423,-0.16617359,-0.204719826,-0.107419101,-0.066167083,0.44044612,-0.064680709,0.016400704,-0.255981062,-0.210866641,-0.074941644,-0.132459945,-0.06190118,-0.288250359,-0.176611253,-0.218030809,-0.166203762,-0.190159297,-0.183536782,-0.161992377,-0.088622261,-0.168077708,-0.139696072,-0.19814998,-0.400671753,-0.247677772,-0.1241152,-0.138720218,-0.210689868,-0.222847048,-0.017141217,-0.331051476,-0.115045306,-0.16632463,-0.137610349,-0.200900416,-0.045772549,-0.058334401,-0.28859789,-0.117447798,-0.083694557,-0.07889364,-0.067141167,-0.016587674,0.228878533,-0.040060342,-0.102713986,-0.091115427,-0.12217926,-0.124927466,-0.133324853,-0.198186505,-0.262143703,-0.165602777,-0.085306426,-0.065548008,-0.104109844,0.824995735,-0.130138537,-0.160467164,-0.209991459,-0.075222252,-0.207041967,-0.259695555,-0.070981797,-0.343511689,-0.089972778,-0.095493748,-0.202268101,-0.330111066,-0.101912448,-0.088176745,-0.180776007,-0.114249782,-0.052437057,-0.215399346,0.54817345,-0.265062094,-0.225693664,-0.091125796,-0.129401116,-0.11053693,-0.33957473,-0.158157206,0.340337938,-0.042085168,-0.224540743,-0.130860711,-0.120921906,-0.100681083,0.666759758,0.538719153,-0.151956182,-0.121293958,-0.238289203,0.14113398
2018/09/07,-0.054024469,-0.094913243,-0.005476426,-0.175859108,4.032442451,-0.099767197,-0.137038215,-0.148359936,-0.116496188,-0.06226948,-0.076409146,-0.057848936,-0.142862423,-0.134390544,-0.204719826,0.249772979,-0.003288939,0.602074475,0.036242708,0.012734942,-0.245525149,-0.208532689,-0.074941644,-0.132459945,-0.06190118,-0.288250359,-0.176611253,-0.062296706,-0.166203762,-0.190159297,-0.137015091,-0.165415013,-0.088622261,-0.168077708,-0.139696072,-0.19814998,-0.400671753,-0.247677772,-0.1241152,-0.138720218,-0.210689868,-0.222847048,-0.069348722,-0.331051476,-0.115045306,-0.16632463,-0.114298208,-0.200900416,-0.051830846,-0.058334401,-0.260979447,-0.117447798,-0.074747872,-0.07889364,-0.068933689,-0.087756061,-0.106922282,-0.040060342,-0.102713986,-0.091115427,-0.12217926,-0.124927466,-0.136005858,-0.198186505,-0.27831091,1.322988388,-0.085306426,-0.072286843,-0.103395319,-0.225210697,-0.130138537,-0.160467164,-0.209991459,-0.026393357,-0.207041967,-0.267236795,-0.070981797,0.214179254,-0.089972778,-0.095493748,-0.202268101,-0.370060607,-0.101912448,-0.054203116,-0.180776007,-0.187130137,-0.052122247,-0.215399346,-0.186887135,-0.275152965,-0.225693664,-0.091125796,-0.129401116,-0.024839847,-0.309974017,0.227532296,-0.188668509,-0.020299546,-0.224540743,-0.026580357,-0.120921906,0.404072328,0.481386372,0.165323866,-0.151956182,-0.121293958,-0.238289203,-0.171091077
2018/09/21,-0.04694144,0.220023272,-0.068142653,-0.175859108,-0.016550478,-0.099767197,-0.137038215,0.247579434,-0.116496188,-0.06226948,-0.076409146,-0.131144227,-0.142862423,-0.186399165,-0.204719826,-0.089431011,-0.088508065,-0.125253122,-0.064680709,0.018733461,-0.305236246,-0.174923777,-0.074941644,-0.132459945,-0.06190118,-0.288250359,-0.176611253,-0.076312775,-0.166203762,-0.167828492,-0.183536782,-0.176966408,-0.088622261,-0.168077708,-0.139696072,-0.19814998,-0.400671753,-0.247677772,-0.1241152,-0.138720218,-0.210689868,-0.222847048,0.075883064,0.534120847,-0.115045306,-0.16632463,-0.145769598,-0.200900416,-0.050701056,-0.034721858,-0.147994908,-0.117447798,-0.094132357,-0.07889364,-0.068933689,-0.108252557,-0.106922282,-0.040060342,-0.102713986,-0.091115427,-0.12217926,-0.124927466,-0.13480507,-0.198186505,-0.27831091,-0.190849808,-0.085306426,-0.070265192,-0.103462568,0.719975092,-0.130138537,-0.160467164,-0.209991459,-0.246123384,-0.207041967,-0.272211967,-0.070981797,-0.343511689,-0.089972778,-0.095493748,0.610139974,-0.504890309,-0.101912448,-0.111478542,-0.180776007,-0.188870944,-0.052437057,-0.215399346,-0.186887135,-0.275152965,-0.225693664,-0.091125796,-0.129401116,-0.230512847,-0.354581689,-0.160223545,-0.188668509,-0.047999271,-0.224540743,-0.223223311,-0.120921906,-0.074406248,-0.144248806,-0.273642506,-0.151956182,-0.121293958,0.193092269,-0.171091077
2018/10/07,-0.054024469,-0.094913243,0.004967945,-0.175859108,-0.11522706,-0.099767197,-0.043803082,-0.116720945,-0.116496188,-0.06226948,-0.076409146,-0.131144227,-0.142862423,-0.186399165,-0.204719826,-0.107419101,-0.094958282,-0.125253122,-0.064680709,-0.08624063,-0.174206966,-0.206782225,-0.074941644,-0.132459945,-0.06190118,-0.288250359,-0.176611253,-0.272537745,-0.166203762,-0.134332284,-0.183536782,-0.172474199,-0.088622261,-0.168077708,-0.139696072,-0.169243799,0.126203136,1.416401021,1.569810135,-0.138720218,-0.210689868,-0.222847048,-0.282924878,0.87057675,-0.115045306,-0.16632463,0.233635489,-0.200900416,-0.051885425,-0.058334401,0.1683618,-0.117447798,-0.076736024,-0.07889364,-0.067589298,0.017288479,-0.106922282,-0.038202221,-0.102713986,-0.091115427,-0.12217926,-0.124927466,-0.132531879,0.897100544,-0.27831091,-0.21150647,-0.085306426,-0.065548008,-0.103717556,-0.225210697,-0.129703074,-0.160467164,-0.209991459,0.352030578,-0.207041967,-0.273071873,-0.070981797,-0.343511689,-0.071956336,-0.095493748,0.136235263,-0.137853898,-0.101912448,-0.111478542,-0.180776007,-0.188526067,-0.050049745,-0.215399346,7.531249006,-0.275152965,-0.225693664,-0.091125796,-0.129401116,-0.050548972,0.554260676,6.707091532,-0.188668509,-0.047999271,-0.224540743,-0.17927659,-0.120921906,-0.094919058,-0.079368121,-0.305096843,-0.151956182,-0.121293958,-0.238289203,0.297246509
2018/10/21,-0.054024469,-0.094913243,-0.031587354,-0.175859108,-0.11522706,-0.099767197,0.212593531,-0.164179431,-0.116496188,1.276147879,-0.076409146,-0.131144227,0.052652896,0.101815277,2.334623258,-0.057951853,19.76114584,0.214166423,1.247323707,2.726190227,5.949462839,-0.176149102,-0.074941644,-0.132459945,-0.06190118,-0.288250359,0.467252834,1.076508925,2.286393263,-0.125027782,-0.183536782,-0.165735885,1.493894853,-0.168077708,-0.139696072,0.278802004,3.024015025,0.168341926,-0.1241152,-0.138720218,-0.210689868,-0.222847048,0.340005577,-0.090725831,-0.115045306,1.764486557,-0.127411287,-0.200900416,-0.050882532,-0.018980163,-0.292991733,-0.117447798,0.18420897,-0.07889364,-0.068597591,0.086037141,-0.106922282,-0.040060342,-0.102713986,-0.091115427,-0.122076044,-0.124927466,-0.108346187,0.532004861,-0.27831091,-0.21150647,-0.085306426,-0.06217859,-0.063532538,0.562444127,-0.129485342,1.341036244,-0.209755778,0.52293171,-0.207041967,-0.269309783,0.053373833,-0.018191972,-0.089972778,-0.095493748,0.813241993,-0.032986352,-0.101912448,0.035528385,-0.180776007,0.039475945,-0.052253418,-0.215399346,-0.186887135,-0.257687997,-0.225693664,-0.091125796,-0.129401116,0.189402862,-0.236920685,0.170809663,-0.188668509,0.32807428,-0.224540743,-0.080582683,-0.120921906,-0.100681083,-0.144248806,-0.246994716,-0.151956182,-0.121293958,0.031324217,-0.171091077
2018/11/07,-0.054024469,-0.094913243,-0.068142653,-0.175859108,0.586894772,-0.099767197,-0.137038215,-0.320114457,-0.116496188,2.087974801,2.845954713,-0.131144227,-0.142862423,-0.186399165,0.153775668,3.98487146,2.618581389,0.115169056,-0.064680709,0.037978711,1.312210059,0.050536006,-0.074941644,-0.132459945,-0.06190118,-0.288250359,-0.176611253,2.507315999,1.936022259,0.126193776,-0.183536782,-0.176966408,1.788677452,0.25141651,-0.139696072,-0.082525256,0.126203136,-0.247677772,-0.1241152,-0.138720218,-0.210689868,-0.222847048,-0.133421569,-0.090725831,-0.056204095,6.152693801,-0.096814103,-0.200900416,-0.036953451,-0.058334401,0.115635682,-0.117447798,4.96298162,-0.07889364,-0.068261494,-0.054449256,-0.106922282,-0.040060342,-0.102713986,-0.091115427,-0.121972827,-0.123941519,-0.132796204,0.166909178,-0.27831091,0.296303126,-0.085306426,-0.067232716,-0.098176486,5.28837307,-0.124912977,-0.160467164,-0.209991459,-0.246123384,-0.207041967,-0.273788461,-0.035451617,-0.343511689,-0.089972778,-0.095493748,1.151745357,0.281616286,-0.101912448,-0.001480352,-0.180776007,0.4117515,-0.05151886,-0.215399346,-0.186887135,0.101508182,-0.225693664,-0.035328772,-0.129401116,-0.230512847,-0.181618002,0.309006255,-0.020348276,-0.047999271,-0.224540743,-0.123412115,-0.120921906,-0.100681083,0.115273934,-0.276460137,-0.151956182,-0.121293958,-0.238289203,-0.171091077
2018/11/21,-0.049597576,-0.094913243,-0.068142653,-0.175859108,1.217855608,-0.099767197,-0.137038215,-0.273785934,-0.116496188,-0.06226948,-0.076409146,-0.131144227,-0.142862423,-0.186399165,-0.204719826,0.058970735,-0.107191453,-0.125253122,-0.064680709,-0.08624063,0.020423724,-0.117946169,-0.074941644,-0.132459945,-0.06190118,-0.288250359,1.754981008,1.444430744,0.359352743,0.396024339,-0.183536782,-0.176966408,5.011892455,-0.168077708,-0.139696072,-0.19814998,-0.400671753,-0.247677772,-0.1241152,-0.138720218,-0.210689868,-0.222847048,-0.208173224,-0.150807242,-0.115045306,0.162790913,-0.136590443,-0.200900416,-0.044363722,-0.058334401,-0.306173263,-0.117447798,0.86353577,-0.07889364,-0.068429542,-0.076867298,-0.106922282,-0.040060342,-0.102713986,-0.091115427,-0.12217926,-0.103588768,-0.137818369,-0.198186505,-0.27831091,1.473302487,-0.085306426,-0.068496248,0.00412491,0.365530421,-0.12981194,-0.160467164,-0.209991459,-0.246123384,-0.207041967,-0.275221638,0.008961108,-0.343511689,20.77306683,0.001476072,5.636914938,-0.229613001,-0.101912448,-0.106081435,-0.180776007,0.569772223,-0.051748409,-0.215399346,-0.186887135,0.112569328,-0.225693664,0.69071299,-0.129401116,-0.185521878,-0.342092054,-0.160790975,-0.188668509,-0.047999271,-0.224540743,-0.227692469,-0.120921906,-0.100681083,-0.144248806,-0.286404717,-0.151956182,-0.121293958,-0.238289203,-0.171091077
2018/12/07,-0.054024469,-0.094913243,-0.068142653,-0.175859108,3.755931151,-0.099767197,-0.137038215,-0.335481966,-0.116496188,-0.047641968,-0.076409146,-0.02853082,0.560992725,-0.186399165,-0.025472079,0.331490304,0.007133087,1.130599196,-0.064680709,0.038678539,0.161555561,-0.211683524,-0.074941644,-0.132459945,-0.06190118,-0.288250359,0.596025651,-0.125369018,-0.166203762,0.725403715,-0.183536782,-0.155403803,2.632686579,-0.168077708,-0.139696072,-0.146118854,0.231578114,2.248440417,0.384062401,-0.138720218,-0.210689868,-0.222847048,-0.043719583,-0.331051476,-0.111682951,0.017980074,-0.13108295,-0.200900416,-0.052076453,-0.058334401,0.279086648,-0.117447798,0.489340649,-0.07889364,-0.068933689,-0.10466567,-0.106922282,-0.040060342,-0.073811148,-0.091115427,-0.12217926,-0.115884928,-0.136153125,11.84997104,-0.27831091,-0.190849808,-0.085306426,-0.071276017,-0.103639098,2.610346669,-0.124129143,-0.160467164,-0.209991459,1.650879181,-0.207041967,-0.253509007,0.206153606,-0.343511689,-0.068353048,-0.05670582,6.296996499,-0.032986352,-0.101912448,0.031005095,3.132150791,0.832999589,-0.051335221,1.767591771,-0.186887135,5.794622071,-0.225693664,0.320411278,-0.129401116,-0.230512847,-0.353991224,-0.157734176,-0.188668509,-0.047999271,-0.224540743,-0.203112099,-0.120921906,-0.097915311,0.118517969,-0.257012959,-0.151956182,-0.121293958,-0.238289203,-0.171091077
2018/12/21,-0.054024469,-0.094913243,-0.068142653,-0.175859108,1.478779262,-0.099767197,-0.137038215,-0.169667827,-0.116496188,-0.035104101,-0.076409146,-0.057848936,-0.142862423,-0.186399165,-0.204719826,0.340998295,-0.040147323,-0.125253122,-0.064680709,-0.08624063,-0.174871104,3.435933679,-0.074941644,-0.132459945,-0.06190118,-0.288250359,0.37527225,-0.202457399,-0.166203762,0.240506231,-0.183536782,-0.173115943,0.188429055,-0.168077708,-0.139696072,-0.185761617,-0.174868229,0.822087166,-0.1241152,0.263149812,-0.210689868,-0.222847048,-0.261567263,0.080935344,-0.115045306,-0.16632463,0.006342119,-0.200900416,-0.052076453,-0.058334401,0.394330877,-0.117447798,0.084801353,-0.07889364,-0.068933689,-0.082631937,-0.106922282,-0.040060342,0.12437974,-0.091115427,-0.121471488,-0.124384189,-0.136175781,8.094701155,-0.27831091,0.135230349,-0.085306426,-0.059290518,0.019544987,-0.225210697,-0.129392029,-0.160467164,-0.209991459,6.016182379,-0.207041967,-0.271075662,-0.055754577,-0.343511689,0.211159178,-0.095493748,5.890792461,-0.100401203,-0.101912448,0.077530364,-0.180776007,0.811699329,-0.050154682,-0.215399346,6.428658129,5.437887621,-0.225693664,-0.091125796,-0.129401116,-0.179094597,-0.355505897,-0.161492635,-0.188668509,-0.047999271,-0.224540743,-0.227692469,-0.120921906,-0.084876671,-0.144248806,-0.313515535,-0.151956182,-0.121293958,-0.084224392,-0.171091077
2019/01/07,-0.022769198,-0.094913243,-0.065158547,-0.024142104,-0.111411726,-0.091045,-0.075674276,-0.034500565,0.487691796,0.007385339,0.016225219,0.113852068,-0.031139384,-0.166895932,-0.151067439,-0.037669363,-0.091737965,0.2753543,-0.025203862,-0.07724285,-0.12791417,-0.147272001,-0.020535067,-0.119029257,-0.057799885,0.482831131,-0.071490586,-0.207370439,-0.121394409,0.314731262,-0.183536782,-0.114599059,-0.056114906,0.255390656,0.106312396,0.694290665,0.595731098,0.038158891,-0.1241152,-0.138720218,-0.210689868,-0.118965989,-0.264618351,0.655591564,0.041553261,-0.059803636,-0.088987884,0.286702082,-0.048002501,-0.02835022,-0.234676168,-0.117447798,-0.002109306,0.007313475,-0.067494337,-0.001447107,-0.022972078,-0.03951049,7.35E-05,0.767490406,-0.114808273,-0.093363126,-0.078953722,-0.078971588,0.018984235,-0.189374332,0.097729952,0.305303753,-0.060379333,-0.096613991,-0.117323473,-0.160467164,-0.184361321,-0.193806711,-0.080668979,0.01842048,-0.060105211,-0.203351267,0.419635147,0.961572576,-0.022654071,0.226293305,-0.092812369,0.869756504,-0.117222648,0.429496069,-0.052431227,-0.038346567,0.103136769,0.69698637,0.418767652,-0.086163592,-0.021621171,-0.139102625,0.002482729,0.131779045,-0.171492975,-0.047727705,0.11690811,-0.056631476,-0.119532748,-0.089235428,-0.104194914,-0.266773797,-0.043143728,-0.107221022,-0.027978508,-0.171091077
2019/01/21,-0.049043934,-0.078236003,-0.056405835,-0.022043252,-0.098932223,-0.097744658,-0.070267557,0.113060495,0.680331443,-0.027527101,-0.076409146,0.065222946,0.162881313,-0.162656099,-0.204719826,-0.100560766,-0.10650708,-0.09375181,-0.051928157,-0.08624063,-0.236994054,0.115154912,-0.068345965,-0.098424414,-0.060028849,0.147966906,0.01719399,-0.247790867,-0.121206282,0.119336338,-0.1629422,0.347906329,-0.086832083,-0.154540197,-0.114438,0.248240191,0.295378422,-0.013006017,1.074611227,0.024357475,-0.072458543,-0.071720863,-0.2462574,0.696635632,-0.107872166,-0.084541069,0.002009367,0.038142855,-0.046187623,0.038123908,-0.068020493,-0.074966452,-0.091025453,-0.030673871,-0.04105104,0.013730038,-0.096814565,-0.032572209,-0.082414334,-0.08101205,0.273888315,0.053857295,-0.070939001,-0.025101846,0.331685604,-0.138430546,-0.058548695,-0.067681462,-0.049474112,0.283208638,-0.113002975,0.555132287,-0.097164331,-0.205398616,-0.165991879,-0.191326253,-0.065990936,-0.31739907,-0.067979463,0.033200324,0.470210155,0.375642213,-0.099249382,-0.109221367,-0.153234913,0.253565918,-0.047004424,1.271324216,-0.186887135,0.092811271,-0.039287523,0.150688203,-0.129401116,-0.140491175,-0.238034986,-0.157635289,-0.188668509,-0.047872116,-0.065937751,-0.15086367,-0.118360791,-0.100212798,-0.134809643,-0.299401425,-0.139301648,-0.025100154,0.169915407,-0.082480621
2019/02/07,-0.049687397,-0.079563077,-0.057471231,-0.175859108,-0.112516165,-0.02290231,-0.047046043,0.635768701,0.461568692,-0.022696457,-0.04846372,0.062663393,0.539862498,-0.156720332,-0.172247408,-0.090388141,-0.107191453,-0.119719108,-0.062358739,-0.08624063,0.147123099,-0.063614552,0.007321847,0.450607078,0.024226022,-0.115135905,-0.176611253,-0.189253855,-0.125987264,0.026356275,-0.178817191,0.038818589,-0.084032042,0.055244171,0.078154801,0.002469688,0.056716737,-0.139150894,0.023182655,-0.118335507,-0.210689868,-0.167769335,-0.264074461,0.038841039,-0.092958533,0.082835597,-0.113700201,-0.079481612,-0.022384502,-0.057821085,-0.125916529,-0.021333753,-0.084791283,-0.069288904,-0.051226829,1.076354908,0.301148708,-0.039555995,0.612317088,0.807201547,-0.045057618,0.942042528,-0.06614823,0.340159552,1.141293401,0.247808798,-0.080432088,-0.071537269,-0.028113763,-0.060830559,-0.010522253,0.49795607,0.541695193,-0.235481869,0.079769771,0.070315319,-0.070981797,-0.257837428,-0.081591216,-0.093807317,0.064960331,0.069789271,-0.033543159,-0.087234499,-0.045591749,-0.007453864,-0.052198212,0.411042465,0.025412972,-0.096641308,-0.029238045,0.058632706,0.079866031,-0.07501611,-0.151516506,0.171786416,-0.169850098,-0.047533673,0.176594414,-0.087295673,-0.120034053,-0.100590895,-0.11946519,-0.291875608,-0.031498839,-0.021070176,-0.158651837,-0.073351059
2019/02/21,-0.054024469,-0.094913243,-0.068142653,-0.175859108,-0.11522706,-0.099767197,-0.137038215,1.126239404,-0.116496188,-0.06226948,-0.076409146,-0.131144227,-0.142862423,-0.186399165,-0.204719826,-0.107419101,-0.107191453,-0.125253122,-0.064680709,-0.08624063,-0.312960679,-0.035236738,-0.074941644,-0.132459945,-0.06190118,-0.288250359,-0.176611253,-0.272537745,-0.166203762,-0.190159297,-0.183536782,-0.176966408,-0.088622261,-0.168077708,-0.139696072,-0.19814998,-0.400671753,-0.247677772,-0.1241152,-0.138720218,-0.210689868,-0.222847048,-0.282924878,-0.331051476,-0.115045306,-0.16632463,-0.145769598,-0.200900416,-0.052076453,-0.058334401,-0.306173263,-0.117447798,-0.094132357,-0.07889364,-0.068933689,-0.045482039,-0.106922282,-0.040060342,-0.030456891,-0.091115427,-0.12186961,-0.124927466,-0.137818369,-0.198186505,-0.27831091,-0.21150647,-0.085306426,-0.072286843,-0.104109844,-0.225210697,1.957472791,-0.160467164,-0.209991459,-0.246123384,-0.207041967,-0.275221638,-0.070981797,-0.343511689,-0.089972778,-0.095493748,-0.202268101,6.101765092,-0.101912448,-0.111478542,-0.180776007,-0.192549632,-0.052437057,-0.215399346,-0.186887135,-0.275152965,-0.225693664,-0.091125796,-0.129401116,-0.230512847,-0.355505897,-0.161492635,-0.188668509,-0.047999271,-0.224540743,-0.227692469,-0.120921906,-0.100681083,-0.144248806,-0.314304787,-0.151956182,-0.121293958,-0.238289203,0.531415301
2019/03/07,-0.054024469,-0.094913243,-0.068142653,-0.175859108,-0.11522706,-0.099767197,-0.137038215,-0.39243215,-0.116496188,-0.06226948,-0.076409146,-0.131144227,-0.142862423,-0.186399165,-0.204719826,-0.107419101,-0.107191453,-0.125253122,-0.064680709,-0.08624063,-0.244299048,-0.219035474,-0.074941644,-0.132459945,-0.06190118,-0.288250359,-0.176611253,-0.272537745,-0.166203762,-0.190159297,-0.183536782,-0.176966408,-0.088622261,-0.168077708,-0.139696072,-0.024712895,-0.400671753,-0.247677772,-0.1241152,-0.138720218,-0.210689868,-0.222847048,0.315088359,-0.331051476,-0.115045306,-0.16632463,-0.072336355,-0.200900416,-0.052076453,26.03352516,-0.306173263,-0.117447798,-0.094132357,-0.07889364,-0.068933689,-0.072383689,-0.106922282,-0.040060342,0.186314392,-0.091115427,-0.091214231,-0.124927466,1.296670716,-0.198186505,-0.27831091,-0.21150647,-0.085306426,-0.072286843,-0.104109844,-0.225210697,-0.111849076,-0.160467164,-0.209991459,-0.246123384,-0.207041967,-0.275221638,-0.070981797,-0.343511689,-0.089972778,-0.095493748,-0.202268101,-0.190287671,-0.101912448,-0.111478542,-0.180776007,-0.192549632,-0.051335221,-0.215399346,-0.186887135,-0.275152965,-0.225693664,-0.091125796,-0.129401116,10.20739192,-0.355505897,-0.161492635,-0.188668509,-0.047999271,-0.224540743,-0.227692469,12.64196701,-0.100681083,-0.144248806,-0.306017637,-0.151956182,-0.121293958,0.840164478,-0.171091077
2019/03/21,-0.054024469,-0.094913243,-0.068142653,-0.175859108,-0.11522706,-0.099767197,-0.137038215,-0.053442963,-0.116496188,0.654478614,-0.076409146,1.921123904,-0.142862423,-0.186399165,-0.204719826,0.243348661,-4.29E-04,1.78398182,-0.064680709,-0.08624063,-0.162226942,0.185321746,-0.074941644,-0.132459945,-0.06190118,-0.288250359,-0.176611253,-0.272537745,0.254241442,-0.190159297,-0.183536782,-0.176966408,-0.088622261,-0.168077708,-0.139696072,-0.024712895,-0.400671753,-0.247677772,10.03943681,-0.138720218,-0.210689868,-0.222847048,11.07932664,-0.331051476,-0.115045306,-0.16632463,0.001096887,-0.200900416,-0.052076453,0.354885095,-0.306173263,-0.117447798,-0.094132357,-0.07889364,-0.068933689,0.053157346,-0.106922282,-0.040060342,-0.102713986,-0.091115427,0.093956642,-0.122814723,0.148048582,-0.198186505,-0.27831091,-0.21150647,-0.085306426,-0.072286843,-0.104109844,-0.225210697,-0.130138537,-0.160467164,-0.209991459,-0.246123384,-0.207041967,-0.274146756,-0.070981797,-0.343511689,-0.089972778,-0.095493748,-0.202268101,-0.504890309,-0.101912448,-0.031292946,-0.180776007,-0.192549632,-0.052437057,-0.215399346,-0.186887135,-0.248955513,-0.225693664,-0.091125796,-0.129401116,0.129414903,-0.097048755,0.208251889,-0.188668509,-0.047999271,-0.224540743,0.9789802,6.413677217,-0.100681083,2.191455859,-0.11292705,-0.151956182,-0.121293958,-0.238289203,-0.171091077
2019/04/07,-0.054024469,-0.094913243,-0.068142653,-0.175859108,-0.11522706,-0.099767197,-0.137038215,-0.39243215,-0.116496188,-0.016297299,-0.076409146,0.015446354,-0.142862423,-0.186399165,0.870766656,-0.107419101,-0.107191453,0.020212397,-0.064680709,-0.08624063,-0.296408322,-0.166521549,-0.074941644,-0.132459945,-0.06190118,-0.288250359,2.030922759,-0.202457399,-0.166203762,-0.190159297,-0.183536782,-0.153863617,-0.088622261,-0.168077708,-0.139696072,2.700727016,0.050935294,0.465498853,-0.1241152,-0.138720218,-0.210689868,-0.222847048,6.038929349,-0.331051476,-0.115045306,-0.16632463,-0.145769598,-0.200900416,-0.052076453,0.04286221,-0.306173263,-0.117447798,-0.094132357,-0.02282087,-0.068933689,0.030098789,-0.106922282,-0.040060342,-0.061424217,-0.091115427,4.792944022,-0.12468601,-0.104853327,0.114752652,-0.27831091,-0.21150647,-0.085306426,-0.072286843,-0.103605473,0.44992201,-0.130138537,-0.160467164,-0.209991459,-0.246123384,4.342385607,-0.270614998,-0.070981797,0.214179254,-0.074530113,-0.095493748,-0.202268101,-0.415003841,-0.101912448,-0.10619158,-0.180776007,-0.186637455,-0.052279652,-0.215399346,-0.186887135,-0.26666998,-0.225693664,-0.091125796,-0.129401116,-0.024839847,-0.355505897,-0.160586142,-0.188668509,-0.047999271,-0.224540743,-0.227692469,0.375007492,-0.100681083,-0.144248806,-0.312331656,-0.151956182,-0.121293958,-0.084224392,-0.171091077
2019/04/21,-0.047585352,0.048239718,-0.068142653,-0.175859108,-0.11177683,-0.099767197,-0.111610451,-0.293817114,-0.116496188,-0.06226948,0.040692527,-0.037859312,-0.142862423,0.012179206,-0.204719826,-0.089431011,-0.107191453,0.183310101,-0.064680709,-0.08624063,-0.071084479,-0.058629304,-0.074941644,-0.132459945,-0.06190118,-0.288250359,12.46653809,-0.183344577,-0.089759179,-0.058204539,-0.183536782,-0.159814336,0.450166988,-0.040469327,-0.139696072,2.245736221,1.898418671,0.660001569,-0.1241152,-0.138720218,-0.210689868,-0.222847048,2.544046791,-0.331051476,-0.115045306,0.52780997,-0.105715102,-0.200900416,-0.052041721,1.787737111,-0.104855357,-0.117447798,0.112725856,-0.07889364,-0.053900948,-0.033254016,-0.106922282,-0.03701978,0.160039085,-0.046380494,7.414258388,-0.121162943,-0.132195466,4.382104793,-0.25185548,0.088954062,-0.085306426,-0.070448978,-0.104109844,-0.225210697,-0.130138537,-0.160467164,-0.209991459,-0.152904585,17.16349968,-0.245515788,-0.051601699,1.430959492,-0.089972778,-0.095493748,-0.202268101,-0.504890309,-0.101912448,-0.081759405,-0.180776007,-0.185861109,-0.052437057,-0.215399346,-0.186887135,-0.225615964,-0.225693664,-0.091125796,-0.129401116,-0.099630029,-0.310532475,0.003378145,-0.188668509,-0.045925494,-0.224540743,0.032331271,2.088218138,-0.100681083,0.147714277,-0.209083099,-0.151956182,-0.121293958,-0.042206716,0.339822653
2019/05/07,-0.046154437,-0.094913243,-0.068142653,-0.175859108,-0.11522706,-0.099767197,-0.137038215,-0.323127694,-0.116496188,-0.06226948,-0.076409146,-0.131144227,-0.142862423,-0.16617359,-0.204719826,-0.107419101,-0.107191453,1.062715286,-0.064680709,-0.08624063,-0.299848215,1.545432393,-0.074941644,-0.132459945,-0.06190118,-0.288250359,3.257330544,-0.109016937,-0.166203762,-0.140535286,-0.183536782,-0.173971602,-0.054144764,-0.168077708,-0.139696072,-0.159608405,1.004327951,-0.247677772,-0.1241152,0.48641094,-0.210689868,-0.222847048,1.01277047,-0.331051476,-0.115045306,0.594297959,-0.088654854,-0.200900416,-0.051970327,-0.058334401,-0.130419536,-0.117447798,-0.092972601,-0.07889364,-0.068485559,-0.076369119,-0.106922282,-0.036344099,-0.070599721,-0.091115427,1.61062376,-0.124270168,-0.110592945,-0.198186505,-0.27831091,1.968918915,-0.085306426,-0.072286843,-0.104109844,0.299892519,-0.109816914,0.340033972,-0.209991459,-0.246123384,0.087828338,-0.249902179,-0.070981797,-0.343511689,-0.089972778,-0.095493748,0.023400809,-0.365066915,-0.101912448,-0.089547439,-0.180776007,-0.191400042,-0.052437057,-0.215399346,-0.186887135,-0.257687997,-0.225693664,-0.091125796,-0.129401116,-0.190520875,-0.287473969,-0.007791721,-0.188668509,-0.047999271,-0.224540743,-0.001751701,12.69869096,-0.100681083,-0.068554674,-0.105161684,-0.151956182,-0.121293958,-0.118461017,-0.171091077
2019/05/21,-0.054024469,-0.094913243,-0.068142653,-0.175859108,0.437795541,-0.099767197,-0.137038215,-0.326571393,-0.116496188,-0.06226948,-0.076409146,-0.057848936,-0.142862423,-0.186399165,-0.204719826,-0.107419101,-0.107191453,-0.125253122,-0.064680709,-0.08624063,-0.149429518,-0.156018764,-0.074941644,-0.132459945,-0.06190118,-0.288250359,-0.176611253,0.358185373,-0.166203762,-0.158258147,-0.183536782,-0.165415013,-0.088622261,-0.08510083,-0.139696072,-0.148596527,0.502542342,0.465498853,-0.1241152,-0.138720218,-0.210689868,-0.222847048,1.68197576,-0.331051476,-0.115045306,1.131330941,-0.145769598,-0.200900416,-0.052076453,-0.058334401,-0.125398001,-0.117447798,-0.083694557,-0.07889364,-0.068933689,-0.087756061,-0.106922282,-0.040060342,-0.102713986,-0.091115427,-0.067503866,-0.122754359,0.39143481,-0.198186505,-0.257524501,0.076211316,-0.085306426,-0.063622626,-0.104109844,-0.225210697,-0.130138537,-0.160467164,-0.209991459,-0.246123384,4.342385607,-0.226698361,-0.070981797,9.137234335,-0.074530113,-0.095493748,-0.202268101,-0.280174139,-0.101912448,-0.111478542,-0.180776007,-0.16167493,-0.052437057,-0.215399346,-0.186887135,-0.273655968,-0.225693664,-0.091125796,-0.129401116,-0.230512847,3.242686226,4.441399592,-0.188668509,26.23903953,0.109053639,0.519295374,15.20913095,-0.007830162,3.234181156,-0.085500531,-0.151956182,-0.121293958,1.456423725,0.631773356
2019/06/07,-0.054024469,-0.094913243,-0.068142653,-0.175859108,-0.11522706,-0.099767197,-0.137038215,-0.343617707,-0.116496188,-0.06226948,-0.076409146,-0.131144227,-0.142862423,-0.186399165,-0.204719826,-0.107419101,-0.092956491,0.078398605,-0.064680709,-0.08624063,-0.307381921,0.089746403,-0.074941644,-0.132459945,-0.06190118,-0.288250359,-0.176611253,0.21802468,-0.166203762,-0.190159297,-0.183536782,-0.176966408,-0.088622261,-0.168077708,-0.139696072,-0.19814998,-0.400671753,-0.247677772,-0.1241152,-0.138720218,-0.210689868,-0.222847048,-0.103520907,-0.331051476,-0.115045306,-0.16632463,-0.145769598,-0.200900416,-0.052076453,-0.058334401,-0.116359237,-0.117447798,-0.094132357,-0.07889364,-0.068127054,-0.108252557,-0.106922282,-0.037830597,-0.102713986,-0.091115427,-0.12217926,-0.124927466,-0.13480507,0.678043134,-0.27831091,-0.21150647,-0.085306426,-0.072286843,-0.104051001,-0.225210697,-0.001067199,-0.160467164,-0.209991459,0.215309672,-0.207041967,-0.27264192,-0.070981797,0.437255631,-0.089972778,-0.095493748,-0.202268101,-0.441969782,-0.101912448,-0.111478542,-0.180776007,-0.192549632,-0.052437057,-0.215399346,-0.186887135,-0.275152965,-0.225693664,-0.091125796,-0.129401116,-0.230512847,-0.35088486,-0.053180675,-0.188668509,-0.044957732,-0.224540743,0.013642065,0.195597739,-0.100681083,-0.144248806,-0.310105965,-0.151956182,-0.121293958,-0.238289203,-0.171091077
2019/06/21,-0.054024469,-0.094913243,-0.068142653,-0.175859108,-0.11522706,-0.099767197,-0.137038215,-0.378872582,-0.116496188,-0.06226948,-0.076409146,-0.131144227,-0.142862423,-0.140891622,0.019339858,-0.107419101,-0.107191453,-0.125253122,-0.064680709,-0.08624063,-0.284530472,-0.145515979,-0.074941644,-0.132459945,-0.06190118,-0.288250359,-0.176611253,-0.149897139,-0.061092461,-0.190159297,-0.183536782,-0.173597251,-0.088622261,-0.168077708,-0.139696072,-0.19814998,-0.400671753,-0.247677772,-0.1241152,-0.138720218,-0.210689868,-0.222847048,-0.133421569,-0.331051476,-0.115045306,-0.16632463,-0.145769598,-0.200900416,-0.052052574,-0.058334401,-0.306173263,0.340554211,-0.092827632,-0.07889364,0.069706683,-0.090318123,-0.106922282,-0.040060342,-0.102713986,-0.091115427,-0.12217926,-0.124927466,-0.137818369,-0.198186505,-0.260122802,-0.179230436,-0.085306426,-0.072286843,-0.103962736,-0.225210697,-0.130138537,-0.160467164,-0.209991459,-0.246123384,0.124687127,-0.264472811,-0.070981797,0.144467886,-0.089972778,-0.095493748,-0.202268101,-0.504890309,-0.054137033,-0.109936511,-0.180776007,-0.192118536,-0.052437057,-0.215399346,-0.186887135,-0.274716341,-0.225693664,-0.091125796,-0.129401116,-0.230512847,-0.307001058,-0.160241849,-0.188668509,-0.04752403,-0.166161726,-0.188587336,-0.120921906,-0.100681083,-0.144248806,-0.309332497,-0.151956182,0.189014289,-0.238289203,-0.171091077
2019/07/07,-0.054024469,0.130041411,-0.068142653,-0.175859108,-0.11522706,-0.099767197,-0.137038215,-0.33819388,-0.116496188,-0.016297299,-0.076409146,-0.131144227,-0.142862423,-0.160394854,0.256202952,-0.014908922,-0.07986541,0.032334524,0.021825077,-0.08624063,-0.295948534,0.831243018,-0.074941644,-0.132459945,-0.06190118,-0.288250359,0.927155753,1.339310224,3.437612274,-0.158258147,-0.183536782,-0.157714083,-0.070890977,-0.161162968,-0.139696072,-0.19814998,0.050935294,-0.247677772,-0.1241152,-0.138720218,-0.210689868,-0.222847048,1.553830066,-0.125058066,-0.115045306,-0.16632463,-0.145769598,-0.200900416,-0.051940005,-0.058334401,-0.125398001,-0.117447798,-0.082203443,-0.07889364,-0.068933689,-0.092880185,-0.106922282,-0.040060342,-0.102713986,-0.091115427,-0.121294545,-0.124927466,-0.133400374,0.114752652,-0.27831091,-0.137732678,-0.085306426,-0.072286843,-0.104067813,0.44992201,-0.068178323,-0.160467164,-0.209991459,-0.099636699,-0.207041967,-0.270922108,-0.070981797,0.214179254,-0.059087449,-0.095493748,-0.202268101,-0.459947075,-0.101912448,-0.105310419,-0.180776007,-0.191400042,-0.052437057,-0.215399346,4.538502339,-0.274154967,-0.225693664,-0.091125796,-0.129401116,-0.230512847,-0.353452103,-0.157727203,-0.126836587,-0.047999271,-0.024384114,0.516103118,0.38959365,-0.100681083,0.523095384,-0.256768291,-0.151956182,-0.121293958,-0.238289203,-0.171091077
2019/07/21,-0.054024469,0.036310305,-0.068142653,-0.175859108,-0.11522706,-0.099767197,-0.090420648,-0.076042243,-0.116496188,-0.06226948,-0.076409146,-0.131144227,-0.142862423,-0.156060803,0.094026419,-0.107419101,-0.107191453,-0.125253122,0.12875584,-0.08624063,-0.283100022,0.075042504,-0.074941644,-0.132459945,-0.06190118,-0.288250359,-0.176611253,-0.027256532,1.235280252,-0.041287263,-0.183536782,-0.136536524,-0.067935763,-0.168077708,-0.139696072,0.033099467,-0.400671753,-0.247677772,-0.1241152,-0.138720218,-0.210689868,-0.222847048,1.660618144,-0.090725831,-0.115045306,-0.16632463,-0.145769598,-0.200900416,-0.052044615,-0.058334401,-0.306173263,-0.117447798,-0.081954924,-0.07889364,-0.068261494,-0.078361834,-0.106922282,-0.038202221,-0.102713986,-0.091115427,-0.12217926,-0.124927466,-0.104513482,-0.198186505,-0.157056856,0.408193376,-0.085306426,-0.065548008,-0.104109844,0.562444127,-0.127961221,-0.160467164,-0.209991459,1.334712086,-0.207041967,-0.257306926,-0.070981797,-0.343511689,-0.089972778,-0.095493748,-0.202268101,-0.295155217,-0.101912448,-0.111478542,-0.180776007,-0.182394921,-0.052437057,-0.215399346,-0.186887135,-0.273406468,-0.225693664,-0.089764893,-0.129401116,-0.230512847,-0.353666039,-0.161492635,0.508658172,-0.047999271,-0.224540743,0.040457013,0.74695454,1.308710291,0.212594962,-0.172686607,-0.151956182,-0.121293958,0.121195357,-0.171091077
2019/08/07,-0.048121945,-0.094913243,-0.068142653,0.620655161,-0.11522706,-0.099767197,-0.137038215,0.077632855,-0.116496188,-0.028138619,-0.076409146,-0.131144227,-0.142862423,-0.186399165,-0.204719826,-0.107419101,-0.107191453,-0.125253122,-0.064680709,-0.08624063,-0.268795515,-0.035236738,-0.074941644,-0.132459945,-0.06190118,-0.288250359,-0.176611253,-0.109016937,1.375428654,-0.11572328,-0.183536782,0.038659641,0.019981855,-0.151943315,-0.139696072,0.062005648,-0.400671753,0.584361624,-0.1241152,-0.138720218,-0.210689868,-0.222847048,0.663929415,-0.090725831,-0.115045306,-0.078560485,-0.121291851,-0.200900416,-0.051917263,-0.058334401,0.221087918,-0.117447798,-0.083694557,-0.032166332,-0.068933689,-0.042492967,0.39677894,-0.036344099,0.041800203,-0.091115427,-0.12217926,-0.124504917,-0.107685376,0.166909178,-0.27831091,0.365158665,-0.085306426,-0.067232716,-0.104109844,-0.225210697,-0.117945563,-0.160467164,-0.207163286,0.052953597,-0.207041967,-0.237959037,-0.070981797,0.307127744,0.522586244,-0.095493748,0.136235263,-0.34758899,-0.101912448,-0.111478542,-0.180776007,-0.180478938,-0.052437057,-0.215399346,-0.186887135,-0.273406468,-0.225693664,-0.091125796,-0.129401116,0.24939082,-0.35105601,-0.161492635,0.388429433,-0.047365617,-0.146702054,0.11494298,0.278981946,0.369500176,0.228815133,-0.06513782,-0.151956182,-0.121293958,-0.058546923,0.297246509
2019/08/21,-0.054024469,0.062555015,-0.068142653,-0.175859108,-0.11522706,-0.099767197,-0.081097135,0.133679067,-0.116496188,-0.06226948,-0.076409146,-0.131144227,-0.142862423,-0.022572009,-0.204719826,-0.107419101,-0.057146664,-0.023427258,-0.009172829,-0.08624063,-0.062238442,-0.108756232,-0.074941644,-0.132459945,-0.06190118,-0.288250359,-0.176611253,-0.027256532,6.140474301,-0.067339869,-0.183536782,0.394442623,-0.085519286,-0.109993893,-0.139696072,-0.059400312,-0.400671753,-0.247677772,-0.1241152,-0.138720218,-0.210689868,-0.222847048,0.404790345,0.245730072,-0.115045306,1.479253086,-0.116396301,-0.200900416,-0.05184722,-0.058334401,-0.116359237,-0.117447798,-0.047162258,-0.07889364,-0.067320419,-0.029341049,-0.106922282,-0.036715724,-0.073811148,-0.091115427,-0.117224856,-0.119941394,-0.012132067,0.458985725,-0.263760424,1.410041461,-0.085306426,-0.070265192,-0.103756785,-0.225210697,-0.078144213,0.289983859,-0.209991459,-0.194853044,-0.207041967,0.067235999,-0.070981797,1.60840661,-0.089972778,-0.095493748,-0.202268101,-0.316128726,-0.101912448,-0.09729186,-0.180776007,0.0148364,-0.052326874,-0.215399346,0.474667391,-0.270262774,-0.225693664,-0.091125796,-0.129401116,1.821075331,-0.304661658,-0.125762867,0.720260751,-0.010740425,0.662820313,2.7040752,0.374278184,-0.030845338,0.381284743,1.735604558,-0.151956182,-0.121293958,-0.238289203,-0.171091077
2019/09/07,-0.04694144,-0.094913243,-0.024276294,-0.175859108,-0.11522706,-0.099767197,-0.137038215,-0.170055243,-0.116496188,-0.006684934,-0.076409146,-0.079837523,-0.142862423,-0.186399165,0.189625217,-0.107419101,0.016029939,6.764963647,-0.064680709,-0.08624063,0.282893537,-0.079348434,-0.074941644,-0.132459945,-0.06190118,-0.288250359,-0.176611253,-0.272537745,0.338330483,-0.089670674,-0.183536782,0.383661321,0.522663761,-0.168077708,-0.139696072,-0.07674402,-0.08454682,-0.247677772,-0.1241152,-0.138720218,-0.210689868,-0.222847048,-0.282924878,-0.186856089,-0.115045306,0.228614022,-0.145769598,-0.200900416,-0.051656193,-0.058334401,-0.163812744,-0.117447798,-0.036724458,-0.07889364,-0.068933689,-0.072383689,0.195298451,-0.040060342,-0.04490831,-0.091115427,-0.12193154,-0.124927466,-0.130205824,1.335215364,-0.132806045,-0.004939854,-0.085306426,-0.055102814,-0.104109844,1.192567986,-0.107668628,-0.160467164,-0.209991459,0.138404163,-0.207041967,-0.167303412,-0.049663689,-0.343511689,-0.046733318,-0.095493748,8.34E-04,-0.190287671,-0.101912448,-0.039311505,-0.180776007,-0.135874846,-0.052437057,-0.215399346,-0.186887135,-0.266420481,-0.225693664,-0.091125796,-0.129401116,0.093422128,-0.242431699,-0.130643983,-0.188668509,-0.041916194,0.008975324,2.100738866,4.928076948,-0.100681083,1.266906096,1.24942511,-0.151956182,-0.121293958,-0.130443835,-0.171091077
2019/09/21,-0.054024469,-0.094913243,0.545986373,-0.175859108,-0.11522706,-0.099767197,-0.081097135,-0.278531783,0.024481008,-0.06226948,-0.076409146,-0.131144227,-0.142862423,-0.186399165,-0.204719826,-0.107419101,-0.107191453,0.197195446,-0.064680709,-0.08624063,-0.312960679,-0.204331575,-0.074941644,-0.132459945,-0.06190118,-0.288250359,-0.176611253,-0.272537745,-0.166203762,-0.190159297,-0.183536782,-0.176966408,-0.088622261,-0.168077708,-0.139696072,-0.024712895,0.231578114,-0.247677772,-0.1241152,-0.138720218,-0.210689868,-0.222847048,-0.282924878,-0.331051476,-0.115045306,0.570894187,-0.13108295,-0.200900416,-0.052076453,-0.058334401,-0.274537592,-0.117447798,0.342167672,-0.07889364,-0.068933689,-0.079557463,-0.106922282,-0.040060342,-0.102713986,-0.091115427,-0.12217926,-0.124927466,-0.136232422,1.554272774,-0.27831091,-0.190849808,-0.085306426,-0.072286843,-0.104051001,0.719975092,-0.129093425,-0.160467164,-0.209991459,-0.092312365,-0.207041967,-0.264902764,-0.070981797,-0.343511689,-0.089972778,-0.095493748,-0.202268101,-0.379049254,-0.101912448,-0.096675047,-0.180776007,-0.192089796,-0.052437057,-0.215399346,-0.186887135,-0.274454366,-0.225693664,-0.091125796,-0.129401116,-0.158527297,-0.352887309,0.453723204,-0.188668509,-0.047999271,0.429304246,-0.169593414,-0.120921906,-0.057811616,-0.144248806,0.008783555,-0.151956182,-0.121293958,4.291216259,-0.171091077
2019/10/07,0.006181278,0.141289143,-0.068142653,-0.175859108,-0.11522706,-0.099767197,0.002814484,-0.156495676,-0.116496188,-0.06226948,-0.076409146,-0.131144227,-0.142862423,-0.131790113,-0.204719826,-0.107419101,-0.107191453,-0.125253122,-0.064680709,-0.005410579,-0.208037124,0.023578858,-0.074941644,-0.132459945,-0.06190118,0.177567363,-0.176611253,-0.272537745,-0.166203762,-0.123166882,-0.183536782,-0.13923185,0.54128161,-0.168077708,-0.139696072,-0.111431437,0.231578114,-0.247677772,-0.1241152,-0.138720218,-0.210689868,-0.222847048,-0.282924878,0.534120847,-0.115045306,-0.139995387,0.272799885,-0.200900416,-0.05108311,-0.034721858,0.326540154,-0.117447798,0.416276051,-0.07889364,-0.068530372,-0.004232842,-0.106922282,-0.038945469,-0.016005472,-0.080180221,-0.12180768,-0.124927466,-0.118152626,0.678043134,-0.060053612,0.201626761,-0.085306426,-0.014669804,-0.091429129,0.247382198,-0.128309591,-0.160467164,-0.209991459,0.035863484,-0.207041967,-0.127102798,-0.070981797,-0.343511689,-0.089972778,-0.095493748,-0.202268101,-0.316128726,1.235799173,-0.104693607,-0.180776007,-0.185767052,-0.05221669,-0.215399346,-0.186887135,-0.275152965,-0.225693664,-0.091125796,-0.129401116,0.093422128,1.766936195,0.427950912,-0.188668509,-0.044957732,5.986986652,-0.15618594,-0.085185817,-0.048822856,-0.076124087,-0.25911237,-0.151956182,-0.121293958,-0.238289203,-0.171091077
2019/10/21,-0.031108787,0.229286111,-0.016535172,-0.175859108,-0.11522706,-0.099767197,14.91769343,-0.124431287,0.049359337,0.066796803,-0.076409146,-0.131144227,-0.142862423,-0.186399165,-0.204719826,0.008974425,0.247897586,-0.125253122,-0.058744037,-0.042398509,-0.233759993,6.799913909,-0.074941644,-0.132459945,-0.06190118,0.259770491,2.550342527,-0.272537745,0.130581088,0.052852406,-0.183536782,0.205135635,-0.086796982,-0.168077708,-0.139696072,0.413980909,2.76057758,-0.247677772,-0.1241152,-0.138720218,-0.210689868,-0.097991594,-0.282924878,0.347515052,-0.108617275,6.485681292,-0.106893175,-0.200900416,0.157986251,-0.058334401,0.484718508,-0.117447798,1.416278665,-0.07889364,-0.066798479,0.552156589,-0.106922282,-0.031534844,0.288324408,-0.091115427,-0.12152353,-0.121994482,11.42774697,3.023245993,-0.226956252,0.301872324,-0.085306426,-0.056827162,-0.104109844,2.554747505,-0.084184346,-0.160467164,-0.209991459,0.462613663,-0.207041967,-0.194668662,-0.070981797,6.775249166,-0.03274408,-0.07267732,0.395090777,-0.171781634,-0.101912448,0.095697818,-0.180776007,-0.151908245,-0.052437057,-0.215399346,0.202262586,-0.27022168,-0.225693664,-0.091125796,-0.129401116,2.140775862,2.199731002,4.010870819,-0.163208306,-0.046433773,1.945785061,-0.002920109,0.230432918,5.552475776,0.285108669,0.41671931,-0.151956182,-0.121293958,0.332656863,-0.005795458
2019/11/07,-0.051073207,-0.094913243,-0.068142653,-0.175859108,-0.11522706,-0.099767197,16.69190316,-0.042143324,-0.116496188,0.10350899,-0.076409146,-0.131144227,-0.142862423,-0.186399165,0.064151794,0.439718648,1.679036813,3.283084812,0.059370991,0.098338814,0.128869764,0.203701619,-0.059908248,-0.132459945,-0.06190118,-0.288250359,-0.176611253,-0.272537745,0.394389844,0.079671265,0.169252713,-0.125306001,-0.088622261,-0.137825721,-0.139696072,0.235442733,2.76057758,0.584361624,-0.1241152,-0.138720218,-0.210689868,-0.222847048,-0.058669914,0.149599814,-0.115045306,6.85480696,-0.121291851,-0.200900416,-0.043687167,-0.058334401,-0.306173263,-0.117447798,-0.028026292,-0.07889364,-0.063220025,0.650971802,-0.106922282,-0.038202221,0.21040009,-0.091115427,-0.122076044,-0.122251325,-0.047617632,0.532004861,-0.193433072,0.081129569,0.194968029,-0.04280444,-0.096533779,0.168616715,-0.095519201,-0.160467164,-0.209991459,-0.096584893,0.014110762,-0.235630125,-0.053216707,1.283086894,0.927956184,-0.063170475,2.336507133,1.015689109,-0.101912448,0.433372305,-0.180776007,-0.052108057,-0.052437057,-0.215399346,7.531249006,0.037178882,-0.225693664,-0.083640829,-0.129401116,0.159408883,5.712674582,7.38156005,-0.188668509,-0.035643021,0.476007459,0.029284118,1.053263874,3.647516337,6.287049108,1.088387376,-0.151956182,-0.121293958,1.289520179,0.297246509
2019/11/21,-0.025692353,-0.094913243,-0.009654175,-0.175859108,-0.11522706,-0.099767197,0.62748987,1.386583099,-0.116496188,-0.06226948,-0.076409146,-0.096939758,-0.142862423,-0.186399165,-0.133020727,0.609706102,6.336501441,21.52405688,-0.032721627,0.267172144,-0.153823045,6.304594335,-0.074941644,-0.132459945,-0.06190118,-0.288250359,-0.176611253,-0.272537745,0.05803368,-0.004069254,-0.183536782,-0.16798199,-0.088622261,-0.168077708,-0.139696072,-0.117212673,0.86382798,-0.247677772,-0.1241152,-0.138720218,-0.210689868,-0.0813442,-0.183256006,-0.042660702,-0.112803736,0.035532903,-0.13108295,-0.200900416,-0.044027832,-0.058334401,-0.190175803,-0.117447798,0.001199547,-0.07889364,-0.068664811,0.264783663,-0.106922282,-0.039317094,0.34046286,-0.091115427,-0.119784631,-0.123293612,-0.135915233,-0.052148232,-0.249209937,-0.063467062,-0.085306426,-0.064200241,0.029699646,1.665160881,-0.122474382,0.4401342,-0.209991459,-0.177762931,1.385257684,-0.257306926,-0.042557653,4.341092229,-0.010700434,-0.043776511,0.880942665,-0.127367143,-0.101912448,-0.004975622,-0.180776007,-0.176225455,-0.052437057,-0.215399346,-0.186887135,1.619213915,-0.225693664,-0.091125796,-0.129401116,-0.206517664,0.49758024,5.019339976,-0.188668509,-0.03963504,-0.162269792,-0.083189692,1.376590393,-0.100681083,6.506021421,-0.133018784,-0.151956182,-0.121293958,-0.022598467,0.203578992
2019/12/07,-0.032230533,-0.094913243,-6.56E-04,-0.175859108,-0.11522706,-0.099767197,0.056603983,1.547629039,-0.116496188,-0.06226948,-0.076409146,-0.091677532,-0.142862423,-0.186399165,-0.204719826,1.667867049,0.966932258,2.087501221,0.090586086,0.398255175,-0.247930192,9.768305082,-0.074941644,-0.132459945,-0.06190118,-0.288250359,-0.176611253,-0.272537745,1.062789912,-0.095682814,10.03692102,-0.125133223,-0.026562766,-0.168077708,-0.139696072,0.148724191,0.328847324,-0.247677772,-0.1241152,-0.138720218,-0.210689868,-0.222847048,0.108083777,0.778143809,-0.115045306,0.998238061,3.943897144,-0.200900416,-0.048344072,-0.049252654,-0.294005697,-0.117447798,9.00843193,2.207150027,-0.068313201,0.297341558,-0.106922282,-0.038345153,0.964467716,-0.091115427,-0.122083983,-0.124927466,-0.135012463,0.981353394,-0.2223475,-0.104250727,-0.085306426,0.041236607,-0.086162661,1.228921286,0.267807976,-0.160467164,-0.209991459,-0.068649131,-0.002900986,-0.257362048,0.437373084,2.959734663,-0.00681997,-0.095493748,2.453681375,0.366316996,-0.101912448,-0.011839635,-0.180776007,-0.143205693,-0.052437057,-0.215399346,-0.186887135,1.49472004,-0.225693664,-0.076051178,-0.129401116,-0.064392347,0.868278871,17.88311023,-0.188668509,-0.043027525,0.709523527,0.052489362,7.450416501,0.165258543,19.67929591,-0.219023815,-0.151956182,-0.121293958,-0.238289203,-0.171091077
2019/12/21,-0.054024469,-0.094913243,-0.0343993,-0.175859108,-0.11522706,-0.099767197,0.207214581,0.846703706,-0.116496188,-0.003759432,-0.076409146,-0.091677532,-0.142862423,-0.186399165,-0.204719826,0.125042374,-0.006588595,0.840787122,-0.064680709,1.243700355,-0.173986897,3.502182015,-0.074941644,-0.132459945,-0.06190118,0.42839229,0.417724827,-0.272537745,-0.036836007,-0.104271585,-0.183536782,-0.174893081,-0.088622261,-0.168077708,-0.139696072,0.082017619,2.517404555,0.520358594,-0.1241152,-0.138720218,-0.210689868,-0.222847048,-0.282924878,0.00170711,-0.115045306,-0.16632463,-0.140120887,-0.200900416,-0.044229636,-0.058334401,-0.08715708,-0.117447798,2.923997585,-0.07889364,-0.068933689,0.123515509,-0.106922282,-0.039202748,0.764371147,-0.064478387,-0.12217926,-0.124927466,-0.137818369,0.981353394,-0.27831091,-0.032746899,1.035791393,-0.038851854,0.044718247,1.592454282,-0.036681402,-0.160467164,-0.209991459,-0.108087854,-0.207041967,-0.19601105,-0.038184708,-0.343511689,-0.081657497,-0.095493748,-0.202268101,-0.238688077,-0.101912448,9.646017259,-0.180776007,3.940845356,-0.052437057,-0.215399346,0.322000962,-0.227325821,-0.225693664,-0.091125796,-0.129401116,-0.230512847,-0.332815422,2.244578319,-0.188668509,-0.047121904,0.062863647,-0.181281981,0.205022641,-0.100681083,1.293107911,-0.306697609,-0.151956182,-0.121293958,-0.072373252,-0.171091077
2020/01/07,-0.054024469,-0.094913243,-0.005476426,-0.175859108,-0.11522706,-0.099767197,0.382414665,-0.167730746,-0.116496188,0.961656368,-0.076409146,0.308627516,-0.142862423,-0.186399165,0.921980298,0.098159074,0.169881919,8.287502751,-0.017823408,-0.044250993,-0.166594926,0.789231879,-0.074941644,-0.132459945,-0.06190118,0.37720353,2.030922759,-0.272537745,0.074050641,-0.014702971,-0.183536782,-0.173115943,-0.088622261,-0.116217159,-0.139696072,0.198277643,9.986290343,-0.247677772,-0.1241152,-0.138720218,-0.210689868,-0.222847048,0.101512203,0.080935344,-0.115045306,0.191000817,-0.103807745,-0.200900416,-0.043589379,-0.058334401,-0.193188724,-0.117447798,0.366621946,-0.062872848,-0.068933689,0.101836523,-0.106922282,-0.036874991,0.145024624,0.30203126,-0.12217926,-0.124444553,-0.137818369,2.305326751,-0.236738091,-0.108223162,0.395164068,-8.50E-05,-0.093139786,2.475320128,-0.119687417,-0.160467164,-0.209991459,0.229958341,-0.207041967,-0.261708827,0.050835963,0.214179254,-0.089972778,0.015328903,3.569626533,0.259144669,-0.101912448,19.0017717,-0.180776007,11.55823069,-0.052437057,-0.215399346,0.75819076,1.642999539,-0.225693664,-0.091125796,-0.129401116,-0.230512847,-0.296477656,1.439199571,-0.188668509,-0.047999271,0.509366897,-0.010619079,-0.091749589,-0.097717756,0.550901392,-0.30001932,-0.151956182,-0.121293958,0.223905232,-0.171091077
2020/01/21,-0.045851743,0.026216186,0.201804171,-0.175859108,-0.11522706,-0.099767197,-0.072490815,0.127003588,-0.116496188,0.50032714,-0.076409146,0.460856196,0.939991652,-0.186399165,-0.204719826,0.050322614,-0.09145087,0.599277061,-0.064680709,-0.08624063,-0.273265674,0.024144392,-0.074941644,-0.132459945,-0.06190118,0.42839229,0.417724827,-0.234802174,0.868738279,-0.104271585,-0.183536782,1.178989712,-0.086235357,-0.056378064,-0.139696072,0.055334991,3.733269683,-0.247677772,0.266790647,-0.138720218,-0.210689868,0.103697986,-0.23692386,0.00170711,-0.115045306,-0.095438205,0.153612083,-0.200900416,-0.050812733,-0.049252654,-0.184497605,-0.117447798,-0.022673574,-0.07026706,-0.068933689,0.148347802,0.125555205,-0.039202748,0.364178009,0.004217137,-0.120368997,-0.123887347,-0.126289754,1.318364794,-0.267118228,-0.19561673,0.173408455,-0.066843937,-0.072379767,1.228921286,-0.012965397,0.532534409,-0.209991459,-0.206684661,0.405380975,-0.107705299,0.043808015,0.257078557,0.001495311,1.008470359,11.20269141,2.157132014,-0.072512193,-0.111478542,-0.180776007,7.707786431,-0.051843761,12.36896736,-0.186887135,0.957067712,-0.225693664,-0.091125796,-0.129401116,0.074041403,-0.303459991,-0.139583935,-0.188668509,-0.045074714,0.92507682,-0.179563074,-0.062016265,-0.098553566,0.072851948,-0.290675786,-0.151956182,-0.121293958,-0.155331228,0.261220541
2020/02/07,-0.04694144,-0.094913243,-0.068142653,-0.175859108,-0.11522706,-0.099767197,-0.081097135,0.23673178,-0.116496188,0.028421095,-0.076409146,-0.02853082,0.560992725,-0.186399165,-0.204719826,-0.093028629,-0.107191453,0.002029207,-0.021788257,-0.08624063,-0.292791325,0.288249038,0.105459112,-0.132459945,-0.06190118,0.177567363,-0.176611253,-0.272537745,-0.082114721,-0.100836077,-0.183536782,-0.125755222,-0.03587169,-0.168077708,-0.139696072,-0.007369186,2.128327714,-0.247677772,-0.1241152,-0.138720218,-0.210689868,-0.222847048,-0.193222893,-0.331051476,-0.115045306,1.334442247,-0.101709652,-0.200900416,-0.049554891,-0.046528129,-0.258719756,-0.117447798,0.072872439,-0.056464532,-0.066513785,0.089026214,2.310843584,-0.038945469,0.446439932,-0.00363378,-0.12180768,-0.12382884,0.91334732,0.239928315,-0.263760424,0.640580819,0.026803356,-0.058135289,-0.085544807,1.192567986,2.477416037,11.55125942,-0.209991459,-0.169217874,2.977557334,3.071963182,-0.070981797,0.046871971,0.093794929,-0.05670582,3.453568236,0.72205998,-0.101912448,0.072331517,-0.180776007,1.96293158,-0.051665772,2.015465661,-0.186887135,-0.18992392,-0.225693664,-0.091125796,-0.129401116,0.129414903,0.946252939,7.338781137,-0.188668509,-0.040775617,3.55841955,-0.203112099,-0.100501284,-0.098606754,0.391016846,-0.29010631,-0.151956182,-0.121293958,-0.238289203,2.076929333
2020/02/21,0.063117935,0.026216186,-0.068142653,1.662250743,-0.11522706,-0.099767197,0.207214581,0.940577634,-0.116496188,0.405810908,-0.076409146,0.65818967,0.037613256,-0.130389881,-0.204719826,-0.107419101,-0.107191453,0.514422175,-0.064680709,-0.08624063,-0.253459434,7.025462404,-0.074941644,-0.132459945,-0.06190118,-0.288250359,1.606396988,-0.272537745,-0.166203762,-0.035561415,0.818468884,-0.14379317,-0.024175862,-0.143876119,-0.139696072,1.269394587,4.949134811,4.360540424,0.266790647,-0.138720218,-0.210689868,-0.222847048,0.200085813,-0.109212419,-0.114398699,7.479282606,0.001096887,-0.200900416,-0.020160185,-0.040170906,-0.208832737,-0.117447798,0.636513625,0.188530337,-0.062108317,0.611883933,-0.106922282,-0.015190103,20.1515054,-0.022419903,0.566482984,-2.43E-04,-0.090849938,0.981353394,-0.211154818,-0.104250727,0.604599924,-0.067621495,-0.095034408,0.501855295,1.310106266,-0.160467164,-0.209991459,-0.246123384,3.263354708,11.91742121,-0.070981797,2.65943954,0.342421825,-0.095493748,9.48413587,5.545160425,-0.101912448,-0.111478542,-0.180776007,18.427713,-0.044215662,3.979389556,-0.186887135,-0.246940324,-0.225693664,-0.091125796,-0.129401116,3.756379159,-0.343499101,-0.116924293,-0.188668509,-0.046829448,21.47449076,-0.200189958,0.381739565,-0.100681083,1.794685515,-0.199729631,-0.151956182,-0.121293958,-0.155331228,0.261220541
2020/03/07,-0.043127501,0.026216186,-0.068142653,1.662250743,-0.11522706,-0.099767197,0.056603983,1.228457682,-0.116496188,0.066002549,-0.056187507,0.224056027,-0.142862423,-0.186399165,-0.17714325,-0.107419101,-0.103598494,0.05098395,-0.064680709,-0.08624063,-0.306276073,6.889734106,-0.074941644,-0.132459945,-0.06190118,-0.288250359,2.200733068,-0.272537745,-0.101519884,-0.018383873,-0.083336216,-0.170746426,-0.052818706,-0.168077708,-0.139696072,0.522280989,2.031058503,1.672413143,-0.1241152,-0.138720218,-0.210689868,-0.222847048,0.062082759,-0.331051476,-0.112458879,0.734945627,-0.106228621,-0.200900416,-0.030225859,-0.049252654,-0.099324646,-0.117447798,0.021486348,-0.03144745,-0.068623445,0.225603824,-0.106922282,-0.030626803,0.386410961,-0.079899831,2.321866656,0.090377237,-0.093899836,1.992387594,-0.267118228,0.185737021,0.087170161,-0.071509285,-0.094581768,1.592454282,0.334936327,0.186033623,-0.209991459,-0.1869653,-0.207041967,0.513742285,-0.070981797,-0.043216566,0.242638455,-0.035820013,13.85864089,0.632519229,-0.101912448,-0.111478542,-0.180776007,6.923412345,-0.051165707,9.318211793,-0.186887135,-0.261987066,-0.225693664,-0.091125796,-0.129401116,10.06895817,-0.354903582,-0.159727924,-0.188668509,-0.047999271,0.386193587,-0.220816841,0.582018745,-0.100681083,2.086648598,-0.182390364,-0.151956182,-0.121293958,-0.155331228,0.261220541
2020/03/21,-0.047774738,-0.002284856,0.035072309,0.386386258,-0.11522706,-0.099767197,-0.087678439,-0.137193233,-0.116496188,-0.060548596,-0.076409146,-0.100963813,-0.142862423,-0.111445564,-0.057104034,-0.107419101,-0.107191453,-0.125253122,-0.064680709,-0.08624063,-0.308543111,4.715420007,-0.064329835,-0.132459945,-0.06190118,0.80779134,-0.176611253,-0.272537745,-0.166203762,-0.124480458,0.065491096,1.559140388,-0.015611091,-0.156688725,-0.139696072,0.067106739,-0.028760067,-0.247677772,-0.1241152,-0.138720218,-0.210689868,-0.222847048,-0.247747629,-0.24623066,-0.115045306,-0.16632463,-0.059377548,-0.200900416,-0.050975236,-0.051389535,-0.278259435,-0.117447798,-0.089220451,-0.07889364,-0.068696444,0.022563312,-0.106922282,-0.036781305,0.288324408,-0.091115427,2.585330013,-0.123833811,-0.133526983,0.446099995,-0.2697518,-0.123411884,-0.085306426,-0.071097636,-0.05438732,-0.225210697,-0.122914969,-0.160467164,-0.209991459,-0.246123384,0.105173651,-0.137257279,-0.070981797,0.575038099,-0.083614034,-0.095493748,1.589808535,-0.319829934,-0.101912448,-0.111478542,-0.180776007,-0.005234089,-0.052437057,-0.069591175,-0.186887135,-0.274331084,-0.225693664,-0.091125796,-0.129401116,0.298792668,-0.354954695,-0.161148086,-0.188668509,-0.047999271,0.434798741,-0.225063552,-0.120921906,-0.100681083,-0.144248806,-0.298120471,-0.151956182,-0.121293958,-0.174850752,2.143047581
2020/04/07,-0.054024469,-0.007430878,-0.068142653,-0.175859108,-0.11522706,-0.099767197,-0.012724705,-0.15438641,-0.116496188,-0.046016689,-0.076409146,-0.131144227,-0.142862423,0.015856584,1.109763653,-0.107419101,-0.107191453,-0.068683198,-0.064680709,-0.08624063,-0.263490928,2.068237687,-0.074941644,-0.132459945,-0.06190118,0.229324888,0.681874196,-0.272537745,-0.072771494,0.839538942,-0.147353245,-0.117070284,0.052735477,-0.168077708,-0.139696072,0.206536552,1.004327951,0.307015159,-0.1241152,-0.138720218,-0.210689868,-0.222847048,0.082527656,-0.170834379,-0.115045306,-0.137069915,0.090848628,-0.200900416,-0.050845388,0.09908255,0.010183446,-0.117447798,-0.060499447,-0.07889364,-0.066693037,0.230508968,-0.106922282,-0.040060342,0.346885713,-0.091115427,20.48663017,-0.121359279,0.124391539,1.50559335,-0.197474874,-0.045105585,-0.085306426,-0.064424868,-0.104109844,-0.225210697,-0.069463976,2.842539652,-0.209991459,0.209612968,0.972439256,6.338173503,-0.023608224,0.524007555,-0.089972778,-0.05239605,0.249069718,-0.050464276,-0.101912448,-0.111478542,-0.180776007,-0.191655507,-0.052314631,-0.215399346,0.54817345,-0.274764855,-0.225693664,-0.091125796,-0.129401116,2.888860991,1.214976198,2.162840488,-0.156607513,-0.047999271,1.020878283,-0.225209603,-0.098232326,-0.096071463,0.169341172,-0.307675067,-0.151956182,-0.121293958,0.840164478,0.14113398
2020/04/21,-0.054024469,-0.094913243,-0.068142653,-0.175859108,-0.11522706,-0.099767197,-0.137038215,-0.311074745,-0.116496188,-0.06226948,-0.076409146,-0.131144227,-0.142862423,-0.186399165,0.153775668,-0.107419101,-0.107191453,-0.125253122,-0.064680709,-0.08624063,-0.308311714,-0.121009481,-0.074941644,-0.132459945,-0.06190118,-0.288250359,4.974301443,-0.272537745,-0.166203762,-0.152941289,-0.183536782,-0.150013152,-0.04207764,-0.168077708,-0.139696072,0.11981801,0.126203136,-0.247677772,-0.1241152,-0.138720218,-0.210689868,-0.222847048,-0.233090442,-0.331051476,-0.115045306,0.00920366,2.950665465,-0.200900416,-0.052076453,-0.058334401,-0.306173263,-0.117447798,-0.094132357,-0.07889364,-0.068933689,-6.46E-04,-0.106922282,-0.040060342,-0.054542589,-0.091115427,0.697568273,-0.124927466,0.052363112,0.166909178,-0.27831091,-0.21150647,-0.085306426,-0.072286843,-0.082975319,-0.225210697,-0.122300197,-0.160467164,-0.209991459,-0.246123384,-0.207041967,-0.260531574,-0.070981797,0.957767177,-0.071956336,-0.095493748,-0.202268101,-0.242721444,-0.101912448,-0.111478542,-0.180776007,-0.191783239,-0.052437057,-0.215399346,-0.186887135,-0.275152965,-0.225693664,-0.091125796,-0.129401116,-0.11053693,-0.350392805,1.577892991,-0.188668509,-0.044831001,1.487910418,-0.227692469,-0.120921906,0.737117387,0.163934448,-0.313752311,-0.151956182,-0.121293958,14.14109322,-0.171091077
2020/05/07,0.176173977,-0.094913243,-0.068142653,-0.175859108,-0.11522706,-0.099767197,-0.090420648,-0.216157773,-0.116496188,-0.06226948,-0.076409146,-0.131144227,-0.142862423,-0.186399165,1.2890114,-0.107419101,-0.107191453,7.709681382,0.006806712,-0.08624063,-0.233391862,0.295600987,-0.074941644,-0.132459945,-0.06190118,-0.288250359,-0.176611253,-0.272537745,1.795873858,-0.134332284,-0.183536782,-0.145520943,-0.026562766,-0.155976913,-0.139696072,-0.140337618,-0.400671753,-0.247677772,-0.1241152,-0.138720218,-0.210689868,-0.222847048,0.364922796,-0.331051476,-0.115045306,0.448024384,23.76898975,-0.200900416,-0.046886876,0.138436788,-0.279810203,-0.117447798,-0.094132357,-0.07889364,-0.068933689,0.172720237,-0.106922282,-0.038202221,-0.006371193,-0.091115427,-0.121147093,-0.067460873,1.526500873,-0.198186505,-0.27831091,-0.185685643,0.10154321,-0.067232716,0.058199381,0.562444127,2.823173942,0.59028454,-0.209991459,-0.246123384,-0.207041967,-0.171316308,-0.070981797,2.259046043,-0.053939894,-0.095493748,-0.202268101,-0.242721444,-0.101912448,-0.111478542,-0.180776007,-0.188526067,-0.052437057,-0.215399346,-0.186887135,-0.272242137,-0.225693664,-0.091125796,-0.129401116,-0.11053693,1.859746292,1.379353604,-0.188668509,-0.047999271,0.008975324,-0.227692469,-0.086887536,22.95433432,-0.014487436,0.912377524,-0.151956182,-0.121293958,1.559133599,-0.171091077
2020/05/21,-0.043905856,-0.094913243,-0.068142653,-0.175859108,-0.11522706,-0.099767197,-0.137038215,-0.179353233,-0.116496188,-0.06226948,-0.076409146,-0.131144227,-0.142862423,0.463708599,0.870766656,-0.107419101,-0.107191453,-0.125253122,-0.064680709,-0.08624063,-0.310355215,0.894259728,-0.074941644,-0.132459945,-0.06190118,-0.288250359,-0.176611253,-0.272537745,1.155195451,-0.174208722,-0.183536782,0.67783686,-0.088622261,-0.168077708,-0.139696072,-0.123819801,-0.400671753,-0.247677772,-0.1241152,0.665019842,-0.210689868,-0.222847048,-0.197494416,-0.331051476,-0.115045306,-0.16632463,5.949189539,-0.200900416,-0.051230474,-0.058334401,-0.283576355,-0.117447798,-0.092641243,-0.07889364,-0.068933689,-0.087756061,-0.106922282,-0.040060342,-0.020134449,-0.091115427,-0.122002317,-0.12468601,-0.136798832,-0.198186505,-0.27831091,-0.21150647,-0.085306426,-0.065066662,-0.101587991,-0.225210697,0.113969778,-0.160467164,-0.209991459,-0.246123384,-0.207041967,-0.270307889,-0.070981797,0.214179254,-0.089972778,-0.095493748,-0.202268101,-0.459947075,-0.101912448,-0.111478542,-0.180776007,-0.17317083,-0.052437057,-0.215399346,0.75819076,-0.268665977,-0.225693664,-0.091125796,-0.129401116,-0.076258097,-0.338708795,0.144797383,-0.188668509,-0.047999271,0.109053639,-0.227692469,-0.120921906,-0.05030452,-0.144248806,-0.309411423,-0.151956182,-0.121293958,-0.084224392,-0.171091077
2020/06/07,-0.04694144,-0.094913243,0.019590065,-0.175859108,-0.11522706,-0.099767197,-0.137038215,0.903862498,-0.116496188,-0.06226948,-0.076409146,-0.131144227,-0.142862423,3.417798277,11.19543689,-0.107419101,-0.107191453,-0.07434019,-0.064680709,-0.08624063,-0.298370082,-0.013180889,-0.074941644,-0.132459945,-0.06190118,0.643385085,-0.176611253,-0.272537745,7.906344159,-0.100836077,-0.053276046,-0.155403803,-0.082416311,-0.168077708,-0.139696072,0.079349356,-0.400671753,0.750769504,-0.1241152,0.986515866,-0.210689868,-0.222847048,1.152306892,-0.331051476,-0.115045306,0.096967804,0.588562828,-0.200900416,-0.051809015,-0.034721858,-0.21126625,-0.117447798,-0.079519437,-0.07889364,-0.068933689,-0.029341049,0.497519185,-0.040060342,0.070703041,-0.091115427,-0.12217926,-0.119518845,-0.100390019,0.239928315,-0.27831091,-0.21150647,-0.085306426,-0.066221891,-0.103756785,-0.225210697,0.093515442,-0.160467164,-0.209991459,0.420391031,0.323724583,-0.166873459,-0.070981797,8.244928827,-0.068353048,-0.095493748,-0.202268101,-0.379049254,-0.101912448,-0.111478542,-0.180776007,-0.180823815,-0.052437057,-0.215399346,5.105549076,-0.263975385,-0.225693664,-0.091125796,-0.129401116,0.345371554,-0.316201413,0.123710963,-0.188668509,-0.043436963,0.055678538,-0.196408362,0.032232761,6.268892101,-0.007999367,-0.170550364,-0.151956182,-0.121293958,0.840164478,0.390914026
2020/06/21,-0.003431404,-0.094913243,-0.068142653,-0.175859108,-0.11522706,-0.099767197,-0.137038215,-0.33819388,-0.116496188,-0.06226948,-0.076409146,-0.131144227,-0.142862423,-0.030373302,-0.204719826,-0.107419101,-0.107191453,-0.016153983,-0.064680709,-0.08624063,-0.310968266,9.264979312,-0.074941644,-0.132459945,-0.06190118,-0.288250359,0.927155753,-0.272537745,-0.046076561,-0.190159297,-0.183536782,-0.153863617,-0.08418944,-0.168077708,-0.139696072,-0.173373253,-0.400671753,-0.247677772,-0.1241152,-0.138720218,-0.210689868,-0.222847048,-0.112063953,-0.125058066,-0.115045306,-0.16632463,-0.145769598,-0.200900416,-0.051203185,-0.041468299,-0.260979447,-0.117447798,-0.094132357,-0.07889364,-0.068933689,-0.082631937,-0.106922282,-0.040060342,-0.020134449,-0.091115427,-0.12217926,-0.124565281,-0.12966207,0.114752652,-0.27831091,-0.145110058,0.154928821,-0.06217859,-0.104109844,0.44992201,-0.109982805,-0.160467164,-0.209991459,-0.209501713,-0.207041967,-0.250345781,-0.070981797,3.002633966,-0.089972778,-0.095493748,-0.202268101,-0.415003841,-0.101912448,-0.111478542,-0.180776007,-0.188936635,-0.052437057,-0.215399346,-0.186887135,-0.274653966,-0.225693664,-0.091125796,-0.129401116,-0.230512847,-0.347749157,-0.156995036,-0.188668509,-0.047999271,-0.224540743,-0.227692469,-0.07716343,-0.067096708,-0.116442798,-0.283050394,-0.151956182,-0.121293958,-0.238289203,0.230341139
2020/07/07,-0.054024469,0.017564084,-0.005476426,-0.175859108,-0.11522706,-0.099767197,-0.137038215,-0.361438853,-0.116496188,-0.06226948,-0.076409146,-0.131144227,-0.142862423,-0.186399165,-0.204719826,-0.107419101,-0.107191453,-0.125253122,-0.064680709,-0.08624063,-0.312194366,1.104315426,-0.074941644,-0.132459945,-0.06190118,-0.288250359,-0.176611253,-0.272537745,-0.046076561,-0.190159297,-0.183536782,-0.173115943,-0.079756619,-0.168077708,-0.139696072,-0.19814998,-0.400671753,-0.247677772,-0.1241152,-0.138720218,-0.210689868,-0.222847048,-0.282924878,-0.331051476,-0.115045306,-0.16632463,-0.114298208,-0.200900416,-0.051912715,-0.058334401,0.66549377,-0.117447798,-0.094132357,-0.07889364,-0.068933689,-0.098004309,-0.106922282,-0.040060342,0.062445087,-0.091115427,-0.12217926,-0.124927466,-0.132380837,0.114752652,-0.27831091,0.031947041,0.555320899,-0.072286843,-0.104067813,1.800187422,-0.127899011,-0.160467164,-0.209991459,1.291986804,-0.207041967,-0.253723984,-0.070981797,-0.343511689,-0.02820212,-0.095493748,0.08787764,-0.504890309,-0.101912448,-0.111478542,-0.180776007,-0.189593544,-0.052437057,-0.215399346,2.648346549,-0.275152965,-0.225693664,-0.091125796,-0.129401116,-0.230512847,-0.355230835,-0.159993435,-0.188668509,-0.047999271,0.309210268,-0.227692469,-0.120921906,-0.08290112,-0.144248806,-0.29520488,-0.151956182,-0.121293958,0.06984042,-0.171091077
2020/07/21,-0.054024469,-0.094913243,-0.068142653,-0.175859108,-0.11522706,-0.099767197,-0.137038215,-0.365313015,-0.116496188,-0.06226948,-0.076409146,-0.131144227,-0.142862423,-0.186399165,-0.204719826,-0.107419101,-0.107191453,-0.125253122,-0.064680709,-0.08624063,-0.312960679,-0.108756232,-0.074941644,-0.132459945,-0.06190118,-0.288250359,-0.176611253,-0.272537745,-0.166203762,-0.190159297,-0.183536782,-0.16348978,-0.088622261,-0.168077708,-0.139696072,-0.19814998,-0.400671753,-0.247677772,-0.1241152,-0.138720218,-0.210689868,-0.222847048,-0.282924878,-0.331051476,-0.115045306,-0.16632463,1.286178633,-0.200900416,-0.051980939,-0.058334401,-0.306173263,-0.117447798,-0.094132357,-0.07889364,-0.068933689,-0.072383689,-0.106922282,-0.040060342,-0.102713986,-0.091115427,-0.12217926,-0.124927466,-0.134646475,-0.198186505,-0.27831091,-0.21150647,-0.085306426,-0.072286843,-0.103815628,-0.225210697,-0.124912977,-0.160467164,-0.209991459,-0.246123384,-0.207041967,-0.274146756,-0.070981797,1.60840661,0.018125873,-0.095493748,-0.202268101,-0.504890309,-0.101912448,-0.111478542,-0.180776007,-0.192549632,-0.052437057,-0.215399346,-0.186887135,-0.275152965,-0.225693664,-0.091125796,-0.129401116,-0.230512847,-0.355505897,-0.161492635,-0.188668509,-0.047999271,-0.224540743,-0.227692469,-0.120921906,-0.100681083,-0.144248806,-0.301874063,-0.151956182,-0.121293958,-0.238289203,-0.171091077
2020/08/07,-0.04694144,0.220023272,0.019590065,-0.175859108,-0.11522706,-0.099767197,-0.137038215,-0.28395561,-0.116496188,-0.06226948,-0.076409146,-0.131144227,-0.142862423,-0.113587095,-0.204719826,-0.107419101,-0.107191453,-0.125253122,-0.064680709,-0.08624063,-0.312316976,-0.174923777,-0.074941644,-0.132459945,-0.06190118,-0.288250359,-0.176611253,-0.272537745,-0.166203762,-0.145497687,-0.183536782,-0.171575757,-0.088622261,-0.158397072,-0.139696072,-0.128775146,-0.400671753,-0.247677772,-0.1241152,-0.138720218,-0.210689868,-0.222847048,-0.223123555,-0.331051476,-0.115045306,-0.113666143,0.353576452,-0.200900416,-0.051235932,-0.058334401,-0.306173263,-0.117447798,-0.083694557,-0.07889364,-0.068933689,0.006527819,-0.106922282,-0.040060342,-0.102713986,-0.091115427,-0.12217926,-0.124927466,-0.125289388,-0.198186505,-0.27831091,-0.046253177,-0.085306426,-0.066221891,-0.103815628,-0.225210697,-0.130138537,0.740434881,-0.208294555,0.112768993,-0.207041967,-0.219327736,-0.070981797,-0.343511689,-0.089972778,-0.095493748,-0.202268101,-0.441969782,-0.101912448,-0.111478542,-0.180776007,-0.19048037,-0.052437057,-0.215399346,-0.186887135,-0.275152965,-0.225693664,-0.091125796,-0.129401116,-0.230512847,-0.354915431,-0.161053335,-0.188668509,-0.047238886,0.709523527,-0.223223311,-0.120921906,-0.097915311,-0.144248806,-0.298172469,-0.151956182,-0.121293958,-0.238289203,-0.171091077
2020/08/21,-0.054024469,-0.094913243,-0.068142653,-0.175859108,-0.11522706,-0.099767197,-0.137038215,-0.292995322,-0.116496188,-0.06226948,-0.076409146,0.039878118,-0.142862423,0.207999545,-0.144970577,-0.107419101,-0.099406708,0.17173898,-0.064680709,-0.08624063,-0.311709035,0.099549002,-0.074941644,-0.132459945,-0.06190118,-0.288250359,1.111116921,-0.272537745,0.394389844,-0.171550293,-0.183536782,-0.118567687,-0.073107387,-0.168077708,-0.139696072,0.062005648,0.126203136,0.584361624,-0.1241152,-0.138720218,-0.210689868,-0.222847048,-0.282924878,0.149599814,-0.115045306,-0.16632463,0.086769004,-0.200900416,-0.051503371,-0.058334401,-0.09526879,-0.117447798,-0.073256757,-0.07889364,-0.068933689,-0.072383689,-0.106922282,-0.040060342,-0.102713986,-0.091115427,-0.12217926,-0.124927466,0.071130151,-0.198186505,-0.27831091,7.681059627,-0.085306426,-0.072286843,-0.101559971,-0.225210697,-0.127525757,-0.160467164,-0.209991459,0.352030578,-0.207041967,0.45928156,-0.070981797,-0.343511689,-0.071956336,-0.095493748,-0.202268101,-0.504890309,-0.101912448,-0.111478542,-0.180776007,-0.029499454,-0.052437057,-0.215399346,-0.186887135,-0.274570799,-0.225693664,-0.091125796,-0.129401116,0.009438987,-0.240536219,0.207885805,-0.188668509,-0.046731963,1.410071729,-0.209070977,0.006706983,2.046249522,-0.095588292,0.189093516,-0.151956182,-0.121293958,-0.238289203,-0.171091077
2020/09/07,-0.054024469,-0.094913243,-0.068142653,-0.175859108,-0.11522706,-0.099767197,-0.105959837,0.255413851,-0.116496188,-0.06226948,-0.076409146,-0.131144227,-0.142862423,0.339465782,0.990265155,-0.107419101,3.306480995,1.477561397,0.151183266,-0.08624063,-0.095055364,-0.161853645,-0.074941644,-0.132459945,-0.06190118,0.229324888,1.540359645,-0.272537745,1.422144787,-0.152941289,-0.183536782,-0.16798199,-0.005876268,-0.168077708,-0.139696072,-0.082525256,0.653078025,-0.247677772,-0.1241152,-0.138720218,-0.210689868,-0.222847048,0.01608174,-0.010617282,-0.115045306,0.565043244,-0.121291851,-0.200900416,-0.051949101,-0.018980163,-0.183145654,-0.117447798,0.049677328,-0.07889364,-0.067141167,0.19862553,-0.106922282,-0.038821595,0.154200128,-0.091115427,-0.12217926,-0.124927466,0.706081665,-0.198186505,-0.27831091,-0.142650931,-0.085306426,-0.071163703,-0.103815628,-0.225210697,-0.12955792,0.340033972,-0.209991459,-0.217639862,0.972439256,-0.230554289,-0.070981797,1.825286421,-0.089972778,-0.095493748,0.700407538,-0.155331822,-0.101912448,-0.111478542,-0.180776007,1.876201403,-0.052437057,-0.215399346,-0.186887135,-0.275152965,-0.225693664,-0.091125796,-0.129401116,1.049230266,0.168553879,4.812608451,-0.188668509,0.017900728,0.086814013,-0.014166029,0.684558194,1.155440419,1.477768322,4.451481528,-0.151956182,-0.121293958,-0.238289203,0.14113398
2020/09/21,-0.054024469,-0.094913243,-0.068142653,-0.175859108,-0.11522706,-0.099767197,-0.137038215,-0.274915898,-0.116496188,-0.06226948,-0.076409146,0.039878118,-0.142862423,-0.186399165,0.512271162,-0.107419101,6.368604246,1.953691593,24.98114718,6.870042472,0.636679743,0.1240555,-0.074941644,-0.132459945,-0.06190118,0.488112511,8.837485965,-0.190777341,1.795873858,-0.134332284,-0.183536782,-0.158997571,-0.078279012,-0.063204154,-0.139696072,-0.169243799,2.76057758,-0.247677772,-0.1241152,-0.138720218,-0.210689868,-0.222847048,0.065916177,-0.090725831,-0.115045306,0.360260239,-0.145769598,-0.200900416,-0.052076453,-0.058334401,0.273814036,-0.117447798,0.15289557,-0.07889364,-0.068933689,0.124895081,-0.106922282,-0.040060342,0.041800203,-0.091115427,-0.12217926,-0.124927466,-0.13728972,-0.198186505,-0.254060099,1.002072396,-0.085306426,-0.065548008,-0.104109844,2.925408599,-0.130138537,-0.160467164,-0.209991459,-0.075222252,-0.207041967,-0.243333451,-0.070981797,0.307127744,-0.089972778,-0.095493748,3.182765544,0.071881194,-0.101912448,-0.060077519,-0.180776007,1.342919384,-0.052437057,-0.215399346,16.35197602,-0.275152965,-0.225693664,-0.091125796,-0.129401116,0.369366737,0.183336917,0.621885779,3.658651109,0.493141104,0.787362216,-0.227692469,0.083284316,-0.086852223,2.548299627,1.638976392,-0.151956182,-0.121293958,-0.238289203,-0.171091077
2020/10/07,-0.054024469,-0.094913243,-0.068142653,-0.175859108,-0.11522706,-0.099767197,-0.137038215,-0.321922399,-0.116496188,-0.06226948,-0.076409146,-0.131144227,-0.142862423,-0.186399165,-0.204719826,-0.107419101,-0.107191453,1.334250923,0.697291087,0.127906516,0.322588542,-0.130812081,-0.074941644,-0.132459945,-0.06190118,-0.288250359,1.368662556,-0.272537745,0.00197432,-0.167828492,-0.183536782,-0.176966408,0.283734707,-0.168077708,-0.139696072,-0.19814998,-0.400671753,-0.247677772,-0.1241152,-0.138720218,-0.210689868,-0.222847048,-0.282924878,0.245730072,-0.115045306,-0.16632463,-0.116396301,-0.200900416,-0.05108311,-0.058334401,-0.242901921,-0.117447798,0.070784879,-0.07889364,-0.068933689,-0.086731236,-0.106922282,-0.040060342,-0.102713986,-0.091115427,-0.12217926,-0.124927466,-0.137818369,-0.198186505,-0.27831091,-0.190849808,-0.085306426,-0.070265192,-0.07427633,1.665160881,-0.130138537,-0.160467164,-0.209991459,-0.246123384,-0.207041967,-0.26705253,-0.070981797,-0.343511689,-0.089972778,-0.095493748,0.610139974,-0.316128726,-0.101912448,-0.06213356,-0.180776007,-0.161280785,-0.052437057,-0.215399346,-0.186887135,-0.275152965,-0.225693664,-0.091125796,-0.129401116,-0.230512847,-0.300207492,-0.131083284,-0.188668509,-8.55E-04,0.429304246,-0.227692469,-0.100501284,-0.100681083,-0.144248806,-0.255852758,-0.151956182,-0.121293958,-0.238289203,-0.171091077
2020/10/21,-0.054024469,0.534959788,-0.068142653,-0.175859108,-0.11522706,-0.099767197,-0.025156056,-0.349041534,-0.116496188,-0.06226948,-0.076409146,-0.02853082,-0.142862423,-0.186399165,-0.204719826,-0.107419101,-0.024450735,0.146282514,-0.064680709,-0.08624063,1.663421454,-0.189627676,-0.074941644,-0.132459945,-0.06190118,-0.288250359,-0.176611253,-0.272537745,-0.166203762,-0.078505271,-0.118406414,-0.176966408,-0.088622261,-0.168077708,-0.139696072,-0.094087729,2.76057758,-0.247677772,-0.1241152,-0.138720218,-0.210689868,1.899695679,-0.282924878,0.534120847,-0.115045306,0.202284778,-0.145769598,-0.200900416,-0.051885425,-0.058334401,-0.274537592,-0.117447798,23.61846111,0.313615745,-0.068933689,-0.065209916,-0.106922282,-0.040060342,-0.04490831,-0.091115427,-0.12217926,-0.124927466,-0.137818369,-0.198186505,-0.27831091,-0.21150647,-0.085306426,-0.052070338,-0.104109844,0.719975092,-0.130138537,-0.160467164,-0.209991459,-0.246123384,-0.207041967,-0.266622577,-0.070981797,1.99879027,-0.089972778,-0.095493748,1.422548049,-0.253208199,-0.101912448,-0.094207798,-0.180776007,-0.145186525,-0.052437057,-0.215399346,2.459330971,-0.275152965,-0.225693664,-0.091125796,-0.129401116,-0.230512847,-0.351038895,0.159538353,-0.188668509,-0.044957732,-0.037727889,-0.227692469,-0.120921906,-0.100681083,-0.144248806,-0.309442993,-0.151956182,-0.121293958,-0.022598467,0.390914026
2020/11/07,-0.054024469,-0.094913243,-0.068142653,-0.175859108,-0.11522706,-0.099767197,-0.137038215,-0.279435754,-0.116496188,-0.06226948,-0.076409146,-0.131144227,-0.142862423,-0.186399165,-0.204719826,-0.107419101,-0.107191453,-0.125253122,-0.064680709,-0.08624063,-0.312245454,-0.121009481,-0.074941644,-0.132459945,-0.06190118,-0.288250359,1.111116921,-0.272537745,-0.166203762,3.84799464,-0.183536782,-0.176966408,-0.088622261,-0.168077708,-0.139696072,0.206536552,0.126203136,0.584361624,-0.1241152,0.798976519,-0.210689868,-0.222847048,-0.282924878,0.149599814,-0.115045306,-0.16632463,1.396328497,-0.200900416,-0.032687173,-0.058334401,0.827438276,-0.117447798,2.651008976,-0.07889364,-0.068933689,-0.078361834,-0.106922282,-0.040060342,0.330828581,-0.091115427,-0.12217926,-0.124927466,-0.137818369,-0.198186505,-0.205558477,0.063915684,-0.085306426,-0.040277377,0.64251259,-0.225210697,-0.130138537,0.59028454,-0.209991459,-0.246123384,0.67756895,-0.240108803,-0.070981797,-0.343511689,-0.089972778,-0.095493748,4.198275638,-0.242721444,-0.101912448,-0.111478542,-0.180776007,-0.192549632,-0.052437057,-0.215399346,0.915703742,-0.275152965,-0.225693664,-0.091125796,-0.129401116,-0.230512847,-0.355505897,-0.159987625,-0.188668509,-0.047999271,0.320330081,-0.227692469,-0.120921906,-0.100681083,-0.144248806,-0.313568152,-0.151956182,-0.121293958,-0.238289203,-0.171091077
2020/11/21,-0.054024469,1.282934012,-0.068142653,-0.175859108,-0.11522706,-0.099767197,0.492298928,-0.344973664,-0.116496188,-0.06226948,-0.076409146,-0.002877469,0.443683534,-0.186399165,-0.204719826,-0.107419101,-0.107191453,-0.125253122,-0.064680709,-0.08624063,-0.2485904,-0.163895853,-0.074941644,-0.132459945,-0.06190118,0.876293946,-0.176611253,-0.272537745,-0.166203762,23.36884017,0.060702099,-0.176966408,-0.088622261,-0.168077708,-0.139696072,0.45223909,1.970265247,-0.247677772,-0.1241152,-0.138720218,-0.210689868,-0.222847048,-0.282924878,0.38992546,-0.115045306,-0.16632463,-0.127411287,-0.200900416,-0.051407857,-0.058334401,-0.227084085,-0.117447798,0.132889788,-0.07889364,-0.068933689,-6.46E-04,0.648629551,-0.040060342,0.619856958,-0.082002756,-0.12155996,-0.124927466,-0.137818369,-0.198186505,-0.27831091,-0.21150647,-0.085306426,-0.057124464,-0.104109844,0.956271539,-0.130138537,-0.160467164,-0.209991459,-0.246123384,-0.207041967,-0.233301212,-0.070981797,0.632447461,-0.089972778,-0.095493748,4.36752732,0.596218924,-0.101912448,-0.111478542,-0.180776007,-0.19168744,-0.052437057,-0.215399346,-0.186887135,-0.275152965,-0.225693664,-0.091125796,-0.129401116,-0.140530909,-0.355505897,-0.161492635,-0.188668509,-0.047999271,3.394958303,-0.205346678,-0.120921906,-0.100681083,-0.144248806,-0.310161212,-0.151956182,-0.121293958,0.300937637,0.531415301
2020/12/07,-0.054024469,-0.094913243,-0.068142653,-0.175859108,-0.11522706,-0.099767197,-0.025156056,-0.39243215,-0.116496188,26.07416917,-0.076409146,0.587149619,0.326374343,-0.186399165,-0.204719826,15.11050536,1.162834082,3.387739172,-0.064680709,-0.00646032,4.792031581,-0.219035474,-0.074941644,-0.132459945,-0.06190118,3.438291417,-0.176611253,-0.272537745,-0.166203762,0.904050157,-0.183536782,-0.13923185,-0.038974665,-0.168077708,-0.139696072,-0.094087729,0.231578114,-0.247677772,-0.1241152,-0.138720218,-0.210689868,0.201661497,-0.282924878,-0.331051476,-0.115045306,0.491906456,-0.145769598,-0.200900416,-0.051694398,-0.058334401,-0.306173263,-0.117447798,0.001895401,-0.07889364,-0.068933689,-0.079557463,-0.106922282,-0.040060342,-0.04490831,-0.091115427,-0.12217926,-0.124927466,-0.137818369,-0.198186505,-0.191007991,-0.0875665,-0.085306426,-0.072286843,-0.104109844,-0.225210697,-0.129615981,-0.160467164,-0.209991459,-0.246123384,0.854491133,-0.259313374,-0.070981797,0.437255631,-0.089972778,-0.095493748,0.203935936,-0.379049254,-0.101912448,-0.044862816,-0.180776007,0.058290901,-0.052437057,-0.215399346,-0.186887135,-0.252797806,-0.225693664,-0.091125796,-0.129401116,-0.086541747,-0.314661068,-0.161492635,0.186445153,-0.047999271,-0.131134316,0.541002713,-0.120921906,-0.100681083,0.984675115,-0.303697236,-0.151956182,-0.121293958,-0.238289203,-0.171091077
2020/12/21,-0.054024469,-0.094913243,-0.068142653,-0.175859108,-0.11522706,-0.099767197,-0.137038215,-0.110393147,-0.116496188,-0.06226948,-0.076409146,23.46993927,1.73408464,-0.186399165,-0.204719826,-0.107419101,-0.107191453,-0.006456281,-0.064680709,-0.08624063,-0.284208621,2.957006687,-0.074941644,-0.132459945,-0.06190118,-0.288250359,1.368662556,-0.272537745,-0.166203762,-0.056174466,-0.183536782,-0.171575757,-0.070004412,-0.027708489,-0.139696072,-0.059400312,0.231578114,-0.247677772,-0.1241152,-0.138720218,-0.210689868,0.201661497,-0.282924878,0.822511621,-0.115045306,14.36741776,-0.057649707,-0.200900416,-0.050930289,-0.058334401,0.010183446,-0.117447798,-0.064906518,-0.07889364,-0.059254071,0.135655741,-0.106922282,-0.040060342,0.070703041,0.043752112,-0.12217926,-0.124927466,-0.136549612,0.239928315,-0.249209937,-0.21150647,-0.085306426,-0.070265192,-0.104109844,-0.225210697,-0.130138537,-0.160467164,-0.209991459,0.317850352,0.854491133,-0.263612905,-0.070981797,1.21802295,-0.089972778,-0.095493748,3.453568236,1.445646047,-0.101912448,0.790301011,-0.180776007,1.984084036,-0.052437057,-0.215399346,1.136221918,0.718953023,-0.225693664,-0.091125796,-0.129401116,0.057429353,0.184462225,0.214841395,-0.188668509,-0.047999271,0.055678538,0.505249449,-0.06987035,-0.100681083,-0.144248806,-0.307564572,-0.151956182,-0.121293958,-0.238289203,-0.171091077