index,Achnanthes;spp.,Alexandrium;catenella,Asterionella;glacialis,Asterionellopsis;glacialis,Atecados;XXX,Cerataulina;pelagica,Ceratium;furca,Ceratium;fusus,Chaetoceros;convolutus,Chaetoceros;spp.,Ciliados;spp.,Cistos;XXX,Cocconeis;spp.,Corethron;hystrix,Corethron;spp.,Coscinodiscus;spp.,Cylindrotheca;closterium,Detonula;pumila,Dictyocha;speculum,Dinophysis;acuminata,Dinophysis;acuta,Diplopsalis;spp.,Ditylum;brightwellii,Ebria;XXX,Eucampia;spp.,Eucampia;zodiacus,Euglenophyta;XXX,Flagelado;XXX,Grammatophora;marina,Grammatophora;spp.,Guinardia;delicatula,Guinardia;spp.,Gymnodinium;spp.,Gyrodinium;spp.,Gyrosigma;spp.,Heterocapsa;spp.,Lauderia;spp.,Lepidodinium;aff chlorophorum,Leptocylindrus;danicus,Leptocylindrus;mediterraneus,Leptocylindrus;minimus,Lichmophora;spp.,Melosira;spp.,Mesodinium;rubrum,Nanoplancton;spp.,Navicula;spp.,Nitzschia;longissima,Nitzschia;spp.,Odontella;aurita,Oxitoxum;spp.,Paralia;spp.,Paralia;sulcata,Pennadas;XXX,Pleurosigma;spp.,Prorocentrum;micans,Protoperidinium;spp.,Pseudo-Nitzschia;seriata,Pseudo-Nitzschia;delicatissima,Pseudo-Nitzschia;spp.,Rhizosolenia;aff. setigera,Rhizosolenia;delicatula,Rhizosolenia;spp.,Scrippsiella;spp.,Skeletonema;costatum,Skeletonema;spp.,Stephanopyxis;spp.,Tecados;XXX,Thalassionema;nitzschioides,Thalassiosira;minima,Thalassiosira;spp.,Thalassiotrix;frauenfeldii,Thalassiotrix;spp.,Tintinidos;spp.
2004/01/07,-0.140098285,-0.132571897,-0.22249409,-0.149678939,-0.212327977,-0.121149509,-0.262390414,-0.239071875,-0.256067922,-0.399068217,-0.186630155,1.819033193,-0.20387063,-0.271169608,-0.212292225,-0.132937169,18.00724806,-0.247585212,-0.419577544,1.37395731,-0.220904883,-0.297053137,-0.148423141,-0.364467783,-0.068518126,-0.11319782,-0.272474999,-0.180479786,-0.192032669,-0.06835728,-0.244543887,-0.137134479,-0.102586227,-0.384276788,-0.23180336,-0.117327734,-0.10834958,-0.089738832,-0.001959653,-0.103047596,-0.162423846,-0.361257644,-0.263904128,-0.329645591,-0.094258482,-0.171129789,-0.205967822,6.043270183,-0.162218802,-0.24712035,-0.223403025,-0.312870297,-0.131843924,-0.305751998,-0.101309294,0.452216267,-0.218912688,-0.108146861,-0.308190294,2.857696106,0.164984077,-0.182054166,-0.226245073,-0.30740826,-0.115565556,-0.243419262,-0.172686035,-0.332323972,-0.110238168,0.603454369,-0.191507687,-0.083689314,-0.242438442
2004/01/21,-0.140098285,-0.132571897,-0.22249409,-0.149678939,1.522933582,-0.121149509,-0.262390414,-0.239071875,-0.256067922,-0.092296297,-0.186630155,-0.181952901,-0.20387063,-0.271169608,9.728461697,-0.132937169,2.602087902,-0.247585212,0.236913056,-0.302756803,-0.220904883,-0.297053137,-0.103272291,3.295524123,0.546206837,-0.11319782,-0.272474999,-0.180479786,-0.192032669,-0.06835728,-0.244543887,-0.137134479,-0.102586227,-0.384276788,-0.23180336,-0.117327734,18.05011913,-0.089738832,0.039982143,-0.103047596,-0.154853734,-0.361257644,0.308981855,2.277331861,-0.094258482,-0.12691109,-0.205967822,0.334971215,-0.162218802,-0.24712035,5.181503132,-0.312870297,-0.128165558,-0.305751998,-0.101309294,0.452216267,-0.218912688,-0.108146861,-0.308190294,1.076594377,-0.128377991,-0.182054166,-0.226245073,0.142814231,-0.115565556,-0.243419262,-0.172686035,-0.332323972,-0.110238168,0.825953103,9.803581008,-0.083689314,-0.242438442
2004/02/07,-0.140098285,-0.132571897,-0.22249409,-0.149678939,-0.597941656,-0.121149509,-0.262390414,-0.239071875,-0.256067922,-0.389290626,-0.186630155,5.821005381,-0.20387063,-0.271169608,-0.212292225,-0.132937169,-0.208312937,-0.247585212,-0.419577544,-0.302756803,-0.220904883,-0.297053137,-0.01297059,-0.364467783,-0.214515305,-0.11319782,2.142952971,-0.180479786,-0.192032669,-0.06835728,-0.244543887,-0.137134479,-0.102586227,-0.384276788,-0.23180336,1.033271174,-0.10834958,-0.089738832,-0.100431695,-0.103047596,-0.162423846,-0.361257644,-0.263904128,0.973843135,-0.094258482,-0.171129789,-0.205967822,-0.218580198,-0.162218802,-0.24712035,-0.223403025,-0.312870297,-0.135522289,-0.305751998,-0.101309294,-0.212868635,-0.218912688,-0.108146861,-0.308190294,-0.064012642,-0.128377991,-0.182054166,-0.226245073,-0.30740826,-0.115565556,-0.243419262,-0.172686035,-0.332323972,-0.110238168,-0.461452867,-0.191507687,-0.083689314,-0.242438442
2004/02/21,-0.140098285,-0.132571897,-0.22249409,-0.149678939,-0.597941656,-0.121149509,-0.262390414,-0.239071875,1.428164305,1.21423431,-0.186630155,-0.181952901,-0.20387063,2.237160788,-0.212292225,0.469124399,1.248931942,2.552827761,-0.419577544,-0.302756803,-0.220904883,-0.297053137,0.483688766,-0.364467783,0.03137468,-0.11319782,0.935238986,-0.180479786,-0.192032669,-0.06835728,-0.244543887,-0.137134479,-0.102586227,4.498064336,-0.23180336,-0.117327734,0.419683435,-0.089738832,-0.100431695,-0.103047596,-0.151068677,0.0206088,-0.263904128,-0.329645591,-0.094258482,-0.171129789,-0.205967822,1.694851855,-0.162218802,-0.24712035,-0.223403025,-0.312870297,-0.135522289,-0.305751998,-0.101309294,0.452216267,-0.218912688,-0.108146861,-0.308190294,0.03250026,1.521783642,-0.182054166,-0.226245073,-0.270221742,-0.115565556,-0.243419262,0.42510347,-0.332323972,-0.110238168,0.16617362,2.748224282,-0.083689314,-0.242438442
2004/03/07,-0.140098285,-0.132571897,-0.22249409,-0.149678939,-0.597941656,-0.121149509,-0.262390414,-0.239071875,-0.256067922,-0.07885211,-0.186630155,7.821991474,-0.20387063,-0.271169608,-0.212292225,-0.132937169,-0.208312937,-0.247585212,-0.419577544,-0.302756803,-0.220904883,-0.297053137,0.619141318,-0.364467783,-0.214515305,-0.11319782,13.01237884,-0.180479786,-0.192032669,-0.06835728,-0.244543887,-0.137134479,-0.102586227,-0.384276788,-0.23180336,-0.117327734,-0.10834958,-0.089738832,-0.100431695,-0.103047596,-0.162423846,-0.361257644,4.662915325,7.491286765,-0.094258482,-0.141650656,-0.205967822,3.280312695,-0.162218802,-0.24712035,-0.223403025,-0.312870297,-0.135522289,-0.305751998,-0.101309294,1.449843619,-0.218912688,-0.108146861,-0.308190294,-0.213168944,-0.128377991,2.077442649,-0.226245073,-0.30740826,-0.115565556,-0.243419262,-0.172686035,-0.332323972,-0.110238168,-0.232523533,-0.191507687,-0.083689314,-0.242438442
2004/03/21,-0.140098285,0.083022454,-0.182615644,-0.104793305,-0.048044308,-0.01499924,-0.040573029,0.092324343,-0.194823114,-0.20270978,-0.172918602,-0.114343825,-0.20387063,0.20128148,-0.111880569,-0.107440774,-0.108096185,-0.232138929,-0.190274756,-0.110733116,-0.003187564,-0.246487147,-0.066829104,0.10504633,0.336480376,-0.112407052,-0.141116497,-0.101145128,-0.162118872,-0.062351072,-0.228119642,-0.117180031,-0.053141658,-0.018629596,-0.106630733,-0.076234915,-0.083992502,-0.088443285,-0.082975051,-0.098354917,-0.158896541,-0.178077468,-0.181294465,0.387273208,0.021041877,-0.084694889,-0.166070145,0.84201635,-0.144223511,0.448138855,-0.136051007,0.01608959,-0.08750779,-0.244871879,0.072764143,-0.092699406,-0.216424422,-0.049043994,-0.13208216,-0.192278833,-0.041611715,1.311235215,1.053608041,0.538166185,-0.068369077,-0.231555438,-0.127586138,0.634414466,-0.105344676,-0.29272052,-0.073918408,-0.074542809,0.43750098
2004/04/07,-0.140098285,-0.132571897,-0.22249409,-0.149678939,-0.597941656,-0.121149509,-0.262390414,-0.239071875,-0.256067922,-0.37462424,-0.186630155,-0.181952901,-0.20387063,-0.271169608,-0.212292225,-0.132937169,-0.208312937,-0.247585212,-0.419577544,-0.302756803,-0.220904883,-0.297053137,-0.103272291,-0.364467783,-0.214515305,-0.11319782,8.785379889,-0.180479786,0.02921992,-0.06835728,-0.244543887,-0.137134479,-0.102586227,-0.384276788,-0.23180336,-0.117327734,-0.10834958,-0.089738832,-0.054842787,-0.103047596,-0.105648003,-0.361257644,-0.18751933,3.580820587,-0.094258482,1.184910294,-0.205967822,0.040597053,-0.162218802,-0.24712035,-0.223403025,-0.312870297,-0.135522289,-0.305751998,-0.101309294,-0.212868635,-0.218912688,-0.108146861,-0.308190294,-0.213168944,-0.128377991,-0.182054166,-0.226245073,-0.30740826,-0.115565556,-0.243419262,-0.172686035,-0.332323972,-0.110238168,-0.461452867,-0.191507687,-0.083689314,-0.242438442
2004/04/21,-0.140098285,-0.132571897,-0.22249409,-0.149678939,-0.597941656,-0.121149509,-0.262390414,-0.239071875,-0.256067922,-0.399068217,-0.186630155,-0.181952901,-0.20387063,-0.271169608,-0.212292225,-0.132937169,-0.208312937,-0.247585212,-0.419577544,-0.302756803,-0.220904883,-0.297053137,-0.103272291,-0.364467783,-0.214515305,-0.11319782,0.63331049,-0.180479786,-0.192032669,-0.06835728,-0.244543887,-0.137134479,-0.102586227,-0.384276788,-0.23180336,0.02649713,-0.10834958,-0.089738832,-0.100431695,-0.103047596,-0.157692526,-0.361257644,-0.263904128,-0.329645591,-0.094258482,1.140691596,-0.205967822,-0.17218427,-0.162218802,-0.24712035,-0.223403025,-0.312870297,-0.135522289,-0.305751998,-0.101309294,-0.046597409,-0.218912688,-0.108146861,-0.308190294,-0.164912494,-0.128377991,-0.182054166,-0.226245073,-0.30740826,-0.115565556,-0.243419262,-0.172686035,-0.332323972,-0.110238168,-0.460166747,-0.191507687,-0.083689314,-0.242438442
2004/05/07,-0.094169334,-0.132149872,1.033685407,-0.149678939,-0.338723572,-0.116876443,-0.185370489,-0.146782986,0.773185106,-0.29767324,-0.169462844,-0.126369954,0.367734858,-0.201493764,-0.120248207,0.01088865,-0.185037498,-0.126673661,-0.166099229,-0.209606019,-0.135859055,-0.297053137,0.006845617,-0.252634697,-0.214195136,-0.105935094,-0.238927388,-0.146993817,-0.050676848,-0.038326241,-0.167696992,-0.132053485,-0.084306233,-0.248656202,-0.101415207,-0.025439626,-0.10834958,0.215074709,-0.092592936,-0.063526441,-0.160794169,-0.318828039,-0.19070203,-0.02187742,-0.08951904,-0.146645732,-0.185982647,0.178096096,-0.157201867,0.363767923,-0.223403025,-0.263917933,-0.107896234,1.406501358,4.98E-04,-0.19808897,-0.215180289,-0.108146861,0.869312201,-0.210244311,-0.103931152,-0.035605298,-0.165867246,-0.196309847,-0.107618789,-0.128692165,-0.100453136,-0.110586872,-0.110238168,-0.401144563,-0.183341765,-0.083689314,0.051710283
2004/05/21,-0.105651572,-0.132571897,-0.213405109,0.027058247,0.093867647,-0.053848729,-0.169966504,-0.239071875,-0.087644699,-0.388472917,-0.136426591,-0.181952901,-0.032388984,-0.208461348,0.201905856,-0.012524855,-0.181547215,-0.245990774,-0.003800164,-0.302756803,-0.220904883,-0.297053137,-0.119935105,-0.364467783,-0.214131102,-0.092351834,0.09702797,-0.157656303,0.273914748,-0.06835728,-0.240089647,-0.137134479,0.877538364,-0.009963969,-0.097689831,-0.117327734,-0.10834958,0.042137109,-0.09998449,-0.103047596,-0.142031856,-0.361257644,-0.19133857,-0.101535064,-0.092227293,-0.121015264,-0.134021191,-0.213940605,-0.124290771,1.127378263,1.037741745,0.123505063,-0.113570331,0.216077596,-0.048951268,-0.186740299,-0.146130907,-0.054618067,-0.23993608,-0.209534043,-0.128377991,-0.140211632,0.063568498,-0.301510908,-0.107980006,-0.239116996,-0.157741297,-0.133005646,-0.110238168,-0.445691774,-0.191507687,-0.083689314,-0.242438442
2004/06/07,-0.140098285,-0.132571897,-0.22249409,-0.149678939,-0.597941656,-0.121149509,-0.262390414,-0.239071875,-0.256067922,-0.399068217,-0.186630155,-0.181952901,-0.20387063,-0.271169608,-0.212292225,-0.132937169,-0.208312937,-0.247585212,-0.419577544,-0.302756803,-0.220904883,-0.297053137,0.709443019,-0.364467783,-0.214515305,-0.11319782,-0.272474999,-0.180479786,-0.192032669,-0.06835728,-0.244543887,-0.137134479,-0.102586227,-0.384276788,-0.23180336,-0.117327734,-0.10834958,-0.089738832,-0.100431695,-0.103047596,-0.162423846,-0.361257644,0.652713445,-0.329645591,-0.094258482,-0.112171524,-0.205967822,-0.183383287,-0.162218802,-0.24712035,-0.223403025,-0.312870297,-0.135522289,-0.305751998,-0.101309294,-0.212868635,-0.218912688,-0.108146861,-0.308190294,-0.213168944,-0.128377991,-0.182054166,-0.226245073,-0.30740826,-0.115565556,-0.243419262,-0.172686035,-0.332323972,-0.110238168,-0.461452867,-0.191507687,-0.083689314,-0.242438442
2004/06/21,-0.140098285,-0.132571897,-0.22249409,-0.149678939,-0.597941656,-0.121149509,-0.262390414,-0.239071875,-0.256067922,-0.399068217,-0.186630155,-0.181952901,-0.20387063,-0.271169608,-0.212292225,-0.132937169,-0.208312937,-0.247585212,-0.419577544,-0.302756803,-0.220904883,-0.297053137,-0.148423141,-0.364467783,-0.214515305,-0.11319782,-0.272474999,-0.180479786,-0.192032669,-0.06835728,-0.244543887,-0.137134479,-0.102586227,-0.384276788,-0.23180336,-0.117327734,-0.10834958,-0.089738832,-0.100431695,-0.103047596,-0.162423846,-0.361257644,-0.263904128,-0.329645591,-0.094258482,-0.171129789,-0.205967822,-0.21218076,-0.162218802,-0.24712035,-0.223403025,-0.312870297,-0.135522289,-0.305751998,-0.101309294,-0.212868635,-0.218912688,-0.108146861,-0.308190294,-0.213168944,-0.128377991,-0.182054166,-0.226245073,-0.30740826,-0.115565556,-0.243419262,-0.172686035,-0.332323972,-0.110238168,-0.458880627,-0.191507687,-0.083689314,-0.242438442
2004/07/07,-0.049197236,-0.132571897,-0.22249409,-0.149678939,-0.451328122,-0.121149509,-0.262390414,-0.239071875,-0.256067922,-0.397362231,-0.160121807,-0.09857848,-0.20387063,-0.271169608,-0.005193184,-0.01377915,-0.180122188,-0.247585212,-0.289647113,-0.302756803,-0.220904883,-0.297053137,-0.143249606,-0.364467783,-0.214515305,-0.11319782,-0.108930397,-0.174428105,-0.159766666,-0.06835728,-0.244543887,-0.137134479,-0.102586227,-0.384276788,0.061569984,-0.117327734,-0.10834958,-0.089738832,-0.097886315,-0.103047596,-0.161881716,-0.349324317,-0.263904128,-0.329645591,-0.094173849,-0.103880518,-0.205967822,-0.209914292,-0.159961181,-0.24712035,0.11440361,0.403058029,-0.131326653,-0.020376439,-0.084947411,-0.212868635,-0.218912688,-0.108146861,-0.304652545,-0.209695942,-0.1260861,-0.182054166,-0.226245073,-0.076445118,-0.107799397,-0.229078375,-0.091735373,-0.301350666,-0.110238168,-0.444545749,-0.142512154,-0.039147739,-0.242438442
2004/07/21,-0.140098285,-0.132571897,-0.22249409,-0.149678939,-0.597941656,-0.121149509,-0.262390414,-0.239071875,-0.256067922,-0.399068217,-0.186630155,-0.181952901,-0.20387063,-0.271169608,-0.212292225,-0.132937169,-0.208312937,-0.247585212,-0.419577544,-0.302756803,-0.220904883,-0.297053137,-0.148423141,-0.364467783,-0.214515305,-0.11319782,2.142952971,-0.180479786,-0.192032669,-0.06835728,-0.244543887,-0.137134479,-0.102586227,-0.384276788,-0.23180336,-0.117327734,-0.10834958,-0.089738832,-0.100431695,-0.103047596,-0.160531318,-0.361257644,-0.263904128,0.973843135,-0.094258482,-0.171129789,-0.205967822,-0.164184972,-0.162218802,-0.24712035,-0.223403025,-0.312870297,-0.135522289,-0.305751998,-0.101309294,-0.212868635,-0.218912688,-0.108146861,-0.308190294,-0.213168944,-0.128377991,-0.182054166,-0.226245073,-0.30740826,-0.115565556,-0.243419262,-0.172686035,-0.332323972,-0.110238168,-0.461452867,-0.191507687,-0.083689314,-0.242438442
2004/08/07,-0.105651572,-0.132571897,-0.22249409,-0.149678939,-0.26213641,-0.121149509,-0.262390414,-0.239071875,-0.087644699,-0.389657286,-0.177541579,-0.181952901,-0.20387063,-0.229364102,-0.212292225,-0.132937169,-0.171881816,-0.247585212,-0.156981304,-0.260838951,-0.220904883,-0.297053137,-0.143908056,-0.272967985,-0.214515305,-0.11319782,-0.091317901,-0.120568143,-0.062968658,-0.06835728,-0.244543887,-0.137134479,-0.101107396,-0.335453377,0.002895315,-0.107739409,-0.10834958,-0.089738832,-0.100431695,-0.103047596,-0.161871859,-0.323070999,-0.134049972,-0.155847094,-0.094123069,-0.166707919,1.017124902,-0.205781321,-0.138739545,-0.141389687,-0.223403025,0.568272258,-0.129621578,-0.305751998,-0.101309294,-0.204555073,-0.218912688,-0.108146861,-0.305936617,-0.213168944,-0.128377991,-0.182054166,-0.226245073,-0.260836573,-0.115565556,-0.170280738,-0.172686035,-0.213195874,-0.110238168,-0.436973719,-0.191507687,-0.055392314,-0.007119462
2004/08/21,-0.140098285,-0.132571897,-0.22249409,-0.149678939,-0.597941656,-0.121149509,-0.262390414,-0.239071875,-0.256067922,-0.399068217,-0.186630155,-0.181952901,-0.20387063,-0.271169608,-0.212292225,-0.132937169,-0.208312937,-0.247585212,-0.419577544,-0.302756803,-0.220904883,-0.297053137,-0.148423141,-0.364467783,-0.214515305,-0.11319782,-0.272474999,-0.180479786,-0.192032669,-0.06835728,-0.244543887,-0.137134479,-0.102586227,-0.384276788,-0.23180336,-0.117327734,-0.10834958,-0.089738832,-0.100431695,-0.103047596,-0.162423846,-0.361257644,-0.263904128,-0.329645591,-0.094258482,-0.112171524,-0.205967822,-0.17378413,-0.162218802,-0.24712035,-0.223403025,-0.312870297,-0.135522289,-0.305751998,-0.101309294,-0.212868635,-0.218912688,-0.108146861,-0.308190294,-0.195621144,-0.128377991,-0.182054166,-0.226245073,-0.30740826,-0.115565556,-0.243419262,-0.172686035,-0.332323972,-0.110238168,-0.461452867,-0.191507687,-0.083689314,-0.242438442
2004/09/07,0.096107748,-0.132571897,0.007281717,-0.149678939,-0.175143801,-0.109612232,-0.077542593,-0.239071875,-0.129750505,-0.324775985,-0.140321695,-0.181952901,1.339464188,-0.009885192,-0.070281454,-0.11860237,-0.144372601,-0.246964002,-0.196839662,-0.260838951,-0.220904883,-0.297053137,-0.122461402,-0.220682386,-0.214515305,-0.11319782,-0.138763808,-0.158953092,-1.70E-05,-0.066555418,-0.243126629,-0.137134479,-0.102462991,-6.64E-04,-0.23180336,-0.107739409,-0.10834958,-0.089594883,-0.10024934,-0.103047596,-0.150303781,-0.090768912,-0.213708404,-0.264471155,-0.091821055,-0.162601897,-0.144299281,-0.10549679,-0.149576125,-0.126285307,0.767496437,-0.262519294,-0.123147217,-0.191601774,-0.101309294,-0.171300828,-0.217313089,-0.097116686,-0.298913531,-0.211905085,-0.128377991,-0.182054166,-0.184843135,0.01011433,-0.101323298,0.609863522,-0.062735465,-0.159962633,-0.083498727,0.355401658,0.499329326,-0.018711017,-0.242438442
2004/09/21,-0.140098285,-0.132571897,-0.22249409,-0.149678939,-0.597941656,-0.121149509,-0.262390414,-0.239071875,-0.256067922,-0.347735864,-0.186630155,-0.181952901,-0.20387063,-0.271169608,-0.212292225,-0.132937169,-0.208312937,-0.247585212,-0.419577544,-0.302756803,-0.220904883,-0.297053137,-0.148423141,-0.364467783,-0.214515305,-0.11319782,-0.272474999,-0.180479786,-0.192032669,-0.06835728,-0.244543887,-0.137134479,-0.102586227,-0.384276788,-0.23180336,-0.117327734,-0.10834958,-0.089738832,-0.100431695,-0.103047596,-0.162423846,-0.361257644,-0.263904128,4.884309313,-0.094258482,-0.023734127,-0.205967822,-0.180183568,-0.162218802,-0.24712035,-0.223403025,-0.312870297,-0.135522289,-0.305751998,-0.101309294,-0.212868635,-0.218912688,-0.108146861,-0.308190294,-0.213168944,-0.128377991,-0.182054166,-0.226245073,-0.29678354,-0.115565556,-0.243419262,-0.172686035,-0.332323972,-0.110238168,-0.461452867,-0.191507687,-0.083689314,-0.242438442
2004/10/07,-0.140098285,-0.132571897,-0.22249409,-0.149678939,-0.019521137,-0.121149509,-0.262390414,-0.239071875,-0.256067922,-0.35262466,-0.186630155,-0.181952901,-0.20387063,-0.271169608,-0.212292225,-0.132937169,-0.104224018,0.813440822,0.565158356,-0.302756803,-0.220904883,-0.297053137,-0.148423141,-0.364467783,-0.214515305,-0.11319782,1.539095979,-0.180479786,-0.192032669,-0.06835728,-0.244543887,-0.137134479,-0.102586227,-0.384276788,-0.23180336,0.314146857,-0.005676494,-0.089738832,-0.100431695,-0.103047596,-0.162423846,-0.361257644,0.347174254,-0.329645591,-0.094258482,-0.171129789,-0.205967822,-0.148186377,-0.162218802,-0.24712035,-0.223403025,-0.312870297,-0.125406785,-0.305751998,-0.101309294,-0.212868635,-0.218912688,-0.108146861,-0.308190294,-0.200008094,-0.128377991,0.571111439,-0.226245073,0.259686146,-0.115565556,0.789124611,-0.172686035,-0.332323972,-0.110238168,-0.238954133,-0.191507687,-0.083689314,-0.242438442
2004/10/21,-0.140098285,-0.132571897,-0.22249409,-0.149678939,3.836615659,-0.121149509,-0.262390414,-0.239071875,-0.256067922,0.045812176,-0.186630155,-0.181952901,-0.20387063,-0.271169608,3.101292416,0.168093615,1.248931942,2.361495198,0.236913056,1.37395731,-0.220904883,-0.297053137,-0.148423141,3.295524123,-0.214515305,-0.11319782,-0.272474999,-0.180479786,-0.192032669,0.003717213,-0.244543887,-0.137134479,-0.092727354,-0.384276788,-0.23180336,-0.117327734,1.79843631,-0.089738832,0.670932639,-0.103047596,-0.131197132,-0.361257644,-0.263904128,-0.329645591,-0.094258482,-0.171129789,-0.205967822,-0.05859424,-0.162218802,-0.24712035,-0.223403025,-0.312870297,-0.027010518,-0.305751998,-0.101309294,-0.212868635,-0.218912688,-0.108146861,-0.308190294,-0.178073344,-0.128377991,0.822166641,-0.226245073,-0.230379043,-0.115565556,-0.243419262,-0.172686035,-0.332323972,-0.110238168,-0.101339309,0.690411904,-0.083689314,-0.242438442
2004/11/07,-0.140098285,-0.132571897,-0.22249409,-0.149678939,-0.405134817,-0.121149509,5.283044227,-0.239071875,-0.256067922,3.159974933,-0.186630155,-0.181952901,-0.20387063,-0.271169608,-0.212292225,0.469124399,-0.208312937,0.100292176,-0.419577544,4.727385535,-0.220904883,-0.297053137,1.273828651,-0.364467783,-0.214515305,-0.11319782,-0.272474999,-0.180479786,-0.192032669,-0.06835728,-0.244543887,-0.137134479,-0.102586227,-0.384276788,-0.23180336,-0.117327734,0.140999344,-0.089738832,-0.100431695,-0.103047596,-0.162423846,3.266473576,-0.263904128,-0.329645591,-0.094258482,-0.171129789,-0.205967822,-0.157785534,0.235122479,-0.24712035,-0.223403025,-0.312870297,-0.126326376,-0.305751998,-0.101309294,-0.212868635,-0.218912688,0.315217241,-0.308190294,-0.208781994,-0.128377991,-0.182054166,7.019094212,0.179336704,-0.115565556,0.272852674,-0.172686035,-0.332323972,-0.110238168,0.752644271,1.866304692,-0.083689314,-0.242438442
2004/11/21,0.889013041,-0.122521215,-0.045400026,0.384694405,0.479481327,-0.057053528,-0.177076035,-0.102768285,-0.126511597,0.283918008,0.350838732,0.212380623,-0.098343463,0.06924666,-0.212292225,-0.104818909,-0.066439358,-0.17757648,0.963621698,-0.019926456,0.128997952,0.994185519,0.056740339,0.727496835,-0.182354831,-0.11319782,0.538750466,0.131135239,-0.104342082,-0.024003746,0.631602088,0.884781803,-0.101672566,0.134360181,-0.23180336,-0.112586255,-0.098227336,-0.089738832,-0.089462303,-0.100441805,0.442870252,0.531722349,-0.011946214,0.080977231,-0.092930397,0.288096781,0.200412049,-0.209325626,0.438159507,-0.182055327,-0.223403025,-0.312870297,-0.096594946,-0.180312192,-0.101309294,0.159749445,1.133118108,0.022161796,0.63302304,0.287462406,-0.105529599,0.144961328,-0.106816404,0.147561058,-0.076554154,0.796815109,-0.062105925,-0.22675815,-0.089911353,-0.089768941,-0.182462358,-0.059503844,0.994925646
2004/12/07,-0.140098285,-0.132571897,-0.22249409,-0.149678939,-0.405134817,-0.121149509,1.586087799,-0.239071875,-0.256067922,0.850019042,-0.186630155,-0.181952901,-0.20387063,-0.271169608,-0.212292225,-0.132937169,-0.208312937,-0.143221995,-0.419577544,0.256147901,-0.220904883,-0.297053137,-0.133372858,-0.364467783,-0.214515305,-0.11319782,-0.272474999,-0.180479786,-0.192032669,-0.06835728,-0.244543887,-0.137134479,-0.102586227,-0.384276788,-0.23180336,0.745621447,-0.098571191,-0.089738832,-0.079156871,-0.103047596,-0.149176149,-0.361257644,10.04804357,0.104850651,-0.094258482,-0.171129789,-0.205967822,0.249645371,-0.162218802,-0.24712035,2.178777489,-0.312870297,-0.133070045,-0.305751998,-0.101309294,-0.102021151,-0.218912688,-0.108146861,-0.308190294,-0.204395044,-0.128377991,-0.182054166,-0.226245073,-0.093143082,-0.115565556,-0.243419262,-0.172686035,-0.332323972,-0.110238168,-0.440874949,-0.191507687,-0.083689314,-0.242438442
2004/12/21,-0.140098285,-0.132571897,0.145848806,-0.149678939,-0.597941656,-0.121149509,-0.262390414,-0.239071875,-0.256067922,-0.144850849,-0.186630155,-0.181952901,-0.20387063,-0.271169608,-0.212292225,-0.132937169,-0.208312937,-0.247585212,-0.419577544,-0.302756803,-0.220904883,-0.297053137,-0.148423141,-0.364467783,-0.214515305,-0.11319782,-0.272474999,-0.180479786,-0.192032669,-0.06835728,-0.244543887,-0.137134479,-0.08286848,-0.384276788,-0.23180336,-0.117327734,-0.10834958,-0.089738832,-0.084019688,-0.103047596,-0.154853734,-0.361257644,7.756499633,3.580820587,-0.094258482,-0.082692392,-0.205967822,-0.064993679,-0.162218802,-0.24712035,-0.223403025,-0.312870297,-0.135522289,-0.305751998,-0.101309294,0.119673816,-0.218912688,-0.108146861,-0.308190294,-0.204395044,-0.091707733,-0.182054166,-0.226245073,-0.291471181,-0.115565556,-0.243419262,-0.172686035,-0.332323972,-0.110238168,-0.422869271,-0.191507687,0.042075132,-0.242438442
2005/01/07,-0.140098285,0.26016154,0.211783779,-0.149678939,0.141504356,0.017854247,1.342332431,0.839998218,0.089415612,1.611169587,0.216385507,1.274808953,0.04738453,-0.17010135,-0.212292225,-0.10525998,1.754354185,0.123625765,-0.078106243,0.485237412,0.564133529,-0.117502199,-0.120307227,-0.324248091,0.431524322,-0.092542085,0.046485361,0.866687149,-0.16147874,-0.06835728,0.291252436,0.044776267,-0.101562421,-0.175033597,0.49034641,-0.092250578,-0.003742307,-0.089738832,0.314860885,-0.051626665,-0.082008212,0.039562245,-0.070591832,-0.183062793,-0.089654453,0.273702758,0.068114581,0.280092516,-0.160631025,-0.24712035,-0.084815688,-0.312870297,-0.060472862,0.162556612,-0.101309294,0.227293323,0.632648511,1.503406748,-0.174686,0.281367277,0.011146969,-0.113818649,-0.189089487,0.045468643,-0.085556785,0.051120496,0.030847058,-0.141719015,-0.106473943,0.148600889,-0.131205493,1.572669897,-0.164860756
2005/01/21,-0.140098285,-0.132571897,-0.22249409,-0.149678939,0.687437276,-0.121149509,-0.262390414,0.499239241,-0.256067922,0.268252373,-0.186630155,1.152037829,-0.20387063,-0.271169608,3.101292416,-0.132937169,1.699983929,-0.247585212,-0.419577544,0.256147901,-0.220904883,-0.297053137,-0.01297059,0.855529519,-0.078763542,-0.11319782,-0.272474999,-0.180479786,-0.192032669,-0.06835728,-0.244543887,0.838416339,-0.102586227,-0.384276788,-0.23180336,17.14165587,-0.10834958,-0.089738832,0.262456017,-0.103047596,-0.078837187,-0.361257644,3.046103774,7.056790523,-0.094258482,0.074529647,-0.205967822,0.282709136,-0.162218802,-0.24712035,-0.223403025,-0.312870297,-0.12939168,-0.305751998,-0.101309294,0.119673816,-0.218912688,-0.108146861,-0.308190294,-0.213168944,-0.061149184,1.659017313,4.120958498,-0.147152073,-0.115565556,1.305396548,0.026577133,-0.332323972,-0.110238168,-0.044750035,0.396438707,-0.083689314,-0.242438442
2005/02/07,-0.140098285,-0.132571897,-0.22249409,-0.149678939,-0.019521137,-0.121149509,1.586087799,-0.239071875,-0.256067922,-0.152998842,-0.186630155,-0.181952901,-0.20387063,-0.271169608,1.996764202,0.469124399,-0.069527711,-0.247585212,0.018082856,1.932862014,-0.220904883,-0.297053137,1.221152659,-0.364467783,-0.214515305,-0.11319782,-0.272474999,-0.180479786,1.135482866,-0.044332449,-0.244543887,-0.137134479,-0.100943081,-0.384276788,-0.23180336,8.991580281,-0.10834958,-0.089738832,0.044237108,-0.103047596,-0.161477582,2.057229836,9.055041195,-0.329645591,-0.094258482,0.831160707,-0.205967822,0.6442774,-0.162218802,-0.24712035,-0.223403025,-0.312870297,-0.130004741,-0.305751998,-0.101309294,0.784758718,-0.218912688,-0.108146861,-0.308190294,-0.125429943,-0.067260894,0.320056237,0.256777546,1.115418766,-0.115565556,-0.071328617,0.225840302,-0.332323972,-0.110238168,0.427684656,3.92411707,0.251682541,-0.242438442
2005/02/21,-0.140098285,-0.128773674,-0.22249409,-0.149678939,0.317890833,-0.121149509,-0.262390414,0.314661462,-0.256067922,0.084311441,-0.186630155,0.318293623,-0.20387063,-0.271169608,-0.212292225,-0.132937169,-0.208312937,0.198132692,-0.419577544,0.116421725,2.840744927,-0.297053137,3.587809741,-0.364467783,-0.214515305,-0.11319782,-0.272474999,-0.180479786,-0.192032669,-0.06835728,-0.244543887,-0.137134479,-0.087797917,0.103957324,-0.23180336,-0.117327734,-0.10834958,-0.089738832,-0.069887127,-0.103047596,-0.162423846,-0.170324422,1.359272824,0.322098772,-0.094258482,-0.149020439,-0.205967822,1.001312729,-0.162218802,-0.24712035,-0.223403025,-0.312870297,-0.13322331,-0.305751998,-0.101309294,0.369080654,-0.218912688,-0.108146861,-0.308190294,-0.200008094,-0.128377991,4.336939464,0.860555819,-0.204149267,-0.115565556,4.446050829,1.022892975,-0.332323972,-0.110238168,4.425802562,0.763905203,1.126793476,-0.242438442
2005/03/07,-0.140098285,-0.132571897,-0.22249409,-0.149678939,-0.14805903,-0.121149509,-0.262390414,-0.239071875,-0.256067922,-0.247108156,-0.186630155,-0.181952901,-0.20387063,-0.271169608,-0.212292225,-0.132937169,-0.208312937,0.051009546,-0.419577544,-0.302756803,1.82019499,-0.297053137,0.506264192,-0.364467783,-0.214515305,-0.11319782,0.130096329,-0.180479786,-0.192032669,-0.06835728,-0.244543887,-0.137134479,-0.094370499,-0.384276788,-0.23180336,-0.117327734,-0.10834958,-0.089738832,-0.092529618,-0.103047596,-0.162423846,-0.361257644,-0.263904128,2.711828103,-0.094258482,-0.171129789,-0.205967822,4.58099853,-0.162218802,-0.24712035,-0.223403025,-0.312870297,-0.127552498,-0.305751998,-0.101309294,-0.212868635,-0.218912688,-0.108146861,-0.308190294,-0.207319678,-0.128377991,0.487426372,1.705845403,-0.30740826,-0.115565556,-0.243419262,0.325471886,-0.332323972,-0.110238168,0.236481505,-0.191507687,-0.083689314,-0.242438442
2005/03/21,-0.140098285,-0.132571897,-0.22249409,-0.149678939,-0.34086587,-0.121149509,-0.262390414,-0.239071875,-0.256067922,-0.399068217,-0.186630155,-0.181952901,-0.20387063,-0.271169608,-0.212292225,-0.132937169,-0.208312937,-0.247585212,-0.419577544,-0.302756803,1.82019499,-0.297053137,-0.133372858,-0.364467783,-0.214515305,-0.11319782,0.130096329,-0.180479786,-0.192032669,-0.06835728,-0.244543887,-0.137134479,-0.102586227,-0.384276788,-0.23180336,0.170321993,-0.10834958,-0.089738832,-0.086451097,-0.103047596,-0.162423846,-0.361257644,-0.263904128,10.09826422,-0.094258482,-0.171129789,-0.205967822,14.29961217,-0.162218802,-0.24712035,-0.223403025,-0.312870297,-0.123261072,-0.305751998,-0.101309294,-0.102021151,-0.218912688,-0.108146861,-0.308190294,-0.201470411,-0.128377991,1.324277044,-0.226245073,-0.30740826,-0.115565556,-0.243419262,-0.172686035,-0.332323972,-0.110238168,-0.453736147,-0.191507687,0.042075132,-0.242438442
2005/04/07,-0.140098285,-0.132571897,-0.22249409,-0.149678939,0.655302802,-0.121149509,-0.262390414,-0.239071875,-0.256067922,-0.188850009,-0.186630155,-0.181952901,-0.20387063,-0.271169608,-0.212292225,-0.132937169,-1.35E-04,-0.247585212,-0.419577544,-0.302756803,-0.220904883,-0.297053137,0.009604836,-0.364467783,-0.214515305,-0.11319782,-0.272474999,-0.180479786,-0.192032669,-0.06835728,-0.244543887,-0.137134479,-0.100121509,-0.384276788,-0.23180336,-0.117327734,0.170334511,0.542560332,0.21139644,-0.103047596,-0.140186641,-0.361257644,-0.263904128,-0.329645591,-0.094258482,-0.171129789,-0.205967822,0.16858582,-0.162218802,-0.24712035,5.181503132,-0.312870297,-0.120808828,1.977252477,-0.101309294,0.285945041,-0.218912688,-0.108146861,-0.308190294,-0.213168944,0.137481383,-0.182054166,2.671890641,-0.253620617,-0.115565556,-0.243419262,1.471235104,-0.332323972,-0.110238168,0.585448691,4.365076865,-0.083689314,-0.242438442
2005/04/21,-0.140098285,-0.132571897,-0.22249409,-0.149678939,-0.597941656,-0.121149509,-0.262390414,-0.239071875,-0.256067922,-0.380735234,-0.186630155,-0.181952901,-0.20387063,-0.271169608,-0.212292225,-0.132937169,-0.208312937,-0.247585212,-0.419577544,-0.302756803,-0.220904883,-0.297053137,-0.05812144,-0.364467783,-0.214515305,-0.11319782,0.331381994,-0.180479786,-0.192032669,-0.06835728,-0.244543887,-0.137134479,-0.102586227,-0.384276788,-0.23180336,-0.117327734,-0.10834958,-0.089738832,-0.045725005,-0.103047596,-0.162423846,-0.361257644,-0.263904128,0.973843135,-0.094258482,-0.171129789,-0.205967822,7.420749278,-0.162218802,-0.24712035,-0.223403025,-0.312870297,-0.135522289,-0.305751998,-0.101309294,-0.212868635,-0.218912688,-0.108146861,-0.308190294,-0.213168944,-0.128377991,-0.182054166,-0.226245073,-0.30740826,-0.115565556,-0.243419262,-0.172686035,-0.332323972,-0.110238168,-0.449877788,-0.191507687,-0.083689314,-0.242438442
2005/05/07,-0.140098285,-0.132571897,-0.22249409,-0.149678939,-0.597941656,-0.121149509,-0.262390414,0.8683948,-0.256067922,-0.399068217,-0.186630155,-0.181952901,-0.20387063,-0.271169608,-0.212292225,-0.132937169,-0.208312937,-0.247585212,-0.419577544,-0.302756803,-0.220904883,-0.297053137,0.009604836,-0.364467783,-0.214515305,-0.11319782,-0.272474999,-0.180479786,-0.192032669,-0.06835728,-0.244543887,-0.137134479,-0.102586227,-0.384276788,-0.23180336,-0.117327734,-0.10834958,-0.089738832,-0.094961026,-0.103047596,-0.162423846,-0.361257644,-0.263904128,2.929076224,-0.094258482,-0.171129789,-0.205967822,3.853062423,-0.162218802,-0.24712035,-0.223403025,-0.312870297,-0.135522289,-0.305751998,-0.101309294,-0.212868635,-0.218912688,-0.108146861,-0.308190294,-0.213168944,-0.128377991,-0.182054166,-0.226245073,-0.30740826,-0.115565556,-0.243419262,-0.172686035,-0.332323972,-0.110238168,-0.457594507,-0.191507687,-0.083689314,-0.242438442
2005/05/21,-0.140098285,-0.132571897,-0.22249409,-0.149678939,-0.597941656,-0.121149509,-0.262390414,-0.239071875,-0.256067922,-0.399068217,-0.186630155,-0.181952901,-0.20387063,-0.271169608,-0.212292225,-0.132937169,-0.208312937,-0.247585212,-0.419577544,-0.302756803,-0.220904883,-0.297053137,-0.148423141,-0.364467783,-0.214515305,-0.11319782,-0.272474999,-0.180479786,-0.192032669,-0.06835728,-0.244543887,-0.137134479,-0.102586227,-0.384276788,-0.23180336,-0.117327734,-0.10834958,-0.089738832,-0.096784583,-0.103047596,-0.162423846,-0.361257644,-0.263904128,1.625587498,-0.094258482,-0.171129789,-0.205967822,-0.17218427,-0.162218802,-0.24712035,-0.223403025,-0.312870297,-0.135522289,-0.305751998,-0.101309294,-0.212868635,-0.218912688,-0.108146861,-0.308190294,-0.213168944,-0.128377991,-0.182054166,-0.226245073,-0.30740826,-0.115565556,-0.243419262,-0.172686035,-0.332323972,-0.110238168,-0.461452867,-0.191507687,-0.083689314,-0.242438442
2005/06/07,-0.140098285,-0.132571897,-0.22249409,-0.149678939,-0.597941656,-0.121149509,-0.262390414,-0.239071875,-0.256067922,-0.399068217,-0.186630155,-0.181952901,-0.20387063,-0.271169608,-0.212292225,-0.132937169,-0.208312937,-0.247585212,-0.419577544,-0.302756803,-0.220904883,-0.297053137,-0.148423141,-0.364467783,-0.214515305,-0.11319782,-0.272474999,-0.180479786,-0.192032669,-0.06835728,-0.244543887,-0.137134479,-0.102586227,-0.384276788,-0.23180336,-0.117327734,-0.10834958,-0.089738832,-0.100431695,-0.103047596,-0.162423846,-0.361257644,-0.263904128,1.625587498,-0.094258482,-0.171129789,-0.205967822,-0.018597751,-0.162218802,-0.24712035,-0.223403025,-0.312870297,-0.135522289,-0.305751998,-0.101309294,-0.212868635,-0.218912688,-0.108146861,-0.308190294,-0.213168944,-0.128377991,-0.182054166,-0.226245073,-0.30740826,-0.115565556,-0.243419262,-0.172686035,-0.332323972,-0.110238168,-0.461452867,-0.191507687,-0.083689314,-0.242438442
2005/06/21,-0.140098285,-0.132571897,-0.22249409,-0.149678939,-0.597941656,-0.121149509,-0.262390414,-0.239071875,-0.256067922,-0.399068217,-0.186630155,-0.181952901,-0.20387063,-0.271169608,-0.212292225,-0.057679473,-0.208312937,-0.247585212,-0.419577544,-0.302756803,-0.220904883,-0.297053137,-0.148423141,-0.364467783,-0.214515305,-0.11319782,-0.272474999,-0.180479786,-0.192032669,-0.06835728,-0.244543887,-0.137134479,-0.101353868,-0.384276788,-0.23180336,-0.117327734,-0.10834958,-0.089738832,-0.094049248,-0.103047596,-0.160767884,-0.361257644,-0.263904128,0.973843135,-0.094258482,-0.163760006,-0.205967822,-0.197782023,-0.162218802,-0.24712035,-0.223403025,-0.312870297,-0.135522289,-0.305751998,-0.101309294,-0.212868635,-0.218912688,-0.108146861,-0.308190294,-0.213168944,-0.128377991,-0.182054166,-0.226245073,-0.30740826,-0.115565556,-0.243419262,-0.172686035,-0.332323972,-0.110238168,-0.461452867,-0.191507687,-0.083689314,-0.242438442
2005/07/07,-0.140098285,-0.132571897,-0.22249409,-0.149678939,-0.597941656,-0.121149509,-0.262390414,-0.239071875,-0.256067922,-0.399068217,-0.186630155,-0.181952901,-0.20387063,-0.271169608,-0.212292225,-0.132937169,-0.208312937,-0.247585212,-0.419577544,-0.302756803,-0.220904883,-0.297053137,-0.148423141,-0.364467783,-0.214515305,-0.11319782,-0.272474999,-0.180479786,-0.192032669,-0.06835728,-0.244543887,-0.137134479,-0.102586227,-0.384276788,-0.23180336,-0.117327734,-0.10834958,-0.089738832,-0.08310791,-0.103047596,-0.162423846,-0.361257644,-0.263904128,-0.329645591,-0.094258482,-0.171129789,-0.205967822,-0.218580198,-0.162218802,-0.24712035,-0.223403025,-0.312870297,-0.135522289,-0.305751998,-0.101309294,-0.212868635,-0.218912688,-0.108146861,-0.308190294,-0.213168944,-0.128377991,-0.182054166,-0.226245073,-0.293463316,-0.115565556,-0.243419262,-0.172686035,-0.332323972,-0.110238168,-0.456308387,-0.191507687,-0.083689314,-0.242438442
2005/07/21,-0.140098285,-0.132571897,-0.22249409,-0.149678939,-0.597941656,-0.121149509,-0.262390414,-0.239071875,4.235218018,-0.382772232,-0.186630155,-0.181952901,-0.20387063,-0.271169608,-0.212292225,-0.132937169,-0.208312937,-0.247585212,-0.419577544,-0.302756803,-0.220904883,-0.297053137,-0.148423141,-0.364467783,-0.214515305,-0.11319782,-0.272474999,-0.180479786,-0.192032669,-0.06835728,-0.244543887,-0.137134479,-0.102586227,-0.384276788,-0.23180336,-0.117327734,-0.10834958,-0.089738832,-0.100431695,-0.103047596,-0.156115419,-0.233968829,0.14348146,-0.329645591,-0.094258482,-0.171129789,-0.205967822,2.053753687,-0.162218802,-0.24712035,-0.223403025,-0.312870297,-0.135522289,-0.305751998,-0.101309294,-0.212868635,-0.218912688,-0.108146861,-0.308190294,-0.210244311,-0.128377991,-0.182054166,-0.226245073,1.491710916,-0.115565556,0.559670417,-0.172686035,-0.332323972,-0.110238168,1.073316821,-0.191507687,-0.083689314,-0.242438442
2005/08/07,-0.140098285,-0.132571897,-0.22249409,-0.149678939,-0.597941656,-0.121149509,-0.262390414,-0.239071875,1.428164305,-0.335513875,-0.186630155,-0.181952901,-0.20387063,-0.271169608,-0.212292225,-0.132937169,-0.208312937,-0.247585212,-0.419577544,-0.302756803,-0.220904883,-0.297053137,-0.148423141,-0.364467783,-0.214515305,-0.11319782,-0.272474999,-0.180479786,-0.192032669,-0.06835728,-0.244543887,-0.137134479,-0.09765679,-0.384276788,-0.23180336,-0.117327734,-0.10834958,-0.089738832,-0.100431695,-0.103047596,-0.162423846,-0.361257644,-0.072942133,0.322098772,-0.094258482,-0.171129789,-0.205967822,-0.100190589,-0.089974933,-0.24712035,-0.223403025,-0.312870297,-0.131843924,-0.305751998,-0.101309294,-0.212868635,-0.218912688,-0.108146861,-0.308190294,-0.213168944,-0.128377991,-0.182054166,-0.226245073,0.099651308,-0.115565556,0.100762029,-0.172686035,-0.332323972,-0.110238168,-0.395860754,-0.191507687,0.167839577,-0.242438442
2005/08/21,-0.140098285,-0.132571897,-0.22249409,-0.149678939,-0.276596923,-0.121149509,-0.262390414,-0.239071875,-0.256067922,-0.236923165,-0.186630155,-0.181952901,-0.20387063,0.564940524,-0.212292225,-0.132937169,-0.104224018,-0.247585212,-0.200747344,-0.302756803,-0.220904883,1.093511569,-0.148423141,-0.364467783,-0.214515305,-0.11319782,-0.272474999,-0.180479786,-0.192032669,-0.06835728,-0.244543887,-0.137134479,-0.094370499,-0.384276788,-0.23180336,-0.117327734,-0.10834958,-0.089738832,-0.100431695,-0.103047596,-0.155484576,3.202829168,-0.136596132,0.539346893,-0.094258482,-0.171129789,-0.205967822,0.4938906,-0.162218802,-0.24712035,-0.223403025,-0.312870297,0.02203435,-0.305751998,-0.101309294,-0.212868635,-0.218912688,-0.108146861,-0.308190294,-0.213168944,-0.128377991,-0.182054166,-0.226245073,-0.214884661,-0.115565556,1.59221429,-0.073054451,1.268757663,-0.110238168,0.113014,-0.191507687,0.083996614,-0.242438442
2005/09/07,-0.140098285,-0.132571897,-0.22249409,-0.149678939,0.317890833,-0.121149509,-0.262390414,-0.239071875,-0.256067922,-0.207182993,-0.186630155,-0.181952901,-0.20387063,0.042371691,-0.212292225,-0.132937169,0.025887132,-0.247585212,0.072790406,-0.302756803,-0.220904883,-0.297053137,0.088618824,-0.364467783,-0.214515305,-0.11319782,-0.272474999,-0.180479786,-0.081406374,-0.050338657,-0.244543887,-0.137134479,-0.101353868,0.836308493,-0.23180336,-0.117327734,-0.10834958,-0.089738832,-0.098608139,-0.103047596,-0.149885847,-0.265791033,-0.263904128,-0.00377341,-0.094258482,-0.171129789,-0.205967822,0.892522278,-0.162218802,-0.24712035,-0.223403025,-0.312870297,-0.128165558,-0.305751998,-0.101309294,-0.046597409,-0.218912688,-0.108146861,-0.308190294,-0.210975469,-0.128377991,-0.182054166,-0.226245073,-0.1337605,-0.115565556,0.186807352,0.051485029,-0.332323972,-0.110238168,0.429828189,0.543425306,-0.083689314,-0.242438442
2005/09/21,-0.140098285,-0.132571897,-0.22249409,-0.149678939,-0.328012081,-0.121149509,0.846696514,-0.239071875,-0.256067922,-0.260226424,-0.186630155,-0.181952901,-0.20387063,-0.020336569,-0.212292225,-0.132937169,-0.083406234,-0.247585212,-0.288279424,-0.302756803,-0.220904883,-0.297053137,-0.139392971,0.367530598,-0.214515305,-0.11319782,-0.151703601,-0.180479786,-0.192032669,-0.06835728,-0.244543887,-0.137134479,-0.102586227,-0.384276788,-0.23180336,-0.117327734,-0.10834958,-0.089738832,-0.0843844,-0.103047596,-0.156367756,-0.361257644,-0.263904128,-0.068947846,-0.094258482,-0.165233962,-0.205967822,-0.041315757,-0.162218802,-0.24712035,-0.223403025,-0.312870297,-0.134050943,-0.305751998,-0.101309294,-0.146360145,-0.218912688,-0.108146861,-0.308190294,-0.213168944,-0.128377991,-0.182054166,-0.226245073,-0.104741735,-0.115565556,-0.243419262,-0.053128134,-0.332323972,-0.110238168,-0.129633945,0.337644068,-0.033383536,-0.242438442
2005/10/07,-0.140098285,-0.132571897,-0.22249409,-0.149678939,-0.083790084,-0.121149509,-0.262390414,-0.239071875,-0.256067922,0.415731039,-0.186630155,-0.181952901,-0.20387063,1.401050656,-0.212292225,-0.132937169,0.520309502,-0.247585212,0.674573455,-0.302756803,-0.220904883,1.093511569,-0.133372858,2.075526821,-0.214515305,-0.11319782,-0.272474999,-0.180479786,-0.192032669,-0.06835728,-0.244543887,-0.137134479,-0.102586227,0.266702028,-0.23180336,-0.117327734,-0.10834958,-0.089738832,-0.100431695,-0.103047596,-0.155484576,-0.233968829,-0.263904128,0.973843135,-0.094258482,-0.171129789,-0.205967822,1.073039766,-0.162218802,-0.24712035,-0.223403025,-0.312870297,-0.123874132,-0.305751998,-0.101309294,0.008826332,-0.218912688,-0.108146861,-0.308190294,-0.14882701,0.042749882,-0.182054166,0.256777546,0.479263683,-0.115565556,-0.243419262,-0.073054451,-0.103598024,-0.110238168,0.132734504,0.592420838,-0.083689314,-0.242438442
2005/10/21,-0.140098285,-0.132571897,-0.22249409,-0.149678939,0.028680573,-0.121149509,1.123968246,0.314661462,3.112396533,-0.336736074,-0.186630155,0.318293623,-0.20387063,-0.271169608,-0.212292225,-0.132937169,0.364176122,-0.247585212,-0.419577544,0.954778781,-0.220904883,0.745870393,-0.114560003,1.46552817,-0.199147181,-0.11319782,-0.272474999,-0.180479786,-0.192032669,2.093877491,-0.244543887,-0.137134479,-0.102586227,0.103957324,-0.23180336,-0.117327734,0.287675181,-0.089738832,-0.095416915,-0.103047596,-0.101389814,4.698472741,0.270789456,0.647970953,-0.094258482,-0.163760006,-0.205967822,-0.013798172,0.813073433,-0.24712035,-0.223403025,-0.312870297,-0.113911894,-0.305751998,-0.101309294,-0.046597409,-0.218912688,-0.108146861,-0.308190294,0.591836394,0.316248893,0.947694242,-0.226245073,0.154435018,-0.115565556,-0.200396601,-0.023238659,-0.332323972,-0.110238168,-0.252458391,-0.191507687,-0.083689314,-0.242438442
2005/11/07,-0.140098285,-0.132571897,1.543877524,-0.149678939,-0.597941656,-0.121149509,-0.262390414,0.314661462,-0.256067922,0.7870758,-0.186630155,-0.181952901,-0.20387063,-0.271169608,-0.212292225,-0.132937169,-0.182290708,-0.12800236,-0.419577544,1.793135838,-0.220904883,3.87464098,-0.148423141,-0.364467783,-0.064676095,-0.11319782,-0.272474999,-0.180479786,-0.192032669,-0.06835728,-0.244543887,-0.137134479,-0.102586227,2.056893774,-0.23180336,-0.117327734,-0.10834958,-0.089738832,-0.100431695,-0.103047596,1.283940771,-0.170324422,-0.263904128,0.322098772,-0.094258482,-0.171129789,-0.205967822,-0.144986657,-0.162218802,-0.24712035,-0.223403025,-0.312870297,-0.134602697,-0.305751998,-0.101309294,0.202809429,-0.218912688,-0.108146861,-0.182403677,0.751960072,-0.128377991,-0.182054166,-0.226245073,-0.125459938,-0.115565556,-0.243419262,-0.172686035,-0.332323972,-0.110238168,-0.321908863,-0.191507687,-0.083689314,-0.242438442
2005/11/21,-0.140098285,-0.132571897,-0.22249409,-0.149678939,-0.469403763,-0.121149509,-0.262390414,-0.239071875,-0.256067922,-0.284181522,-0.186630155,-0.181952901,-0.20387063,-0.271169608,-0.212292225,-0.132937169,-0.173616631,-0.178009734,-0.200747344,-0.302756803,-0.220904883,2.484076275,-0.148423141,-0.364467783,-0.186340411,-0.11319782,-0.272474999,-0.180479786,-0.192032669,-0.06835728,-0.244543887,-0.137134479,-0.102586227,-0.384276788,-0.23180336,-0.117327734,-0.10834958,-0.089738832,-0.100431695,-0.103047596,-0.149176149,-0.361257644,0.703636643,1.842835619,-0.094258482,-0.171129789,-0.205967822,-0.176983849,-0.089974933,-0.24712035,-0.223403025,-0.312870297,-0.135522289,-0.305751998,-0.101309294,0.56306375,-0.218912688,-0.108146861,-0.226428993,0.573557435,-0.128377991,-0.182054166,-0.226245073,-0.292799271,-0.115565556,-0.243419262,0.026577133,-0.332323972,-0.110238168,-0.349989146,-0.191507687,0.167839577,-0.242438442
2005/12/07,-0.140098285,-0.124975451,0.129105947,-0.149678939,-0.549739946,-0.121149509,2.510326906,3.08332815,-0.256067922,-0.331847279,-0.186630155,-0.181952901,-0.20387063,-0.271169608,-0.212292225,-0.132937169,-0.156268478,-0.088866153,-0.255454894,0.954778781,-0.220904883,1.788793922,0.088618824,-0.364467783,-0.214515305,-0.11319782,-0.272474999,-0.180479786,-0.192032669,-0.06835728,-0.244543887,-0.137134479,-0.102586227,-0.384276788,-0.23180336,-0.117327734,-0.10834958,-0.089738832,0.309868482,-0.103047596,-0.12954117,-0.361257644,-0.168423131,2.277331861,-0.094258482,-0.171129789,-0.205967822,-0.200981743,-0.162218802,-0.24712035,-0.223403025,-0.312870297,-0.135522289,-0.305751998,-0.101309294,0.285945041,-0.218912688,0.064605157,1.193387443,0.510677818,-0.110042862,-0.182054166,-0.226245073,-0.295787473,-0.115565556,-0.200396601,-0.172686035,-0.332323972,-0.110238168,-0.265962649,-0.191507687,-0.083689314,-0.242438442
2005/12/21,-0.140098285,0.604283293,-0.22249409,-0.149678939,-0.276596923,-0.121149509,9.904239761,7.513194851,-0.256067922,-0.159924636,-0.186630155,-0.181952901,-0.20387063,-0.062142075,-0.212292225,-0.132937169,-0.086875864,0.261185468,-0.419577544,0.535600253,1.82019499,4.569923333,0.235359088,-0.364467783,-0.214515305,-0.11319782,-0.272474999,-0.180479786,-0.192032669,-0.06835728,-0.244543887,-0.137134479,-0.102586227,0.592191437,-0.23180336,3.86182682,-0.10834958,-0.089738832,19.58729047,-0.103047596,-0.153434338,-0.297613236,-0.263904128,0.756595014,-0.094258482,-0.171129789,-0.205967822,-0.102857022,-0.162218802,-0.24712035,-0.223403025,-0.312870297,-0.134602697,-0.305751998,-0.101309294,0.951029943,-0.218912688,-0.03839722,-0.298756298,0.592567552,-0.128377991,-0.182054166,0.981311474,-0.30740826,-0.115565556,-0.186055714,-0.122870243,-0.332323972,-0.110238168,-0.19994183,-0.142512154,-0.083689314,-0.242438442
2006/01/07,-0.140098285,4.825374705,-0.22249409,-0.149678939,-0.469403763,-0.121149509,3.434566013,2.345017033,-0.256067922,-0.393772022,-0.186630155,-0.181952901,-0.20387063,-0.271169608,-0.212292225,-0.082765372,-0.173616631,-0.247585212,0.127497956,3.889028479,1.82019499,0.398229216,-0.065646582,-0.364467783,-0.214515305,-0.11319782,-0.272474999,-0.180479786,-0.155157237,-0.06835728,-0.244543887,-0.04567659,-0.093548926,-0.221532084,-0.23180336,-0.021444491,0.140999344,-0.089738832,3.042163741,-0.103047596,-0.161162161,-0.361257644,1.683908214,0.756595014,-0.094258482,-0.171129789,-0.205967822,-0.007398734,-0.162218802,-0.24712035,1.57823236,-0.312870297,-0.134296167,-0.305751998,-0.101309294,0.396792525,-0.218912688,-0.108146861,-0.199175226,1.765345538,-0.122266282,-0.098369099,0.256777546,-0.30740826,-0.115565556,-0.243419262,0.17602451,-0.332323972,-0.110238168,-0.310976844,0.592420838,1.614130703,-0.242438442
2006/01/21,-0.140098285,7.040160522,-0.22249409,-0.149678939,-0.576518674,-0.121149509,0.35376899,0.499239241,-0.256067922,-0.145394049,-0.186630155,-0.181952901,-0.20387063,-0.131817919,-0.212292225,-0.066041439,-0.162051195,-0.22825869,-0.419577544,0.628751037,1.139828366,2.484076275,1.351588449,-0.364467783,0.056988221,-0.11319782,-0.272474999,0.529584128,-0.192032669,-0.06835728,-0.244543887,14.08964828,-0.085607056,5.257539623,-0.23180336,-0.117327734,-0.095311728,-0.089738832,0.011007859,-0.103047596,-0.162423846,-0.318828039,-0.263904128,-0.329645591,-0.094258482,-0.16457887,-0.205967822,2.949141763,-0.162218802,-0.24712035,-0.223403025,-0.312870297,-0.135522289,-0.305751998,-0.101309294,1.48679278,-0.218912688,0.422815525,-0.308190294,13.85041811,0.492979167,-0.182054166,-0.226245073,-0.263138595,-0.115565556,-0.243419262,-0.172686035,0.569872822,-0.110238168,0.542863834,0.004474445,0.36347316,-0.242438442
2006/02/07,-0.140098285,-0.112314709,-0.22249409,-0.149678939,-0.14805903,-0.121149509,-0.262390414,-0.239071875,-0.256067922,0.027071794,-0.186630155,-0.181952901,-0.20387063,-0.271169608,-0.212292225,-0.132937169,-0.208312937,-0.247585212,-0.419577544,0.256147901,1.82019499,-0.297053137,0.619141318,-0.364467783,-0.214515305,-0.11319782,-0.272474999,-0.083652888,-0.192032669,-0.06835728,-0.244543887,0.228697077,-0.102586227,-0.05878738,-0.23180336,-0.117327734,-0.10834958,-0.089738832,-0.100431695,-0.103047596,-0.162423846,-0.361257644,1.263791827,-0.329645591,-0.094258482,-0.171129789,-0.205967822,2.247336695,-0.162218802,-0.24712035,-0.223403025,-0.312870297,-0.135522289,-0.305751998,-0.101309294,-0.102021151,-0.218912688,-0.108146861,-0.308190294,4.372656198,-0.128377991,-0.182054166,-0.226245073,-0.253841966,-0.115565556,-0.243419262,-0.172686035,-0.332323972,-0.110238168,-0.324266749,-0.191507687,-0.083689314,-0.242438442
2006/02/21,-0.140098285,-0.132571897,-0.22249409,-0.149678939,0.076882283,-0.121149509,2.510326906,-0.239071875,-0.256067922,-0.399068217,-0.186630155,-0.181952901,-0.20387063,-0.271169608,-0.212292225,-0.132937169,-0.208312937,-0.247585212,-0.419577544,-0.302756803,-0.220904883,1.788793922,-0.148423141,-0.364467783,-0.214515305,-0.11319782,-0.272474999,-0.180479786,-0.192032669,-0.06835728,-0.244543887,-0.137134479,-0.102586227,-0.384276788,-0.23180336,-0.117327734,-0.093681997,-0.089738832,-0.094961026,-0.103047596,-0.162423846,-0.361257644,-0.263904128,-0.329645591,-0.094258482,-0.171129789,-0.205967822,0.651743411,-0.162218802,-0.24712035,-0.223403025,-0.312870297,-0.098738638,-0.305751998,-0.101309294,0.784758718,-0.218912688,-0.108146861,-0.308190294,-0.006982291,-0.128377991,-0.182054166,-0.226245073,-0.29545545,-0.115565556,-0.243419262,0.275656094,-0.332323972,-0.110238168,-0.448591668,-0.191507687,-0.083689314,-0.242438442
2006/03/07,-0.140098285,-0.132571897,-0.22249409,-0.149678939,-0.597941656,-0.121149509,-0.262390414,-0.239071875,-0.256067922,-0.399068217,-0.186630155,-0.181952901,-0.20387063,-0.271169608,-0.212292225,-0.132937169,-0.208312937,-0.247585212,-0.419577544,-0.302756803,5.902394737,2.484076275,-0.148423141,-0.364467783,-0.214515305,-0.11319782,-0.272474999,-0.180479786,-0.192032669,-0.06835728,-0.244543887,4.069928423,-0.102586227,-0.05878738,-0.23180336,-0.117327734,-0.10834958,-0.089738832,0.023570136,-0.103047596,-0.161162161,-0.361257644,-0.263904128,-0.329645591,-0.094258482,-0.171129789,-0.205967822,2.775290355,-0.162218802,-0.24712035,-0.223403025,-0.312870297,-0.134296167,-0.305751998,-0.101309294,-0.212868635,-0.218912688,-0.108146861,-0.308190294,-0.169299444,-0.128377991,-0.182054166,-0.226245073,-0.30740826,-0.115565556,-0.243419262,0.42510347,-0.179840007,-0.110238168,-0.446019428,-0.191507687,-0.083689314,-0.242438442
2006/03/21,-0.140098285,-0.132571897,-0.22249409,-0.149678939,-0.597941656,-0.121149509,-0.262390414,-0.239071875,-0.256067922,-0.399068217,-0.186630155,-0.181952901,-0.20387063,-0.271169608,-0.212292225,-0.132937169,-0.208312937,-0.247585212,-0.419577544,-0.302756803,-0.220904883,-0.297053137,-0.148423141,-0.364467783,-0.214515305,-0.11319782,-0.272474999,-0.180479786,-0.192032669,-0.06835728,-0.244543887,-0.137134479,-0.102586227,-0.384276788,-0.23180336,-0.117327734,-0.10834958,-0.089738832,-0.100431695,-0.103047596,-0.162423846,-0.361257644,-0.263904128,-0.329645591,-0.094258482,-0.171129789,-0.205967822,1.163698476,-0.162218802,-0.24712035,-0.223403025,-0.312870297,-0.135522289,-0.305751998,-0.101309294,-0.212868635,-0.218912688,-0.108146861,-0.308190294,-0.121042993,-0.128377991,-0.182054166,-0.226245073,-0.30740826,-0.115565556,-0.243419262,-0.172686035,-0.332323972,-0.110238168,-0.461452867,-0.191507687,-0.083689314,-0.242438442
2006/04/07,-0.140098285,-0.132571897,-0.22249409,-0.149678939,-0.308731397,-0.121149509,-0.262390414,-0.239071875,-0.256067922,-0.380735234,-0.186630155,-0.181952901,-0.20387063,-0.271169608,-0.212292225,0.017578223,-0.156268478,-0.247585212,0.236913056,-0.302756803,-0.220904883,-0.297053137,-0.148423141,-0.364467783,-0.214515305,-0.11319782,-0.272474999,-0.180479786,-0.192032669,-0.06835728,-0.244543887,-0.137134479,-0.102586227,-0.384276788,-0.23180336,-0.117327734,-0.10834958,-0.089738832,-0.100431695,-0.103047596,-0.159585054,-0.361257644,-0.263904128,-0.329645591,-0.094258482,-0.171129789,-0.205967822,3.077130529,-0.162218802,-0.24712035,-0.223403025,-0.312870297,-0.126326376,-0.305751998,-0.101309294,-0.212868635,-0.218912688,-0.108146861,-0.308190294,-0.213168944,-0.091707733,-0.182054166,0.498288855,-0.30740826,-0.115565556,-0.243419262,-0.172686035,-0.332323972,-0.110238168,-0.373996717,1.425344896,0.104957355,-0.242438442
2006/04/21,-0.048240383,-0.132571897,-0.22249409,-0.149678939,-0.520818921,-0.121149509,-0.262390414,-0.239071875,-0.256067922,-0.38537959,-0.186630155,-0.181952901,-0.20387063,-0.271169608,-0.212292225,0.25840285,-0.208312937,-0.247585212,-0.156981304,-0.302756803,1.003755041,-0.297053137,-0.139392971,-0.364467783,-0.214515305,-0.11319782,-0.272474999,-0.180479786,-0.192032669,-0.06835728,-0.244543887,-0.137134479,-0.102586227,-0.384276788,-0.23180336,-0.117327734,-0.10834958,-0.089738832,-0.100431695,-0.103047596,-0.162045341,-0.361257644,-0.263904128,-0.329645591,-0.094258482,-0.165233962,-0.205967822,1.145140105,-0.162218802,-0.24712035,-0.223403025,-0.312870297,-0.122648011,-0.305751998,-0.101309294,-0.212868635,-0.218912688,-0.108146861,-0.308190294,-0.207027214,-0.128377991,-0.182054166,-0.226245073,-0.30740826,-0.044478112,-0.243419262,-0.172686035,-0.332323972,-0.110238168,-0.447562772,-0.191507687,-0.083689314,-0.242438442
2006/05/07,-0.140098285,-0.132571897,-0.22249409,-0.149678939,-0.597941656,-0.121149509,-0.262390414,-0.239071875,4.79662876,-0.399068217,-0.186630155,-0.181952901,-0.20387063,-0.271169608,-0.212292225,-0.132937169,-0.182290708,-0.247585212,-0.419577544,-0.302756803,-0.220904883,-0.297053137,-0.103272291,-0.364467783,-0.214515305,-0.11319782,-0.272474999,-0.180479786,-0.192032669,-0.06835728,-0.244543887,-0.137134479,-0.102586227,-0.384276788,-0.23180336,-0.117327734,-0.10834958,-0.089738832,-0.099975806,-0.103047596,-0.162423846,-0.361257644,-0.263904128,-0.329645591,-0.094258482,-0.171129789,-0.205967822,0.464559841,-0.162218802,-0.24712035,-0.223403025,-0.312870297,-0.121268624,-0.305751998,-0.101309294,-0.212868635,-0.218912688,-0.108146861,-0.308190294,-0.200008094,-0.128377991,-0.182054166,-0.226245073,-0.287486911,-0.115565556,1.133305902,-0.172686035,-0.332323972,-0.110238168,-0.43380129,-0.191507687,-0.083689314,-0.242438442
2006/05/21,-0.105651572,-0.132571897,-0.213405109,0.027058247,0.093867647,-0.053848729,-0.169966504,-0.239071875,-0.087644699,-0.388472917,-0.136426591,-0.181952901,-0.032388984,-0.208461348,0.201905856,-0.012524855,-0.181547215,-0.245990774,-0.003800164,-0.302756803,-0.220904883,-0.297053137,-0.119935105,-0.364467783,-0.214131102,-0.092351834,0.09702797,-0.157656303,0.273914748,-0.06835728,-0.240089647,-0.137134479,0.877538364,-0.009963969,-0.097689831,-0.117327734,-0.10834958,0.042137109,-0.09998449,-0.103047596,-0.142031856,-0.361257644,-0.19133857,-0.101535064,-0.092227293,-0.121015264,-0.134021191,-0.213940605,-0.124290771,1.127378263,1.037741745,0.123505063,-0.113570331,0.216077596,-0.048951268,-0.186740299,-0.146130907,-0.054618067,-0.23993608,-0.209534043,-0.128377991,-0.140211632,0.063568498,-0.301510908,-0.107980006,-0.239116996,-0.157741297,-0.133005646,-0.110238168,-0.445691774,-0.191507687,-0.083689314,-0.242438442
2006/06/07,-0.140098285,-0.132571897,-0.22249409,-0.149678939,-0.501538237,-0.121149509,-0.262390414,-0.239071875,-0.256067922,-0.399068217,-0.186630155,-0.181952901,-0.20387063,-0.271169608,-0.212292225,-0.132937169,-0.208312937,-0.247585212,-0.091332244,-0.302756803,-0.220904883,-0.297053137,-0.148423141,-0.364467783,-0.214515305,-0.11319782,-0.272474999,-0.180479786,-0.192032669,-0.06835728,-0.244543887,-0.137134479,-0.102586227,-0.384276788,-0.23180336,-0.117327734,-0.10834958,-0.089738832,-0.100431695,-0.103047596,-0.162423846,-0.361257644,-0.263904128,-0.329645591,-0.094258482,-0.171129789,-0.205967822,-0.189782725,-0.162218802,-0.24712035,-0.223403025,-0.312870297,-0.135522289,-0.305751998,-0.101309294,-0.212868635,-0.218912688,-0.108146861,-0.308190294,-0.213168944,-0.119210427,-0.182054166,-0.226245073,-0.291471181,-0.115565556,-0.243419262,-0.172686035,-0.332323972,-0.110238168,-0.456308387,-0.044521088,-0.083689314,-0.242438442
2006/06/21,-0.140098285,-0.132571897,-0.22249409,-0.149678939,-0.597941656,-0.121149509,-0.262390414,-0.239071875,-0.256067922,-0.260552344,-0.186630155,-0.181952901,-0.20387063,-0.271169608,-0.212292225,-0.132937169,-0.208312937,-0.247585212,-0.310162444,-0.302756803,-0.220904883,-0.297053137,-0.028020873,-0.364467783,-0.214515305,-0.11319782,-0.272474999,-0.180479786,-0.192032669,-0.06835728,-0.244543887,-0.137134479,-0.102586227,-0.384276788,-0.23180336,-0.117327734,-0.10834958,-0.089738832,-0.094353174,-0.103047596,-0.162423846,-0.361257644,-0.263904128,-0.329645591,-0.094258482,-0.171129789,-0.205967822,1.050641732,-0.162218802,-0.24712035,-0.223403025,-0.312870297,-0.135215758,1.216250985,-0.101309294,-0.212868635,-0.218912688,-0.108146861,-0.308190294,-0.213168944,-0.128377991,-0.182054166,-0.226245073,0.409317613,-0.115565556,-0.243419262,-0.172686035,-0.332323972,-0.110238168,-0.439160123,-0.191507687,1.54E-04,-0.242438442
2006/07/07,-0.140098285,-0.132571897,-0.22249409,-0.149678939,-0.597941656,-0.121149509,-0.262390414,-0.239071875,-0.256067922,-0.399068217,-0.186630155,-0.181952901,-0.20387063,-0.271169608,-0.212292225,-0.132937169,-0.208312937,-0.247585212,-0.419577544,-0.302756803,-0.220904883,-0.297053137,-0.148423141,-0.364467783,-0.214515305,-0.11319782,-0.272474999,-0.180479786,-0.192032669,-0.06835728,-0.244543887,-0.137134479,-0.102586227,-0.384276788,-0.23180336,-0.117327734,-0.10834958,-0.089738832,-0.100431695,-0.103047596,-0.162423846,-0.361257644,-0.263904128,-0.329645591,-0.094258482,0.359494592,-0.205967822,-0.154585815,-0.162218802,-0.24712035,-0.223403025,-0.312870297,-0.135522289,-0.305751998,-0.101309294,-0.212868635,-0.218912688,-0.108146861,-0.308190294,-0.195621144,-0.128377991,-0.182054166,-0.226245073,-0.30740826,-0.115565556,-0.243419262,-0.172686035,-0.332323972,-0.110238168,-0.461452867,-0.191507687,0.167839577,-0.242438442
2006/07/21,-0.140098285,-0.132571897,-0.22249409,-0.149678939,-0.597941656,-0.121149509,-0.262390414,-0.239071875,-0.256067922,-0.389290626,-0.186630155,-0.181952901,-0.20387063,-0.271169608,-0.212292225,-0.132937169,-0.208312937,-0.247585212,-0.419577544,-0.302756803,-0.220904883,-0.297053137,-0.103272291,-0.364467783,-0.214515305,-0.11319782,-0.272474999,-0.180479786,-0.192032669,-0.06835728,-0.244543887,-0.137134479,-0.102586227,-0.384276788,-0.23180336,-0.117327734,-0.10834958,-0.089738832,-0.100431695,-0.103047596,-0.162423846,-0.361257644,-0.263904128,-0.329645591,-0.094258482,-0.171129789,-0.205967822,-0.218580198,-0.162218802,-0.24712035,-0.223403025,-0.312870297,-0.135522289,-0.305751998,-0.101309294,-0.212868635,-0.218912688,-0.108146861,-0.308190294,-0.195621144,-0.128377991,-0.182054166,-0.226245073,-0.29678354,-0.115565556,-0.243419262,-0.172686035,-0.332323972,-0.110238168,-0.449877788,-0.191507687,-0.083689314,-0.242438442
2006/08/07,-0.140098285,-0.132571897,-0.22249409,-0.149678939,-0.597941656,-0.121149509,-0.262390414,-0.239071875,-0.256067922,-0.399068217,-0.186630155,-0.181952901,-0.20387063,-0.271169608,-0.212292225,-0.132937169,-0.208312937,-0.247585212,-0.419577544,-0.302756803,-0.220904883,-0.297053137,-0.148423141,-0.364467783,-0.214515305,-0.11319782,-0.272474999,-0.180479786,-0.192032669,-0.06835728,-0.244543887,-0.137134479,-0.102586227,-0.384276788,-0.23180336,-0.117327734,-0.10834958,-0.089738832,-0.100431695,-0.103047596,-0.162423846,-0.361257644,-0.263904128,-0.329645591,-0.094258482,-0.141650656,-0.205967822,-0.21218076,-0.162218802,-0.24712035,-0.223403025,-0.312870297,-0.135522289,-0.305751998,-0.101309294,-0.212868635,-0.218912688,-0.108146861,-0.308190294,-0.213168944,-0.128377991,-0.182054166,-0.226245073,-0.291471181,-0.115565556,-0.243419262,-0.172686035,-0.332323972,-0.110238168,-0.461452867,-0.191507687,-0.083689314,-0.242438442
2006/08/21,-0.140098285,-0.132571897,-0.22249409,-0.149678939,-0.597941656,-0.121149509,-0.262390414,-0.239071875,-0.256067922,-0.399068217,-0.186630155,-0.181952901,-0.20387063,-0.271169608,-0.212292225,-0.132937169,-0.208312937,-0.247585212,-0.419577544,-0.302756803,-0.220904883,-0.297053137,-0.148423141,-0.364467783,-0.214515305,-0.11319782,-0.272474999,-0.180479786,-0.192032669,-0.06835728,-0.244543887,-0.137134479,-0.102586227,-0.384276788,-0.23180336,1.3209209,-0.10834958,-0.089738832,-0.100431695,-0.103047596,-0.162423846,-0.361257644,-0.263904128,-0.329645591,-0.094258482,-0.156390222,-0.205967822,-0.218580198,-0.162218802,-0.24712035,-0.223403025,-0.312870297,-0.135522289,-0.305751998,-0.101309294,-0.212868635,-0.218912688,-0.108146861,-0.308190294,-0.213168944,-0.128377991,-0.182054166,-0.226245073,-0.30740826,-0.115565556,-0.071328617,-0.172686035,0.01076495,-0.110238168,-0.440874949,-0.191507687,-0.083689314,-0.242438442
2006/09/07,-0.140098285,-0.132571897,2.065696627,-0.149678939,-0.597941656,-0.121149509,1.586087799,-0.239071875,-0.256067922,-0.296403511,-0.186630155,-0.181952901,-0.20387063,0.146885458,-0.212292225,-0.032593574,-0.208312937,-0.247585212,-0.419577544,-0.302756803,-0.220904883,-0.297053137,-0.148423141,-0.364467783,-0.214515305,-0.11319782,-0.272474999,-0.180479786,-0.192032669,-0.06835728,-0.244543887,-0.137134479,-0.102586227,-0.384276788,-0.23180336,-0.021444491,-0.10834958,-0.089738832,-0.100431695,-0.103047596,-0.094923677,-0.233968829,-0.111134532,-0.329645591,-0.094258482,-0.141650656,-0.205967822,-0.203648175,-0.162218802,-0.24712035,-0.223403025,-0.312870297,-0.135522289,-0.305751998,-0.101309294,-0.212868635,-0.218912688,-0.007577611,-0.308190294,-0.210244311,-0.128377991,-0.182054166,-0.226245073,-0.094913869,-0.115565556,7.38593269,-0.172686035,-0.332323972,-0.110238168,2.659531302,5.981929448,0.566093656,-0.242438442
2006/09/21,-0.140098285,-0.132571897,-0.22249409,-0.149678939,-0.597941656,-0.121149509,-0.262390414,-0.239071875,-0.256067922,-0.399068217,-0.186630155,-0.181952901,-0.20387063,-0.271169608,-0.212292225,-0.132937169,-0.208312937,-0.247585212,0.236913056,-0.302756803,-0.220904883,-0.297053137,-0.148423141,-0.364467783,-0.214515305,-0.11319782,-0.272474999,-0.180479786,-0.192032669,-0.06835728,-0.244543887,-0.137134479,-0.102586227,-0.384276788,-0.23180336,-0.117327734,-0.10834958,-0.089738832,-0.100431695,-0.103047596,-0.162423846,0.0206088,-0.263904128,-0.329645591,-0.094258482,-0.171129789,-0.205967822,-0.21218076,-0.162218802,-0.24712035,-0.223403025,-0.312870297,-0.135522289,4.260256951,-0.101309294,-0.212868635,-0.218912688,-0.108146861,-0.308190294,-0.213168944,-0.128377991,-0.182054166,-0.226245073,-0.30740826,-0.115565556,-0.243419262,-0.172686035,-0.332323972,-0.110238168,-0.440874949,-0.191507687,-0.083689314,-0.242438442
2006/10/07,-0.140098285,-0.132571897,-0.22249409,-0.149678939,-0.597941656,-0.121149509,2.510326906,-0.239071875,-0.256067922,-0.340402671,-0.186630155,-0.181952901,-0.20387063,-0.271169608,-0.212292225,-0.132937169,-0.208312937,-0.247585212,-0.419577544,-0.302756803,-0.220904883,-0.297053137,-0.148423141,-0.364467783,-0.214515305,-0.11319782,-0.272474999,-0.180479786,-0.192032669,-0.06835728,-0.244543887,-0.137134479,-0.102586227,-0.384276788,-0.23180336,-0.117327734,-0.10834958,-0.089738832,-0.100431695,-0.103047596,-0.162423846,3.266473576,-0.263904128,7.491286765,-0.094258482,-0.171129789,-0.205967822,-0.20898104,-0.162218802,-0.24712035,-0.223403025,-0.312870297,-0.135522289,-0.305751998,-0.101309294,-0.046597409,-0.218912688,-0.108146861,-0.308190294,-0.208781994,-0.128377991,-0.182054166,-0.226245073,-0.30740826,-0.115565556,-0.243419262,-0.172686035,-0.332323972,-0.110238168,-0.019027638,-0.191507687,-0.083689314,-0.242438442
2006/10/21,-0.140098285,-0.132571897,-0.22249409,-0.149678939,1.522933582,-0.121149509,-0.262390414,0.203914795,-0.256067922,2.936556977,-0.186630155,0.218244318,-0.20387063,0.230496471,-0.212292225,19.13303301,-0.06258845,-0.247585212,0.630807415,-0.302756803,2.228414965,-0.297053137,-0.08521195,-0.364467783,-0.197610369,-0.11319782,-0.272474999,-0.180479786,0.161971474,-0.06835728,-0.244543887,-0.137134479,-0.102586227,1.763953307,-0.23180336,-0.117327734,-0.10834958,-0.089738832,-0.094231604,-0.103047596,-0.119084952,0.478848533,0.347174254,-0.329645591,-0.094258482,-0.171129789,0.081818701,-0.202581602,-0.162218802,-0.24712035,-0.223403025,-0.312870297,-0.11639479,-0.305751998,-0.101309294,-0.146360145,1.236722943,-0.100360855,-0.308190294,-0.160525544,-0.128377991,0.822166641,-0.226245073,-0.303689608,-0.115565556,-0.105746746,-0.172686035,-0.240833593,-0.110238168,-0.222749022,-0.191507687,-0.083689314,-0.242438442
2006/11/07,-0.140098285,-0.132571897,0.279791677,-0.149678939,-0.597941656,-0.121149509,-0.262390414,-0.239071875,-0.256067922,1.571931183,-0.186630155,-0.181952901,-0.20387063,-0.271169608,-0.212292225,-0.032593574,0.103953822,-0.117131191,-0.200747344,-0.302756803,-0.220904883,1.093511569,-0.133372858,-0.364467783,-0.214515305,-0.11319782,-0.272474999,-0.180479786,-0.192032669,-0.06835728,-0.244543887,-0.137134479,-0.102586227,0.592191437,-0.23180336,-0.117327734,-0.10834958,-0.089738832,-0.100431695,-0.103047596,-0.160846739,0.402475245,-0.263904128,-0.329645591,-0.094258482,-0.161303411,-0.205967822,-0.218580198,-0.162218802,-0.24712035,-0.223403025,-0.312870297,-0.125100254,-0.305751998,-0.101309294,0.119673816,-0.218912688,-0.108146861,-0.245296986,-0.207319678,0.33000024,-0.182054166,-0.226245073,-0.30740826,-0.115565556,-0.243419262,-0.073054451,-0.332323972,-0.110238168,-0.271964542,0.690411904,-0.083689314,-0.242438442
2006/11/21,-0.140098285,-0.001913038,-0.22249409,-0.149678939,0.520338015,-0.121149509,-0.262390414,0.646901465,-0.256067922,0.210564586,-0.186630155,-0.181952901,-0.20387063,-0.271169608,-0.212292225,-0.072731012,-0.208312937,-0.247585212,-0.419577544,0.703271664,3.453074889,-0.297053137,-0.02200076,-0.364467783,-0.214515305,-0.11319782,-0.272474999,0.734534394,-0.192032669,-0.06835728,-0.244543887,-0.137134479,-0.102586227,0.006310502,-0.23180336,-0.117327734,-0.10834958,-0.089738832,-0.100431695,-0.103047596,-0.162423846,-0.132137777,-0.263904128,-0.329645591,-0.094258482,-0.171129789,-0.205967822,-0.21730031,-0.162218802,-0.24712035,-0.223403025,-0.312870297,-0.135522289,-0.305751998,-0.101309294,-0.212868635,1.818977196,-0.096467852,-0.308190294,0.020216799,-0.128377991,-0.182054166,-0.226245073,-0.291736799,-0.115565556,0.100762029,-0.112907084,-0.332323972,-0.110238168,-0.350332112,-0.191507687,-0.020807091,-0.242438442
2006/12/07,-0.140098285,1.49002881,-0.22249409,-0.149678939,-0.443696185,-0.121149509,1.955783442,0.646901465,-0.256067922,-0.171739225,-0.065449137,-0.181952901,-0.20387063,-0.271169608,-0.212292225,-0.132937169,-0.041770666,1.088263958,0.105614936,0.703271664,1.003755041,-0.297053137,-0.08521195,-0.364467783,-0.214515305,-0.11319782,-0.272474999,-0.180479786,-0.147782151,-0.06835728,-0.244543887,-0.137134479,-0.102586227,-0.384276788,-0.23180336,-0.117327734,-0.10834958,-0.089738832,-0.066148836,-0.103047596,-0.146715863,-0.284884355,-0.263904128,-0.329645591,-0.094258482,-0.171129789,-0.205967822,-0.218580198,-0.162218802,-0.24712035,0.497251129,-0.312870297,-0.128165558,-0.305751998,-0.101309294,-0.146360145,1.662216436,-0.008875279,-0.305674562,1.006403176,-0.106375836,0.822166641,-0.226245073,-0.078711172,-0.115565556,-0.243419262,-0.112907084,-0.149343213,-0.110238168,-0.149182967,4.8648313,-0.083689314,-0.242438442
2006/12/21,-0.140098285,-0.120417584,0.815563162,-0.149678939,1.137319902,-0.121149509,-0.262390414,-0.239071875,-0.256067922,4.56599253,-0.186630155,-0.181952901,-0.20387063,-0.271169608,-0.212292225,-0.132937169,0.103953822,-0.221494408,0.368211176,1.37395731,1.003755041,-0.297053137,-0.05812144,-0.364467783,-0.214515305,-0.11319782,-0.272474999,-0.180479786,-0.192032669,-0.06835728,-0.244543887,-0.137134479,-0.102586227,-0.188983143,-0.23180336,-0.117327734,-0.084881446,-0.089738832,-0.100431695,-0.103047596,2.08230376,-0.361257644,-0.263904128,-0.329645591,-0.094258482,-0.165233962,-0.205967822,-0.218580198,-0.162218802,-0.24712035,-0.223403025,-0.312870297,-0.135522289,-0.305751998,-0.101309294,0.053165326,2.669964181,0.111807822,-0.290580168,0.62561591,-0.128377991,3.232296577,-0.226245073,3.216545594,-0.115565556,-0.243419262,-0.172686035,0.033637545,-0.110238168,0.276779927,-0.191507687,-0.083689314,-0.242438442
2007/01/07,-0.140098285,-0.132571897,2.818009087,-0.149678939,0.057601599,-0.121149509,-0.262390414,-0.239071875,-0.256067922,9.665984034,-0.029094832,-0.181952901,-0.20387063,-0.271169608,-0.212292225,-0.132937169,-0.145859586,-0.247585212,-0.288279424,-0.302756803,-0.220904883,-0.297053137,0.077331112,-0.364467783,-0.162263683,-0.11319782,-0.272474999,12.09232945,-0.192032669,-0.06835728,-0.244543887,-0.137134479,-0.102586227,0.201604147,-0.23180336,-0.117327734,-0.10834958,-0.089738832,-0.097878717,-0.103047596,0.07622395,0.249728667,-0.263904128,-0.329645591,-0.094258482,-0.171129789,-0.205967822,-0.218580198,-0.162218802,-0.24712035,-0.223403025,-0.312870297,-0.125222866,-0.305751998,-0.101309294,-0.079851654,8.201379581,19.50869646,-0.308190294,-0.072786542,-0.124710965,0.621322479,-0.226245073,3.298621553,-0.115565556,-0.243419262,-0.172686035,1.520356206,-0.110238168,0.342114815,-0.191507687,-0.083689314,-0.242438442
2007/01/21,-0.140098285,-0.117379006,1.594106101,-0.149678939,0.317890833,-0.121149509,-0.262390414,-0.239071875,-0.256067922,-0.284792622,1.615937488,-0.181952901,-0.20387063,-0.271169608,-0.212292225,-0.132937169,-0.208312937,-0.247585212,-0.419577544,0.535600253,-0.220904883,-0.297053137,0.066043399,-0.364467783,-0.214515305,-0.11319782,-0.272474999,1.308233761,-0.192032669,-0.06835728,-0.244543887,-0.137134479,-0.102586227,0.103957324,-0.23180336,-0.117327734,-0.10834958,-0.089738832,-0.100431695,-0.103047596,-0.162423846,-0.361257644,-0.263904128,-0.329645591,-0.094258482,-0.171129789,-0.205967822,-0.218580198,-0.162218802,-0.24712035,-0.223403025,-0.312870297,-0.131843924,-0.305751998,-0.101309294,-0.129733022,0.200982205,2.981924459,-0.308190294,-0.151751643,-0.128377991,-0.182054166,-0.226245073,-0.031829597,-0.115565556,-0.243419262,-0.172686035,1.32593915,-0.110238168,0.015054538,-0.191507687,-0.083689314,-0.242438442
2007/02/07,-0.140098285,-0.132571897,8.718192564,-0.149678939,-0.597941656,-0.121149509,-0.262390414,-0.239071875,-0.256067922,-0.318403091,-0.065449137,-0.181952901,-0.20387063,-0.271169608,-0.212292225,-0.132937169,-0.208312937,-0.247585212,-0.419577544,-0.302756803,-0.220904883,-0.297053137,-0.148423141,-0.364467783,-0.183779057,-0.11319782,-0.272474999,-0.180479786,-0.192032669,-0.06835728,-0.244543887,-0.137134479,-0.102586227,8.403937236,-0.23180336,-0.117327734,-0.10834958,-0.089738832,-0.085843245,-0.103047596,-0.162423846,-0.361257644,-0.263904128,-0.329645591,-0.094258482,-0.171129789,-0.205967822,-0.218580198,-0.162218802,-0.24712035,-0.223403025,-0.312870297,-0.135522289,-0.305751998,-0.101309294,0.452216267,-0.218912688,-0.020554289,-0.308190294,-0.213168944,-0.128377991,-0.182054166,-0.226245073,-0.243659943,-0.115565556,0.100762029,-0.172686035,1.268757663,-0.110238168,0.307646804,-0.191507687,-0.083689314,-0.242438442
2007/02/21,-0.140098285,-0.124975451,-0.004836924,-0.149678939,0.462495963,-0.121149509,-0.262390414,-0.239071875,-0.256067922,-0.219404981,-0.186630155,0.818540146,-0.20387063,-0.271169608,-0.212292225,-0.132937169,-0.208312937,-0.247585212,-0.419577544,2.212314366,-0.220904883,-0.297053137,-0.148423141,-0.364467783,-0.041623909,-0.11319782,-0.272474999,-0.180479786,-0.192032669,-0.06835728,-0.244543887,-0.137134479,-0.102586227,2.545127887,-0.23180336,-0.117327734,-0.10834958,-0.089738832,-0.100431695,-0.103047596,-0.161950714,-0.361257644,-0.263904128,-0.329645591,-0.094258482,-0.171129789,-0.205967822,-0.218580198,-0.162218802,-0.24712035,-0.223403025,-0.312870297,-0.132763515,-0.305751998,-0.101309294,-0.046597409,3.756092306,0.135165841,-0.308190294,-0.037690941,-0.128377991,-0.182054166,-0.226245073,-0.266901517,-0.115565556,-0.243419262,-0.172686035,-0.332323972,-0.110238168,0.288355006,-0.191507687,-0.083689314,-0.242438442
2007/03/07,-0.140098285,-0.132571897,1.686191825,-0.149678939,-0.308731397,-0.121149509,-0.262390414,0.8683948,-0.256067922,-0.313514295,0.237503408,-0.181952901,-0.20387063,-0.271169608,-0.212292225,0.017578223,-0.208312937,-0.247585212,-0.419577544,-0.302756803,2.840744927,-0.297053137,-0.103272291,-0.364467783,-0.168410933,-0.11319782,-0.272474999,-0.180479786,-0.192032669,-0.06835728,-0.244543887,-0.137134479,-0.102586227,0.103957324,-0.23180336,-0.117327734,-0.10834958,-0.089738832,-0.100431695,-0.103047596,-0.162423846,-0.361257644,-0.263904128,-0.329645591,-0.094258482,-0.171129789,-0.205967822,-0.218580198,-0.162218802,-0.24712035,-0.223403025,-0.312870297,-0.118969646,-0.305751998,-0.101309294,-0.212868635,-0.218912688,-0.069216829,-0.308190294,-0.213168944,-0.128377991,-0.182054166,-0.226245073,-0.053743081,-0.115565556,-0.243419262,-0.172686035,-0.332323972,-0.110238168,-0.00102196,-0.191507687,-0.083689314,-0.242438442
2007/03/21,-0.140098285,-0.132571897,-0.22249409,-0.149678939,-0.597941656,-0.121149509,-0.262390414,-0.239071875,-0.256067922,-0.399068217,-0.186630155,-0.181952901,-0.20387063,-0.271169608,-0.212292225,-0.132937169,-0.208312937,-0.247585212,-0.419577544,-0.302756803,-0.220904883,-0.297053137,-0.103272291,-0.364467783,-0.214515305,-0.11319782,-0.272474999,-0.180479786,-0.192032669,-0.06835728,-0.244543887,-0.137134479,-0.102586227,-0.384276788,-0.23180336,-0.117327734,-0.10834958,-0.089738832,-0.100431695,-0.103047596,-0.162423846,-0.361257644,-0.263904128,-0.329645591,-0.094258482,-0.171129789,-0.205967822,-0.218580198,-0.162218802,-0.24712035,-0.223403025,-0.312870297,-0.133683106,-0.305751998,-0.101309294,-0.212868635,-0.218912688,-0.108146861,-0.308190294,-0.213168944,-0.128377991,-0.182054166,-0.226245073,-0.235691403,-0.115565556,-0.243419262,-0.172686035,-0.332323972,-0.110238168,-0.42801375,-0.191507687,-0.083689314,-0.242438442
2007/04/07,0.319191223,-0.132571897,0.162591665,-0.149678939,-0.597941656,-0.121149509,-0.262390414,0.8683948,-0.256067922,-0.373402041,-0.065449137,-0.181952901,-0.20387063,-0.271169608,-0.212292225,-0.132937169,-0.208312937,-0.247585212,-0.419577544,-0.302756803,-0.220904883,-0.297053137,-0.035546015,-0.364467783,1.222404297,-0.11319782,-0.272474999,-0.180479786,-0.192032669,-0.06835728,-0.244543887,0.228697077,0.013255535,2.056893774,9.156143654,-0.117327734,-0.10834958,19.52413086,-0.092225692,-0.103047596,-0.15863879,-0.361257644,-0.263904128,-0.329645591,-0.094258482,-0.171129789,-0.205967822,-0.218580198,-0.162218802,-0.24712035,-0.223403025,-0.312870297,-0.120808828,-0.305751998,-0.101309294,-0.212868635,-0.218912688,0.222758414,-0.308190294,-0.186847244,-0.100875297,-0.182054166,-0.226245073,-0.225730728,-0.115565556,-0.243419262,-0.172686035,-0.332323972,-0.110238168,0.59316541,-0.191507687,-0.083689314,-0.242438442
2007/04/21,-0.140098285,-0.132571897,-0.163894084,-0.149678939,-0.405134817,-0.121149509,-0.262390414,-0.239071875,-0.256067922,-0.399068217,-0.186630155,-0.181952901,1.510945835,0.98299559,-0.212292225,-0.132937169,-0.208312937,-0.247585212,-0.419577544,-0.302756803,-0.220904883,-0.297053137,-0.125847716,-0.364467783,-0.199147181,-0.11319782,-0.272474999,0.146310993,-0.192032669,-0.06835728,-0.244543887,-0.137134479,-0.076706684,0.592191437,-0.23180336,-0.117327734,-0.10834958,-0.082181472,-0.100431695,-0.103047596,-0.161950714,-0.361257644,-0.263904128,-0.00377341,-0.094258482,0.005745005,-0.205967822,-0.218580198,-0.162218802,-0.24712035,-0.223403025,-0.312870297,-0.135522289,-0.305751998,-0.101309294,-0.212868635,-0.218912688,-0.108146861,-0.308190294,-0.210975469,-0.128377991,-0.182054166,-0.226245073,-0.301099833,-0.115565556,-0.243419262,-0.172686035,-0.332323972,-0.110238168,-0.449877788,-0.191507687,-0.083689314,-0.242438442
2007/05/07,-0.140098285,-0.132571897,-0.22249409,-0.149678939,-0.597941656,-0.121149509,-0.262390414,-0.239071875,-0.256067922,-0.384401831,-0.065449137,-0.181952901,-0.20387063,-0.271169608,-0.212292225,-0.132937169,-0.208312937,-0.247585212,-0.419577544,-0.302756803,-0.220904883,-0.297053137,-0.148423141,-0.364467783,-0.210673274,-0.11319782,-0.272474999,0.001070647,-0.192032669,-0.06835728,-0.244543887,-0.137134479,-0.102586227,1.080425549,-0.23180336,-0.117327734,-0.10834958,0.827220912,-0.100431695,-0.103047596,-0.154380602,-0.361257644,0.079827462,-0.329645591,-0.094258482,-0.171129789,-0.205967822,-0.218580198,-0.162218802,-0.24712035,-0.223403025,-0.312870297,-0.135522289,-0.305751998,-0.101309294,-0.212868635,-0.218912688,-0.108146861,-0.308190294,-0.213168944,0.054973301,-0.182054166,-0.226245073,-0.30740826,-0.115565556,-0.243419262,-0.172686035,-0.332323972,-0.110238168,-0.460166747,-0.191507687,-0.083689314,-0.242438442
2007/05/21,-0.140098285,-0.132571897,-0.22249409,-0.149678939,-0.597941656,-0.121149509,-0.262390414,-0.239071875,-0.256067922,-0.399068217,-0.126039646,-0.181952901,-0.20387063,-0.271169608,-0.212292225,-0.132937169,-0.208312937,-0.247585212,-0.419577544,-0.302756803,-0.220904883,-0.297053137,-0.148423141,-0.364467783,-0.214515305,-0.11319782,-0.272474999,-0.180479786,-0.192032669,-0.06835728,-0.244543887,-0.137134479,-0.102586227,1.080425549,-0.23180336,-0.117327734,-0.10834958,1.210127179,-0.100431695,-0.103047596,-0.162423846,-0.361257644,0.15621226,-0.329645591,-0.094258482,-0.171129789,-0.205967822,-0.218580198,-0.162218802,-0.24712035,-0.223403025,-0.312870297,-0.135522289,-0.305751998,-0.101309294,-0.212868635,-0.218912688,-0.108146861,-0.308190294,-0.213168944,-0.128377991,-0.182054166,-0.226245073,-0.30740826,-0.115565556,-0.243419262,-0.172686035,-0.332323972,-0.110238168,-0.461452867,-0.191507687,-0.083689314,-0.242438442
2007/06/07,-0.140098285,-0.132571897,-0.22249409,-0.149678939,-0.453336527,-0.121149509,-0.262390414,-0.239071875,-0.256067922,-0.388985077,-0.141187273,0.318293623,-0.20387063,-0.271169608,-0.212292225,-0.132937169,-0.208312937,-0.247585212,-0.419577544,-0.302756803,-0.220904883,-0.297053137,-0.148423141,-0.364467783,-0.214515305,-0.11319782,-0.272474999,-0.180479786,-0.192032669,-0.050338657,-0.244543887,-0.137134479,-0.102586227,-0.140159732,-0.23180336,-0.117327734,-0.10834958,-0.089738832,-0.100431695,-0.103047596,-0.154617168,-0.361257644,-0.263904128,-0.329645591,-0.094258482,0.005745005,-0.205967822,-0.218580198,-0.162218802,-0.24712035,-0.223403025,-0.312870297,-0.135522289,-0.305751998,-0.101309294,-0.212868635,-0.218912688,-0.001089272,-0.308190294,-0.213168944,-0.128377991,-0.182054166,-0.226245073,-0.30740826,-0.115565556,-0.071328617,-0.172686035,-0.217960998,-0.110238168,-0.43122905,-0.191507687,-0.083689314,-0.242438442
2007/06/21,-0.140098285,-0.132571897,-0.22249409,-0.149678939,-0.356933107,-0.121149509,-0.262390414,-0.239071875,-0.256067922,-0.395401621,-0.156334901,-0.181952901,-0.20387063,-0.271169608,-0.212292225,-0.095308321,-0.208312937,-0.247585212,-0.419577544,-0.302756803,-0.220904883,-0.297053137,-0.148423141,-0.364467783,-0.214515305,-0.11319782,-0.272474999,-0.180479786,-0.192032669,-0.059347968,-0.244543887,-0.137134479,-0.102586227,-0.384276788,-0.23180336,-0.117327734,-0.10834958,-0.089738832,-0.098836084,-0.103047596,-0.162423846,-0.361257644,-0.244807928,-0.329645591,-0.094258482,6.656974214,-0.205967822,-0.217780268,-0.162218802,-0.24712035,-0.223403025,-0.312870297,-0.134142902,-0.305751998,-0.101309294,-0.212868635,-0.218912688,-0.108146861,-0.308190294,-0.213168944,-0.128377991,-0.182054166,-0.226245073,-0.30740826,-0.060299403,-0.243419262,-0.172686035,-0.332323972,-0.110238168,-0.454700737,-0.191507687,-0.075829036,-0.242438442
2007/07/07,-0.140098285,-0.132571897,-0.22249409,-0.149678939,-0.597941656,-0.121149509,-0.262390414,-0.239071875,-0.256067922,-0.392142424,-0.186630155,0.151544782,-0.20387063,-0.271169608,-0.212292225,0.017578223,-0.190964784,-0.247585212,-0.419577544,-0.302756803,-0.220904883,-0.297053137,-0.148423141,-0.364467783,-0.214515305,-0.11319782,-0.272474999,-0.180479786,-0.155157237,-0.06835728,-0.244543887,-0.137134479,-0.102586227,-0.384276788,-0.23180336,-0.117327734,-0.10834958,-0.089738832,-0.097392435,-0.103047596,-0.159742765,-0.361257644,-0.263904128,-0.329645591,-0.093581419,-0.171129789,-0.205967822,-0.216447052,-0.162218802,-0.24712035,-0.223403025,-0.312870297,-0.131843924,-0.305751998,-0.101309294,-0.212868635,-0.218912688,-0.108146861,-0.308190294,-0.211706628,-0.110042862,-0.182054166,-0.226245073,-0.30740826,-0.053436286,-0.128692165,-0.172686035,-0.332323972,-0.110238168,-0.442589775,0.200456576,0.021114391,-0.242438442
2007/07/21,-0.140098285,-0.132571897,-0.22249409,-0.149678939,-0.482257553,-0.121149509,-0.262390414,-0.239071875,-0.256067922,-0.398090458,-0.186630155,-0.181952901,-0.20387063,-0.271169608,-0.212292225,-0.072731012,-0.208312937,-0.247585212,-0.025683184,-0.302756803,-0.220904883,-0.297053137,-0.148423141,-0.364467783,-0.214515305,-0.11319782,-0.272474999,-0.180479786,-0.192032669,-0.025112584,-0.244543887,-0.137134479,-0.102586227,-0.188983143,-0.23180336,-0.117327734,-0.10834958,-0.089738832,-0.100431695,-0.103047596,-0.161666835,-0.361257644,-0.141688451,-0.329645591,-0.094258482,-0.062056999,-0.205967822,-0.218580198,-0.162218802,-0.24712035,-0.223403025,-0.312870297,-0.135522289,-0.305751998,-0.101309294,-0.212868635,-0.218912688,-0.108146861,-0.308190294,-0.213168944,-0.128377991,-0.182054166,-0.226245073,-0.296517922,-0.115565556,-0.243419262,-0.172686035,-0.149343213,-0.110238168,-0.446019428,-0.191507687,-0.083689314,-0.242438442
2007/08/07,-0.140098285,-0.132571897,-0.22249409,-0.149678939,-0.212327977,-0.121149509,-0.262390414,-0.239071875,-0.256067922,-0.38562403,-0.186630155,-0.181952901,-0.20387063,-0.271169608,-0.212292225,-0.132937169,-0.104224018,-0.247585212,0.236913056,-0.302756803,-0.220904883,-0.297053137,-0.103272291,-0.364467783,-0.214515305,-0.11319782,-0.272474999,-0.180479786,-0.192032669,-0.06835728,-0.244543887,-0.137134479,-0.102586227,-0.384276788,-0.23180336,-0.117327734,-0.10834958,-0.089738832,-0.100431695,-0.103047596,-0.162423846,-0.361257644,-0.263904128,-0.329645591,-0.094258482,-0.156390222,-0.205967822,-0.218580198,-0.162218802,-0.24712035,-0.223403025,-0.312870297,-0.135522289,-0.305751998,-0.101309294,-0.212868635,-0.218912688,-0.108146861,-0.308190294,-0.213168944,-0.128377991,-0.182054166,-0.226245073,-0.288150956,-0.115565556,0.100762029,-0.172686035,-0.332323972,-0.110238168,-0.416438672,-0.191507687,-0.083689314,-0.242438442
2007/08/21,-0.140098285,-0.132571897,-0.22249409,-0.149678939,-0.429235672,-0.121149509,-0.262390414,-0.239071875,-0.256067922,-0.326652933,-0.141187273,-0.181952901,-0.20387063,-0.271169608,-0.212292225,-0.132937169,-0.208312937,-0.247585212,-0.419577544,-0.302756803,-0.220904883,-0.297053137,0.235359088,-0.364467783,-0.145358747,-0.11319782,-0.272474999,-0.180479786,-0.192032669,-0.032320034,-0.244543887,-0.137134479,-0.102586227,-0.384276788,-0.23180336,-0.117327734,-0.10834958,-0.089738832,-0.100431695,-0.103047596,-0.162423846,-0.361257644,-0.263904128,-0.329645591,-0.094258482,-0.171129789,-0.205967822,-0.218580198,-0.162218802,-0.24712035,-0.223403025,-0.312870297,-0.129544945,-0.305751998,-0.101309294,-0.171300828,-0.218912688,-0.095981226,-0.308190294,-0.204395044,-0.128377991,-0.182054166,-0.226245073,-0.034319765,-0.115565556,-0.114351278,-0.172686035,-0.332323972,-0.110238168,0.332083081,-0.191507687,-0.083689314,-0.242438442
2007/09/07,1.697059746,-0.132571897,-0.22249409,-0.149678939,0.173285703,-0.121149509,-0.262390414,-0.239071875,-0.256067922,-0.399068217,-0.186630155,-0.181952901,-0.20387063,-0.271169608,-0.212292225,-0.132937169,-0.208312937,-0.247585212,-0.419577544,-0.302756803,-0.220904883,-0.297053137,-0.148423141,-0.364467783,-0.214515305,-0.11319782,-0.272474999,-0.180479786,0.25047251,-0.06835728,-0.244543887,-0.137134479,-0.102586227,-0.384276788,-0.23180336,-0.117327734,-0.10834958,-0.089738832,-0.100431695,-0.103047596,-0.162423846,-0.361257644,-0.263904128,-0.329645591,-0.094258482,-0.171129789,-0.205967822,-0.218580198,-0.162218802,-0.24712035,-0.223403025,-0.312870297,-0.135522289,-0.305751998,-0.101309294,-0.212868635,-0.218912688,-0.108146861,-0.308190294,-0.213168944,-0.128377991,-0.182054166,-0.226245073,-0.210457694,-0.115565556,-0.243419262,-0.172686035,-0.332323972,-0.110238168,-0.42801375,-0.191507687,-0.083689314,-0.242438442
2007/09/21,-0.140098285,-0.132571897,-0.22249409,-0.149678939,-0.597941656,-0.121149509,-0.262390414,-0.239071875,-0.256067922,-0.180294617,-0.126039646,-0.181952901,-0.20387063,0.355912991,-0.212292225,-0.132937169,-0.208312937,-0.247585212,-0.255454894,-0.302756803,-0.220904883,0.745870393,0.133769675,-0.364467783,0.196582014,-0.11319782,-0.272474999,-0.180479786,-0.081406374,-0.06835728,-0.244543887,-0.137134479,-0.102586227,-0.384276788,-0.23180336,-0.117327734,-0.10834958,-0.089738832,-0.100431695,-0.103047596,-0.15863879,-0.170324422,-0.263904128,-0.329645591,-0.094258482,-0.171129789,-0.205967822,-0.218580198,0.09063474,-0.24712035,-0.223403025,-0.312870297,-0.131384128,-0.305751998,-0.101309294,-0.046597409,0.34094717,-0.108146861,-0.308190294,-0.213168944,-0.128377991,-0.182054166,-0.226245073,1.114976069,-0.115565556,-0.243419262,-0.172686035,0.067946437,-0.110238168,-0.148282683,-0.191507687,-0.083689314,-0.242438442
2007/10/07,-0.140098285,-0.132571897,-0.22249409,-0.149678939,-0.405134817,-0.121149509,-0.262390414,-0.239071875,-0.256067922,-0.128554864,-0.186630155,-0.181952901,-0.20387063,0.564940524,-0.212292225,-0.132937169,-0.173616631,-0.247585212,-0.419577544,-0.302756803,-0.220904883,-0.297053137,0.257934514,-0.364467783,2.521010783,-0.11319782,-0.272474999,-0.180479786,-0.192032669,-0.06835728,-0.244543887,-0.137134479,-0.102586227,-0.384276788,-0.23180336,-0.117327734,-0.10834958,-0.089738832,-0.100431695,-0.103047596,-0.162423846,-0.361257644,-0.263904128,-0.329645591,-0.094258482,-0.171129789,-0.205967822,-0.218580198,-0.114056223,-0.24712035,-0.223403025,-0.312870297,-0.128165558,-0.305751998,-0.101309294,-0.212868635,-0.218912688,-0.069216829,-0.308190294,-0.201470411,0.048861592,-0.182054166,-0.226245073,0.309710867,-0.115565556,-0.243419262,-0.172686035,0.048885941,-0.110238168,-0.386000502,-0.191507687,-0.083689314,-0.242438442
2007/10/21,-0.140098285,-0.132571897,-0.133198842,-0.149678939,-0.53367271,-0.121149509,-0.262390414,-0.239071875,-0.256067922,-0.175813221,-0.186630155,-0.181952901,-0.20387063,-0.271169608,-0.212292225,-0.132937169,-0.208312937,-0.183807691,-0.419577544,-0.302756803,-0.220904883,-0.297053137,-0.043071157,-0.364467783,1.424751264,-0.11319782,-0.272474999,-0.180479786,-0.192032669,-0.06835728,-0.244543887,-0.137134479,-0.102586227,0.266702028,-0.23180336,-0.117327734,-0.10834958,-0.089738832,-0.100431695,-0.103047596,-0.158323369,-0.361257644,-0.263904128,-0.329645591,-0.094258482,-0.171129789,-0.205967822,-0.218580198,-0.162218802,-0.24712035,-0.223403025,-0.312870297,-0.130004741,-0.305751998,-0.101309294,-0.212868635,1.386018905,-0.108146861,-0.308190294,-0.210244311,-0.128377991,-0.182054166,-0.226245073,-0.093585779,-0.115565556,-0.243419262,-0.172686035,-0.332323972,-0.110238168,-0.43058599,-0.191507687,-0.083689314,-0.242438442
2007/11/07,0.778480731,-0.132571897,-0.22249409,-0.149678939,-0.597941656,-0.121149509,-0.262390414,-0.239071875,-0.256067922,-0.399068217,-0.126039646,-0.181952901,-0.20387063,-0.271169608,-0.212292225,-0.132937169,-0.104224018,-0.247585212,3.519366055,-0.302756803,-0.220904883,-0.297053137,-0.148423141,-0.364467783,-0.214515305,-0.11319782,-0.272474999,-0.180479786,-0.192032669,-0.06835728,-0.244543887,-0.137134479,-0.102586227,-0.384276788,-0.23180336,-0.117327734,-0.10834958,-0.089738832,-0.100431695,-0.103047596,-0.145391093,-0.361257644,-0.263904128,-0.329645591,-0.094258482,-0.171129789,-0.205967822,-0.215380479,0.199000544,-0.24712035,-0.223403025,-0.312870297,-0.130004741,-0.305751998,-0.101309294,0.119673816,-0.218912688,-0.108146861,-0.308190294,-0.213168944,2.786907562,-0.182054166,-0.226245073,-0.30740826,-0.115565556,-0.243419262,-0.172686035,-0.332323972,-0.110238168,-0.458880627,-0.191507687,-0.083689314,-0.242438442
2007/11/21,-0.048240383,-0.132571897,0.105665945,-0.149678939,-0.250889345,-0.121149509,0.846696514,0.203914795,-0.256067922,0.865663188,0.007259474,0.218244318,-0.20387063,0.481329511,-0.212292225,-0.132937169,-0.208312937,-0.247585212,0.762105535,1.038614487,-0.220904883,-0.297053137,-0.094242121,-0.364467783,-0.114622498,-0.11319782,-0.272474999,-0.180479786,-0.192032669,0.464993964,-0.244543887,0.082364455,-0.100614452,0.201604147,-0.23180336,-0.117327734,-0.102482547,-0.089738832,-0.094596315,-0.103047596,-0.157124767,8.039804128,-0.263904128,-0.329645591,-0.094258482,-0.165233962,-0.205967822,-0.216020423,-0.017731063,-0.24712035,-0.223403025,-0.312870297,-0.112716425,-0.305751998,-0.101309294,0.319199287,-0.218912688,-0.053644816,-0.308190294,1.380171322,-0.01470019,3.73440698,-0.226245073,-0.29545545,-0.115565556,-0.243419262,-0.172686035,-0.332323972,-0.110238168,0.380183963,-0.191507687,-0.083689314,-0.242438442
2007/12/07,0.012998218,-0.132571897,0.536515514,-0.149678939,-0.019521137,-0.121149509,1.586087799,-0.239071875,-0.256067922,2.798204064,0.055731881,-0.181952901,-0.20387063,0.564940524,-0.212292225,0.06775002,0.312131662,-0.247585212,0.018082856,-0.302756803,-0.220904883,2.484076275,-0.118322574,0.855529519,0.651222352,-0.11319782,0.733953322,5.241826466,-0.192032669,0.292015182,-0.244543887,-0.015190627,-0.09765679,0.266702028,6.026827983,-0.117327734,-0.10834958,-0.089738832,-0.074294054,-0.103047596,-0.162423846,-0.233968829,0.14348146,-0.329645591,-0.094258482,-0.063039637,-0.205967822,-0.206847894,-0.162218802,-0.24712035,-0.223403025,-0.312870297,-0.109773733,1.216250985,-0.101309294,1.338996135,0.639539094,0.083259131,-0.308190294,0.114389994,0.440011016,-0.182054166,-0.226245073,-0.146709377,-0.115565556,-0.243419262,-0.172686035,1.306878654,-0.110238168,0.436258788,-0.191507687,-0.083689314,-0.242438442
2007/12/21,-0.140098285,-0.132571897,-0.22249409,-0.149678939,0.237554649,-0.121149509,5.283044227,0.499239241,-0.256067922,0.583579686,-0.126039646,-0.181952901,-0.20387063,-0.271169608,-0.212292225,-0.132937169,-0.034831404,-0.247585212,-0.419577544,-0.302756803,-0.220904883,-0.297053137,0.032180261,-0.364467783,0.410455075,-0.11319782,-0.272474999,-0.180479786,-0.192032669,-0.06835728,-0.244543887,-0.137134479,-0.102586227,-0.384276788,-0.23180336,-0.117327734,-0.10834958,-0.089738832,-0.076117611,-0.103047596,-0.162423846,-0.233968829,-0.136596132,-0.329645591,-0.094258482,-0.171129789,-0.205967822,-0.218580198,1.523471481,-0.24712035,-0.223403025,-0.312870297,0.042878419,-0.305751998,-0.101309294,0.2305213,1.945878764,-0.072460998,-0.308190294,-0.213168944,0.635585728,-0.182054166,-0.226245073,-0.30740826,-0.115565556,-0.243419262,-0.172686035,-0.332323972,-0.110238168,-0.071329846,-0.191507687,-0.083689314,-0.242438442
2008/01/07,-0.140098285,-0.132571897,-0.22249409,-0.149678939,-0.597941656,-0.121149509,10.82847887,-0.239071875,-0.256067922,6.958569066,-0.126039646,-0.181952901,-0.20387063,-0.271169608,-0.212292225,-0.132937169,-0.208312937,-0.247585212,-0.419577544,-0.302756803,-0.220904883,-0.297053137,-0.148423141,-0.364467783,1.76028864,-0.11319782,-0.272474999,-0.180479786,-0.192032669,-0.06835728,-0.244543887,-0.137134479,-0.102586227,-0.384276788,-0.23180336,-0.117327734,-0.10834958,-0.089738832,0.669109083,-0.103047596,-0.148229885,-0.361257644,-0.263904128,-0.329645591,-0.094258482,-0.171129789,-0.205967822,-0.21218076,-0.162218802,-0.24712035,-0.223403025,-0.312870297,-0.10793455,-0.305751998,-0.101309294,-0.212868635,1.460666887,0.835906424,-0.308190294,-0.213168944,0.311665111,-0.182054166,-0.226245073,-0.247644212,-0.115565556,0.789124611,-0.172686035,-0.332323972,-0.110238168,-0.443447189,-0.191507687,-0.083689314,-0.242438442
2008/01/21,-0.140098285,-0.132571897,0.648134573,-0.149678939,-0.164126267,-0.121149509,2.510326906,-0.239071875,-0.256067922,0.354417395,-0.141187273,0.318293623,-0.20387063,-0.271169608,-0.212292225,-0.057679473,-0.156268478,-0.247585212,-0.091332244,-0.302756803,-0.220904883,-0.297053137,-0.148423141,-0.364467783,1.264666638,-0.11319782,-0.272474999,-0.180479786,-0.192032669,-0.014301411,-0.244543887,-0.137134479,-0.09888915,-0.384276788,-0.23180336,-0.117327734,-0.10834958,-0.089738832,1.197028645,-0.103047596,-0.162423846,-0.170324422,-0.263904128,-0.329645591,-0.094258482,-0.163760006,-0.205967822,-0.216180409,3.30E-04,-0.24712035,-0.223403025,-0.312870297,-0.120349033,-0.305751998,-0.101309294,-0.129733022,-0.218912688,0.432007338,-0.308190294,-0.208781994,0.164984077,-0.182054166,-0.226245073,-0.30740826,-0.115565556,-0.243419262,-0.172686035,0.954259485,-0.110238168,-0.422869271,-0.191507687,-0.083689314,-0.242438442
2008/02/07,-0.140098285,-0.132571897,-0.22249409,-0.149678939,-0.597941656,-0.121149509,-0.262390414,-0.239071875,-0.256067922,-0.399068217,-0.065449137,5.821005381,-0.20387063,-0.271169608,-0.212292225,-0.132937169,-0.208312937,-0.247585212,-0.419577544,-0.302756803,-0.220904883,3.87464098,-0.148423141,-0.364467783,-0.214515305,-0.11319782,-0.272474999,-0.180479786,-0.192032669,19.96835159,-0.244543887,-0.137134479,-0.102586227,-0.384276788,-0.23180336,-0.117327734,-0.10834958,-0.089738832,-0.100431695,-0.103047596,-0.162423846,7.657937683,-0.263904128,-0.329645591,-0.094258482,-0.171129789,-0.205967822,-0.218580198,-0.089974933,-0.24712035,-0.223403025,-0.312870297,0.00793395,-0.305751998,-0.101309294,-0.212868635,-0.218912688,-0.108146861,-0.308190294,-0.213168944,-0.128377991,-0.182054166,-0.226245073,-0.30740826,-0.115565556,-0.243419262,-0.172686035,-0.332323972,-0.110238168,-0.422869271,-0.191507687,-0.083689314,-0.242438442
2008/02/21,-0.140098285,-0.132571897,-0.22249409,-0.149678939,-0.019521137,-0.121149509,-0.262390414,1.975861475,-0.256067922,-0.399068217,-0.186630155,-0.181952901,-0.20387063,-0.271169608,-0.212292225,-0.132937169,-0.208312937,-0.247585212,-0.419577544,-0.302756803,-0.220904883,-0.297053137,-0.148423141,-0.364467783,-0.214515305,-0.11319782,-0.272474999,-0.180479786,-0.192032669,-0.06835728,-0.244543887,-0.137134479,-0.102586227,-0.384276788,-0.23180336,-0.117327734,-0.10834958,-0.089738832,-0.100431695,-0.103047596,-0.162423846,0.402475245,-0.263904128,2.277331861,-0.094258482,-0.171129789,-0.205967822,-0.218580198,-0.162218802,-0.24712035,-0.223403025,-0.312870297,-0.135522289,-0.305751998,-0.101309294,0.119673816,-0.218912688,-0.108146861,-0.308190294,-0.213168944,-0.128377991,-0.182054166,-0.226245073,-0.30740826,-0.115565556,-0.243419262,-0.172686035,-0.332323972,-0.110238168,-0.451163908,-0.191507687,-0.083689314,-0.242438442
2008/03/07,0.16609472,-0.132571897,-0.22249409,-0.149678939,-0.212327977,-0.121149509,-0.262390414,-0.239071875,-0.256067922,-0.329810281,0.096125554,-0.181952901,-0.20387063,-0.271169608,-0.212292225,5.18527335,-0.208312937,-0.247585212,0.018082856,-0.302756803,-0.220904883,-0.297053137,-0.148423141,-0.364467783,-0.214515305,-0.11319782,-0.272474999,-0.180479786,-0.192032669,0.484213828,-0.244543887,-0.137134479,-0.102586227,0.266702028,2.897512311,-0.117327734,-0.10834958,-0.089738832,-0.100431695,-0.103047596,-0.162423846,4.475717315,3.886336549,-0.329645591,-0.094258482,-0.171129789,-0.205967822,-0.218580198,2.486723072,-0.24712035,6.382593389,-0.312870297,-0.018427666,-0.305751998,-0.101309294,-0.212868635,-0.218912688,-0.108146861,-0.308190294,-0.14882701,-0.128377991,-0.182054166,-0.226245073,-0.30740826,-0.115565556,-0.243419262,-0.172686035,1.268757663,-0.110238168,-0.456308387,-0.191507687,-0.083689314,-0.242438442
2008/03/21,-0.140098285,-0.132571897,-0.22249409,-0.149678939,-0.115924557,-0.121149509,-0.262390414,-0.239071875,-0.256067922,-0.334291677,-0.186630155,-0.181952901,-0.20387063,-0.271169608,-0.212292225,-0.132937169,-0.182290708,-0.247585212,-0.091332244,-0.302756803,-0.220904883,-0.297053137,-0.091984578,-0.364467783,2.843741389,-0.11319782,-0.272474999,-0.180479786,-0.192032669,0.021735836,-0.244543887,-0.137134479,-0.101353868,-0.140159732,-0.23180336,-0.117327734,-0.10834958,-0.089738832,-0.064416458,-0.103047596,-0.16100445,0.8798083,-0.263904128,-0.329645591,-0.094258482,-0.171129789,-0.205967822,-0.218580198,0.018390871,-0.24712035,-0.223403025,-0.312870297,-0.095520068,-0.305751998,-0.101309294,-0.046597409,-0.218912688,0.514733657,-0.308190294,-0.118849518,-0.128377991,-0.182054166,-0.226245073,-0.241335785,-0.115565556,-0.243419262,-0.172686035,-0.160779511,-0.110238168,-0.460166747,-0.191507687,-0.083689314,-0.242438442
2008/04/07,-0.140098285,-0.132571897,1.842458508,-0.149678939,-0.469403763,-0.121149509,-0.262390414,-0.239071875,-0.256067922,-0.365661448,-0.126039646,-0.181952901,-0.20387063,-0.271169608,-0.212292225,-0.132937169,-0.104224018,-0.247585212,-0.419577544,-0.302756803,-0.220904883,1.093511569,-0.148423141,-0.364467783,6.145326714,-0.11319782,-0.272474999,-0.180479786,-0.192032669,0.003717213,-0.244543887,-0.137134479,-0.099299936,-0.384276788,-0.23180336,-0.117327734,-0.10834958,-0.049432909,-0.100431695,-0.103047596,-0.153592048,-0.233968829,-0.263904128,-0.329645591,-0.094258482,-0.171129789,-0.205967822,-0.218580198,-0.162218802,-0.24712035,-0.223403025,-0.312870297,-0.12203495,-0.305751998,-0.101309294,-0.212868635,-0.218912688,0.589349552,-0.308190294,-0.14005311,-0.055037474,-0.182054166,-0.226245073,-0.30740826,-0.115565556,-0.243419262,-0.172686035,-0.332323972,-0.110238168,-0.458880627,-0.191507687,-0.083689314,-0.242438442
2008/04/21,-0.140098285,-0.132571897,0.123524994,-0.149678939,-0.019521137,-0.121149509,-0.262390414,-0.239071875,-0.256067922,-0.399068217,-0.186630155,-0.181952901,-0.20387063,-0.271169608,-0.212292225,-0.132937169,-0.208312937,-0.247585212,0.018082856,-0.302756803,-0.220904883,-0.297053137,-0.148423141,-0.364467783,-0.214515305,-0.11319782,-0.272474999,-0.180479786,-0.192032669,-0.06835728,-0.244543887,-0.137134479,-0.102586227,-0.05878738,2.897512311,-0.117327734,-0.10834958,-0.089738832,-0.100431695,-0.103047596,-0.162423846,-0.361257644,-0.263904128,-0.329645591,-0.094258482,-0.033560505,-0.205967822,-0.218580198,-0.114056223,-0.24712035,-0.223403025,-0.312870297,-0.128165558,-0.305751998,-0.101309294,-0.212868635,-0.218912688,-0.108146861,-0.308190294,-0.213168944,-0.128377991,-0.182054166,-0.226245073,-0.30740826,-0.115565556,-0.186055714,-0.172686035,0.506337837,-0.110238168,-0.45973804,-0.191507687,-0.083689314,-0.242438442
2008/05/07,0.319191223,-0.132571897,-0.22249409,-0.149678939,-0.34086587,-0.121149509,-0.262390414,-0.239071875,-0.256067922,-0.391735024,-0.146236482,0.485042464,6.65539523,-0.271169608,-0.212292225,0.168093615,-0.173616631,-0.247585212,-0.200747344,-0.302756803,-0.220904883,-0.297053137,-0.148423141,-0.364467783,-0.214515305,-0.11319782,-0.272474999,-0.180479786,-0.192032669,0.292015182,-0.244543887,-0.137134479,-0.102586227,-0.384276788,-0.23180336,-0.117327734,-0.10834958,-0.089738832,-0.100431695,-0.103047596,-0.159900475,0.0206088,-0.111134532,-0.329645591,-0.094258482,-0.121997902,-0.205967822,-0.216447052,-0.114056223,-0.24712035,-0.223403025,-0.312870297,-0.080959873,-0.305751998,-0.101309294,-0.212868635,-0.218912688,-0.108146861,-0.308190294,-0.213168944,-0.018367216,-0.182054166,-0.226245073,-0.30740826,-0.115565556,-0.243419262,-0.172686035,-0.332323972,-0.110238168,-0.444304602,-0.191507687,-0.083689314,-0.242438442
2008/05/21,-0.140098285,-0.132571897,-0.22249409,-0.149678939,-0.405134817,-0.121149509,-0.262390414,-0.239071875,-0.256067922,-0.399068217,-0.186630155,-0.181952901,-0.20387063,0.355912991,-0.212292225,-0.132937169,-0.208312937,-0.247585212,-0.419577544,-0.302756803,-0.220904883,-0.297053137,-0.148423141,-0.364467783,-0.214515305,-0.11319782,-0.272474999,-0.180479786,-0.192032669,-0.06835728,-0.244543887,-0.137134479,-0.102586227,-0.384276788,-0.23180336,-0.117327734,-0.10834958,-0.089738832,-0.100431695,-0.103047596,-0.162423846,-0.361257644,-0.263904128,-0.329645591,-0.094258482,0.330015459,-0.205967822,-0.218580198,-0.162218802,-0.24712035,-0.223403025,-0.312870297,-0.133683106,-0.305751998,-0.101309294,-0.212868635,-0.218912688,-0.108146861,-0.308190294,-0.213168944,-0.128377991,-0.182054166,-0.226245073,-0.30740826,-0.115565556,-0.243419262,-0.172686035,-0.332323972,-0.110238168,-0.461452867,-0.191507687,-0.083689314,-0.242438442
2008/06/07,-0.140098285,-0.132571897,-0.22249409,-0.149678939,-0.597941656,-0.121149509,-0.262390414,-0.239071875,-0.256067922,-0.399068217,-0.126039646,-0.181952901,-0.20387063,-0.271169608,-0.212292225,-0.132937169,-0.208312937,-0.247585212,-0.419577544,-0.302756803,-0.220904883,-0.297053137,-0.148423141,-0.364467783,-0.214515305,-0.11319782,-0.272474999,-0.180479786,0.692977688,-0.06835728,-0.244543887,-0.137134479,-0.102586227,-0.384276788,9.156143654,-0.117327734,-0.10834958,-0.089738832,-0.100431695,-0.103047596,-0.162423846,-0.361257644,-0.263904128,-0.329645591,-0.094258482,-0.112171524,-0.205967822,-0.218580198,-0.162218802,-0.24712035,-0.223403025,-0.312870297,-0.130004741,-0.305751998,-0.101309294,-0.212868635,-0.218912688,-0.108146861,-0.308190294,-0.213168944,-0.128377991,-0.182054166,-0.226245073,-0.30740826,-0.115565556,-0.243419262,-0.172686035,-0.332323972,-0.110238168,-0.461452867,-0.191507687,-0.083689314,-0.242438442
2008/06/21,-0.140098285,-0.132571897,-0.22249409,-0.149678939,-0.212327977,-0.121149509,-0.262390414,-0.239071875,-0.256067922,-0.399068217,-0.045252301,-0.181952901,-0.20387063,0.355912991,-0.212292225,-0.132937169,-0.208312937,-0.247585212,-0.419577544,-0.302756803,-0.220904883,-0.297053137,-0.148423141,-0.364467783,-0.214515305,-0.11319782,-0.272474999,-0.180479786,-0.192032669,0.304027597,-0.244543887,-0.137134479,-0.102586227,-0.221532084,-0.23180336,-0.117327734,-0.10834958,-0.089738832,-0.100431695,-0.103047596,-0.162423846,-0.361257644,-0.263904128,-0.329645591,-0.094258482,-0.171129789,-0.205967822,-0.218580198,-0.162218802,-0.24712035,3.079595182,-0.312870297,-0.131230863,-0.305751998,-0.101309294,-0.212868635,-0.218912688,-0.108146861,-0.308190294,-0.213168944,-0.128377991,-0.182054166,-0.226245073,-0.30740826,-0.115565556,-0.243419262,-0.172686035,-0.332323972,-0.110238168,-0.45845192,-0.191507687,-0.083689314,-0.242438442
2008/07/07,-0.140098285,-0.132571897,-0.22249409,-0.149678939,-0.469403763,-0.121149509,-0.262390414,-0.239071875,-0.256067922,-0.397846019,-0.176531737,0.151544782,-0.20387063,-0.271169608,-0.212292225,-0.082765372,-0.208312937,-0.247585212,-0.419577544,-0.302756803,-0.220904883,-0.297053137,-0.148423141,-0.364467783,-0.214515305,-0.11319782,-0.272474999,-0.180479786,-0.192032669,-0.06835728,-0.244543887,-0.137134479,-0.102586227,-0.384276788,-0.23180336,-0.117327734,-0.10834958,-0.089738832,-0.100431695,-0.103047596,-0.162423846,-0.361257644,-0.263904128,-0.329645591,-0.094258482,-0.171129789,-0.205967822,-0.215380479,-0.162218802,-0.24712035,2.479050053,-0.312870297,-0.132150454,-0.305751998,-0.101309294,-0.212868635,-0.218912688,-0.108146861,-0.308190294,-0.213168944,-0.128377991,-0.182054166,-0.226245073,-0.30740826,-0.115565556,-0.243419262,-0.172686035,-0.332323972,-0.110238168,-0.458880627,-0.191507687,-0.083689314,-0.242438442
2008/07/21,-0.140098285,-0.132571897,-0.22249409,-0.149678939,-0.53367271,-0.121149509,-0.262390414,-0.239071875,-0.256067922,-0.399068217,-0.176531737,0.151544782,-0.20387063,-0.271169608,-0.212292225,-0.032593574,-0.173616631,-0.247585212,-0.310162444,-0.302756803,-0.220904883,-0.297053137,-0.148423141,-0.364467783,-0.214515305,-0.11319782,-0.272474999,-0.180479786,-0.192032669,-0.056344864,-0.244543887,-0.137134479,-0.102586227,-0.384276788,-0.23180336,-0.117327734,-0.10834958,-0.089738832,-0.100431695,-0.103047596,-0.162423846,-0.233968829,-0.263904128,-0.329645591,-0.094258482,-0.171129789,-0.205967822,-0.217513625,-0.162218802,-0.24712035,-0.223403025,-0.312870297,-0.131537393,-0.305751998,-0.101309294,-0.212868635,-0.218912688,-0.108146861,-0.308190294,-0.213168944,-0.128377991,-0.182054166,-0.226245073,-0.303645338,-0.115565556,-0.243419262,-0.172686035,-0.332323972,-0.110238168,-0.458023214,-0.191507687,-0.083689314,-0.242438442
2008/08/07,-0.140098285,-0.132571897,-0.22249409,-0.149678939,-0.405134817,-0.121149509,-0.262390414,-0.239071875,-0.256067922,-0.399068217,-0.186630155,-0.181952901,-0.20387063,-0.271169608,-0.212292225,-0.132937169,-0.208312937,-0.247585212,-0.419577544,-0.302756803,-0.220904883,-0.297053137,-0.148423141,-0.364467783,-0.214515305,-0.11319782,-0.272474999,0.327861425,-0.192032669,-0.06835728,-0.244543887,-0.137134479,-0.102586227,-0.384276788,-0.23180336,-0.117327734,-0.10834958,-0.089738832,-0.100431695,-0.103047596,-0.162423846,-0.361257644,-0.263904128,-0.329645591,-0.094258482,-0.171129789,-0.205967822,-0.218580198,-0.162218802,-0.24712035,-0.223403025,-0.312870297,-0.130924332,-0.305751998,-0.101309294,-0.212868635,-0.218912688,-0.108146861,-0.308190294,-0.213168944,-0.128377991,-0.182054166,-0.226245073,-0.30740826,-0.115565556,-0.243419262,-0.172686035,-0.332323972,-0.110238168,-0.461452867,-0.191507687,-0.083689314,-0.242438442
2008/08/21,-0.140098285,-0.132571897,-0.22249409,-0.149678939,-0.597941656,-0.121149509,0.13371206,-0.239071875,-0.256067922,-0.399068217,-0.164990688,-0.181952901,-0.20387063,-0.092003151,-0.212292225,-0.068430573,-0.186008169,-0.247585212,0.096236498,-0.302756803,-0.220904883,-0.297053137,-0.148423141,-0.364467783,-0.214515305,-0.11319782,-0.272474999,-0.15454401,-0.192032669,-0.001430965,-0.244543887,-0.137134479,-0.101529919,-0.384276788,0.438764284,-0.117327734,-0.10834958,-0.089738832,-0.100431695,-0.103047596,-0.162423846,-0.306705295,-0.192975387,-0.329645591,-0.094258482,-0.150073266,-0.205967822,-0.217894544,-0.131257144,-0.24712035,-0.223403025,-0.312870297,-0.130924332,-0.305751998,-0.101309294,-0.212868635,-0.218912688,-0.105366145,-0.293814681,-0.213168944,-0.128377991,-0.182054166,-0.226245073,-0.30740826,-0.115565556,-0.243419262,-0.172686035,-0.299648836,-0.110238168,-0.446386891,-0.191507687,-0.083689314,-0.242438442
2008/09/07,-0.140098285,-0.132571897,-0.22249409,-0.149678939,0.173285703,-0.121149509,-0.262390414,-0.239071875,-0.256067922,-0.294570213,0.161765272,-0.181952901,-0.20387063,0.66945429,-0.212292225,-0.132937169,-0.208312937,-0.247585212,0.236913056,0.116421725,-0.220904883,-0.297053137,-0.148423141,-0.364467783,-0.214515305,-0.11319782,0.029453497,-0.180479786,-0.081406374,-0.06835728,-0.244543887,-0.137134479,-0.102586227,-0.384276788,-0.23180336,-0.117327734,-0.10834958,-0.089738832,-0.100431695,-0.103047596,-0.161477582,-0.361257644,-0.18751933,-0.329645591,-0.094258482,-0.119541307,-0.205967822,-0.214580549,-0.053852998,-0.24712035,6.082320825,-0.312870297,-0.121268624,-0.305751998,-0.101309294,-0.129733022,-0.218912688,-0.108146861,-0.308190294,-0.213168944,-0.128377991,-0.182054166,-0.226245073,2.273070499,-0.115565556,0.014716706,-0.172686035,1.097213202,-0.110238168,0.807304365,-0.191507687,-0.083689314,-0.242438442
2008/09/21,-0.140098285,-0.132571897,-0.22249409,-0.149678939,-0.570397822,-0.121149509,-0.262390414,-0.239071875,-0.256067922,0.21692002,-0.126039646,0.103902256,1.755919616,-0.271169608,-0.212292225,-0.132937169,-0.133963709,-0.247585212,-0.325793173,-0.302756803,-0.220904883,0.894859468,-0.148423141,-0.364467783,-0.214515305,-0.11319782,-0.272474999,-0.180479786,-0.192032669,-0.027171856,-0.244543887,-0.032611177,-0.099769406,-0.244781328,1.109331928,-0.117327734,-0.10834958,-0.089738832,-0.100431695,-0.103047596,-0.141606037,-0.088495898,-0.089310304,-0.329645591,-0.094258482,-0.141650656,-0.205967822,-0.216294684,-0.120936591,-0.24712035,-0.223403025,-0.312870297,-0.116079502,-0.305751998,-0.101309294,-0.16536257,-0.218912688,-0.108146861,-0.308190294,-0.210662116,-0.128377991,-0.182054166,-0.226245073,0.041879395,-0.115565556,-0.095912995,-0.172686035,0.876656038,-0.110238168,1.766474176,-0.191507687,-0.047756615,-0.242438442
2008/10/07,-0.140098285,-0.132571897,-0.22249409,-0.149678939,-0.328012081,-0.121149509,-0.262390414,-0.239071875,-0.256067922,1.158502041,-0.126039646,-0.181952901,-0.20387063,-0.271169608,-0.212292225,-0.072731012,0.124771606,-0.247585212,-0.156981304,-0.302756803,-0.220904883,-0.297053137,-0.148423141,-0.364467783,-0.214515305,-0.11319782,-0.272474999,-0.180479786,0.515975617,-0.06835728,-0.244543887,-0.137134479,-0.102586227,1.568659662,1.645786043,-0.117327734,-0.10834958,-0.089738832,-0.100431695,-0.103047596,-0.162423846,1.700821155,3.081750013,-0.329645591,-0.094258482,-0.171129789,-0.205967822,-0.216020423,0.011166484,-0.24712035,-0.223403025,-0.312870297,-0.052023401,-0.305751998,-0.101309294,0.053165326,0.139397621,-0.108146861,-0.308190294,-0.209659384,2.335863382,-0.182054166,-0.226245073,-0.30740826,-0.115565556,-0.243419262,-0.172686035,-0.332323972,-0.110238168,0.354976014,-0.191507687,-0.083689314,-0.242438442
2008/10/21,1.513343943,-0.132571897,-0.22249409,-0.149678939,-0.250889345,-0.05192585,-0.262390414,-0.239071875,-0.256067922,0.390961141,-0.15027585,0.218244318,-0.20387063,-0.271169608,-0.212292225,0.047681301,0.04150047,-0.231930729,-0.025683184,-0.302756803,-0.220904883,2.205963333,-0.130362801,-0.364467783,-0.214515305,-0.11319782,-0.272474999,-0.180479786,-0.059281115,-0.039527483,-0.244543887,-0.137134479,-0.098642678,-0.384276788,7.278554251,-0.117327734,-0.10834958,-0.089738832,-0.09605516,-0.103047596,-0.091643294,5.90135204,-0.263904128,-0.329645591,-0.094258482,-0.141650656,-0.205967822,-0.21730031,-0.162218802,-0.24712035,-0.223403025,-0.312870297,-0.118601809,-0.305751998,-0.101309294,-0.146360145,-0.218912688,-0.04585881,-0.308190294,-0.206149824,0.564689895,-0.182054166,-0.226245073,-0.30740826,-0.115565556,-0.243419262,-0.172686035,-0.332323972,-0.110238168,-0.359077727,-0.191507687,-0.083689314,2.581389321
2008/11/07,-0.140098285,-0.132571897,-0.22249409,-0.149678939,1.96363493,-0.121149509,-0.262390414,-0.239071875,-0.256067922,1.045570864,0.505832805,-0.181952901,-0.20387063,-0.271169608,-0.212292225,-0.089932771,0.535179348,0.45562408,12.99158757,-0.302756803,-0.220904883,0.894859468,-0.071021683,5.909804055,-0.214515305,-0.11319782,-0.272474999,-0.180479786,-0.192032669,-0.06835728,-0.244543887,-0.137134479,-0.102586227,0.173705055,1.109331928,-0.117327734,-0.10834958,-0.089738832,-0.088448325,-0.103047596,2.332468942,0.620684641,-0.263904128,-0.329645591,-0.094258482,-0.150073266,-0.205967822,-0.213552068,0.064833359,-0.24712035,2.092985328,-0.312870297,-0.105832627,-0.305751998,-0.101309294,-0.212868635,0.612879101,0.165753724,-0.224632041,-0.158018715,0.230466681,-0.182054166,-0.226245073,-0.27496492,-0.115565556,0.076177651,-0.172686035,-0.332323972,-0.110238168,-0.393839709,-0.191507687,-0.083689314,0.261816516
2008/11/21,12.72000793,-0.132571897,-0.22249409,-0.149678939,-0.328012081,-0.121149509,-0.262390414,0.203914795,-0.256067922,2.482876752,-0.174512053,1.018638756,1.167982542,-0.271169608,-0.212292225,-0.132937169,0.062318254,0.140298076,8.902588974,0.367928842,-0.220904883,12.21802921,0.483688766,4.027522504,-0.110012061,-0.11319782,-0.272474999,-0.180479786,-0.192032669,-0.025112584,-0.244543887,-0.137134479,-0.09765679,-0.384276788,-0.23180336,-0.117327734,-0.10834958,-0.089738832,-0.036607223,-0.103047596,0.031371034,-0.055764488,-0.263904128,0.973843135,-0.094258482,5.22355141,-0.205967822,-0.14370677,-0.162218802,0.59872495,-0.223403025,-0.312870297,-0.118969646,-0.305751998,-0.101309294,2.04842003,9.768987184,1.433482421,3.875472577,2.522533121,-0.128377991,-0.182054166,-0.226245073,0.305903676,-0.115565556,0.307270803,-0.172686035,-0.332323972,-0.110238168,0.316906866,-0.073918408,-0.083689314,14.58265731
2008/12/07,-0.140098285,-0.132571897,1.016477469,-0.149678939,-0.501538237,0.436485521,-0.262390414,1.975861475,-0.256067922,0.84207475,-0.156334901,0.068170361,-0.20387063,-0.271169608,-0.212292225,-0.057679473,-0.078201788,7.065449753,-0.091332244,2.42190363,0.544507569,4.396102745,-0.137135429,-0.364467783,0.368512903,-0.11319782,-0.272474999,-0.180479786,-0.192032669,-0.06835728,-0.244543887,-0.137134479,-0.101353868,-0.384276788,0.941690017,-0.117327734,-0.10834958,-0.089738832,0.047732258,-0.103047596,-0.126229246,-0.265791033,-0.263904128,-0.329645591,-0.094258482,-0.163760006,-0.205967822,-0.218580198,-0.162218802,-0.24712035,-0.223403025,-0.312870297,-0.127475865,-0.305751998,-0.101309294,0.784758718,-0.218912688,0.234924049,-0.165108017,0.614867882,-0.128377991,-0.182054166,-0.226245073,0.547549641,-0.115565556,0.401920658,-0.172686035,0.053651065,-0.110238168,-0.284611387,-0.191507687,-0.083689314,2.846123174
2008/12/21,-0.140098285,-0.132571897,5.243119183,-0.149678939,-0.062367101,-0.121149509,-0.262390414,2.714172592,-0.256067922,-0.135344858,-0.065449137,0.707374252,-0.20387063,-0.271169608,-0.212292225,0.034302155,-0.127354889,10.3916649,-0.200747344,0.069846333,0.459461741,4.338162549,-0.128356097,-0.364467783,2.232431564,-0.11319782,-0.272474999,-0.180479786,-0.192032669,-0.06835728,-0.244543887,-0.137134479,-0.102586227,-0.05878738,-0.23180336,-0.117327734,-0.10834958,-0.089738832,0.471759762,-0.103047596,6.798189448,-0.361257644,-0.263904128,0.394514812,-0.094258482,-0.148201575,-0.205967822,-0.2171581,-0.162218802,-0.24712035,-0.223403025,-0.312870297,-0.124078486,-0.305751998,-0.101309294,0.526114589,-0.218912688,0.020538523,-0.237610026,0.619376692,-0.099856679,-0.182054166,-0.226245073,-0.245283164,-0.115565556,0.04339848,-0.172686035,0.163248915,-0.110238168,-0.323409336,-0.191507687,-0.083689314,0.934156459
2009/01/07,-0.140098285,-0.132571897,0.204448812,-0.149678939,1.330126742,0.292269565,-0.262390414,7.513194851,-0.256067922,0.258474782,-0.110892019,1.31878667,-0.20387063,-0.271169608,-0.212292225,-0.132937169,-1.35E-04,1.580945309,-0.091332244,1.37395731,5.902394737,0.745870393,-0.125847716,-0.364467783,2.60361445,-0.11319782,-0.272474999,-0.180479786,-0.192032669,-0.06835728,-0.244543887,-0.137134479,-0.102586227,-0.384276788,-0.23180336,-0.117327734,-0.10834958,-0.089738832,-0.100431695,-0.103047596,-0.144681395,-0.074857811,-0.263904128,-0.329645591,-0.094258482,-0.12691109,-0.205967822,-0.216180409,-0.162218802,-0.24712035,-0.223403025,-0.312870297,-0.135522289,-0.305751998,-0.101309294,-0.129733022,-0.218912688,-0.049751813,-0.308190294,-0.186847244,0.334584023,-0.182054166,-0.226245073,-0.30740826,-0.115565556,0.14378469,-0.172686035,-0.332323972,-0.110238168,1.27802423,-0.191507687,-0.083689314,-0.242438442
2009/01/21,-0.140098285,-0.132571897,-0.22249409,-0.149678939,0.366092543,0.007042452,-0.262390414,4.929105942,-0.256067922,-0.399068217,-0.146236482,-0.181952901,-0.20387063,-0.271169608,-0.212292225,-0.132937169,-0.138920324,1.19320697,-0.419577544,-0.302756803,-0.220904883,-0.297053137,-0.148423141,-0.364467783,11.26547339,-0.11319782,-0.272474999,-0.180479786,-0.192032669,-0.06835728,-0.244543887,-0.137134479,-0.102586227,1.568659662,-0.23180336,-0.117327734,-0.10834958,-0.089738832,0.205317919,-0.103047596,-0.162423846,-0.361257644,-0.263904128,-0.329645591,-0.094258482,-0.151477034,-0.205967822,-0.214313906,-0.162218802,-0.24712035,-0.223403025,-0.312870297,-0.135522289,-0.305751998,-0.101309294,1.117301168,-0.218912688,-0.108146861,-0.308190294,-0.213168944,0.012191333,-0.182054166,-0.226245073,-0.30740826,-0.115565556,-0.243419262,-0.172686035,-0.332323972,-0.110238168,-0.425441511,-0.191507687,-0.083689314,-0.242438442
2009/02/07,-0.140098285,-0.132571897,-0.066227407,-0.149678939,-0.53367271,1.58380357,-0.262390414,-0.239071875,-0.256067922,0.072700552,-0.085645973,2.486028558,-0.20387063,-0.271169608,-0.212292225,-0.132937169,-0.208312937,0.29162474,-0.419577544,-0.302756803,-0.220904883,-0.297053137,-0.103272291,-0.364467783,10.4407174,-0.11319782,-0.071189335,-0.180479786,-0.192032669,-0.06835728,-0.244543887,-0.137134479,-0.102586227,-0.384276788,-0.23180336,-0.117327734,-0.10834958,-0.089738832,-0.100431695,-0.103047596,-0.162423846,-0.361257644,-0.263904128,1.842835619,-0.094258482,-0.171129789,-0.205967822,-0.218580198,-0.162218802,-0.24712035,-0.223403025,-0.312870297,-0.123261072,-0.305751998,-0.101309294,-0.212868635,-0.218912688,-0.108146861,-0.308190294,-0.213168944,1.179527896,-0.182054166,-0.226245073,-0.30740826,-0.115565556,-0.243419262,-0.172686035,0.696942793,-0.110238168,-0.404863593,-0.191507687,-0.083689314,3.287346262
2009/02/21,-0.140098285,-0.132571897,-0.122036936,-0.149678939,0.558899382,-0.121149509,-0.262390414,-0.239071875,-0.256067922,-0.372179842,-0.065449137,-0.181952901,-0.20387063,-0.271169608,-0.212292225,-0.132937169,-1.35E-04,-0.247585212,-0.419577544,-0.302756803,-0.220904883,-0.297053137,-0.148423141,-0.364467783,0.069794991,-0.11319782,-0.272474999,-0.180479786,-0.192032669,-0.06835728,-0.244543887,-0.137134479,-0.102586227,-0.384276788,-0.23180336,-0.117327734,-0.10834958,-0.089738832,-0.100431695,-0.103047596,-0.162423846,3.839273242,-0.263904128,-0.329645591,-0.094258482,-0.171129789,-0.205967822,-0.215380479,-0.162218802,-0.24712035,-0.223403025,-0.312870297,-0.08586436,-0.305751998,-0.101309294,-0.212868635,-0.218912688,-0.108146861,-0.308190294,-0.213168944,-0.128377991,-0.182054166,-0.226245073,-0.30740826,-0.115565556,-0.243419262,-0.172686035,-0.332323972,-0.110238168,-0.461452867,-0.191507687,-0.083689314,-0.242438442
2009/03/07,-0.140098285,9.457518211,-0.22249409,-0.149678939,-0.576518674,-0.121149509,-0.262390414,-0.239071875,-0.256067922,-0.393364623,-0.186630155,-0.181952901,-0.20387063,-0.271169608,-0.212292225,-0.066041439,0.022995774,-0.247585212,-0.419577544,-0.116455235,-0.220904883,-0.297053137,-0.133372858,-0.364467783,0.186763491,-0.11319782,-0.205379778,-0.180479786,0.791312172,-0.06835728,-0.244543887,-0.137134479,-0.102586227,-0.384276788,0.811301864,-0.117327734,-0.10834958,-0.089738832,-0.100431695,-0.103047596,-0.160321037,5.578887043,-0.263904128,-0.329645591,-0.094258482,-0.167854329,-0.205967822,-0.217513625,-0.089974933,-0.24712035,1.97859578,-0.312870297,-0.120195767,-0.305751998,-0.101309294,-0.212868635,-0.218912688,-0.104902692,-0.308190294,-0.207319678,-0.128377991,-0.182054166,-0.226245073,-0.226099642,-0.115565556,0.253731491,-0.172686035,0.252197895,-0.110238168,-0.459166431,0.167792887,-0.083689314,-0.242438442
2009/03/21,-0.140098285,3.088320891,-0.22249409,-0.149678939,-0.194800082,-0.121149509,-0.262390414,-0.239071875,-0.256067922,-0.330180644,-0.087482049,0.181862753,-0.20387063,4.859506202,-0.212292225,0.03126144,-0.037985614,-0.15270956,-0.419577544,-0.302756803,-0.220904883,0.461436703,0.073226489,-0.031741246,-0.195654425,-0.11319782,-0.272474999,-0.180479786,-0.111577182,-0.06835728,-0.244543887,-0.137134479,-0.102138096,1.124810468,-0.23180336,-0.117327734,-0.10834958,-0.089738832,-0.100431695,-0.103047596,-0.157262406,-0.291827381,-0.263904128,-0.329645591,-0.094258482,-0.171129789,-0.205967822,-0.211017225,-0.116245431,-0.24712035,1.086877255,-0.312870297,-0.11428809,-0.305751998,-0.101309294,-0.212868635,-0.218912688,0.05819055,-0.304187992,-0.139787234,-0.121710672,-0.182054166,-0.226245073,11.95991707,-0.115565556,-0.243419262,-0.172686035,10.15787973,-0.110238168,0.174124179,1.572331495,-0.072256183,0.399340595
2009/04/07,-0.140098285,-0.132571897,-0.22249409,-0.149678939,-0.453336527,-0.121149509,-0.262390414,-0.239071875,-0.256067922,-0.399068217,-0.186630155,-0.181952901,-0.20387063,0.66945429,-0.212292225,-0.132937169,0.155998282,-0.247585212,-0.419577544,-0.302756803,-0.220904883,-0.297053137,-0.148423141,-0.364467783,-0.214515305,-0.11319782,-0.272474999,-0.180479786,0.85891713,-0.06835728,-0.244543887,-0.137134479,-0.102586227,-0.140159732,-0.23180336,-0.117327734,-0.10834958,-0.089738832,-0.100431695,-0.103047596,0.183199102,-0.265791033,-0.130230732,-0.329645591,-0.094258482,-0.171129789,-0.205967822,-0.215380479,-0.162218802,-0.24712035,-0.223403025,-0.312870297,-0.118050054,-0.305751998,-0.101309294,-0.212868635,-0.218912688,-0.022987416,-0.308190294,-0.208781994,-0.128377991,-0.182054166,-0.226245073,-0.30740826,-0.115565556,-0.243419262,-0.172686035,0.696942793,-0.110238168,-0.458237567,-0.191507687,-0.083689314,-0.242438442
2009/04/21,-0.140098285,-0.132571897,-0.22249409,-0.149678939,-0.276596923,-0.121149509,-0.262390414,-0.239071875,-0.256067922,-0.399068217,-0.166433319,-0.181952901,2.082551323,-0.271169608,-0.212292225,-0.132937169,-0.208312937,-0.247585212,-0.419577544,-0.302756803,-0.220904883,-0.297053137,-0.148423141,-0.364467783,-0.214515305,-0.11319782,-0.272474999,-0.180479786,-0.192032669,-0.06835728,-0.244543887,-0.137134479,-0.102586227,-0.384276788,-0.23180336,-0.117327734,-0.10834958,-0.089738832,-0.100431695,-0.103047596,-0.139713509,-0.361257644,-0.263904128,-0.329645591,-0.094258482,-0.161303411,-0.205967822,-0.218580198,-0.162218802,-0.24712035,-0.223403025,-0.312870297,-0.12939168,-0.305751998,-0.101309294,-0.102021151,-0.218912688,-0.108146861,-0.308190294,-0.201470411,-0.128377991,-0.182054166,-0.226245073,-0.30740826,-0.115565556,-0.243419262,-0.172686035,0.125127924,-0.110238168,-0.461452867,-0.191507687,-0.083689314,0.934156459
2009/05/07,-0.140098285,-0.132571897,-0.22249409,-0.149678939,-0.597941656,-0.121149509,-0.262390414,-0.239071875,-0.256067922,-0.399068217,-0.186630155,-0.181952901,-0.20387063,-0.271169608,-0.212292225,-0.132937169,-0.208312937,-0.247585212,-0.419577544,-0.302756803,-0.220904883,-0.297053137,-0.148423141,-0.364467783,-0.214515305,-0.11319782,-0.272474999,-0.180479786,-0.192032669,-0.06835728,-0.244543887,-0.137134479,-0.102586227,-0.384276788,-0.23180336,-0.117327734,-0.10834958,-0.089738832,-0.100431695,-0.103047596,-0.162423846,-0.361257644,-0.263904128,-0.329645591,-0.094258482,-0.082692392,-0.205967822,-0.218580198,-0.162218802,-0.24712035,-0.223403025,-0.312870297,-0.130004741,-0.305751998,-0.101309294,-0.212868635,-0.218912688,-0.108146861,-0.308190294,-0.213168944,-0.128377991,-0.182054166,-0.226245073,-0.30740826,-0.115565556,-0.243419262,-0.172686035,-0.332323972,-0.110238168,-0.461452867,-0.191507687,-0.083689314,-0.242438442
2009/05/21,-0.140098285,-0.132571897,-0.22249409,-0.149678939,0.366092543,-0.121149509,-0.262390414,-0.239071875,-0.256067922,-0.399068217,-0.186630155,-0.181952901,-0.20387063,-0.271169608,-0.212292225,-0.132937169,-0.208312937,-0.247585212,-0.419577544,-0.302756803,-0.220904883,-0.297053137,-0.148423141,-0.364467783,-0.214515305,-0.11319782,-0.272474999,-0.180479786,0.25047251,-0.06835728,-0.244543887,-0.137134479,-0.102586227,-0.384276788,-0.23180336,-0.117327734,-0.10834958,-0.089738832,-0.100431695,-0.103047596,0.024936438,-0.361257644,-0.263904128,-0.329645591,-0.094258482,-0.171129789,-0.205967822,-0.218580198,-0.162218802,-0.24712035,-0.223403025,-0.312870297,-0.135522289,-0.305751998,-0.101309294,-0.212868635,-0.218912688,-0.108146861,-0.308190294,-0.213168944,-0.128377991,-0.182054166,-0.226245073,-0.30740826,-0.115565556,-0.243419262,-0.172686035,-0.332323972,-0.110238168,-0.461452867,-0.191507687,-0.083689314,-0.242438442
2009/06/07,-0.077467897,-0.132571897,-0.215644739,-0.149678939,-0.370079028,-0.11415722,-0.262390414,-0.239071875,-0.256067922,-0.386596233,-0.163220186,-0.136475944,-0.20387063,-0.271169608,-0.212292225,-0.023471429,-0.191753337,-0.238097647,-0.195773931,-0.302756803,-0.220904883,-0.297053137,-0.064278374,-0.364467783,-0.212419652,-0.11319782,-0.107786728,-0.165625659,-0.061292502,-0.066719223,-0.241967054,-0.137134479,-0.102362162,-0.362084329,0.621646368,-0.117327734,-0.10834958,-0.089509821,-0.100390251,-0.096888455,-0.161370052,-0.361257644,-0.111134532,0.025851334,-0.083456248,-0.128251051,-0.140561794,-0.194582304,-0.162218802,0.425711139,-0.223403025,-0.312870297,-0.127287767,-0.098206137,-0.018012434,-0.152406371,-0.218912688,-0.098414353,-0.269596673,-0.210975469,-0.127544576,-0.182054166,-0.226245073,-0.302397739,-0.106108247,-0.227774658,-0.172686035,-0.275142485,-0.10523346,-0.447597848,-0.178145269,-0.083689314,-0.242438442
2009/06/21,-0.140098285,-0.132571897,-0.20691393,-0.149678939,-0.390620746,-0.121149509,-0.262390414,-0.239071875,-0.162499465,-0.386659504,-0.143880185,-0.181952901,-0.20387063,-0.115095717,-0.212292225,-0.123529957,-0.187350586,-0.24734363,-0.278432065,-0.302756803,-0.220904883,-0.297053137,-0.134627048,-0.364467783,-0.214515305,-0.11319782,-0.272474999,-0.128132744,-0.093698185,-0.036574431,-0.244543887,-0.137134479,-0.102380834,-0.343861853,-0.23180336,-0.117327734,-0.10834958,-0.086413594,-0.099260314,-0.103047596,-0.161105385,-0.342694692,-0.262312778,-0.149329651,-0.093581419,0.412659388,-0.205967822,-0.110478575,-0.154191705,-0.24712035,0.051846825,0.641700804,-0.12970383,-0.178918416,-0.086765398,-0.011957571,-0.218912688,-0.108146861,-0.302949185,-0.213022713,-0.128377991,-0.182054166,-0.045111591,-0.245762752,-0.110960043,-0.238638967,-0.172686035,-0.319616975,-0.110238168,-0.449676653,-0.179258804,-0.076047377,-0.242438442
2009/07/07,-0.049197236,-0.132571897,-0.22249409,-0.149678939,-0.451328122,-0.121149509,-0.262390414,-0.239071875,-0.256067922,-0.397362231,-0.160121807,-0.09857848,-0.20387063,-0.271169608,-0.005193184,-0.01377915,-0.180122188,-0.247585212,-0.289647113,-0.302756803,-0.220904883,-0.297053137,-0.143249606,-0.364467783,-0.214515305,-0.11319782,-0.108930397,-0.174428105,-0.159766666,-0.06835728,-0.244543887,-0.137134479,-0.102586227,-0.384276788,0.061569984,-0.117327734,-0.10834958,-0.089738832,-0.097886315,-0.103047596,-0.161881716,-0.349324317,-0.263904128,-0.329645591,-0.094173849,-0.103880518,-0.205967822,-0.209914292,-0.159961181,-0.24712035,0.11440361,0.403058029,-0.131326653,-0.020376439,-0.084947411,-0.212868635,-0.218912688,-0.108146861,-0.304652545,-0.209695942,-0.1260861,-0.182054166,-0.226245073,-0.076445118,-0.107799397,-0.229078375,-0.091735373,-0.301350666,-0.110238168,-0.444545749,-0.142512154,-0.039147739,-0.242438442
2009/07/21,-0.140098285,-0.132571897,-0.22249409,-0.149678939,-0.295556263,-0.121149509,-0.262390414,-0.239071875,0.193060672,-0.395874204,-0.180571104,-0.148603132,0.596377054,-0.145753088,-0.212292225,-0.116882194,-0.185760338,-0.247585212,-0.287185273,-0.302756803,-0.220904883,-0.297053137,-0.143908056,-0.21196812,-0.214515305,-0.11319782,0.03951778,-0.170191928,-0.175438725,-0.062831569,-0.244543887,-0.12798869,-0.102421912,-0.23455166,-0.23180336,-0.117327734,-0.10834958,-0.089738832,-0.100431695,-0.100789244,-0.161362453,0.170173158,0.016300772,-0.177571906,-0.094156922,-0.14253503,-0.181985612,0.016759146,1.492165805,-0.176633242,-0.223403025,-0.136641786,0.406408176,-0.305751998,-0.101309294,-0.199012699,-0.218912688,-0.108146861,-0.30750895,-0.210975469,-0.128377991,-0.182054166,-0.226245073,-0.123098151,-0.115565556,-0.158808028,-0.172686035,-0.300683549,-0.110238168,-0.294707428,-0.191507687,-0.083689314,-0.183608697
2009/08/07,-0.140098285,-0.132571897,-0.22249409,-0.149678939,-0.597941656,-0.121149509,-0.262390414,-0.239071875,-0.256067922,-0.399068217,-0.186630155,-0.181952901,-0.20387063,-0.271169608,-0.212292225,-0.132937169,-0.208312937,-0.247585212,-0.419577544,-0.302756803,-0.220904883,-0.297053137,-0.148423141,-0.364467783,-0.214515305,-0.11319782,-0.272474999,-0.180479786,0.02921992,-0.06835728,-0.244543887,-0.137134479,-0.102586227,-0.384276788,-0.23180336,-0.117327734,-0.10834958,-0.089738832,-0.100431695,-0.103047596,-0.162423846,-0.170324422,-0.149326931,-0.329645591,-0.094258482,-0.171129789,-0.205967822,-0.215380479,-0.162218802,-0.24712035,-0.223403025,-0.312870297,-0.135522289,-0.305751998,-0.101309294,-0.212868635,-0.218912688,-0.108146861,-0.308190294,-0.213168944,-0.128377991,-0.182054166,-0.226245073,-0.30740826,-0.115565556,-0.243419262,-0.172686035,-0.332323972,-0.110238168,-0.461452867,-0.191507687,-0.052248203,-0.242438442
2009/08/21,-0.140098285,-0.132571897,-0.22249409,-0.149678939,-0.549739946,-0.121149509,-0.262390414,-0.239071875,-0.256067922,-0.399068217,-0.186630155,-0.181952901,-0.20387063,-0.271169608,-0.212292225,-0.057679473,-0.104224018,-0.247585212,-0.091332244,-0.302756803,-0.220904883,-0.297053137,-0.148423141,-0.364467783,-0.214515305,-0.11319782,-0.272474999,-0.180479786,-0.192032669,-0.06835728,-0.244543887,-0.137134479,-0.102586227,-0.384276788,-0.23180336,-0.117327734,-0.10834958,-0.089738832,-0.100431695,-0.103047596,-0.161477582,-0.361257644,-0.263904128,-0.329645591,-0.094258482,-0.171129789,-0.205967822,-0.216180409,-0.162218802,-0.24712035,-0.223403025,-0.312870297,-0.116670667,-0.305751998,-0.101309294,-0.212868635,-0.218912688,-0.108146861,-0.308190294,-0.213168944,-0.128377991,-0.182054166,-0.226245073,-0.30740826,-0.115565556,-0.243419262,-0.172686035,-0.332323972,-0.110238168,-0.410008073,-0.191507687,-0.083689314,-0.242438442
2009/09/07,0.089546469,-0.132571897,-0.22249409,-0.149678939,-0.115924557,-0.121149509,-0.262390414,-0.239071875,-0.256067922,-0.399068217,-0.186630155,-0.181952901,13.51466109,0.355912991,-0.212292225,-0.132937169,-0.208312937,-0.247585212,-0.419577544,-0.302756803,-0.220904883,-0.297053137,-0.148423141,-0.364467783,-0.214515305,-0.11319782,-0.272474999,-0.180479786,0.02921992,-0.06835728,-0.244543887,-0.137134479,-0.102586227,-0.384276788,-0.23180336,-0.117327734,-0.10834958,-0.089738832,-0.100431695,-0.103047596,-0.161477582,-0.170324422,-0.263904128,-0.329645591,-0.094258482,-0.171129789,-0.205967822,-0.218580198,-0.162218802,-0.24712035,3.379867746,-0.312870297,-0.073909673,-0.305751998,-0.101309294,-0.212868635,-0.218912688,-0.098414353,-0.308190294,-0.213168944,-0.128377991,-0.182054166,-0.226245073,-0.30740826,-0.115565556,-0.243419262,-0.023238659,-0.332323972,-0.110238168,-0.402291353,-0.191507687,-0.083689314,-0.242438442
2009/09/21,-0.140098285,-0.132571897,-0.22249409,-0.149678939,-0.405134817,-0.121149509,-0.262390414,-0.239071875,-0.256067922,0.124032905,-0.065449137,-0.181952901,-0.20387063,0.98299559,-0.212292225,-0.132937169,-0.208312937,-0.247585212,0.893403655,-0.302756803,-0.220904883,3.87464098,-0.148423141,-0.364467783,-0.214515305,-0.11319782,-0.272474999,-0.180479786,0.02921992,-0.06835728,-0.244543887,-0.137134479,-0.102586227,-0.384276788,-0.23180336,-0.117327734,-0.10834958,-0.089738832,-0.100431695,-0.103047596,-0.060227328,-0.361257644,-0.263904128,-0.329645591,-0.094258482,0.418452856,-0.205967822,-0.218580198,-0.162218802,-0.24712035,-0.223403025,-0.312870297,-0.104256185,-0.305751998,-0.101309294,0.784758718,-0.218912688,0.125433333,-0.308190294,-0.204395044,0.109978689,-0.182054166,-0.226245073,3.87873124,-0.115565556,-0.243419262,-0.172686035,9.388528811,-0.110238168,7.329861182,-0.191507687,-0.083689314,-0.242438442
2009/10/07,-0.140098285,-0.132571897,-0.22249409,-0.149678939,-0.405134817,-0.121149509,-0.262390414,-0.239071875,-0.256067922,-0.399068217,-0.186630155,1.819033193,-0.20387063,-0.271169608,-0.212292225,-0.132937169,-0.208312937,-0.247585212,-0.419577544,-0.302756803,-0.220904883,-0.297053137,-0.148423141,-0.364467783,-0.214515305,-0.11319782,-0.272474999,-0.180479786,-0.192032669,-0.06835728,-0.244543887,-0.137134479,-0.102586227,0.592191437,-0.23180336,-0.117327734,-0.10834958,-0.089738832,-0.100431695,-0.103047596,-0.162423846,-0.361257644,-0.263904128,-0.329645591,-0.094258482,-0.171129789,-0.205967822,-0.218580198,-0.162218802,-0.24712035,-0.223403025,-0.312870297,-0.133683106,-0.305751998,-0.101309294,-0.212868635,-0.218912688,-0.108146861,-0.308190294,-0.213168944,-0.128377991,-0.182054166,-0.226245073,-0.30740826,-0.115565556,-0.243419262,-0.172686035,-0.332323972,-0.110238168,-0.322551923,-0.191507687,-0.083689314,-0.242438442
2009/10/21,-0.140098285,-0.132571897,-0.22249409,-0.149678939,0.366092543,-0.121149509,-0.262390414,-0.239071875,-0.256067922,-0.386846229,-0.186630155,-0.181952901,-0.20387063,-0.271169608,-0.212292225,-0.132937169,-0.208312937,-0.247585212,-0.419577544,-0.302756803,-0.220904883,-0.297053137,-0.148423141,-0.364467783,-0.214515305,-0.11319782,-0.272474999,-0.180479786,-0.192032669,-0.06835728,-0.244543887,-0.137134479,-0.102586227,-0.384276788,-0.23180336,-0.117327734,-0.10834958,-0.089738832,-0.100431695,-0.103047596,-0.162423846,0.0206088,-0.263904128,-0.329645591,-0.094258482,-0.171129789,-0.205967822,-0.218580198,-0.162218802,-0.24712035,-0.223403025,-0.312870297,-0.131843924,-0.305751998,-0.101309294,-0.212868635,0.564891113,-0.108146861,-0.308190294,-0.213168944,-0.128377991,-0.182054166,-0.226245073,-0.30740826,-0.115565556,-0.243419262,-0.172686035,-0.332323972,-0.110238168,-0.453736147,-0.191507687,-0.083689314,-0.242438442
2009/11/07,-0.140098285,-0.132571897,-0.22249409,-0.149678939,-0.597941656,-0.121149509,-0.262390414,-0.239071875,-0.256067922,0.248697191,-0.095744392,-0.181952901,-0.20387063,0.355912991,-0.212292225,0.318609007,-0.208312937,0.222049262,1.221648955,-0.302756803,-0.220904883,-0.297053137,0.438537916,-0.364467783,-0.214515305,-0.11319782,-0.272474999,-0.180479786,-0.192032669,-0.06835728,-0.244543887,-0.137134479,-0.102586227,-0.384276788,-0.23180336,-0.117327734,-0.10834958,-0.089738832,-0.100431695,-0.103047596,-0.162423846,-0.361257644,-0.263904128,0.322098772,-0.094258482,-0.171129789,-0.205967822,-0.218580198,0.09063474,-0.24712035,-0.223403025,-0.312870297,-0.130924332,-0.305751998,-0.101309294,-0.046597409,-0.218912688,0.164363365,-0.308190294,-0.186847244,-0.128377991,-0.182054166,-0.226245073,5.007607691,-0.115565556,5.177436072,-0.172686035,2.583931863,-0.110238168,-0.227379054,-0.191507687,-0.083689314,-0.242438442
2009/11/21,-0.140098285,-0.132571897,-0.22249409,-0.149678939,-0.501538237,-0.121149509,-0.262390414,-0.239071875,-0.256067922,-0.399068217,-0.186630155,-0.181952901,-0.20387063,-0.271169608,-0.212292225,-0.132937169,-0.208312937,-0.247585212,1.549894255,-0.302756803,-0.220904883,-0.297053137,-0.148423141,-0.364467783,-0.214515305,-0.11319782,-0.272474999,-0.180479786,-0.192032669,-0.06835728,-0.244543887,-0.137134479,-0.102586227,-0.384276788,-0.23180336,-0.117327734,-0.10834958,-0.089738832,-0.100431695,-0.103047596,-0.147756753,-0.361257644,-0.263904128,-0.329645591,-0.094258482,-0.171129789,-0.205967822,-0.218580198,-0.162218802,-0.24712035,-0.223403025,-0.312870297,-0.132763515,-0.305751998,-0.101309294,-0.212868635,-0.218912688,-0.108146861,-0.308190294,-0.213168944,-0.128377991,-0.182054166,-0.226245073,-0.30740826,-0.115565556,-0.243419262,-0.172686035,-0.332323972,-0.110238168,-0.461452867,-0.191507687,-0.083689314,-0.242438442
2009/12/07,14.78681072,-0.132571897,-0.22249409,-0.149678939,-0.405134817,-0.121149509,-0.262390414,-0.239071875,-0.256067922,-0.399068217,-0.186630155,-0.181952901,-0.20387063,-0.271169608,-0.212292225,-0.132937169,0.208042742,-0.134525061,0.401035706,-0.302756803,-0.220904883,5.960488039,-0.125847716,-0.364467783,-0.214515305,-0.11319782,-0.272474999,-0.180479786,-0.192032669,-0.06835728,-0.244543887,-0.137134479,-0.102586227,-0.140159732,-0.23180336,-0.117327734,-0.10834958,-0.089738832,0.036335031,-0.103047596,1.952003199,0.688875078,-0.263904128,-0.329645591,-0.094258482,-0.171129789,-0.205967822,-0.218580198,0.614402793,-0.24712035,-0.223403025,-0.312870297,-0.130464537,-0.305751998,-0.101309294,0.285945041,-0.218912688,-0.108146861,-0.006302414,-0.213168944,-0.128377991,-0.182054166,-0.226245073,-0.088605442,-0.115565556,-0.243419262,-0.172686035,-0.332323972,-0.110238168,0.067785452,-0.191507687,-0.083689314,1.52245391
2009/12/21,-0.12916282,-0.051308019,0.377223259,0.066733941,0.200196853,-0.103752028,0.991934088,0.749737656,-0.256067922,0.524917348,-0.148206229,-0.082697638,-0.163041667,-0.18158638,-0.123535493,-0.057380831,0.100347567,1.473113672,0.609705932,0.281994684,0.06096129,0.679653026,0.087736756,-0.005004292,0.080604514,-0.100928624,-0.252291134,0.895206527,-0.179622668,-0.06835728,-0.028554758,-0.0879298,-0.100692547,-0.039025523,-0.23180336,0.197717205,-0.085370366,-0.089738832,1.370041336,1.270514172,0.504232992,-0.075382352,0.348083597,0.13329981,-0.094258482,-0.122240411,-0.134152962,-0.199127937,-0.040092261,-0.24712035,-0.223403025,0.070007123,-0.074976916,0.210641871,-0.060794155,1.486686196,0.14206362,-0.063605188,-0.001864845,0.887458443,-0.045251463,0.357024806,-0.084589401,0.070356242,-0.101781766,0.626253107,0.642157993,0.222064159,-0.110238168,0.279203768,-0.188008006,-0.074706139,0.755566162
2010/01/07,-0.140098285,0.26016154,0.211783779,-0.149678939,0.141504356,0.017854247,1.342332431,0.839998218,0.089415612,1.611169587,0.216385507,1.274808953,0.04738453,-0.17010135,-0.212292225,-0.10525998,1.754354185,0.123625765,-0.078106243,0.485237412,0.564133529,-0.117502199,-0.120307227,-0.324248091,0.431524322,-0.092542085,0.046485361,0.866687149,-0.16147874,-0.06835728,0.291252436,0.044776267,-0.101562421,-0.175033597,0.49034641,-0.092250578,-0.003742307,-0.089738832,0.314860885,-0.051626665,-0.082008212,0.039562245,-0.070591832,-0.183062793,-0.089654453,0.273702758,0.068114581,0.280092516,-0.160631025,-0.24712035,-0.084815688,-0.312870297,-0.060472862,0.162556612,-0.101309294,0.227293323,0.632648511,1.503406748,-0.174686,0.281367277,0.011146969,-0.113818649,-0.189089487,0.045468643,-0.085556785,0.051120496,0.030847058,-0.141719015,-0.106473943,0.148600889,-0.131205493,1.572669897,-0.164860756
2010/01/21,-0.140098285,-0.132571897,-0.22249409,-0.149678939,-0.597941656,-0.121149509,-0.262390414,-0.239071875,-0.256067922,-0.399068217,-0.186630155,-0.181952901,-0.20387063,-0.271169608,-0.212292225,0.168093615,-0.208312937,-0.247585212,-0.419577544,-0.302756803,-0.220904883,-0.297053137,-0.148423141,-0.364467783,-0.214515305,-0.11319782,-0.272474999,-0.180479786,-0.192032669,-0.06835728,-0.244543887,-0.137134479,-0.102586227,5.474532561,-0.23180336,-0.117327734,-0.10834958,-0.089738832,-0.100431695,-0.103047596,-0.162423846,-0.361257644,-0.263904128,-0.329645591,-0.094258482,-0.171129789,-0.205967822,-0.218580198,-0.162218802,-0.24712035,-0.223403025,-0.312870297,-0.135522289,-0.305751998,-0.101309294,-0.212868635,-0.218912688,-0.108146861,-0.308190294,-0.213168944,-0.128377991,-0.182054166,-0.226245073,-0.30740826,-0.115565556,-0.243419262,-0.172686035,-0.332323972,-0.110238168,-0.461452867,-0.191507687,-0.083689314,-0.242438442
2010/02/07,-0.140098285,-0.132571897,-0.22249409,-0.149678939,-0.597941656,-0.121149509,-0.262390414,-0.239071875,-0.256067922,-0.391735024,-0.186630155,-0.181952901,-0.20387063,-0.271169608,-0.212292225,0.168093615,-0.104224018,-0.247585212,-0.419577544,-0.302756803,-0.220904883,-0.297053137,-0.148423141,-0.364467783,-0.214515305,-0.11319782,-0.272474999,-0.180479786,-0.192032669,-0.06835728,-0.244543887,-0.137134479,-0.102586227,-0.384276788,-0.23180336,-0.117327734,-0.10834958,-0.089738832,-0.100431695,-0.103047596,-0.162423846,1.166208133,-0.263904128,-0.329645591,-0.094258482,-0.171129789,-0.205967822,-0.218580198,-0.162218802,-0.24712035,6.983138518,-0.312870297,-0.135522289,-0.305751998,-0.101309294,-0.212868635,-0.218912688,-0.108146861,-0.308190294,-0.204395044,0.164984077,-0.182054166,-0.226245073,-0.30740826,-0.115565556,-0.243419262,-0.172686035,-0.332323972,-0.110238168,-0.461452867,-0.191507687,-0.083689314,-0.242438442
2010/02/21,-0.140098285,-0.132571897,-0.22249409,-0.149678939,-0.597941656,-0.121149509,-0.262390414,-0.239071875,-0.256067922,-0.399068217,3.327619368,-0.181952901,-0.20387063,-0.271169608,-0.212292225,0.168093615,-0.208312937,-0.247585212,-0.419577544,-0.302756803,-0.220904883,-0.297053137,-0.148423141,-0.364467783,-0.214515305,-0.11319782,-0.272474999,-0.180479786,-0.192032669,-0.06835728,-0.244543887,-0.137134479,-0.102586227,-0.384276788,-0.23180336,-0.117327734,-0.10834958,-0.089738832,-0.100431695,-0.103047596,-0.157692526,-0.361257644,-0.263904128,-0.329645591,-0.094258482,-0.171129789,-0.205967822,-0.218580198,-0.162218802,-0.24712035,-0.223403025,-0.312870297,-0.135522289,-0.305751998,-0.101309294,-0.212868635,-0.218912688,-0.049751813,-0.308190294,0.05004806,1.356767479,-0.182054166,-0.226245073,-0.30740826,-0.115565556,-0.243419262,-0.172686035,-0.332323972,-0.110238168,-0.461452867,-0.191507687,-0.083689314,-0.242438442
2010/03/07,1.390866741,-0.132571897,-0.22249409,-0.149678939,-0.597941656,-0.121149509,-0.262390414,-0.239071875,-0.256067922,0.040108582,-0.065449137,-0.181952901,-0.20387063,3.07327092,-0.212292225,-0.032593574,-0.208312937,-0.247585212,-0.419577544,-0.302756803,-0.220904883,-0.297053137,0.257934514,-0.364467783,-0.040343232,-0.11319782,-0.272474999,-0.180479786,-0.192032669,-0.06835728,-0.244543887,-0.137134479,-0.102586227,0.592191437,-0.23180336,-0.117327734,-0.10834958,-0.089738832,-0.100431695,-0.103047596,-0.162423846,0.402475245,-0.263904128,-0.329645591,-0.094258482,-0.131824279,-0.205967822,-0.214313906,-0.089974933,-0.24712035,-0.223403025,-0.312870297,-0.133683106,-0.305751998,-0.101309294,-0.212868635,-0.218912688,0.105968317,-0.308190294,0.810452739,-0.128377991,-0.182054166,-0.226245073,-0.012129596,-0.115565556,-0.243419262,0.42510347,-0.332323972,-0.110238168,-0.11505792,-0.191507687,-0.083689314,-0.242438442
2010/03/21,-0.140098285,-0.132571897,-0.22249409,-0.149678939,-0.308731397,-0.121149509,-0.262390414,-0.239071875,-0.256067922,0.130143899,-0.156334901,-0.181952901,-0.20387063,-0.271169608,-0.212292225,-0.132937169,-0.208312937,-0.247585212,-0.419577544,-0.302756803,-0.220904883,-0.297053137,0.212783663,-0.364467783,4.937648296,-0.11319782,-0.272474999,-0.180479786,-0.192032669,-0.06835728,-0.244543887,-0.137134479,-0.102586227,-0.384276788,-0.23180336,-0.117327734,-0.10834958,-0.089738832,-0.100431695,-0.103047596,-0.162423846,-0.361257644,-0.263904128,-0.329645591,-0.094258482,-0.171129789,-0.205967822,-0.218580198,-0.162218802,-0.24712035,-0.223403025,-0.312870297,-0.130924332,-0.305751998,-0.101309294,0.285945041,-0.218912688,-0.059484321,-0.270454309,-0.213168944,-0.128377991,-0.182054166,-0.226245073,-0.30740826,-0.115565556,-0.243419262,-0.172686035,-0.332323972,-0.110238168,-0.448591668,-0.191507687,-0.083689314,-0.242438442
2010/04/07,-0.140098285,-0.132571897,-0.22249409,-0.149678939,-0.597941656,-0.121149509,-0.262390414,-0.239071875,-0.256067922,-0.399068217,0.055731881,-0.181952901,-0.20387063,-0.271169608,-0.212292225,-0.132937169,-0.208312937,-0.247585212,-0.419577544,-0.302756803,-0.220904883,-0.297053137,-0.148423141,-0.364467783,-0.214515305,-0.11319782,-0.272474999,1.925505232,-0.192032669,-0.06835728,-0.244543887,-0.137134479,-0.102586227,-0.384276788,-0.23180336,-0.117327734,-0.10834958,-0.089738832,-0.100431695,-0.103047596,-0.162423846,-0.361257644,-0.263904128,-0.329645591,-0.094258482,-0.171129789,-0.205967822,-0.218580198,-0.162218802,-0.24712035,-0.223403025,-0.312870297,-0.074829265,-0.305751998,-0.101309294,-0.212868635,-0.218912688,-0.108146861,-0.308190294,-0.213168944,-0.128377991,-0.182054166,-0.226245073,-0.30740826,-0.115565556,-0.243419262,-0.172686035,-0.332323972,-0.110238168,-0.461452867,-0.191507687,-0.083689314,-0.242438442
2010/04/21,-0.133032292,-0.130818871,-0.162176867,-0.149678939,-0.152755607,-0.106949784,-0.262390414,-0.239071875,-0.256067922,-0.378845527,-0.094035429,-0.181952901,0.103916941,0.042371691,-0.212292225,-0.046101366,-0.191231679,-0.243036046,-0.139727385,-0.206023297,-0.126700274,-0.168693318,-0.124921545,-0.270621836,-0.213333142,-0.107399719,0.056549644,-0.115680247,0.190620848,-0.06835728,-0.227100708,-0.121187976,1.241348848,-0.284126201,0.00891323,-0.106264283,-0.10834958,-0.087839803,-0.0933923,0.129736349,-0.157407434,-0.339226887,-0.263904128,-0.1667095,-0.094258482,-0.033031392,-0.146934689,0.47753101,-0.155179656,0.013139742,-0.223403025,1.058549013,-0.074426059,-0.188674845,-0.101309294,-0.091362739,0.236727104,-0.059484321,0.425609318,-0.205722378,-0.127672794,-0.182054166,-0.008884895,-0.256918707,-0.110097291,-0.239006682,1.214300577,-0.207990892,-0.107979633,-0.38091868,-0.191507687,-0.083689314,-0.151931142
2010/05/07,-0.094169334,-0.132149872,1.033685407,-0.149678939,-0.338723572,-0.116876443,-0.185370489,-0.146782986,0.773185106,-0.29767324,-0.169462844,-0.126369954,0.367734858,-0.201493764,-0.120248207,0.01088865,-0.185037498,-0.126673661,-0.166099229,-0.209606019,-0.135859055,-0.297053137,0.006845617,-0.252634697,-0.214195136,-0.105935094,-0.238927388,-0.146993817,-0.050676848,-0.038326241,-0.167696992,-0.132053485,-0.084306233,-0.248656202,-0.101415207,-0.025439626,-0.10834958,0.215074709,-0.092592936,-0.063526441,-0.160794169,-0.318828039,-0.19070203,-0.02187742,-0.08951904,-0.146645732,-0.185982647,0.178096096,-0.157201867,0.363767923,-0.223403025,-0.263917933,-0.107896234,1.406501358,4.98E-04,-0.19808897,-0.215180289,-0.108146861,0.869312201,-0.210244311,-0.103931152,-0.035605298,-0.165867246,-0.196309847,-0.107618789,-0.128692165,-0.100453136,-0.110586872,-0.110238168,-0.401144563,-0.183341765,-0.083689314,0.051710283
2010/05/21,-0.105651572,-0.132571897,-0.213405109,0.027058247,0.093867647,-0.053848729,-0.169966504,-0.239071875,-0.087644699,-0.388472917,-0.136426591,-0.181952901,-0.032388984,-0.208461348,0.201905856,-0.012524855,-0.181547215,-0.245990774,-0.003800164,-0.302756803,-0.220904883,-0.297053137,-0.119935105,-0.364467783,-0.214131102,-0.092351834,0.09702797,-0.157656303,0.273914748,-0.06835728,-0.240089647,-0.137134479,0.877538364,-0.009963969,-0.097689831,-0.117327734,-0.10834958,0.042137109,-0.09998449,-0.103047596,-0.142031856,-0.361257644,-0.19133857,-0.101535064,-0.092227293,-0.121015264,-0.134021191,-0.213940605,-0.124290771,1.127378263,1.037741745,0.123505063,-0.113570331,0.216077596,-0.048951268,-0.186740299,-0.146130907,-0.054618067,-0.23993608,-0.209534043,-0.128377991,-0.140211632,0.063568498,-0.301510908,-0.107980006,-0.239116996,-0.157741297,-0.133005646,-0.110238168,-0.445691774,-0.191507687,-0.083689314,-0.242438442
2010/06/07,-0.140098285,-0.132571897,-0.22249409,-0.149678939,-0.405134817,-0.121149509,-0.262390414,-0.239071875,-0.256067922,-0.399068217,-0.126039646,-0.181952901,-0.20387063,-0.271169608,-0.212292225,-0.132937169,-0.208312937,-0.247585212,-0.419577544,-0.302756803,-0.220904883,-0.297053137,-0.148423141,-0.364467783,-0.214515305,-0.11319782,-0.272474999,-0.180479786,-0.192032669,-0.06835728,-0.244543887,-0.137134479,-0.102586227,-0.384276788,-0.23180336,-0.117327734,-0.10834958,-0.089738832,-0.100431695,-0.103047596,-0.162423846,-0.361257644,-0.263904128,-0.329645591,-0.094258482,-0.023734127,-0.205967822,-0.218580198,-0.162218802,-0.24712035,-0.223403025,-0.312870297,-0.135522289,-0.305751998,-0.101309294,-0.212868635,-0.218912688,-0.108146861,-0.308190294,-0.213168944,-0.128377991,-0.182054166,-0.226245073,-0.30740826,-0.115565556,-0.243419262,-0.172686035,-0.332323972,-0.110238168,-0.453736147,-0.191507687,-0.083689314,-0.242438442
2010/06/21,-0.140098285,-0.132571897,-0.22249409,-0.149678939,-0.597941656,-0.121149509,-0.262390414,-0.239071875,-0.256067922,-0.399068217,-0.168453002,-0.181952901,-0.20387063,-0.271169608,-0.212292225,-0.132937169,-0.208312937,-0.247585212,-0.419577544,-0.302756803,-0.220904883,-0.297053137,-0.148423141,-0.364467783,-0.214515305,-0.11319782,-0.272474999,-0.180479786,-0.192032669,-0.06835728,-0.244543887,-0.137134479,-0.102586227,-0.384276788,-0.23180336,-0.117327734,-0.10834958,-0.089738832,-0.100431695,-0.103047596,-0.15967968,-0.361257644,-0.263904128,-0.329645591,-0.094258482,-0.168181875,-0.205967822,-0.218580198,-0.162218802,-0.24712035,-0.223403025,-0.312870297,-0.135522289,-0.305751998,-0.101309294,-0.212868635,-0.218912688,-0.108146861,-0.308190294,-0.211414164,-0.128377991,-0.182054166,-0.226245073,-0.30740826,-0.115565556,-0.243419262,-0.172686035,-0.332323972,-0.110238168,-0.460423971,-0.191507687,-0.083689314,-0.242438442
2010/07/07,-0.049197236,-0.132571897,-0.22249409,-0.149678939,-0.451328122,-0.121149509,-0.262390414,-0.239071875,-0.256067922,-0.397362231,-0.160121807,-0.09857848,-0.20387063,-0.271169608,-0.005193184,-0.01377915,-0.180122188,-0.247585212,-0.289647113,-0.302756803,-0.220904883,-0.297053137,-0.143249606,-0.364467783,-0.214515305,-0.11319782,-0.108930397,-0.174428105,-0.159766666,-0.06835728,-0.244543887,-0.137134479,-0.102586227,-0.384276788,0.061569984,-0.117327734,-0.10834958,-0.089738832,-0.097886315,-0.103047596,-0.161881716,-0.349324317,-0.263904128,-0.329645591,-0.094173849,-0.103880518,-0.205967822,-0.209914292,-0.159961181,-0.24712035,0.11440361,0.403058029,-0.131326653,-0.020376439,-0.084947411,-0.212868635,-0.218912688,-0.108146861,-0.304652545,-0.209695942,-0.1260861,-0.182054166,-0.226245073,-0.076445118,-0.107799397,-0.229078375,-0.091735373,-0.301350666,-0.110238168,-0.444545749,-0.142512154,-0.039147739,-0.242438442
2010/07/21,-0.140098285,-0.132571897,-0.22249409,-0.149678939,-0.597941656,-0.121149509,-0.262390414,-0.239071875,-0.256067922,-0.399068217,-0.186630155,-0.181952901,-0.20387063,-0.271169608,-0.212292225,-0.132937169,-0.208312937,-0.247585212,-0.419577544,-0.302756803,-0.220904883,-0.297053137,-0.148423141,-0.364467783,-0.214515305,-0.11319782,-0.272474999,-0.180479786,-0.192032669,-0.06835728,-0.244543887,-0.137134479,-0.102586227,-0.384276788,-0.23180336,-0.117327734,-0.10834958,-0.089738832,-0.100431695,-0.103047596,-0.162423846,4.60300613,1.951255006,-0.329645591,-0.094258482,-0.05321326,-0.205967822,-0.192982445,16.38162726,-0.24712035,-0.223403025,-0.312870297,-0.120808828,-0.305751998,-0.101309294,-0.212868635,-0.218912688,-0.108146861,-0.308190294,-0.213168944,-0.128377991,-0.182054166,-0.226245073,-0.30740826,-0.115565556,-0.243419262,-0.172686035,-0.332323972,-0.110238168,-0.461452867,-0.191507687,-0.083689314,-0.242438442
2010/08/07,-0.105651572,-0.132571897,-0.22249409,-0.149678939,-0.26213641,-0.121149509,-0.262390414,-0.239071875,-0.087644699,-0.389657286,-0.177541579,-0.181952901,-0.20387063,-0.229364102,-0.212292225,-0.132937169,-0.171881816,-0.247585212,-0.156981304,-0.260838951,-0.220904883,-0.297053137,-0.143908056,-0.272967985,-0.214515305,-0.11319782,-0.091317901,-0.120568143,-0.062968658,-0.06835728,-0.244543887,-0.137134479,-0.101107396,-0.335453377,0.002895315,-0.107739409,-0.10834958,-0.089738832,-0.100431695,-0.103047596,-0.161871859,-0.323070999,-0.134049972,-0.155847094,-0.094123069,-0.166707919,1.017124902,-0.205781321,-0.138739545,-0.141389687,-0.223403025,0.568272258,-0.129621578,-0.305751998,-0.101309294,-0.204555073,-0.218912688,-0.108146861,-0.305936617,-0.213168944,-0.128377991,-0.182054166,-0.226245073,-0.260836573,-0.115565556,-0.170280738,-0.172686035,-0.213195874,-0.110238168,-0.436973719,-0.191507687,-0.055392314,-0.007119462
2010/08/21,-0.140098285,-0.132571897,-0.22249409,-0.149678939,-0.597941656,-0.121149509,-0.262390414,-0.239071875,-0.256067922,-0.399068217,-0.186630155,-0.181952901,-0.20387063,-0.271169608,-0.212292225,-0.132937169,-0.208312937,-0.247585212,-0.419577544,-0.302756803,-0.220904883,-0.297053137,-0.148423141,-0.364467783,-0.214515305,-0.11319782,-0.272474999,0.037380733,-0.192032669,-0.06835728,-0.244543887,-0.137134479,-0.09765679,-0.384276788,-0.23180336,-0.117327734,-0.10834958,-0.089738832,-0.100431695,-0.103047596,-0.162423846,-0.361257644,-0.263904128,-0.329645591,-0.094258482,-0.171129789,-0.205967822,-0.218580198,-0.162218802,-0.24712035,-0.223403025,-0.312870297,-0.131843924,-0.305751998,-0.101309294,-0.212868635,-0.218912688,-0.108146861,-0.308190294,-0.213168944,-0.128377991,-0.182054166,-0.226245073,-0.30740826,-0.115565556,-0.243419262,-0.172686035,-0.332323972,-0.110238168,-0.458880627,-0.191507687,-0.083689314,-0.242438442
2010/09/07,0.096107748,-0.132571897,0.007281717,-0.149678939,-0.175143801,-0.109612232,-0.077542593,-0.239071875,-0.129750505,-0.324775985,-0.140321695,-0.181952901,1.339464188,-0.009885192,-0.070281454,-0.11860237,-0.144372601,-0.246964002,-0.196839662,-0.260838951,-0.220904883,-0.297053137,-0.122461402,-0.220682386,-0.214515305,-0.11319782,-0.138763808,-0.158953092,-1.70E-05,-0.066555418,-0.243126629,-0.137134479,-0.102462991,-6.64E-04,-0.23180336,-0.107739409,-0.10834958,-0.089594883,-0.10024934,-0.103047596,-0.150303781,-0.090768912,-0.213708404,-0.264471155,-0.091821055,-0.162601897,-0.144299281,-0.10549679,-0.149576125,-0.126285307,0.767496437,-0.262519294,-0.123147217,-0.191601774,-0.101309294,-0.171300828,-0.217313089,-0.097116686,-0.298913531,-0.211905085,-0.128377991,-0.182054166,-0.184843135,0.01011433,-0.101323298,0.609863522,-0.062735465,-0.159962633,-0.083498727,0.355401658,0.499329326,-0.018711017,-0.242438442
2010/09/21,-0.043501682,-0.132451318,0.098012066,-0.149678939,-0.229029159,-0.119318195,-0.183169919,-0.239071875,0.225141286,0.094940692,-0.063862243,-0.066249623,-0.009446995,-0.009387507,-0.05450248,-0.12576977,-0.022746704,-0.24544549,-0.160442394,-0.289449549,-0.220904883,0.160556167,-0.123679758,-0.056563702,-0.185151211,-0.112300495,-0.197711752,-0.138636734,1.132848907,-0.065415464,-0.205130608,-0.033855502,-0.10183731,-0.1139213,-0.061500467,-0.101347193,-0.10834958,-0.089558895,-0.09928546,-0.103047596,-0.136590837,0.01008799,0.047801274,0.061401027,-0.094258482,-0.115306606,-0.102044911,-0.202555482,-0.036283486,-0.179989771,-0.223403025,-0.214965569,-0.107042797,0.411763694,-0.101309294,-0.018659319,-0.162926703,-0.081034875,-0.173124418,-0.21222391,-0.002651391,-0.182054166,-0.157241842,0.735247749,-0.110095704,-0.19928445,-0.071631142,1.292032214,-0.092761409,1.541195702,0.819200162,-0.077529423,-0.158395949
2010/10/07,-0.1259663,-0.132571897,-0.220776874,0.044537749,-0.232597414,-0.121149509,-0.049104466,-0.239071875,-0.169697038,0.007422596,-0.180415744,-0.028030893,-0.20387063,-0.078221116,0.909228731,-0.105149712,-0.041103429,-0.165967825,-0.100590445,-0.216771464,-0.220904883,-0.190086621,-0.098641434,0.489530329,-0.004090221,-0.11319782,-0.021642094,-0.121545722,-0.09587289,-0.048952609,-0.238438774,0.003569966,-0.102586227,-0.033749733,-0.087373406,-0.076761746,-0.100451651,-0.089738832,-0.098725034,-0.103047596,-0.155083021,0.105304819,0.091578969,0.397300045,-0.093425174,-0.168862163,-0.095280698,-0.112874604,-0.143787353,-0.24712035,-0.223403025,-0.312870297,-0.10608122,-0.235505707,-0.101309294,-0.148918163,-0.184459774,-0.101034644,-0.247006393,-0.203225191,0.118535083,-0.12411835,-0.144502784,-0.058500367,-0.092847805,-0.099127875,-0.025921047,0.096243942,-0.110238168,0.196958053,-0.131205493,-0.083689314,-0.242438442
2010/10/21,-0.140098285,-0.132571897,-0.22249409,-0.149678939,-0.597941656,-0.121149509,-0.262390414,-0.239071875,-0.256067922,0.801131087,-0.126039646,-0.181952901,-0.20387063,-0.271169608,-0.212292225,-0.132937169,-0.208312937,-0.247585212,-0.419577544,-0.302756803,-0.220904883,-0.297053137,-0.148423141,-0.364467783,-0.214515305,-0.11319782,2.746809964,-0.180479786,-0.192032669,-0.06835728,-0.244543887,-0.137134479,-0.102586227,11.33334191,-0.23180336,-0.117327734,-0.10834958,-0.089738832,-0.100431695,-0.103047596,-0.092400306,-0.361257644,-0.263904128,-0.329645591,-0.094258482,-0.171129789,-0.205967822,-0.218580198,-0.162218802,-0.24712035,-0.223403025,-0.312870297,-0.102417003,-0.305751998,-0.101309294,0.784758718,11.09025645,-0.108146861,-0.308190294,-0.213168944,0.256659723,-0.182054166,-0.226245073,-0.137412747,-0.115565556,-0.243419262,-0.172686035,-0.332323972,-0.110238168,0.202184976,-0.191507687,-0.083689314,-0.242438442
2010/11/07,-0.044412971,-0.132571897,-0.033439308,-0.139158869,0.710964301,-0.119318195,0.199729139,-0.192927431,-0.256067922,0.410848306,0.196839242,-0.181952901,-0.20387063,-0.218912725,-0.212292225,0.00443799,-0.085326922,-0.063422443,1.335623018,0.395874077,-0.220904883,0.43961507,0.030948467,0.577762276,-0.202028704,-0.11319782,-0.205978842,-0.14870846,-0.146596869,-0.06835728,-0.076497544,-0.072351808,-0.102586227,0.01096035,-0.120042086,-0.111335031,-0.087570503,-0.089738832,-0.093658486,-0.103047596,0.851559114,0.166081731,-0.135459453,-0.221021531,-0.072084666,-0.151710995,-0.056079008,-0.206695527,-0.052992952,-0.24712035,-0.030370663,-0.166013205,0.073885431,-0.305751998,-0.101309294,-0.098062312,-0.149596706,-0.027332285,-0.242676431,-0.117657033,0.18266438,-0.098369099,0.739800165,0.202945874,0.03738391,0.910766064,-0.164383403,-0.076198561,-0.047540297,-0.226750029,0.053469977,-0.083689314,-0.116374703
2010/11/21,-0.140098285,-0.132571897,-0.22249409,-0.149678939,-0.405134817,-0.121149509,-0.262390414,-0.239071875,-0.256067922,-0.399068217,-0.126039646,-0.181952901,-0.20387063,-0.271169608,-0.212292225,-0.132937169,-0.208312937,-0.247585212,-0.419577544,-0.302756803,-0.220904883,-0.297053137,-0.148423141,-0.364467783,-0.214515305,-0.11319782,-0.272474999,-0.180479786,-0.192032669,-0.06835728,-0.244543887,-0.137134479,-0.102586227,-0.384276788,-0.23180336,-0.117327734,-0.10834958,-0.089738832,-0.100431695,-0.103047596,-0.162423846,-0.361257644,-0.263904128,-0.329645591,-0.094258482,-0.112171524,-0.205967822,-0.218580198,-0.162218802,-0.24712035,-0.223403025,-0.312870297,-0.135522289,-0.305751998,-0.101309294,-0.212868635,-0.218912688,-0.108146861,-0.308190294,-0.213168944,-0.128377991,-0.182054166,1.222822784,-0.30740826,-0.115565556,-0.243419262,-0.172686035,-0.332323972,-0.110238168,-0.461452867,-0.191507687,-0.083689314,-0.242438442
2010/12/07,1.019902139,-0.007172116,0.082097151,0.233359528,-0.034846809,-0.078254506,0.477000871,0.453804711,1.061088051,0.480852302,-0.045640701,-0.111405314,-0.20387063,-0.150576801,-0.212292225,-0.065398211,0.037363603,0.54794459,0.399352396,0.220678949,-0.067822393,0.919690981,1.381438178,0.878991006,0.409100512,-0.098430781,0.037195254,0.532687554,-0.188628783,-0.040636321,0.807134462,-0.057401961,-0.101985847,-0.177716202,0.339898541,-0.050947027,-0.107597397,-0.089738832,-0.023601526,0.157531447,0.014741049,-0.127731626,0.568004663,0.138273439,1.325542779,-0.159413723,-0.076832844,-0.18022459,-0.102478679,0.728854997,0.016815026,-0.312870297,-0.120873671,-0.188674845,-0.101309294,0.169555184,0.280367462,-0.046108361,0.574807566,0.296195329,-0.081552892,-0.104806411,-0.226245073,-0.009095421,-0.013980309,-0.111041843,-0.120187854,0.569897259,0.001276995,-0.020383011,0.197441466,-0.083689314,0.198784646
2010/12/21,-0.12916282,-0.051308019,0.377223259,0.066733941,0.200196853,-0.103752028,0.991934088,0.749737656,-0.256067922,0.524917348,-0.148206229,-0.082697638,-0.163041667,-0.18158638,-0.123535493,-0.057380831,0.100347567,1.473113672,0.609705932,0.281994684,0.06096129,0.679653026,0.087736756,-0.005004292,0.080604514,-0.100928624,-0.252291134,0.895206527,-0.179622668,-0.06835728,-0.028554758,-0.0879298,-0.100692547,-0.039025523,-0.23180336,0.197717205,-0.085370366,-0.089738832,1.370041336,1.270514172,0.504232992,-0.075382352,0.348083597,0.13329981,-0.094258482,-0.122240411,-0.134152962,-0.199127937,-0.040092261,-0.24712035,-0.223403025,0.070007123,-0.074976916,0.210641871,-0.060794155,1.486686196,0.14206362,-0.063605188,-0.001864845,0.887458443,-0.045251463,0.357024806,-0.084589401,0.070356242,-0.101781766,0.626253107,0.642157993,0.222064159,-0.110238168,0.279203768,-0.188008006,-0.074706139,0.755566162
2011/01/07,-0.140098285,0.26016154,0.211783779,-0.149678939,0.141504356,0.017854247,1.342332431,0.839998218,0.089415612,1.611169587,0.216385507,1.274808953,0.04738453,-0.17010135,-0.212292225,-0.10525998,1.754354185,0.123625765,-0.078106243,0.485237412,0.564133529,-0.117502199,-0.120307227,-0.324248091,0.431524322,-0.092542085,0.046485361,0.866687149,-0.16147874,-0.06835728,0.291252436,0.044776267,-0.101562421,-0.175033597,0.49034641,-0.092250578,-0.003742307,-0.089738832,0.314860885,-0.051626665,-0.082008212,0.039562245,-0.070591832,-0.183062793,-0.089654453,0.273702758,0.068114581,0.280092516,-0.160631025,-0.24712035,-0.084815688,-0.312870297,-0.060472862,0.162556612,-0.101309294,0.227293323,0.632648511,1.503406748,-0.174686,0.281367277,0.011146969,-0.113818649,-0.189089487,0.045468643,-0.085556785,0.051120496,0.030847058,-0.141719015,-0.106473943,0.148600889,-0.131205493,1.572669897,-0.164860756
2011/01/21,-0.130852847,1.507376219,0.159928028,0.007020017,0.516714192,0.034661993,0.130911336,0.343666542,-0.256067922,0.57320193,1.68298705,-0.037942538,-0.20387063,0.941642524,0.781783168,-0.003478728,0.46113803,0.645626376,-0.14568455,0.199652555,0.532358165,0.239307535,-0.00535912,0.269297049,0.851598407,0.883977211,-0.159611252,0.01736565,-0.017472996,-0.063560114,0.380197076,0.977490399,-0.10041475,0.845009346,-0.23180336,1.244899187,1.346056701,-0.089738832,0.070237259,0.272000098,-0.05151453,-0.146795277,0.020720178,0.556275318,-0.092793124,1.02850393,-0.021896572,0.083734046,-0.093329112,-0.096076546,0.1626617,-0.045857402,1.29882931,-0.028530026,-0.101309294,0.178564541,-0.161460403,0.194410553,0.291655996,1.317000824,-0.019961287,-0.044028146,0.222589581,0.328265031,1.244095344,-0.009867672,-0.112842389,0.512373661,1.098279683,0.524811017,0.624617903,-0.051749137,0.125056459
2011/02/07,-0.140098285,-0.132571897,-0.22249409,-0.149678939,-0.115924557,-0.121149509,-0.262390414,-0.239071875,-0.256067922,-0.399068217,-0.186630155,-0.181952901,-0.20387063,-0.271169608,-0.212292225,-0.132937169,-0.208312937,-0.247585212,0.565158356,-0.302756803,-0.220904883,-0.297053137,-0.125847716,-0.364467783,-0.214515305,-0.11319782,-0.272474999,-0.180479786,-0.192032669,-0.06835728,-0.244543887,-0.137134479,-0.102586227,-0.384276788,-0.23180336,-0.117327734,-0.10834958,-0.089738832,-0.100431695,-0.103047596,-0.160058186,2.120874243,2.142217001,-0.329645591,-0.094258482,-0.171129789,-0.205967822,-0.218580198,-0.162218802,-0.24712035,-0.223403025,-0.312870297,-0.115291281,-0.305751998,-0.101309294,-0.212868635,-0.218912688,-0.098414353,-0.308190294,-0.178073344,-0.128377991,-0.182054166,-0.226245073,-0.288815001,-0.115565556,-0.243419262,-0.172686035,-0.217960998,-0.110238168,-0.453736147,-0.191507687,-0.083689314,-0.242438442
2011/02/21,-0.140098285,-0.132571897,-0.22249409,-0.149678939,-0.597941656,-0.121149509,-0.262390414,-0.239071875,-0.256067922,-0.399068217,-0.186630155,-0.181952901,-0.20387063,-0.271169608,-0.212292225,-0.132937169,0.277435356,0.314816566,-0.200747344,-0.302756803,-0.220904883,-0.297053137,-0.148423141,-0.364467783,-0.214515305,-0.11319782,0.130096329,-0.180479786,-0.192032669,-0.06835728,-0.244543887,-0.137134479,-0.102586227,-0.384276788,-0.23180336,-0.117327734,-0.10834958,-0.089738832,-0.100431695,-0.103047596,-0.162423846,-0.361257644,-0.263904128,-0.329645591,-0.094258482,-0.171129789,-0.205967822,-0.218580198,-0.162218802,-0.24712035,-0.223403025,-0.312870297,-0.130004741,-0.305751998,-0.101309294,-0.212868635,-0.218912688,-0.108146861,-0.251586316,-0.213168944,-0.061149184,-0.182054166,-0.226245073,-0.30740826,-0.115565556,-0.243419262,-0.172686035,-0.332323972,-0.110238168,-0.458880627,-0.191507687,-0.083689314,-0.242438442
2011/03/07,1.880775549,-0.132571897,-0.22249409,-0.149678939,1.021635798,-0.121149509,-0.262390414,-0.239071875,1.09131786,-0.212805107,-0.15027585,-0.181952901,-0.20387063,0.481329511,-0.212292225,-0.132937169,-0.208312937,2.469337188,-0.156981304,-0.302756803,-0.220904883,-0.297053137,-0.148423141,-0.364467783,-0.125380185,-0.11319782,-0.272474999,-0.107859613,-0.192032669,-0.06835728,-0.244543887,-0.137134479,-0.100614452,1.373366017,-0.23180336,-0.117327734,7.589198382,-0.089738832,-0.100431695,-0.103047596,-0.161099077,-0.361257644,-0.263904128,-0.068947846,-0.094258482,-0.171129789,-0.205967822,-0.218580198,0.025615258,-0.24712035,-0.223403025,5.67889908,-0.131843924,-0.305751998,-0.101309294,-0.212868635,-0.218912688,-0.080895839,-0.308190294,-0.195621144,0.344668344,-0.182054166,-0.226245073,-0.30740826,-0.115565556,-0.243419262,-0.172686035,-0.172215808,-0.110238168,-0.019027638,-0.191507687,-0.083689314,0.463518499
2011/03/21,-0.140098285,0.083022454,-0.182615644,-0.104793305,-0.048044308,-0.01499924,-0.040573029,0.092324343,-0.194823114,-0.20270978,-0.172918602,-0.114343825,-0.20387063,0.20128148,-0.111880569,-0.107440774,-0.108096185,-0.232138929,-0.190274756,-0.110733116,-0.003187564,-0.246487147,-0.066829104,0.10504633,0.336480376,-0.112407052,-0.141116497,-0.101145128,-0.162118872,-0.062351072,-0.228119642,-0.117180031,-0.053141658,-0.018629596,-0.106630733,-0.076234915,-0.083992502,-0.088443285,-0.082975051,-0.098354917,-0.158896541,-0.178077468,-0.181294465,0.387273208,0.021041877,-0.084694889,-0.166070145,0.84201635,-0.144223511,0.448138855,-0.136051007,0.01608959,-0.08750779,-0.244871879,0.072764143,-0.092699406,-0.216424422,-0.049043994,-0.13208216,-0.192278833,-0.041611715,1.311235215,1.053608041,0.538166185,-0.068369077,-0.231555438,-0.127586138,0.634414466,-0.105344676,-0.29272052,-0.073918408,-0.074542809,0.43750098
2011/04/07,-0.086514509,-0.130582351,0.012138474,-0.112274244,0.16446785,-0.121149509,0.067694981,-0.146782986,-0.256067922,-0.329291574,-0.142395477,-0.181952901,-0.122212703,-0.131817919,-0.212292225,-0.074552726,-0.105907201,-0.210164234,0.057159677,0.473388837,-0.050813227,-0.181172745,-0.059828035,-0.135718289,0.439026369,-0.112461733,0.545248012,0.002280983,-0.016545124,-0.062351072,-0.215017672,-0.099027025,-0.06698474,-0.047162758,0.550525558,-0.105342328,-0.059283021,1.619526193,-0.062637947,-0.097401717,-0.124541835,-0.280755045,-0.164763026,0.03152941,0.541461426,-1.51E-04,-0.175990059,0.110190945,-0.161014738,0.202234966,0.227005821,-0.221084614,-0.102707477,0.134994699,-0.092582956,-0.126170067,-0.216579939,-0.0153501,-0.084991426,-0.194332913,-0.094763588,-0.176076661,0.226588632,-0.280072137,-0.091093126,-0.232151422,-0.004379823,-0.135365517,-0.110238168,-0.062472971,0.322945408,-0.067968758,-0.14158745
2011/04/21,-0.133032292,-0.130818871,-0.162176867,-0.149678939,-0.152755607,-0.106949784,-0.262390414,-0.239071875,-0.256067922,-0.378845527,-0.094035429,-0.181952901,0.103916941,0.042371691,-0.212292225,-0.046101366,-0.191231679,-0.243036046,-0.139727385,-0.206023297,-0.126700274,-0.168693318,-0.124921545,-0.270621836,-0.213333142,-0.107399719,0.056549644,-0.115680247,0.190620848,-0.06835728,-0.227100708,-0.121187976,1.241348848,-0.284126201,0.00891323,-0.106264283,-0.10834958,-0.087839803,-0.0933923,0.129736349,-0.157407434,-0.339226887,-0.263904128,-0.1667095,-0.094258482,-0.033031392,-0.146934689,0.47753101,-0.155179656,0.013139742,-0.223403025,1.058549013,-0.074426059,-0.188674845,-0.101309294,-0.091362739,0.236727104,-0.059484321,0.425609318,-0.205722378,-0.127672794,-0.182054166,-0.008884895,-0.256918707,-0.110097291,-0.239006682,1.214300577,-0.207990892,-0.107979633,-0.38091868,-0.191507687,-0.083689314,-0.151931142
2011/05/07,-0.094169334,-0.132149872,1.033685407,-0.149678939,-0.338723572,-0.116876443,-0.185370489,-0.146782986,0.773185106,-0.29767324,-0.169462844,-0.126369954,0.367734858,-0.201493764,-0.120248207,0.01088865,-0.185037498,-0.126673661,-0.166099229,-0.209606019,-0.135859055,-0.297053137,0.006845617,-0.252634697,-0.214195136,-0.105935094,-0.238927388,-0.146993817,-0.050676848,-0.038326241,-0.167696992,-0.132053485,-0.084306233,-0.248656202,-0.101415207,-0.025439626,-0.10834958,0.215074709,-0.092592936,-0.063526441,-0.160794169,-0.318828039,-0.19070203,-0.02187742,-0.08951904,-0.146645732,-0.185982647,0.178096096,-0.157201867,0.363767923,-0.223403025,-0.263917933,-0.107896234,1.406501358,4.98E-04,-0.19808897,-0.215180289,-0.108146861,0.869312201,-0.210244311,-0.103931152,-0.035605298,-0.165867246,-0.196309847,-0.107618789,-0.128692165,-0.100453136,-0.110586872,-0.110238168,-0.401144563,-0.183341765,-0.083689314,0.051710283
2011/05/21,-0.105651572,-0.132571897,-0.213405109,0.027058247,0.093867647,-0.053848729,-0.169966504,-0.239071875,-0.087644699,-0.388472917,-0.136426591,-0.181952901,-0.032388984,-0.208461348,0.201905856,-0.012524855,-0.181547215,-0.245990774,-0.003800164,-0.302756803,-0.220904883,-0.297053137,-0.119935105,-0.364467783,-0.214131102,-0.092351834,0.09702797,-0.157656303,0.273914748,-0.06835728,-0.240089647,-0.137134479,0.877538364,-0.009963969,-0.097689831,-0.117327734,-0.10834958,0.042137109,-0.09998449,-0.103047596,-0.142031856,-0.361257644,-0.19133857,-0.101535064,-0.092227293,-0.121015264,-0.134021191,-0.213940605,-0.124290771,1.127378263,1.037741745,0.123505063,-0.113570331,0.216077596,-0.048951268,-0.186740299,-0.146130907,-0.054618067,-0.23993608,-0.209534043,-0.128377991,-0.140211632,0.063568498,-0.301510908,-0.107980006,-0.239116996,-0.157741297,-0.133005646,-0.110238168,-0.445691774,-0.191507687,-0.083689314,-0.242438442
2011/06/07,-0.077467897,-0.132571897,-0.215644739,-0.149678939,-0.370079028,-0.11415722,-0.262390414,-0.239071875,-0.256067922,-0.386596233,-0.163220186,-0.136475944,-0.20387063,-0.271169608,-0.212292225,-0.023471429,-0.191753337,-0.238097647,-0.195773931,-0.302756803,-0.220904883,-0.297053137,-0.064278374,-0.364467783,-0.212419652,-0.11319782,-0.107786728,-0.165625659,-0.061292502,-0.066719223,-0.241967054,-0.137134479,-0.102362162,-0.362084329,0.621646368,-0.117327734,-0.10834958,-0.089509821,-0.100390251,-0.096888455,-0.161370052,-0.361257644,-0.111134532,0.025851334,-0.083456248,-0.128251051,-0.140561794,-0.194582304,-0.162218802,0.425711139,-0.223403025,-0.312870297,-0.127287767,-0.098206137,-0.018012434,-0.152406371,-0.218912688,-0.098414353,-0.269596673,-0.210975469,-0.127544576,-0.182054166,-0.226245073,-0.302397739,-0.106108247,-0.227774658,-0.172686035,-0.275142485,-0.10523346,-0.447597848,-0.178145269,-0.083689314,-0.242438442
2011/06/21,-0.140098285,-0.132571897,-0.20691393,-0.149678939,-0.390620746,-0.121149509,-0.262390414,-0.239071875,-0.162499465,-0.386659504,-0.143880185,-0.181952901,-0.20387063,-0.115095717,-0.212292225,-0.123529957,-0.187350586,-0.24734363,-0.278432065,-0.302756803,-0.220904883,-0.297053137,-0.134627048,-0.364467783,-0.214515305,-0.11319782,-0.272474999,-0.128132744,-0.093698185,-0.036574431,-0.244543887,-0.137134479,-0.102380834,-0.343861853,-0.23180336,-0.117327734,-0.10834958,-0.086413594,-0.099260314,-0.103047596,-0.161105385,-0.342694692,-0.262312778,-0.149329651,-0.093581419,0.412659388,-0.205967822,-0.110478575,-0.154191705,-0.24712035,0.051846825,0.641700804,-0.12970383,-0.178918416,-0.086765398,-0.011957571,-0.218912688,-0.108146861,-0.302949185,-0.213022713,-0.128377991,-0.182054166,-0.045111591,-0.245762752,-0.110960043,-0.238638967,-0.172686035,-0.319616975,-0.110238168,-0.449676653,-0.179258804,-0.076047377,-0.242438442
2011/07/07,-0.049197236,-0.132571897,-0.22249409,-0.149678939,-0.451328122,-0.121149509,-0.262390414,-0.239071875,-0.256067922,-0.397362231,-0.160121807,-0.09857848,-0.20387063,-0.271169608,-0.005193184,-0.01377915,-0.180122188,-0.247585212,-0.289647113,-0.302756803,-0.220904883,-0.297053137,-0.143249606,-0.364467783,-0.214515305,-0.11319782,-0.108930397,-0.174428105,-0.159766666,-0.06835728,-0.244543887,-0.137134479,-0.102586227,-0.384276788,0.061569984,-0.117327734,-0.10834958,-0.089738832,-0.097886315,-0.103047596,-0.161881716,-0.349324317,-0.263904128,-0.329645591,-0.094173849,-0.103880518,-0.205967822,-0.209914292,-0.159961181,-0.24712035,0.11440361,0.403058029,-0.131326653,-0.020376439,-0.084947411,-0.212868635,-0.218912688,-0.108146861,-0.304652545,-0.209695942,-0.1260861,-0.182054166,-0.226245073,-0.076445118,-0.107799397,-0.229078375,-0.091735373,-0.301350666,-0.110238168,-0.444545749,-0.142512154,-0.039147739,-0.242438442
2011/07/21,-0.140098285,-0.132571897,-0.22249409,-0.149678939,-0.115924557,-0.121149509,-0.262390414,-0.239071875,-0.256067922,-0.399068217,-0.186630155,-0.181952901,6.65539523,-0.271169608,-0.212292225,-0.132937169,-0.208312937,-0.247585212,-0.419577544,-0.302756803,-0.220904883,-0.297053137,-0.148423141,-0.364467783,-0.214515305,-0.11319782,-0.272474999,-0.180479786,-0.192032669,-0.06835728,-0.244543887,-0.04567659,-0.102586227,-0.384276788,-0.23180336,-0.117327734,-0.10834958,-0.089738832,-0.100431695,-0.103047596,-0.162423846,-0.361257644,-0.263904128,-0.329645591,-0.094258482,-0.112171524,-0.205967822,-0.218580198,-0.162218802,-0.24712035,-0.223403025,-0.312870297,-0.123567602,-0.305751998,-0.101309294,-0.212868635,-0.218912688,-0.108146861,-0.308190294,-0.213168944,-0.128377991,-0.182054166,-0.226245073,-0.301431855,-0.115565556,-0.243419262,-0.172686035,-0.332323972,-0.110238168,-0.455022267,-0.191507687,-0.083689314,-0.242438442
2011/08/07,-0.105651572,-0.132571897,-0.22249409,-0.149678939,-0.26213641,-0.121149509,-0.262390414,-0.239071875,-0.087644699,-0.389657286,-0.177541579,-0.181952901,-0.20387063,-0.229364102,-0.212292225,-0.132937169,-0.171881816,-0.247585212,-0.156981304,-0.260838951,-0.220904883,-0.297053137,-0.143908056,-0.272967985,-0.214515305,-0.11319782,-0.091317901,-0.120568143,-0.062968658,-0.06835728,-0.244543887,-0.137134479,-0.101107396,-0.335453377,0.002895315,-0.107739409,-0.10834958,-0.089738832,-0.100431695,-0.103047596,-0.161871859,-0.323070999,-0.134049972,-0.155847094,-0.094123069,-0.166707919,1.017124902,-0.205781321,-0.138739545,-0.141389687,-0.223403025,0.568272258,-0.129621578,-0.305751998,-0.101309294,-0.204555073,-0.218912688,-0.108146861,-0.305936617,-0.213168944,-0.128377991,-0.182054166,-0.226245073,-0.260836573,-0.115565556,-0.170280738,-0.172686035,-0.213195874,-0.110238168,-0.436973719,-0.191507687,-0.055392314,-0.007119462
2011/08/21,-0.140098285,-0.132571897,-0.22249409,-0.149678939,-0.423746032,-0.112336311,-0.229381875,-0.239071875,-0.256067922,-0.368572658,-0.169679239,-0.181952901,-0.20387063,-0.139532031,0.063839829,-0.11501867,-0.144868262,-0.247585212,-0.218852938,0.011627093,-0.220904883,-0.181172745,-0.115688775,-0.059468457,-0.208752259,-0.11319782,-0.189444663,-0.138074792,-0.053749801,-0.059776983,-0.239819693,-0.137134479,-0.101300074,-0.274424113,0.019659506,0.002526319,-0.10834958,-0.089318979,-0.100431695,-0.103047596,-0.159598197,0.097815528,-0.23497187,-0.230073536,-0.094258482,-0.163233592,-0.205967822,-0.155164177,0.482729741,-0.24712035,-0.223403025,-0.312870297,-0.104460539,0.169873934,-0.101309294,-0.209404651,-0.218912688,-0.106901332,-0.302327739,-0.21079268,-0.128377991,-0.182054166,-0.226245073,-0.273852776,-0.112133998,0.048656806,0.053560687,-0.141378649,-0.110238168,-0.303401496,-0.191507687,-0.069715487,-0.242438442
2011/09/07,-0.140098285,-0.132571897,-0.22249409,-0.149678939,-0.597941656,-0.121149509,-0.262390414,-0.239071875,-0.256067922,-0.384401831,-0.156334901,-0.181952901,-0.20387063,-0.271169608,-0.212292225,-0.132937169,-0.208312937,-0.247585212,-0.419577544,-0.302756803,-0.220904883,-0.297053137,-0.125847716,-0.364467783,-0.214515305,-0.11319782,-0.272474999,-0.180479786,-0.192032669,-0.06835728,-0.244543887,-0.137134479,-0.102586227,-0.384276788,-0.23180336,-0.117327734,-0.10834958,-0.089738832,-0.100431695,-0.103047596,-0.162423846,1.548074577,-0.263904128,-0.329645591,-0.094258482,-0.171129789,-0.205967822,-0.218580198,-0.162218802,-0.24712035,-0.223403025,-0.312870297,-0.125406785,-0.305751998,-0.101309294,-0.212868635,-0.218912688,-0.108146861,-0.308190294,-0.213168944,-0.128377991,-0.182054166,-0.226245073,-0.29545545,-0.115565556,-0.243419262,-0.172686035,-0.332323972,-0.110238168,-0.398432994,-0.191507687,-0.083689314,-0.242438442
2011/09/21,-0.140098285,-0.132571897,-0.22249409,-0.149678939,1.265857795,-0.121149509,-0.262390414,-0.239071875,-0.256067922,0.376620674,-0.186630155,1.152037829,-0.20387063,0.146885458,-0.212292225,-0.132937169,0.728487342,-0.247585212,0.018082856,-0.302756803,-0.220904883,-0.297053137,-0.148423141,-0.364467783,-0.214515305,-0.11319782,-0.071189335,0.303654701,-0.192032669,-0.06835728,-0.244543887,1.204247895,-0.096013645,0.917680845,-0.23180336,-0.117327734,-0.10834958,-0.089738832,-0.100431695,-0.103047596,-0.063381541,-0.106680014,-0.212980929,-0.329645591,-0.094258482,-0.171129789,-0.205967822,-0.218580198,-0.162218802,-0.24712035,-0.223403025,-0.312870297,-0.091994968,-0.305751998,-0.101309294,-0.212868635,-0.218912688,0.03784076,-0.188693008,-0.213168944,-0.128377991,-0.182054166,0.256777546,2.764906475,-0.115565556,-0.243419262,-0.073054451,-0.332323972,-0.110238168,1.93758936,-0.191507687,-0.083689314,0.934156459
2011/10/07,-0.140098285,-0.132571897,-0.22249409,-0.149678939,-0.405134817,-0.121149509,-0.262390414,-0.239071875,-0.256067922,0.480914979,-0.186630155,-0.181952901,-0.20387063,-0.271169608,-0.212292225,-0.132937169,0.442242812,-0.247585212,-0.419577544,-0.302756803,-0.220904883,-0.297053137,-0.05812144,-0.364467783,-0.214515305,-0.11319782,-0.272474999,0.01922569,0.139846215,0.183903443,-0.244543887,-0.137134479,-0.102586227,-0.384276788,-0.23180336,-0.117327734,-0.10834958,-0.089738832,-0.08310791,-0.103047596,-0.158402224,-0.361257644,-0.263904128,-0.329645591,-0.094258482,-0.171129789,-0.205967822,-0.218580198,-0.144157835,-0.24712035,-0.223403025,-0.312870297,-0.113452098,-0.305751998,-0.101309294,-0.212868635,-0.218912688,-0.054618067,-0.218567329,-0.204395044,-0.128377991,-0.182054166,-0.226245073,0.626570992,-0.115565556,0.44494332,-0.097962347,0.496807589,-0.110238168,1.250372653,-0.191507687,-0.083689314,-0.242438442
2011/10/21,0.012998218,-0.132571897,-0.22249409,-0.149678939,0.815975169,-0.121149509,-0.262390414,-0.239071875,-0.256067922,-0.080481708,0.055731881,-0.181952901,8.941817183,1.401050656,-0.212292225,-0.032593574,-0.104224018,-0.247585212,0.236913056,-0.302756803,-0.220904883,-0.297053137,-0.148423141,-0.364467783,-0.214515305,-0.11319782,-0.272474999,-0.011032715,6.224292419,-0.06835728,-0.244543887,-0.137134479,-0.102586227,-0.384276788,-0.23180336,-0.117327734,-0.10834958,-0.089738832,-0.100431695,-0.103047596,-0.144444829,5.112161389,0.041635063,-0.329645591,-0.094258482,-0.171129789,1.232964795,-0.218580198,-0.089974933,-0.24712035,-0.223403025,-0.312870297,0.013451498,-0.305751998,-0.101309294,-0.212868635,-0.218912688,-0.091926015,-0.308190294,-0.201470411,-0.128377991,-0.182054166,-0.226245073,-0.278632978,-0.115565556,-0.243419262,-0.073054451,-0.179840007,-0.110238168,-0.259103344,-0.191507687,-0.083689314,-0.242438442
2011/11/07,-0.140098285,-0.132571897,-0.22249409,-0.149678939,0.269689123,-0.121149509,-0.262390414,-0.239071875,-0.256067922,0.242280647,3.501817082,-0.181952901,-0.20387063,-0.271169608,-0.212292225,0.243351311,-0.130246248,-0.247585212,-0.255454894,-0.302756803,-0.220904883,-0.297053137,-0.142779285,0.093031206,-0.214515305,-0.11319782,-0.272474999,0.12815595,-0.081406374,-0.06835728,-0.244543887,0.640257579,-0.102586227,-0.384276788,-0.23180336,-0.117327734,-0.10834958,-0.089738832,-0.100431695,-0.103047596,-0.13545532,0.211542022,-0.263904128,-0.329645591,-0.094258482,-0.171129789,-0.205967822,-0.218580198,-0.126096867,-0.24712035,-0.223403025,1.449414814,-0.026090927,-0.305751998,-0.101309294,-0.212868635,-0.218912688,-0.108146861,-0.308190294,-0.200008094,-0.128377991,-0.182054166,-0.226245073,-0.303756013,-0.115565556,7.350080472,-0.172686035,-0.289437857,-0.110238168,-0.340236071,-0.191507687,-0.083689314,-0.242438442
2011/11/21,0.056740076,-0.132571897,-0.22249409,-0.149678939,0.311004874,-0.121149509,-0.262390414,-0.239071875,-0.256067922,-0.216087584,5.924355469,0.389757412,-0.20387063,0.803829133,-0.212292225,-0.089932771,-0.133963709,-0.247585212,0.143128684,-0.302756803,-0.220904883,-0.297053137,-0.148423141,2.772668136,-0.214515305,-0.11319782,-0.272474999,-0.03523944,-0.097210131,-0.06835728,-0.244543887,12.87601661,-0.102586227,-0.384276788,-0.23180336,-0.117327734,-0.10834958,-0.089738832,-0.095221534,-0.103047596,-0.153772289,0.67523699,-0.143870874,-0.329645591,-0.094258482,-0.162707179,0.205155783,-0.218580198,-0.162218802,-0.24712035,-0.223403025,-0.312870297,-0.094534792,-0.305751998,-0.101309294,-0.212868635,3.02827449,-0.021944647,-0.260571075,-0.1479914,-0.128377991,-0.182054166,-0.226245073,-0.25049012,-0.115565556,10.27869449,0.339704969,-0.332323972,-0.110238168,0.614478253,-0.191507687,-0.083689314,-0.242438442
2011/12/07,-0.140098285,-0.132571897,-0.22249409,-0.149678939,-0.14805903,-0.121149509,-0.262390414,-0.239071875,-0.256067922,-0.33062508,1.176656298,-0.181952901,-0.20387063,-0.271169608,-0.212292225,0.06775002,-0.208312937,-0.247585212,-0.310162444,-0.302756803,-0.220904883,-0.297053137,-0.148423141,0.855529519,-0.214515305,-0.11319782,-0.272474999,0.775685826,-0.192032669,-0.06835728,-0.244543887,-0.137134479,-0.102586227,-0.384276788,-0.23180336,-0.117327734,-0.10834958,-0.089738832,-0.100431695,-0.103047596,-0.162423846,0.0206088,-0.263904128,-0.329645591,-0.094258482,-0.1662166,-0.205967822,-0.218580198,-0.162218802,-0.24712035,-0.223403025,-0.312870297,-0.125100254,-0.305751998,-0.101309294,-0.212868635,-0.218912688,-0.108146861,-0.308190294,2.180643479,-0.128377991,-0.182054166,-0.226245073,-0.3020959,-0.115565556,-0.243419262,-0.073054451,-0.332323972,-0.110238168,-0.43187211,-0.191507687,-0.083689314,-0.242438442
2011/12/21,-0.140098285,-0.132571897,-0.22249409,-0.149678939,4.206162102,0.083957629,1.586087799,-0.054494096,-0.256067922,0.694799784,0.080977926,0.318293623,0.367734858,0.773968057,-0.212292225,0.017578223,-0.112898094,-0.247585212,2.042262205,0.815052605,-0.220904883,-0.297053137,-0.107034862,3.295524123,-0.18249838,-0.11319782,-0.222153583,14.05307413,-0.062968658,-0.06835728,-0.244543887,0.472584782,-0.102175441,-0.221532084,-0.23180336,-0.069386112,0.189891289,-0.089738832,-0.095416915,-0.103047596,-0.121655636,0.657052874,-0.155692331,-0.329645591,-0.094258482,-0.163760006,-0.086056771,-0.216980338,-0.138137512,-0.24712035,-0.223403025,1.743128999,-0.052605809,-0.305751998,-0.057677605,18.85289854,-0.218912688,0.061360988,-0.136281918,10.23581497,0.206238118,-0.182054166,-0.105489419,-0.287044214,-0.115565556,-0.200396601,7.523853845,0.106067428,-0.110238168,-0.037462023,-0.191507687,-0.083689314,7.699577141
2012/01/07,-0.140098285,0.015016183,0.203252894,-0.149678939,4.001878665,0.131571785,2.114224432,-0.239071875,-0.256067922,5.581674723,4.677922141,15.25422554,0.776024493,0.624662676,-0.212292225,-0.003923976,0.401350737,-0.243857954,-0.13822443,-0.063226216,-0.220904883,0.298903166,-0.129072777,0.158388204,0.126876594,-0.11319782,-0.272474999,0.317487115,0.124042459,-0.06835728,-0.244543887,-0.058742003,-0.102586227,-0.105285867,-0.23180336,-0.117327734,1.002196048,-0.089738832,-0.087927309,-0.103047596,-0.149852052,0.566132292,-0.263904128,0.228992434,-0.094258482,-0.171129789,-4.06E-04,-0.217665992,-0.141577697,-0.24712035,-0.223403025,-0.312870297,0.315340176,-0.305751998,-0.101309294,2.732507358,-0.218912688,0.222758414,0.894868847,0.449887224,-0.089088429,-0.182054166,-0.226245073,-0.291471181,-0.115565556,-0.243419262,0.809396724,-0.103598024,-0.110238168,1.826738077,-0.191507687,19.75116041,0.766071473
2012/01/21,-0.056591102,0.749996925,-0.100727843,-0.149678939,2.662246726,1.857668213,0.74587043,-0.239071875,-0.256067922,5.215269021,9.017618988,-4.51E-05,-0.20387063,0.640950536,-0.212292225,-0.078204299,1.703138138,0.288462218,-0.359896581,0.154528864,-0.220904883,-0.297053137,-0.127900027,-0.031741246,0.299618301,-0.11319782,-0.272474999,0.354268761,2.141176454,-0.055252827,-0.244543887,-0.137134479,-0.101241835,-0.029197434,-0.23180336,-0.117327734,1.057056621,-0.089738832,-0.080372576,-0.103047596,-0.140401701,1.478644314,-0.263904128,-0.092647641,-0.094258482,-0.165769946,-0.075155766,-0.218289314,0.63246376,-0.24712035,-0.223403025,0.488168389,0.248030872,-0.305751998,-0.101309294,0.059211552,-0.218912688,-0.108146861,5.412813736,5.580795661,0.233324104,-0.090761365,0.695889017,-0.292195593,-0.115565556,-0.243419262,0.316414469,-0.332323972,-0.110238168,0.740952273,-0.191507687,-0.083689314,3.60823578
2012/02/07,-0.140098285,-0.132571897,-0.22249409,-0.149678939,3.566686084,4.209174926,-0.262390414,-0.239071875,-0.256067922,0.484337136,1.485667894,0.218244318,-0.20387063,0.230496471,-0.212292225,-0.012524855,-0.187495153,4.306129797,-0.419577544,0.367928842,-0.220904883,-0.297053137,-0.08521195,-0.364467783,1.672690333,-0.11319782,-0.272474999,0.110000906,0.825729242,-0.06835728,-0.244543887,-0.137134479,-0.102586227,-0.188983143,-0.23180336,-0.117327734,-0.10834958,-0.089738832,-0.072348928,-0.103047596,-0.160909824,-0.361257644,-0.263904128,-0.068947846,-0.094258482,-0.171129789,-0.205967822,-0.218580198,-0.162218802,-0.24712035,-0.223403025,-0.312870297,-0.028481864,-0.305751998,-0.101309294,-0.013343164,-0.218912688,-0.108146861,0.27797534,0.718619251,-0.128377991,-0.182054166,-0.226245073,-0.280846461,-0.115565556,-0.209001133,-0.053128134,-0.332323972,-0.110238168,3.015700759,-0.191507687,-0.083689314,1.87543238
2012/02/21,-0.140098285,-0.132571897,-0.22249409,-0.149678939,1.522933582,1.109493315,-0.262390414,-0.239071875,-0.256067922,0.032775388,-0.166433319,-0.181952901,-0.20387063,-0.271169608,-0.212292225,0.168093615,-0.069527711,-0.247585212,-0.419577544,-0.302756803,-0.220904883,-0.297053137,-0.148423141,-0.364467783,-0.191463119,-0.11319782,-0.272474999,0.061587458,-0.192032669,-0.06835728,-0.244543887,-0.137134479,-0.099299936,-0.384276788,-0.23180336,-0.117327734,-0.10834958,-0.089738832,-0.100431695,-0.103047596,-0.138767245,-0.361257644,-0.263904128,-0.329645591,-0.094258482,-0.171129789,-0.205967822,-0.218580198,-0.162218802,-0.24712035,-0.223403025,-0.312870297,-0.072990082,-0.305751998,-0.101309294,-0.212868635,-0.218912688,-0.108146861,0.551351587,-0.207319678,-0.128377991,0.989536775,-0.226245073,-0.300325114,-0.115565556,-0.243419262,-0.172686035,-0.332323972,-0.110238168,-0.29254246,-0.191507687,-0.083689314,0.934156459
2012/03/07,-0.140098285,-0.132571897,-0.014882639,-0.149678939,0.173285703,-0.121149509,-0.262390414,-0.239071875,-0.256067922,0.029679151,-0.162393952,-0.181952901,-0.20387063,-0.271169608,-0.212292225,-0.132937169,-0.083406234,-0.238888277,-0.156981304,-0.302756803,-0.220904883,-0.297053137,-0.07618178,-0.364467783,-0.205294431,-0.11319782,0.089839196,-0.122383647,-0.192032669,-0.06835728,-0.244543887,-0.137134479,-0.10160034,-0.384276788,-0.23180336,-0.117327734,-0.020344078,-0.089738832,-0.096419871,-0.103047596,-0.121355986,-0.284884355,-0.263904128,-0.329645591,-0.094258482,-0.171129789,-0.205967822,-0.218580198,-0.162218802,-0.24712035,-0.223403025,-0.312870297,-0.065265515,-0.305751998,-0.101309294,-0.212868635,-0.218912688,-0.108146861,0.066653824,-0.209659384,-0.128377991,-0.182054166,-0.226245073,-0.305283316,-0.115565556,-0.243419262,-0.053128134,-0.332323972,-0.110238168,-0.353933247,-0.191507687,-0.083689314,1.169475439
2012/03/21,-0.140098285,-0.132571897,-0.22249409,-0.149678939,1.291565374,-0.121149509,3.06487037,0.203914795,-0.256067922,0.95121711,-0.186630155,0.218244318,-0.20387063,-0.020336569,-0.212292225,-0.072731012,0.166407174,-0.247585212,-0.156981304,0.032586019,1.003755041,-0.297053137,0.050240601,-0.364467783,-0.209904868,-0.11319782,-0.272474999,-0.180479786,-0.192032669,-0.06835728,-0.244543887,-0.137134479,-0.099628565,0.396897792,1.645786043,-0.117327734,-0.10834958,-0.089738832,-0.080372576,-0.103047596,-0.160909824,0.173355378,-0.263904128,-0.329645591,-0.094258482,-0.171129789,0.081818701,-0.218580198,-0.162218802,-0.24712035,-0.223403025,-0.312870297,0.307720706,-0.305751998,-0.101309294,0.186182306,-0.218912688,-0.108146861,0.621372803,-0.197375924,-0.128377991,-0.182054166,-0.226245073,-0.199567357,-0.115565556,-0.243419262,0.305545569,-0.195088403,-0.110238168,0.389444026,-0.191507687,-0.083689314,3.287346262
2012/04/07,-0.140098285,-0.108697354,-0.22249409,-0.149678939,0.779250057,-0.121149509,3.698634329,-0.239071875,-0.256067922,-0.035900549,-0.169318581,-0.181952901,0.776024493,-0.271169608,-0.212292225,-0.046928374,-0.029874789,-0.247585212,0.049344313,0.655365547,-0.220904883,-0.297053137,-0.032320954,-0.364467783,-0.212319859,-0.11319782,-0.272474999,-0.180479786,0.282080022,-0.06835728,-0.244543887,-0.137134479,-0.102586227,-0.244781328,-0.23180336,-0.117327734,0.201765048,-0.089738832,-0.094179502,-0.103047596,-0.156881442,0.238818197,-0.18751933,-0.329645591,-0.094258482,-0.171129789,-0.205967822,-0.218580198,-0.162218802,-0.24712035,-0.223403025,-0.312870297,-0.029637922,-0.305751998,-0.101309294,-0.070350442,-0.218912688,-0.108146861,-0.129393603,-0.209408701,-0.128377991,-0.110324108,-0.226245073,-0.298680812,-0.115565556,-0.194250506,0.083509467,-0.332323972,-0.110238168,-0.12632678,-0.191507687,-0.083689314,0.261816516
2012/04/21,-0.140098285,-0.132571897,-0.22249409,-0.149678939,1.185521612,-0.121149509,-0.262390414,-0.239071875,-0.256067922,-0.399068217,0.540455953,-0.181952901,-0.20387063,-0.271169608,-0.212292225,-0.132937169,-0.208312937,-0.247585212,-0.173393569,-0.302756803,-0.220904883,-0.297053137,-0.148423141,-0.364467783,-0.214515305,-0.11319782,-0.272474999,0.291551339,1.965180076,-0.06835728,-0.244543887,-0.137134479,-0.102586227,-0.384276788,-0.23180336,-0.117327734,-0.10834958,-0.089738832,-0.100431695,-0.103047596,-0.158402224,-0.074857811,-0.263904128,0.159162681,-0.094258482,-0.171129789,-0.205967822,-0.218580198,-0.162218802,-0.24712035,-0.223403025,1.889986091,-0.097359251,-0.305751998,-0.101309294,-0.212868635,-0.218912688,-0.108146861,-0.255517148,-0.210975469,-0.128377991,-0.182054166,0.136021891,-0.30342399,-0.115565556,-0.243419262,-0.060600503,-0.332323972,-0.110238168,-0.437016589,-0.191507687,-0.083689314,-0.242438442
2012/05/07,-0.140098285,-0.132571897,-0.22249409,-0.149678939,-0.597941656,-0.121149509,-0.262390414,-0.239071875,-0.256067922,-0.345291466,-0.186630155,-0.181952901,-0.20387063,-0.271169608,-0.212292225,0.770155183,-0.208312937,0.917804038,-0.419577544,-0.302756803,-0.220904883,-0.297053137,0.009604836,-0.364467783,-0.214515305,-0.11319782,-0.272474999,-0.180479786,-0.192032669,-0.06835728,-0.244543887,-0.137134479,-0.102586227,-0.384276788,-0.23180336,-0.117327734,-0.10834958,-0.089738832,-0.086755023,-0.103047596,-0.160058186,-0.361257644,0.118019861,-0.329645591,-0.094258482,-0.171129789,-0.205967822,-0.218580198,-0.162218802,-0.24712035,-0.223403025,-0.312870297,0.027245367,-0.305751998,-0.101309294,-0.212868635,-0.218912688,-0.108146861,4.915098964,-0.213168944,-0.128377991,1.575332246,-0.226245073,-0.29943972,-0.115565556,-0.243419262,-0.023238659,0.067946437,-0.110238168,-0.276251608,-0.191507687,-0.083689314,-0.242438442
2012/05/21,-0.140098285,-0.132571897,-0.22249409,-0.149678939,-0.083790084,-0.121149509,0.661848693,-0.239071875,-0.256067922,-0.398660818,0.176912899,-0.181952901,-0.20387063,-0.271169608,-0.212292225,0.017578223,-0.208312937,-0.231640831,-0.200747344,-0.302756803,-0.220904883,-0.297053137,-0.140897999,-0.364467783,-0.214515305,-0.11319782,-0.071189335,0.001070647,-0.044530943,-0.06835728,-0.244543887,-0.137134479,-0.091905781,0.429446732,-0.23180336,-0.117327734,-0.10834958,-0.089738832,-0.100127769,-0.103047596,-0.154380602,-0.361257644,-0.263904128,-0.329645591,-0.094258482,-0.171129789,-0.205967822,-0.218580198,-0.162218802,-0.24712035,-0.223403025,2.036843184,-0.079427221,-0.305751998,-0.101309294,-0.212868635,-0.218912688,-0.108146861,-0.25368276,-0.213168944,-0.128377991,0.23637117,-0.226245073,-0.306965563,-0.115565556,-0.243419262,-0.172686035,-0.332323972,-0.110238168,-0.427585044,-0.191507687,-0.083689314,-0.242438442
2012/06/07,0.548835977,-0.132571897,-0.22249409,-0.149678939,-0.597941656,-0.121149509,-0.262390414,-0.239071875,-0.256067922,-0.399068217,-0.186630155,-0.181952901,-0.20387063,-0.271169608,-0.212292225,0.168093615,-0.208312937,-0.247585212,-0.419577544,-0.302756803,-0.220904883,-0.297053137,-0.125847716,-0.364467783,-0.214515305,-0.11319782,-0.272474999,-0.180479786,-0.192032669,-0.06835728,-0.244543887,-0.137134479,-0.100121509,-0.384276788,-0.23180336,-0.117327734,-0.10834958,-0.089738832,-0.100431695,-0.103047596,-0.159111922,-0.361257644,0.499943849,-0.329645591,-0.094258482,-0.171129789,-0.205967822,-0.218580198,-0.162218802,-0.24712035,-0.223403025,-0.312870297,-0.084944769,-0.305751998,-0.101309294,-0.212868635,-0.218912688,-0.108146861,-0.308190294,-0.213168944,-0.128377991,-0.182054166,-0.226245073,-0.301431855,-0.115565556,-0.243419262,-0.172686035,-0.332323972,-0.110238168,-0.446019428,-0.191507687,-0.083689314,-0.242438442
2012/06/21,-0.140098285,-0.132571897,-0.20691393,-0.149678939,-0.390620746,-0.121149509,-0.262390414,-0.239071875,-0.162499465,-0.386659504,-0.143880185,-0.181952901,-0.20387063,-0.115095717,-0.212292225,-0.123529957,-0.187350586,-0.24734363,-0.278432065,-0.302756803,-0.220904883,-0.297053137,-0.134627048,-0.364467783,-0.214515305,-0.11319782,-0.272474999,-0.128132744,-0.093698185,-0.036574431,-0.244543887,-0.137134479,-0.102380834,-0.343861853,-0.23180336,-0.117327734,-0.10834958,-0.086413594,-0.099260314,-0.103047596,-0.161105385,-0.342694692,-0.262312778,-0.149329651,-0.093581419,0.412659388,-0.205967822,-0.110478575,-0.154191705,-0.24712035,0.051846825,0.641700804,-0.12970383,-0.178918416,-0.086765398,-0.011957571,-0.218912688,-0.108146861,-0.302949185,-0.213022713,-0.128377991,-0.182054166,-0.045111591,-0.245762752,-0.110960043,-0.238638967,-0.172686035,-0.319616975,-0.110238168,-0.449676653,-0.179258804,-0.076047377,-0.242438442
2012/07/07,-0.049197236,-0.132571897,-0.22249409,-0.149678939,-0.451328122,-0.121149509,-0.262390414,-0.239071875,-0.256067922,-0.397362231,-0.160121807,-0.09857848,-0.20387063,-0.271169608,-0.005193184,-0.01377915,-0.180122188,-0.247585212,-0.289647113,-0.302756803,-0.220904883,-0.297053137,-0.143249606,-0.364467783,-0.214515305,-0.11319782,-0.108930397,-0.174428105,-0.159766666,-0.06835728,-0.244543887,-0.137134479,-0.102586227,-0.384276788,0.061569984,-0.117327734,-0.10834958,-0.089738832,-0.097886315,-0.103047596,-0.161881716,-0.349324317,-0.263904128,-0.329645591,-0.094173849,-0.103880518,-0.205967822,-0.209914292,-0.159961181,-0.24712035,0.11440361,0.403058029,-0.131326653,-0.020376439,-0.084947411,-0.212868635,-0.218912688,-0.108146861,-0.304652545,-0.209695942,-0.1260861,-0.182054166,-0.226245073,-0.076445118,-0.107799397,-0.229078375,-0.091735373,-0.301350666,-0.110238168,-0.444545749,-0.142512154,-0.039147739,-0.242438442
2012/07/21,-0.140098285,-0.132571897,-0.22249409,-0.149678939,-0.295556263,-0.121149509,-0.262390414,-0.239071875,0.193060672,-0.395874204,-0.180571104,-0.148603132,0.596377054,-0.145753088,-0.212292225,-0.116882194,-0.185760338,-0.247585212,-0.287185273,-0.302756803,-0.220904883,-0.297053137,-0.143908056,-0.21196812,-0.214515305,-0.11319782,0.03951778,-0.170191928,-0.175438725,-0.062831569,-0.244543887,-0.12798869,-0.102421912,-0.23455166,-0.23180336,-0.117327734,-0.10834958,-0.089738832,-0.100431695,-0.100789244,-0.161362453,0.170173158,0.016300772,-0.177571906,-0.094156922,-0.14253503,-0.181985612,0.016759146,1.492165805,-0.176633242,-0.223403025,-0.136641786,0.406408176,-0.305751998,-0.101309294,-0.199012699,-0.218912688,-0.108146861,-0.30750895,-0.210975469,-0.128377991,-0.182054166,-0.226245073,-0.123098151,-0.115565556,-0.158808028,-0.172686035,-0.300683549,-0.110238168,-0.294707428,-0.191507687,-0.083689314,-0.183608697
2012/08/07,-0.105651572,-0.132571897,-0.22249409,-0.149678939,-0.26213641,-0.121149509,-0.262390414,-0.239071875,-0.087644699,-0.389657286,-0.177541579,-0.181952901,-0.20387063,-0.229364102,-0.212292225,-0.132937169,-0.171881816,-0.247585212,-0.156981304,-0.260838951,-0.220904883,-0.297053137,-0.143908056,-0.272967985,-0.214515305,-0.11319782,-0.091317901,-0.120568143,-0.062968658,-0.06835728,-0.244543887,-0.137134479,-0.101107396,-0.335453377,0.002895315,-0.107739409,-0.10834958,-0.089738832,-0.100431695,-0.103047596,-0.161871859,-0.323070999,-0.134049972,-0.155847094,-0.094123069,-0.166707919,1.017124902,-0.205781321,-0.138739545,-0.141389687,-0.223403025,0.568272258,-0.129621578,-0.305751998,-0.101309294,-0.204555073,-0.218912688,-0.108146861,-0.305936617,-0.213168944,-0.128377991,-0.182054166,-0.226245073,-0.260836573,-0.115565556,-0.170280738,-0.172686035,-0.213195874,-0.110238168,-0.436973719,-0.191507687,-0.055392314,-0.007119462
2012/08/21,-0.140098285,-0.132571897,-0.22249409,-0.149678939,-0.423746032,-0.112336311,-0.229381875,-0.239071875,-0.256067922,-0.368572658,-0.169679239,-0.181952901,-0.20387063,-0.139532031,0.063839829,-0.11501867,-0.144868262,-0.247585212,-0.218852938,0.011627093,-0.220904883,-0.181172745,-0.115688775,-0.059468457,-0.208752259,-0.11319782,-0.189444663,-0.138074792,-0.053749801,-0.059776983,-0.239819693,-0.137134479,-0.101300074,-0.274424113,0.019659506,0.002526319,-0.10834958,-0.089318979,-0.100431695,-0.103047596,-0.159598197,0.097815528,-0.23497187,-0.230073536,-0.094258482,-0.163233592,-0.205967822,-0.155164177,0.482729741,-0.24712035,-0.223403025,-0.312870297,-0.104460539,0.169873934,-0.101309294,-0.209404651,-0.218912688,-0.106901332,-0.302327739,-0.21079268,-0.128377991,-0.182054166,-0.226245073,-0.273852776,-0.112133998,0.048656806,0.053560687,-0.141378649,-0.110238168,-0.303401496,-0.191507687,-0.069715487,-0.242438442
2012/09/07,0.096107748,-0.132571897,0.007281717,-0.149678939,-0.175143801,-0.109612232,-0.077542593,-0.239071875,-0.129750505,-0.324775985,-0.140321695,-0.181952901,1.339464188,-0.009885192,-0.070281454,-0.11860237,-0.144372601,-0.246964002,-0.196839662,-0.260838951,-0.220904883,-0.297053137,-0.122461402,-0.220682386,-0.214515305,-0.11319782,-0.138763808,-0.158953092,-1.70E-05,-0.066555418,-0.243126629,-0.137134479,-0.102462991,-6.64E-04,-0.23180336,-0.107739409,-0.10834958,-0.089594883,-0.10024934,-0.103047596,-0.150303781,-0.090768912,-0.213708404,-0.264471155,-0.091821055,-0.162601897,-0.144299281,-0.10549679,-0.149576125,-0.126285307,0.767496437,-0.262519294,-0.123147217,-0.191601774,-0.101309294,-0.171300828,-0.217313089,-0.097116686,-0.298913531,-0.211905085,-0.128377991,-0.182054166,-0.184843135,0.01011433,-0.101323298,0.609863522,-0.062735465,-0.159962633,-0.083498727,0.355401658,0.499329326,-0.018711017,-0.242438442
2012/09/21,-0.043501682,-0.132451318,0.098012066,-0.149678939,-0.229029159,-0.119318195,-0.183169919,-0.239071875,0.225141286,0.094940692,-0.063862243,-0.066249623,-0.009446995,-0.009387507,-0.05450248,-0.12576977,-0.022746704,-0.24544549,-0.160442394,-0.289449549,-0.220904883,0.160556167,-0.123679758,-0.056563702,-0.185151211,-0.112300495,-0.197711752,-0.138636734,1.132848907,-0.065415464,-0.205130608,-0.033855502,-0.10183731,-0.1139213,-0.061500467,-0.101347193,-0.10834958,-0.089558895,-0.09928546,-0.103047596,-0.136590837,0.01008799,0.047801274,0.061401027,-0.094258482,-0.115306606,-0.102044911,-0.202555482,-0.036283486,-0.179989771,-0.223403025,-0.214965569,-0.107042797,0.411763694,-0.101309294,-0.018659319,-0.162926703,-0.081034875,-0.173124418,-0.21222391,-0.002651391,-0.182054166,-0.157241842,0.735247749,-0.110095704,-0.19928445,-0.071631142,1.292032214,-0.092761409,1.541195702,0.819200162,-0.077529423,-0.158395949
2012/10/07,-0.1259663,-0.132571897,-0.220776874,0.044537749,-0.232597414,-0.121149509,-0.049104466,-0.239071875,-0.169697038,0.007422596,-0.180415744,-0.028030893,-0.20387063,-0.078221116,0.909228731,-0.105149712,-0.041103429,-0.165967825,-0.100590445,-0.216771464,-0.220904883,-0.190086621,-0.098641434,0.489530329,-0.004090221,-0.11319782,-0.021642094,-0.121545722,-0.09587289,-0.048952609,-0.238438774,0.003569966,-0.102586227,-0.033749733,-0.087373406,-0.076761746,-0.100451651,-0.089738832,-0.098725034,-0.103047596,-0.155083021,0.105304819,0.091578969,0.397300045,-0.093425174,-0.168862163,-0.095280698,-0.112874604,-0.143787353,-0.24712035,-0.223403025,-0.312870297,-0.10608122,-0.235505707,-0.101309294,-0.148918163,-0.184459774,-0.101034644,-0.247006393,-0.203225191,0.118535083,-0.12411835,-0.144502784,-0.058500367,-0.092847805,-0.099127875,-0.025921047,0.096243942,-0.110238168,0.196958053,-0.131205493,-0.083689314,-0.242438442
2012/10/21,-0.011059804,-0.132571897,-0.212049735,0.357288272,0.572441768,-0.116204962,-0.163364796,-0.167877589,0.726400877,0.187860787,-0.159508689,-0.089049975,0.449392785,0.108066059,0.142734701,1.288358176,0.055626824,-0.052856702,-0.022557039,-0.093167539,-0.045953466,-0.043771708,-0.119773852,0.986243516,-0.088478392,-0.112020081,0.187606519,-0.068955949,0.310526784,0.09329551,0.229360298,-0.003867269,-0.101036975,0.985103651,0.304650755,-0.089932521,0.259597235,-0.089678853,-0.019589535,-0.103047596,-0.117895363,1.173027176,0.555413762,-0.135674054,-0.064467707,-0.087079168,0.294232564,-0.191138797,-0.084298629,-0.24712035,-0.223403025,-0.312870297,0.137668573,0.020391498,-0.063910704,-0.052931551,0.863483038,-0.10198294,-0.15423646,-0.044260921,1.37464423,0.042102264,-0.198643781,-0.001642429,-0.044498753,-0.160446987,-0.11219543,-0.27568707,0.622038013,0.165833717,-0.12851343,-0.083689314,0.001284788
2012/11/07,-0.044412971,-0.132571897,-0.033439308,-0.139158869,0.710964301,-0.119318195,0.199729139,-0.192927431,-0.256067922,0.410848306,0.196839242,-0.181952901,-0.20387063,-0.218912725,-0.212292225,0.00443799,-0.085326922,-0.063422443,1.335623018,0.395874077,-0.220904883,0.43961507,0.030948467,0.577762276,-0.202028704,-0.11319782,-0.205978842,-0.14870846,-0.146596869,-0.06835728,-0.076497544,-0.072351808,-0.102586227,0.01096035,-0.120042086,-0.111335031,-0.087570503,-0.089738832,-0.093658486,-0.103047596,0.851559114,0.166081731,-0.135459453,-0.221021531,-0.072084666,-0.151710995,-0.056079008,-0.206695527,-0.052992952,-0.24712035,-0.030370663,-0.166013205,0.073885431,-0.305751998,-0.101309294,-0.098062312,-0.149596706,-0.027332285,-0.242676431,-0.117657033,0.18266438,-0.098369099,0.739800165,0.202945874,0.03738391,0.910766064,-0.164383403,-0.076198561,-0.047540297,-0.226750029,0.053469977,-0.083689314,-0.116374703
2012/11/21,0.889013041,-0.122521215,-0.045400026,0.384694405,0.479481327,-0.057053528,-0.177076035,-0.102768285,-0.126511597,0.283918008,0.350838732,0.212380623,-0.098343463,0.06924666,-0.212292225,-0.104818909,-0.066439358,-0.17757648,0.963621698,-0.019926456,0.128997952,0.994185519,0.056740339,0.727496835,-0.182354831,-0.11319782,0.538750466,0.131135239,-0.104342082,-0.024003746,0.631602088,0.884781803,-0.101672566,0.134360181,-0.23180336,-0.112586255,-0.098227336,-0.089738832,-0.089462303,-0.100441805,0.442870252,0.531722349,-0.011946214,0.080977231,-0.092930397,0.288096781,0.200412049,-0.209325626,0.438159507,-0.182055327,-0.223403025,-0.312870297,-0.096594946,-0.180312192,-0.101309294,0.159749445,1.133118108,0.022161796,0.63302304,0.287462406,-0.105529599,0.144961328,-0.106816404,0.147561058,-0.076554154,0.796815109,-0.062105925,-0.22675815,-0.089911353,-0.089768941,-0.182462358,-0.059503844,0.994925646
2012/12/07,1.019902139,-0.007172116,0.082097151,0.233359528,-0.034846809,-0.078254506,0.477000871,0.453804711,1.061088051,0.480852302,-0.045640701,-0.111405314,-0.20387063,-0.150576801,-0.212292225,-0.065398211,0.037363603,0.54794459,0.399352396,0.220678949,-0.067822393,0.919690981,1.381438178,0.878991006,0.409100512,-0.098430781,0.037195254,0.532687554,-0.188628783,-0.040636321,0.807134462,-0.057401961,-0.101985847,-0.177716202,0.339898541,-0.050947027,-0.107597397,-0.089738832,-0.023601526,0.157531447,0.014741049,-0.127731626,0.568004663,0.138273439,1.325542779,-0.159413723,-0.076832844,-0.18022459,-0.102478679,0.728854997,0.016815026,-0.312870297,-0.120873671,-0.188674845,-0.101309294,0.169555184,0.280367462,-0.046108361,0.574807566,0.296195329,-0.081552892,-0.104806411,-0.226245073,-0.009095421,-0.013980309,-0.111041843,-0.120187854,0.569897259,0.001276995,-0.020383011,0.197441466,-0.083689314,0.198784646
2012/12/21,-0.12916282,-0.051308019,0.377223259,0.066733941,0.200196853,-0.103752028,0.991934088,0.749737656,-0.256067922,0.524917348,-0.148206229,-0.082697638,-0.163041667,-0.18158638,-0.123535493,-0.057380831,0.100347567,1.473113672,0.609705932,0.281994684,0.06096129,0.679653026,0.087736756,-0.005004292,0.080604514,-0.100928624,-0.252291134,0.895206527,-0.179622668,-0.06835728,-0.028554758,-0.0879298,-0.100692547,-0.039025523,-0.23180336,0.197717205,-0.085370366,-0.089738832,1.370041336,1.270514172,0.504232992,-0.075382352,0.348083597,0.13329981,-0.094258482,-0.122240411,-0.134152962,-0.199127937,-0.040092261,-0.24712035,-0.223403025,0.070007123,-0.074976916,0.210641871,-0.060794155,1.486686196,0.14206362,-0.063605188,-0.001864845,0.887458443,-0.045251463,0.357024806,-0.084589401,0.070356242,-0.101781766,0.626253107,0.642157993,0.222064159,-0.110238168,0.279203768,-0.188008006,-0.074706139,0.755566162
2013/01/07,-0.140098285,0.26016154,0.211783779,-0.149678939,0.141504356,0.017854247,1.342332431,0.839998218,0.089415612,1.611169587,0.216385507,1.274808953,0.04738453,-0.17010135,-0.212292225,-0.10525998,1.754354185,0.123625765,-0.078106243,0.485237412,0.564133529,-0.117502199,-0.120307227,-0.324248091,0.431524322,-0.092542085,0.046485361,0.866687149,-0.16147874,-0.06835728,0.291252436,0.044776267,-0.101562421,-0.175033597,0.49034641,-0.092250578,-0.003742307,-0.089738832,0.314860885,-0.051626665,-0.082008212,0.039562245,-0.070591832,-0.183062793,-0.089654453,0.273702758,0.068114581,0.280092516,-0.160631025,-0.24712035,-0.084815688,-0.312870297,-0.060472862,0.162556612,-0.101309294,0.227293323,0.632648511,1.503406748,-0.174686,0.281367277,0.011146969,-0.113818649,-0.189089487,0.045468643,-0.085556785,0.051120496,0.030847058,-0.141719015,-0.106473943,0.148600889,-0.131205493,1.572669897,-0.164860756
2013/01/21,-0.130852847,1.507376219,0.159928028,0.007020017,0.516714192,0.034661993,0.130911336,0.343666542,-0.256067922,0.57320193,1.68298705,-0.037942538,-0.20387063,0.941642524,0.781783168,-0.003478728,0.46113803,0.645626376,-0.14568455,0.199652555,0.532358165,0.239307535,-0.00535912,0.269297049,0.851598407,0.883977211,-0.159611252,0.01736565,-0.017472996,-0.063560114,0.380197076,0.977490399,-0.10041475,0.845009346,-0.23180336,1.244899187,1.346056701,-0.089738832,0.070237259,0.272000098,-0.05151453,-0.146795277,0.020720178,0.556275318,-0.092793124,1.02850393,-0.021896572,0.083734046,-0.093329112,-0.096076546,0.1626617,-0.045857402,1.29882931,-0.028530026,-0.101309294,0.178564541,-0.161460403,0.194410553,0.291655996,1.317000824,-0.019961287,-0.044028146,0.222589581,0.328265031,1.244095344,-0.009867672,-0.112842389,0.512373661,1.098279683,0.524811017,0.624617903,-0.051749137,0.125056459
2013/02/07,-0.128821087,-0.052519833,0.390239733,0.013382155,0.146803454,0.281052768,-0.00822466,0.764569799,-0.256067922,0.038681228,-8.28E-04,0.778043999,-0.118129807,-0.111039587,0.081098082,-0.060501637,-0.116538108,0.363085847,-0.187070457,1.1339277,0.87983112,0.250481716,0.013992262,-0.364467783,0.573037021,0.295002411,0.006988579,-0.131796173,0.004263155,1.185438577,0.275328397,-0.114270007,-0.099666709,0.464901829,-0.23180336,0.532880503,-0.101474151,-0.089738832,-0.074793904,-0.066752658,-0.155895469,0.58687355,0.58229621,-0.096103861,-0.094258482,0.250176143,0.031713012,-0.010531792,-0.100510497,-0.048875358,0.227005821,0.523428396,-0.088273634,0.163079278,-0.042406515,-0.030910511,-0.215413564,-0.102064044,0.006592586,0.185201374,-0.024020547,-0.119290365,-0.082847733,0.075503984,0.087985208,-0.205928086,-0.116954618,-0.012975578,0.062126363,0.47505712,0.065718861,-0.062728573,0.197208849
2013/02/21,-0.140098285,-0.123483292,0.016669677,1.007779304,0.583028929,0.560356726,-0.089095582,0.181172175,0.314114863,0.268472806,0.108487099,-0.088156677,-0.20387063,0.561207889,-0.126000958,-0.043792636,0.025035214,0.209676837,-0.250570292,0.086480401,0.088904919,-0.054945889,0.143982367,-0.266432285,-0.164424826,0.690356872,-0.039199292,-0.114213878,-0.072055818,-0.06835728,0.127866043,-0.109370477,-0.084849791,0.515468933,-0.23180336,-0.117327734,-0.064346829,-0.089513911,-0.076395486,-0.031062635,0.756098344,0.049703387,-0.114987873,0.00631311,-0.094258482,-0.057814987,0.802569771,0.031847821,-0.116163335,-0.133837497,-0.223403025,-0.053247937,-0.01489463,-0.152872234,1.028751432,0.011053179,0.126667474,-0.084728014,0.666341519,-0.069126833,0.071780503,0.738481574,0.131924824,0.299729441,0.49448686,0.049672618,0.11953696,-0.17410484,0.167642292,0.517829792,0.06243791,-0.00803414,-0.058595489
2013/03/07,0.101028707,0.490737538,-0.0066607,-0.139158869,-0.204863406,1.055652691,-0.262390414,-0.03834354,-0.119224053,-0.23579445,-0.10650101,0.318293623,-0.118129807,0.71975154,0.553974224,0.252706261,-0.123781995,0.12294562,-0.296827479,-0.107722349,0.605102722,-0.123232549,-0.014287489,-0.135718289,-0.159435521,0.309419202,0.609827162,-0.14405623,-0.109831186,-0.033821586,0.586994467,0.125806952,-0.100941614,0.127497183,0.028972946,-0.11013649,0.378247511,-0.089738832,-0.048963717,-0.092461572,-0.009349042,0.36481897,0.31486985,0.414429223,-0.084080773,-0.13796284,-0.034131003,0.487564489,0.024110177,-0.24712035,0.327096676,0.149729544,-0.015925338,-0.270080053,0.61206881,-0.026852701,-0.216113389,-0.090425586,0.075147228,-0.115542985,-0.087926112,0.001006919,0.287829,-0.066915612,-0.084021664,-0.21234734,-0.038806094,-0.121302728,-0.110238168,0.091861666,-0.169051401,-0.083689314,-0.082495073
2013/03/21,-0.140098285,-0.132571897,-0.22249409,-0.149678939,-0.597941656,1.427152994,-0.262390414,0.49185613,-0.256067922,-0.399068217,-0.186630155,-0.181952901,-0.20387063,0.556579423,-0.212292225,-0.132937169,-0.208312937,-0.247585212,-0.419577544,-0.302756803,-0.220904883,-0.297053137,-0.148423141,-0.364467783,-0.194229381,-0.11319782,-0.272474999,-0.180479786,-0.192032669,-0.06835728,-0.244543887,-0.137134479,-0.100959513,-0.384276788,-0.23180336,-0.117327734,-0.10834958,-0.089738832,-0.100431695,-0.103047596,-0.162423846,-0.361257644,-0.263904128,-0.329645591,1.562704431,-0.171129789,-0.205967822,-0.218580198,-0.162218802,-0.24712035,-0.223403025,-0.312870297,-0.066332241,-0.305751998,-0.101309294,-0.103129626,-0.218912688,-0.108146861,0.131811291,-0.213168944,1.166448837,-0.182054166,-0.226245073,-0.296889788,-0.115565556,-0.243419262,-0.074050767,-0.332323972,-0.110238168,-0.441929567,-0.191507687,-0.083689314,2.087219462
2013/04/07,-0.086514509,-0.130582351,0.012138474,-0.112274244,0.16446785,-0.121149509,0.067694981,-0.146782986,-0.256067922,-0.329291574,-0.142395477,-0.181952901,-0.122212703,-0.131817919,-0.212292225,-0.074552726,-0.105907201,-0.210164234,0.057159677,0.473388837,-0.050813227,-0.181172745,-0.059828035,-0.135718289,0.439026369,-0.112461733,0.545248012,0.002280983,-0.016545124,-0.062351072,-0.215017672,-0.099027025,-0.06698474,-0.047162758,0.550525558,-0.105342328,-0.059283021,1.619526193,-0.062637947,-0.097401717,-0.124541835,-0.280755045,-0.164763026,0.03152941,0.541461426,-1.51E-04,-0.175990059,0.110190945,-0.161014738,0.202234966,0.227005821,-0.221084614,-0.102707477,0.134994699,-0.092582956,-0.126170067,-0.216579939,-0.0153501,-0.084991426,-0.194332913,-0.094763588,-0.176076661,0.226588632,-0.280072137,-0.091093126,-0.232151422,-0.004379823,-0.135365517,-0.110238168,-0.062472971,0.322945408,-0.067968758,-0.14158745
2013/04/21,-0.140098285,-0.109782561,-0.22249409,-0.149678939,-0.308731397,-0.121149509,-0.262390414,-0.239071875,-0.256067922,-0.315347594,-0.186630155,-0.181952901,-0.20387063,0.042371691,-0.212292225,0.243351311,-0.208312937,-0.247585212,-0.091332244,0.954778781,-0.220904883,-0.297053137,-0.148423141,-0.364467783,-0.214515305,-0.11319782,1.086203234,-0.180479786,-0.192032669,-0.06835728,-0.244543887,-0.137134479,17.24410148,-0.384276788,-0.23180336,-0.117327734,-0.10834958,-0.089738832,-0.096328694,-0.103047596,-0.157219394,-0.361257644,-0.263904128,-0.329645591,-0.094258482,-0.171129789,-0.205967822,-0.218580198,-0.162218802,-0.24712035,-0.223403025,-0.312870297,-0.103336594,-0.305751998,-0.101309294,0.535351879,5.659615824,0.524466165,-0.294039299,-0.213168944,-0.119210427,-0.182054166,1.947356712,-0.30740826,-0.115565556,-0.243419262,0.051485029,-0.332323972,-0.110238168,-0.395217694,-0.191507687,-0.083689314,-0.242438442
2013/05/07,-0.140098285,-0.132571897,-0.22249409,-0.149678939,-0.597941656,-0.121149509,-0.262390414,-0.239071875,-0.256067922,-0.399068217,-0.186630155,-0.181952901,-0.20387063,-0.271169608,-0.212292225,-0.132937169,-0.208312937,-0.247585212,0.236913056,-0.302756803,-0.220904883,-0.297053137,-0.148423141,-0.364467783,-0.214515305,-0.11319782,-0.272474999,-0.180479786,-0.192032669,-0.06835728,-0.244543887,-0.137134479,0.084732367,-0.384276788,-0.23180336,-0.117327734,-0.10834958,2.630910958,-0.100431695,-0.103047596,-0.162423846,-0.361257644,-0.263904128,-0.329645591,-0.094258482,-0.171129789,-0.205967822,-0.218580198,-0.162218802,-0.24712035,-0.223403025,-0.312870297,-0.115291281,-0.305751998,-0.101309294,-0.212868635,-0.218912688,-0.108146861,0.106905541,-0.213168944,-0.128377991,-0.182054166,-0.226245073,-0.30740826,-0.115565556,-0.243419262,-0.172686035,-0.332323972,-0.110238168,-0.443447189,-0.191507687,-0.083689314,3.287346262
2013/05/21,-0.140098285,-0.132571897,-0.22249409,-0.149678939,-0.597941656,-0.121149509,-0.262390414,-0.239071875,-0.256067922,-0.399068217,-0.186630155,-0.181952901,-0.20387063,-0.271169608,-0.212292225,-0.132937169,-1.35E-04,-0.247585212,-0.419577544,-0.302756803,-0.220904883,-0.297053137,-0.148423141,-0.364467783,-0.214515305,-0.11319782,2.142952971,-0.180479786,-0.192032669,-0.06835728,-0.244543887,-0.137134479,9.687275034,-0.384276788,-0.23180336,-0.117327734,-0.10834958,-0.089738832,-0.100431695,-0.103047596,-0.156746262,-0.361257644,-0.111134532,-0.329645591,-0.094258482,-0.171129789,-0.205967822,-0.218580198,-0.162218802,3.982106153,12.38804468,-0.312870297,-0.076668447,-0.305751998,0.422270966,-0.212868635,-0.218912688,0.427141084,-0.308190294,-0.213168944,-0.128377991,-0.182054166,2.671890641,-0.30740826,-0.115565556,-0.243419262,-0.172686035,-0.332323972,-0.110238168,-0.448591668,-0.191507687,-0.083689314,-0.242438442
2013/06/07,-0.077467897,-0.132571897,-0.215644739,-0.149678939,-0.370079028,-0.11415722,-0.262390414,-0.239071875,-0.256067922,-0.386596233,-0.163220186,-0.136475944,-0.20387063,-0.271169608,-0.212292225,-0.023471429,-0.191753337,-0.238097647,-0.195773931,-0.302756803,-0.220904883,-0.297053137,-0.064278374,-0.364467783,-0.212419652,-0.11319782,-0.107786728,-0.165625659,-0.061292502,-0.066719223,-0.241967054,-0.137134479,-0.102362162,-0.362084329,0.621646368,-0.117327734,-0.10834958,-0.089509821,-0.100390251,-0.096888455,-0.161370052,-0.361257644,-0.111134532,0.025851334,-0.083456248,-0.128251051,-0.140561794,-0.194582304,-0.162218802,0.425711139,-0.223403025,-0.312870297,-0.127287767,-0.098206137,-0.018012434,-0.152406371,-0.218912688,-0.098414353,-0.269596673,-0.210975469,-0.127544576,-0.182054166,-0.226245073,-0.302397739,-0.106108247,-0.227774658,-0.172686035,-0.275142485,-0.10523346,-0.447597848,-0.178145269,-0.083689314,-0.242438442
2013/06/21,-0.140098285,-0.132571897,-0.22249409,-0.149678939,-0.343436628,-0.121149509,-0.262390414,-0.239071875,-0.256067922,-0.399068217,-0.186630155,-0.181952901,-0.20387063,0.556579423,-0.212292225,-0.132937169,-0.208312937,-0.247585212,-0.202935646,-0.302756803,-0.220904883,-0.297053137,-0.148423141,-0.364467783,-0.214515305,-0.11319782,-0.272474999,-0.0606565,-0.192032669,-0.06835728,-0.244543887,-0.137134479,-0.102586227,-0.062042274,-0.23180336,-0.117327734,-0.10834958,-0.049835969,-0.100431695,-0.103047596,-0.161174778,-0.361257644,-0.263904128,0.530656968,-0.094258482,-0.171129789,-0.205967822,-0.218580198,-0.162218802,-0.24712035,-0.223403025,-0.312870297,-0.128846056,-0.305751998,-0.101309294,-0.212868635,-0.218912688,-0.108146861,-0.308190294,-0.213168944,-0.128377991,-0.182054166,-0.226245073,-0.30740826,-0.115565556,-0.243419262,-0.172686035,-0.332323972,-0.110238168,-0.460604027,-0.191507687,-0.083689314,-0.242438442
2013/07/07,-0.049197236,-0.132571897,-0.22249409,-0.149678939,-0.451328122,-0.121149509,-0.262390414,-0.239071875,-0.256067922,-0.397362231,-0.160121807,-0.09857848,-0.20387063,-0.271169608,-0.005193184,-0.01377915,-0.180122188,-0.247585212,-0.289647113,-0.302756803,-0.220904883,-0.297053137,-0.143249606,-0.364467783,-0.214515305,-0.11319782,-0.108930397,-0.174428105,-0.159766666,-0.06835728,-0.244543887,-0.137134479,-0.102586227,-0.384276788,0.061569984,-0.117327734,-0.10834958,-0.089738832,-0.097886315,-0.103047596,-0.161881716,-0.349324317,-0.263904128,-0.329645591,-0.094173849,-0.103880518,-0.205967822,-0.209914292,-0.159961181,-0.24712035,0.11440361,0.403058029,-0.131326653,-0.020376439,-0.084947411,-0.212868635,-0.218912688,-0.108146861,-0.304652545,-0.209695942,-0.1260861,-0.182054166,-0.226245073,-0.076445118,-0.107799397,-0.229078375,-0.091735373,-0.301350666,-0.110238168,-0.444545749,-0.142512154,-0.039147739,-0.242438442
2013/07/21,-0.140098285,-0.132571897,-0.22249409,-0.149678939,-0.295556263,-0.121149509,-0.262390414,-0.239071875,0.193060672,-0.395874204,-0.180571104,-0.148603132,0.596377054,-0.145753088,-0.212292225,-0.116882194,-0.185760338,-0.247585212,-0.287185273,-0.302756803,-0.220904883,-0.297053137,-0.143908056,-0.21196812,-0.214515305,-0.11319782,0.03951778,-0.170191928,-0.175438725,-0.062831569,-0.244543887,-0.12798869,-0.102421912,-0.23455166,-0.23180336,-0.117327734,-0.10834958,-0.089738832,-0.100431695,-0.100789244,-0.161362453,0.170173158,0.016300772,-0.177571906,-0.094156922,-0.14253503,-0.181985612,0.016759146,1.492165805,-0.176633242,-0.223403025,-0.136641786,0.406408176,-0.305751998,-0.101309294,-0.199012699,-0.218912688,-0.108146861,-0.30750895,-0.210975469,-0.128377991,-0.182054166,-0.226245073,-0.123098151,-0.115565556,-0.158808028,-0.172686035,-0.300683549,-0.110238168,-0.294707428,-0.191507687,-0.083689314,-0.183608697
2013/08/07,-0.105651572,-0.132571897,-0.22249409,-0.149678939,-0.26213641,-0.121149509,-0.262390414,-0.239071875,-0.087644699,-0.389657286,-0.177541579,-0.181952901,-0.20387063,-0.229364102,-0.212292225,-0.132937169,-0.171881816,-0.247585212,-0.156981304,-0.260838951,-0.220904883,-0.297053137,-0.143908056,-0.272967985,-0.214515305,-0.11319782,-0.091317901,-0.120568143,-0.062968658,-0.06835728,-0.244543887,-0.137134479,-0.101107396,-0.335453377,0.002895315,-0.107739409,-0.10834958,-0.089738832,-0.100431695,-0.103047596,-0.161871859,-0.323070999,-0.134049972,-0.155847094,-0.094123069,-0.166707919,1.017124902,-0.205781321,-0.138739545,-0.141389687,-0.223403025,0.568272258,-0.129621578,-0.305751998,-0.101309294,-0.204555073,-0.218912688,-0.108146861,-0.305936617,-0.213168944,-0.128377991,-0.182054166,-0.226245073,-0.260836573,-0.115565556,-0.170280738,-0.172686035,-0.213195874,-0.110238168,-0.436973719,-0.191507687,-0.055392314,-0.007119462
2013/08/21,-0.140098285,-0.132571897,-0.22249409,-0.149678939,-0.423746032,-0.112336311,-0.229381875,-0.239071875,-0.256067922,-0.368572658,-0.169679239,-0.181952901,-0.20387063,-0.139532031,0.063839829,-0.11501867,-0.144868262,-0.247585212,-0.218852938,0.011627093,-0.220904883,-0.181172745,-0.115688775,-0.059468457,-0.208752259,-0.11319782,-0.189444663,-0.138074792,-0.053749801,-0.059776983,-0.239819693,-0.137134479,-0.101300074,-0.274424113,0.019659506,0.002526319,-0.10834958,-0.089318979,-0.100431695,-0.103047596,-0.159598197,0.097815528,-0.23497187,-0.230073536,-0.094258482,-0.163233592,-0.205967822,-0.155164177,0.482729741,-0.24712035,-0.223403025,-0.312870297,-0.104460539,0.169873934,-0.101309294,-0.209404651,-0.218912688,-0.106901332,-0.302327739,-0.21079268,-0.128377991,-0.182054166,-0.226245073,-0.273852776,-0.112133998,0.048656806,0.053560687,-0.141378649,-0.110238168,-0.303401496,-0.191507687,-0.069715487,-0.242438442
2013/09/07,0.096107748,-0.132571897,0.007281717,-0.149678939,-0.175143801,-0.109612232,-0.077542593,-0.239071875,-0.129750505,-0.324775985,-0.140321695,-0.181952901,1.339464188,-0.009885192,-0.070281454,-0.11860237,-0.144372601,-0.246964002,-0.196839662,-0.260838951,-0.220904883,-0.297053137,-0.122461402,-0.220682386,-0.214515305,-0.11319782,-0.138763808,-0.158953092,-1.70E-05,-0.066555418,-0.243126629,-0.137134479,-0.102462991,-6.64E-04,-0.23180336,-0.107739409,-0.10834958,-0.089594883,-0.10024934,-0.103047596,-0.150303781,-0.090768912,-0.213708404,-0.264471155,-0.091821055,-0.162601897,-0.144299281,-0.10549679,-0.149576125,-0.126285307,0.767496437,-0.262519294,-0.123147217,-0.191601774,-0.101309294,-0.171300828,-0.217313089,-0.097116686,-0.298913531,-0.211905085,-0.128377991,-0.182054166,-0.184843135,0.01011433,-0.101323298,0.609863522,-0.062735465,-0.159962633,-0.083498727,0.355401658,0.499329326,-0.018711017,-0.242438442
2013/09/21,-0.043501682,-0.132451318,0.098012066,-0.149678939,-0.229029159,-0.119318195,-0.183169919,-0.239071875,0.225141286,0.094940692,-0.063862243,-0.066249623,-0.009446995,-0.009387507,-0.05450248,-0.12576977,-0.022746704,-0.24544549,-0.160442394,-0.289449549,-0.220904883,0.160556167,-0.123679758,-0.056563702,-0.185151211,-0.112300495,-0.197711752,-0.138636734,1.132848907,-0.065415464,-0.205130608,-0.033855502,-0.10183731,-0.1139213,-0.061500467,-0.101347193,-0.10834958,-0.089558895,-0.09928546,-0.103047596,-0.136590837,0.01008799,0.047801274,0.061401027,-0.094258482,-0.115306606,-0.102044911,-0.202555482,-0.036283486,-0.179989771,-0.223403025,-0.214965569,-0.107042797,0.411763694,-0.101309294,-0.018659319,-0.162926703,-0.081034875,-0.173124418,-0.21222391,-0.002651391,-0.182054166,-0.157241842,0.735247749,-0.110095704,-0.19928445,-0.071631142,1.292032214,-0.092761409,1.541195702,0.819200162,-0.077529423,-0.158395949
2013/10/07,-0.1259663,-0.132571897,-0.220776874,0.044537749,-0.232597414,-0.121149509,-0.049104466,-0.239071875,-0.169697038,0.007422596,-0.180415744,-0.028030893,-0.20387063,-0.078221116,0.909228731,-0.105149712,-0.041103429,-0.165967825,-0.100590445,-0.216771464,-0.220904883,-0.190086621,-0.098641434,0.489530329,-0.004090221,-0.11319782,-0.021642094,-0.121545722,-0.09587289,-0.048952609,-0.238438774,0.003569966,-0.102586227,-0.033749733,-0.087373406,-0.076761746,-0.100451651,-0.089738832,-0.098725034,-0.103047596,-0.155083021,0.105304819,0.091578969,0.397300045,-0.093425174,-0.168862163,-0.095280698,-0.112874604,-0.143787353,-0.24712035,-0.223403025,-0.312870297,-0.10608122,-0.235505707,-0.101309294,-0.148918163,-0.184459774,-0.101034644,-0.247006393,-0.203225191,0.118535083,-0.12411835,-0.144502784,-0.058500367,-0.092847805,-0.099127875,-0.025921047,0.096243942,-0.110238168,0.196958053,-0.131205493,-0.083689314,-0.242438442
2013/10/21,-0.011059804,-0.132571897,-0.212049735,0.357288272,0.572441768,-0.116204962,-0.163364796,-0.167877589,0.726400877,0.187860787,-0.159508689,-0.089049975,0.449392785,0.108066059,0.142734701,1.288358176,0.055626824,-0.052856702,-0.022557039,-0.093167539,-0.045953466,-0.043771708,-0.119773852,0.986243516,-0.088478392,-0.112020081,0.187606519,-0.068955949,0.310526784,0.09329551,0.229360298,-0.003867269,-0.101036975,0.985103651,0.304650755,-0.089932521,0.259597235,-0.089678853,-0.019589535,-0.103047596,-0.117895363,1.173027176,0.555413762,-0.135674054,-0.064467707,-0.087079168,0.294232564,-0.191138797,-0.084298629,-0.24712035,-0.223403025,-0.312870297,0.137668573,0.020391498,-0.063910704,-0.052931551,0.863483038,-0.10198294,-0.15423646,-0.044260921,1.37464423,0.042102264,-0.198643781,-0.001642429,-0.044498753,-0.160446987,-0.11219543,-0.27568707,0.622038013,0.165833717,-0.12851343,-0.083689314,0.001284788
2013/11/07,-0.044412971,-0.132571897,-0.033439308,-0.139158869,0.710964301,-0.119318195,0.199729139,-0.192927431,-0.256067922,0.410848306,0.196839242,-0.181952901,-0.20387063,-0.218912725,-0.212292225,0.00443799,-0.085326922,-0.063422443,1.335623018,0.395874077,-0.220904883,0.43961507,0.030948467,0.577762276,-0.202028704,-0.11319782,-0.205978842,-0.14870846,-0.146596869,-0.06835728,-0.076497544,-0.072351808,-0.102586227,0.01096035,-0.120042086,-0.111335031,-0.087570503,-0.089738832,-0.093658486,-0.103047596,0.851559114,0.166081731,-0.135459453,-0.221021531,-0.072084666,-0.151710995,-0.056079008,-0.206695527,-0.052992952,-0.24712035,-0.030370663,-0.166013205,0.073885431,-0.305751998,-0.101309294,-0.098062312,-0.149596706,-0.027332285,-0.242676431,-0.117657033,0.18266438,-0.098369099,0.739800165,0.202945874,0.03738391,0.910766064,-0.164383403,-0.076198561,-0.047540297,-0.226750029,0.053469977,-0.083689314,-0.116374703
2013/11/21,-0.140098285,-0.132571897,-0.200170278,-0.149678939,-0.597941656,0.712098236,-0.262390414,-0.239071875,-0.256067922,0.190031645,0.156716063,2.486028558,-0.20387063,-0.271169608,-0.212292225,-0.132937169,0.416220582,-0.218595429,0.893403655,-0.302756803,-0.220904883,-0.297053137,-0.103272291,-0.364467783,-0.206831243,-0.11319782,0.331381994,-0.156273061,-0.044530943,-0.06835728,-0.244543887,-0.137134479,-0.099299936,0.917680845,-0.23180336,-0.117327734,-0.10834958,-0.089738832,-0.094961026,-0.103047596,-0.156115419,-0.361257644,-0.263904128,-0.329645591,-0.094258482,-0.171129789,-0.205967822,-0.218580198,-0.162218802,-0.24712035,-0.223403025,-0.312870297,-0.082799056,-0.305751998,-0.101309294,-0.102021151,-0.218912688,-0.108146861,0.085941105,-0.207319678,0.054973301,0.152686103,-0.226245073,-0.30475208,-0.115565556,0.04339848,-0.172686035,-0.332323972,-0.110238168,-0.34827432,-0.191507687,-0.083689314,-0.242438442
2013/12/07,1.019902139,-0.007172116,0.082097151,0.233359528,-0.034846809,-0.078254506,0.477000871,0.453804711,1.061088051,0.480852302,-0.045640701,-0.111405314,-0.20387063,-0.150576801,-0.212292225,-0.065398211,0.037363603,0.54794459,0.399352396,0.220678949,-0.067822393,0.919690981,1.381438178,0.878991006,0.409100512,-0.098430781,0.037195254,0.532687554,-0.188628783,-0.040636321,0.807134462,-0.057401961,-0.101985847,-0.177716202,0.339898541,-0.050947027,-0.107597397,-0.089738832,-0.023601526,0.157531447,0.014741049,-0.127731626,0.568004663,0.138273439,1.325542779,-0.159413723,-0.076832844,-0.18022459,-0.102478679,0.728854997,0.016815026,-0.312870297,-0.120873671,-0.188674845,-0.101309294,0.169555184,0.280367462,-0.046108361,0.574807566,0.296195329,-0.081552892,-0.104806411,-0.226245073,-0.009095421,-0.013980309,-0.111041843,-0.120187854,0.569897259,0.001276995,-0.020383011,0.197441466,-0.083689314,0.198784646
2013/12/21,-0.140098285,0.251048589,-0.22249409,-0.149678939,-0.597941656,-0.121149509,-0.262390414,-0.239071875,-0.256067922,0.789520198,-0.186630155,-0.181952901,-0.20387063,-0.271169608,-0.212292225,0.092835919,-0.104224018,-0.232365576,-0.091332244,0.116421725,-0.220904883,-0.297053137,-0.069409153,-0.364467783,0.674914877,-0.11319782,-0.272474999,-0.180479786,-0.192032669,-0.06835728,-0.244543887,-0.137134479,-0.102586227,0.836308493,-0.23180336,-0.117327734,-0.10834958,-0.089738832,-0.100431695,-0.103047596,-0.162423846,-0.074857811,-0.263904128,-0.329645591,-0.094258482,-0.171129789,-0.205967822,-0.218580198,-0.162218802,-0.24712035,-0.223403025,-0.312870297,-0.00264135,0.835750239,-0.101309294,0.369080654,-0.218912688,-0.108146861,-0.061334059,-0.068399592,-0.128377991,3.332718657,-0.226245073,-0.30740826,-0.115565556,-0.15737394,-0.172686035,-0.332323972,-0.110238168,-0.047965335,-0.191507687,-0.083689314,4.169792438
2014/01/07,-0.140098285,-0.132571897,-0.22249409,-0.149678939,-0.597941656,-0.121149509,-0.262390414,-0.239071875,-0.256067922,-0.181516816,-0.186630155,-0.181952901,-0.20387063,-0.271169608,-0.212292225,-0.132937169,0.103953822,1.683134292,-0.419577544,-0.302756803,-0.220904883,-0.297053137,-0.148423141,-0.364467783,2.851425451,-0.11319782,-0.272474999,-0.180479786,-0.192032669,-0.06835728,-0.244543887,-0.137134479,-0.102586227,0.592191437,9.156143654,-0.117327734,-0.10834958,-0.089738832,-0.100431695,-0.103047596,-0.118895699,-0.361257644,-0.263904128,-0.329645591,-0.094258482,-0.171129789,-0.205967822,-0.218580198,-0.162218802,-0.24712035,-0.223403025,-0.312870297,-0.135522289,4.260256951,-0.101309294,-0.212868635,0.676863085,-0.108146861,-0.308190294,-0.213168944,-0.128377991,-0.182054166,-0.226245073,-0.30740826,-0.115565556,-0.243419262,-0.172686035,-0.332323972,-0.110238168,-0.461452867,-0.191507687,-0.083689314,-0.242438442
2014/01/21,-0.140098285,-0.112314709,-0.144360748,-0.149678939,-0.597941656,-0.121149509,-0.262390414,-0.239071875,-0.256067922,0.431212225,14.7388319,-0.181952901,-0.20387063,11.01631717,-0.212292225,-0.132937169,0.034561209,0.871420386,-0.419577544,-0.302756803,-0.220904883,-0.297053137,-0.148423141,-0.364467783,0.069794991,-0.11319782,-0.272474999,-0.180479786,-0.192032669,-0.06835728,-0.244543887,-0.137134479,-0.102586227,-0.384276788,-0.23180336,-0.117327734,-0.10834958,-0.089738832,-0.080372576,-0.103047596,0.161513884,0.27518643,-0.263904128,-0.329645591,-0.094258482,-0.171129789,-0.205967822,-0.218580198,-0.162218802,-0.24712035,-0.223403025,-0.312870297,0.108475929,-0.305751998,-0.101309294,-0.102021151,-0.218912688,-0.108146861,0.295585466,-0.213168944,-0.128377991,-0.182054166,-0.226245073,-0.161318366,-0.115565556,-0.243419262,-0.172686035,-0.332323972,-0.110238168,0.539148376,-0.191507687,-0.083689314,-0.242438442
2014/02/07,-0.140098285,-0.132571897,-0.22249409,-0.149678939,-0.597941656,-0.121149509,-0.262390414,-0.239071875,-0.256067922,-0.399068217,0.11632239,-0.181952901,-0.20387063,-0.271169608,-0.212292225,-0.132937169,-0.208312937,0.278579338,-0.419577544,-0.302756803,-0.220904883,-0.297053137,-0.103272291,-0.364467783,-0.191463119,-0.11319782,-0.272474999,-0.180479786,-0.192032669,-0.06835728,-0.244543887,-0.137134479,-0.058221297,-0.384276788,-0.23180336,-0.117327734,-0.10834958,-0.089738832,-0.095872805,-0.103047596,-0.162423846,-0.361257644,-0.263904128,-0.329645591,-0.094258482,-0.171129789,-0.205967822,-0.218580198,-0.162218802,-0.24712035,-0.223403025,-0.312870297,-0.135522289,4.260256951,-0.101309294,-0.212868635,-0.218912688,-0.108146861,-0.245296986,-0.213168944,-0.128377991,0.320056237,-0.226245073,-0.230379043,-0.115565556,-0.243419262,-0.172686035,-0.332323972,-0.110238168,-0.420297031,-0.191507687,-0.083689314,-0.242438442
2014/02/21,-0.140098285,-0.132571897,-0.055065501,-0.149678939,-0.597941656,0.119210418,-0.262390414,0.8683948,6.05980293,0.936795163,0.585898835,-0.181952901,-0.20387063,2.237160788,-0.212292225,-0.132937169,0.286109432,0.563403949,-0.419577544,0.535600253,-0.220904883,-0.297053137,-0.046833727,-0.364467783,-0.151121793,-0.11319782,-0.272474999,-0.180479786,-0.192032669,-0.06835728,-0.244543887,-0.137134479,0.159906277,-0.384276788,-0.23180336,-0.117327734,-0.10834958,-0.089738832,-0.011077434,-0.103047596,-0.131197132,-0.361257644,-0.263904128,-0.329645591,-0.094258482,-0.171129789,-0.205967822,-0.218580198,-0.162218802,-0.24712035,-0.223403025,-0.312870297,-0.12172842,0.835750239,-0.101309294,0.036538203,-0.162926703,-0.108146861,2.095906418,-0.206588519,-0.128377991,1.575332246,-0.226245073,6.057130769,6.418844353,-0.243419262,-0.172686035,1.468892867,-0.110238168,0.218904534,-0.191507687,-0.083689314,-0.242438442
2014/03/07,-0.140098285,-0.132571897,0.321648824,-0.149678939,-0.549739946,-0.121149509,-0.262390414,1.422128137,-0.256067922,-0.005520177,0.055731881,-0.181952901,-0.20387063,-0.271169608,-0.212292225,-0.132937169,-0.182290708,-0.247585212,-0.419577544,-0.302756803,-0.220904883,-0.297053137,-0.148423141,-0.364467783,-0.053150002,-0.11319782,-0.272474999,-0.180479786,-0.192032669,-0.06835728,-0.244543887,-0.137134479,-0.096424431,-0.384276788,-0.23180336,-0.117327734,-0.10834958,-0.089738832,-0.100431695,0.066328782,-0.162423846,-0.361257644,-0.263904128,-0.329645591,-0.094258482,-0.171129789,-0.205967822,-0.218580198,-0.162218802,-0.24712035,-0.223403025,-0.312870297,-0.021952766,-0.305751998,-0.101309294,-0.212868635,-0.218912688,-0.108146861,0.267283478,-0.213168944,0.045805737,-0.182054166,-0.226245073,-0.157998141,-0.115565556,-0.243419262,-0.172686035,0.153718667,-0.110238168,-0.222877634,-0.191507687,-0.083689314,-0.242438442
2014/03/21,-0.140098285,-0.132571897,-0.22249409,-0.149678939,-0.482257553,-0.121149509,-0.262390414,-0.239071875,-0.256067922,-0.399068217,-0.186630155,-0.181952901,-0.20387063,-0.271169608,-0.212292225,-0.012524855,-0.208312937,-0.153658317,-0.419577544,-0.302756803,-0.220904883,-0.297053137,-0.07618178,-0.364467783,-0.203757618,-0.11319782,-0.272474999,-0.180479786,-0.059281115,-0.06835728,-0.244543887,-0.137134479,0.05022631,-0.188983143,-0.23180336,-0.117327734,-0.10834958,-0.089738832,-0.085478533,-0.103047596,-0.160342065,-0.361257644,-0.263904128,-0.329645591,-0.094258482,-0.171129789,-0.205967822,-0.218580198,-0.11887248,-0.24712035,-0.223403025,4.621528013,-0.129636904,0.607449792,-0.101309294,-0.146360145,-0.218912688,-0.108146861,0.066653824,-0.209659384,-0.128377991,-0.182054166,-0.226245073,-0.29943972,-0.115565556,-0.243419262,-0.172686035,0.102255329,-0.110238168,-0.274193816,-0.191507687,-0.083689314,-0.242438442
2014/04/07,-0.140098285,-0.132571897,-0.133198842,0.299177406,-0.083790084,-0.121149509,-0.262390414,-0.239071875,-0.256067922,-0.342032269,-0.186630155,-0.181952901,-0.20387063,0.146885458,-0.212292225,0.06775002,-0.138920324,0.059706481,-0.419577544,6.963004353,1.82019499,-0.297053137,0.212783663,-0.364467783,-0.170972287,-0.11319782,-0.272474999,-0.180479786,-0.192032669,-0.06835728,0.095598109,-0.137134479,0.203038848,-0.384276788,-0.23180336,-0.117327734,-0.10834958,-0.089738832,-0.056666343,-0.103047596,-0.159269633,-0.361257644,-0.034749735,-0.329645591,-0.094258482,-0.171129789,-0.205967822,-0.218580198,-0.162218802,-0.24712035,-0.223403025,-0.312870297,-0.130004741,1.216250985,-0.101309294,0.119673816,-0.218912688,-0.108146861,0.020951353,-0.195621144,-0.128377991,-0.182054166,-0.226245073,-0.262253202,-0.115565556,-0.243419262,-0.172686035,0.31573288,-0.110238168,1.13419316,-0.191507687,-0.083689314,-0.242438442
2014/04/21,-0.140098285,-0.132571897,-0.22249409,-0.149678939,-0.597941656,-0.121149509,-0.262390414,-0.239071875,-0.256067922,-0.399068217,-0.186630155,-0.181952901,-0.20387063,0.98299559,-0.212292225,-0.132937169,-0.208312937,-0.247585212,-0.419577544,-0.302756803,-0.220904883,-0.297053137,-0.148423141,-0.364467783,-0.214515305,-0.11319782,-0.272474999,-0.180479786,-0.192032669,-0.06835728,-0.244543887,-0.137134479,-0.013856367,-0.384276788,-0.23180336,-0.117327734,-0.10834958,-0.089738832,-0.100431695,-0.103047596,-0.162423846,-0.361257644,-0.263904128,-0.329645591,-0.094258482,-0.171129789,-0.205967822,-0.218580198,-0.162218802,-0.24712035,-0.223403025,-0.312870297,-0.117130463,-0.305751998,-0.101309294,-0.212868635,-0.218912688,-0.108146861,-0.308190294,-0.213168944,-0.128377991,-0.182054166,-0.226245073,-0.30740826,-0.115565556,-0.243419262,-0.172686035,-0.332323972,-0.110238168,-0.461452867,-0.191507687,-0.083689314,-0.242438442
2014/05/07,-0.140098285,-0.132571897,-0.22249409,-0.149678939,-0.405134817,-0.121149509,-0.262390414,-0.239071875,-0.256067922,-0.399068217,-0.186630155,-0.181952901,-0.20387063,-0.271169608,-0.212292225,-0.132937169,-0.208312937,-0.247585212,-0.419577544,-0.302756803,-0.220904883,-0.297053137,-0.148423141,-0.364467783,-0.214515305,-0.11319782,-0.272474999,-0.180479786,-0.192032669,-0.06835728,-0.244543887,-0.137134479,-0.077939044,-0.384276788,-0.23180336,-0.117327734,-0.10834958,-0.089738832,-0.100431695,-0.103047596,-0.162423846,-0.361257644,-0.263904128,-0.329645591,-0.094258482,-0.171129789,-0.205967822,-0.218580198,-0.162218802,-0.24712035,-0.223403025,-0.312870297,-0.131843924,13.39227485,-0.101309294,-0.212868635,-0.218912688,-0.108146861,-0.308190294,-0.213168944,-0.128377991,-0.182054166,-0.226245073,-0.30740826,-0.115565556,-0.243419262,-0.172686035,-0.332323972,-0.110238168,-0.461452867,-0.191507687,-0.083689314,-0.242438442
2014/05/21,-0.105651572,-0.132571897,-0.213405109,0.027058247,0.093867647,-0.053848729,-0.169966504,-0.239071875,-0.087644699,-0.388472917,-0.136426591,-0.181952901,-0.032388984,-0.208461348,0.201905856,-0.012524855,-0.181547215,-0.245990774,-0.003800164,-0.302756803,-0.220904883,-0.297053137,-0.119935105,-0.364467783,-0.214131102,-0.092351834,0.09702797,-0.157656303,0.273914748,-0.06835728,-0.240089647,-0.137134479,0.877538364,-0.009963969,-0.097689831,-0.117327734,-0.10834958,0.042137109,-0.09998449,-0.103047596,-0.142031856,-0.361257644,-0.19133857,-0.101535064,-0.092227293,-0.121015264,-0.134021191,-0.213940605,-0.124290771,1.127378263,1.037741745,0.123505063,-0.113570331,0.216077596,-0.048951268,-0.186740299,-0.146130907,-0.054618067,-0.23993608,-0.209534043,-0.128377991,-0.140211632,0.063568498,-0.301510908,-0.107980006,-0.239116996,-0.157741297,-0.133005646,-0.110238168,-0.445691774,-0.191507687,-0.083689314,-0.242438442
2014/06/07,-0.077467897,-0.132571897,-0.215644739,-0.149678939,-0.370079028,-0.11415722,-0.262390414,-0.239071875,-0.256067922,-0.386596233,-0.163220186,-0.136475944,-0.20387063,-0.271169608,-0.212292225,-0.023471429,-0.191753337,-0.238097647,-0.195773931,-0.302756803,-0.220904883,-0.297053137,-0.064278374,-0.364467783,-0.212419652,-0.11319782,-0.107786728,-0.165625659,-0.061292502,-0.066719223,-0.241967054,-0.137134479,-0.102362162,-0.362084329,0.621646368,-0.117327734,-0.10834958,-0.089509821,-0.100390251,-0.096888455,-0.161370052,-0.361257644,-0.111134532,0.025851334,-0.083456248,-0.128251051,-0.140561794,-0.194582304,-0.162218802,0.425711139,-0.223403025,-0.312870297,-0.127287767,-0.098206137,-0.018012434,-0.152406371,-0.218912688,-0.098414353,-0.269596673,-0.210975469,-0.127544576,-0.182054166,-0.226245073,-0.302397739,-0.106108247,-0.227774658,-0.172686035,-0.275142485,-0.10523346,-0.447597848,-0.178145269,-0.083689314,-0.242438442
2014/06/21,-0.140098285,-0.132571897,-0.20691393,-0.149678939,-0.390620746,-0.121149509,-0.262390414,-0.239071875,-0.162499465,-0.386659504,-0.143880185,-0.181952901,-0.20387063,-0.115095717,-0.212292225,-0.123529957,-0.187350586,-0.24734363,-0.278432065,-0.302756803,-0.220904883,-0.297053137,-0.134627048,-0.364467783,-0.214515305,-0.11319782,-0.272474999,-0.128132744,-0.093698185,-0.036574431,-0.244543887,-0.137134479,-0.102380834,-0.343861853,-0.23180336,-0.117327734,-0.10834958,-0.086413594,-0.099260314,-0.103047596,-0.161105385,-0.342694692,-0.262312778,-0.149329651,-0.093581419,0.412659388,-0.205967822,-0.110478575,-0.154191705,-0.24712035,0.051846825,0.641700804,-0.12970383,-0.178918416,-0.086765398,-0.011957571,-0.218912688,-0.108146861,-0.302949185,-0.213022713,-0.128377991,-0.182054166,-0.045111591,-0.245762752,-0.110960043,-0.238638967,-0.172686035,-0.319616975,-0.110238168,-0.449676653,-0.179258804,-0.076047377,-0.242438442
2014/07/07,-0.049197236,-0.132571897,-0.22249409,-0.149678939,-0.451328122,-0.121149509,-0.262390414,-0.239071875,-0.256067922,-0.397362231,-0.160121807,-0.09857848,-0.20387063,-0.271169608,-0.005193184,-0.01377915,-0.180122188,-0.247585212,-0.289647113,-0.302756803,-0.220904883,-0.297053137,-0.143249606,-0.364467783,-0.214515305,-0.11319782,-0.108930397,-0.174428105,-0.159766666,-0.06835728,-0.244543887,-0.137134479,-0.102586227,-0.384276788,0.061569984,-0.117327734,-0.10834958,-0.089738832,-0.097886315,-0.103047596,-0.161881716,-0.349324317,-0.263904128,-0.329645591,-0.094173849,-0.103880518,-0.205967822,-0.209914292,-0.159961181,-0.24712035,0.11440361,0.403058029,-0.131326653,-0.020376439,-0.084947411,-0.212868635,-0.218912688,-0.108146861,-0.304652545,-0.209695942,-0.1260861,-0.182054166,-0.226245073,-0.076445118,-0.107799397,-0.229078375,-0.091735373,-0.301350666,-0.110238168,-0.444545749,-0.142512154,-0.039147739,-0.242438442
2014/07/21,-0.140098285,-0.132571897,-0.22249409,-0.149678939,-0.295556263,-0.121149509,-0.262390414,-0.239071875,0.193060672,-0.395874204,-0.180571104,-0.148603132,0.596377054,-0.145753088,-0.212292225,-0.116882194,-0.185760338,-0.247585212,-0.287185273,-0.302756803,-0.220904883,-0.297053137,-0.143908056,-0.21196812,-0.214515305,-0.11319782,0.03951778,-0.170191928,-0.175438725,-0.062831569,-0.244543887,-0.12798869,-0.102421912,-0.23455166,-0.23180336,-0.117327734,-0.10834958,-0.089738832,-0.100431695,-0.100789244,-0.161362453,0.170173158,0.016300772,-0.177571906,-0.094156922,-0.14253503,-0.181985612,0.016759146,1.492165805,-0.176633242,-0.223403025,-0.136641786,0.406408176,-0.305751998,-0.101309294,-0.199012699,-0.218912688,-0.108146861,-0.30750895,-0.210975469,-0.128377991,-0.182054166,-0.226245073,-0.123098151,-0.115565556,-0.158808028,-0.172686035,-0.300683549,-0.110238168,-0.294707428,-0.191507687,-0.083689314,-0.183608697
2014/08/07,-0.140098285,-0.132571897,-0.22249409,-0.149678939,-0.597941656,-0.121149509,-0.262390414,-0.239071875,-0.256067922,-0.391735024,-0.186630155,-0.181952901,-0.20387063,-0.271169608,-0.212292225,-0.132937169,-0.208312937,-0.247585212,-0.419577544,-0.302756803,-0.220904883,-0.297053137,-0.148423141,-0.364467783,-0.214515305,-0.11319782,-0.272474999,-0.180479786,-0.192032669,-0.06835728,-0.244543887,-0.137134479,-0.102586227,-0.384276788,-0.23180336,-0.117327734,-0.10834958,-0.089738832,-0.100431695,-0.103047596,-0.162423846,-0.361257644,-0.263904128,-0.329645591,-0.094258482,-0.171129789,-0.205967822,-0.218580198,-0.162218802,-0.24712035,-0.223403025,-0.312870297,-0.135522289,-0.305751998,-0.101309294,-0.212868635,-0.218912688,-0.108146861,-0.308190294,-0.213168944,-0.128377991,-0.182054166,-0.226245073,-0.30740826,-0.115565556,-0.243419262,-0.172686035,-0.332323972,-0.110238168,-0.446019428,-0.191507687,-0.083689314,-0.242438442
2014/08/21,-0.140098285,-0.132571897,-0.22249409,-0.149678939,-0.423746032,-0.112336311,-0.229381875,-0.239071875,-0.256067922,-0.368572658,-0.169679239,-0.181952901,-0.20387063,-0.139532031,0.063839829,-0.11501867,-0.144868262,-0.247585212,-0.218852938,0.011627093,-0.220904883,-0.181172745,-0.115688775,-0.059468457,-0.208752259,-0.11319782,-0.189444663,-0.138074792,-0.053749801,-0.059776983,-0.239819693,-0.137134479,-0.101300074,-0.274424113,0.019659506,0.002526319,-0.10834958,-0.089318979,-0.100431695,-0.103047596,-0.159598197,0.097815528,-0.23497187,-0.230073536,-0.094258482,-0.163233592,-0.205967822,-0.155164177,0.482729741,-0.24712035,-0.223403025,-0.312870297,-0.104460539,0.169873934,-0.101309294,-0.209404651,-0.218912688,-0.106901332,-0.302327739,-0.21079268,-0.128377991,-0.182054166,-0.226245073,-0.273852776,-0.112133998,0.048656806,0.053560687,-0.141378649,-0.110238168,-0.303401496,-0.191507687,-0.069715487,-0.242438442
2014/09/07,0.096107748,-0.132571897,0.007281717,-0.149678939,-0.175143801,-0.109612232,-0.077542593,-0.239071875,-0.129750505,-0.324775985,-0.140321695,-0.181952901,1.339464188,-0.009885192,-0.070281454,-0.11860237,-0.144372601,-0.246964002,-0.196839662,-0.260838951,-0.220904883,-0.297053137,-0.122461402,-0.220682386,-0.214515305,-0.11319782,-0.138763808,-0.158953092,-1.70E-05,-0.066555418,-0.243126629,-0.137134479,-0.102462991,-6.64E-04,-0.23180336,-0.107739409,-0.10834958,-0.089594883,-0.10024934,-0.103047596,-0.150303781,-0.090768912,-0.213708404,-0.264471155,-0.091821055,-0.162601897,-0.144299281,-0.10549679,-0.149576125,-0.126285307,0.767496437,-0.262519294,-0.123147217,-0.191601774,-0.101309294,-0.171300828,-0.217313089,-0.097116686,-0.298913531,-0.211905085,-0.128377991,-0.182054166,-0.184843135,0.01011433,-0.101323298,0.609863522,-0.062735465,-0.159962633,-0.083498727,0.355401658,0.499329326,-0.018711017,-0.242438442
2014/09/21,0.089546469,-0.132571897,-0.22249409,-0.149678939,-0.597941656,-0.121149509,-0.262390414,-0.239071875,-0.256067922,-0.399068217,1.176656298,-0.181952901,-0.20387063,-0.271169608,-0.212292225,-0.132937169,-0.208312937,-0.247585212,-0.419577544,-0.302756803,-0.220904883,-0.297053137,-0.148423141,-0.364467783,-0.214515305,-0.11319782,-0.272474999,-0.180479786,-0.192032669,-0.06835728,-0.244543887,-0.137134479,-0.102586227,-0.384276788,-0.23180336,-0.117327734,-0.10834958,-0.089738832,-0.100431695,-0.103047596,-0.162423846,-0.361257644,-0.263904128,-0.329645591,-0.094258482,-0.171129789,0.513498486,-0.218580198,-0.162218802,-0.24712035,-0.223403025,-0.312870297,-0.12908515,-0.305751998,-0.101309294,-0.212868635,-0.218912688,-0.108146861,-0.308190294,-0.213168944,-0.128377991,-0.182054166,-0.226245073,-0.30740826,-0.115565556,-0.243419262,-0.172686035,-0.332323972,-0.110238168,-0.461452867,-0.191507687,-0.083689314,-0.242438442
2014/10/07,-0.140098285,-0.132571897,-0.22249409,-0.149678939,-0.597941656,-0.121149509,-0.262390414,-0.239071875,-0.256067922,-0.3086255,-0.186630155,-0.181952901,-0.20387063,-0.271169608,-0.212292225,0.168093615,-0.208312937,-0.247585212,-0.419577544,-0.302756803,-0.220904883,-0.297053137,-0.148423141,-0.364467783,-0.214515305,-0.11319782,-0.272474999,-0.180479786,-0.192032669,-0.06835728,-0.244543887,-0.137134479,-0.102586227,-0.384276788,-0.23180336,-0.117327734,-0.10834958,-0.089738832,-0.100431695,-0.103047596,-0.162423846,-0.361257644,-0.263904128,-0.329645591,-0.094258482,-0.171129789,-0.205967822,-0.218580198,-0.162218802,-0.24712035,-0.223403025,-0.312870297,0.00793395,-0.305751998,-0.101309294,-0.212868635,-0.218912688,-0.108146861,-0.283032971,-0.213168944,-0.128377991,-0.182054166,-0.226245073,-0.267565562,-0.115565556,-0.243419262,-0.172686035,-0.332323972,-0.110238168,-0.201656657,-0.191507687,-0.083689314,-0.242438442
2014/10/21,-0.140098285,-0.132571897,-0.22249409,-0.149678939,-0.115924557,-0.121149509,-0.262390414,-0.239071875,7.322977101,0.049478773,-0.186630155,-0.181952901,-0.20387063,1.610078189,-0.212292225,-0.132937169,-0.156268478,-0.247585212,-0.419577544,-0.302756803,-0.220904883,-0.297053137,-0.01297059,-0.364467783,-0.206831243,-0.11319782,-0.272474999,-0.180479786,-0.192032669,-0.06835728,-0.244543887,-0.137134479,-0.102586227,-0.384276788,-0.23180336,-0.117327734,-0.10834958,-0.089738832,-0.100431695,-0.103047596,-0.079152609,-0.361257644,-0.263904128,-0.329645591,-0.094258482,-0.171129789,-0.205967822,-0.218580198,-0.162218802,-0.24712035,-0.223403025,-0.312870297,-0.090462316,-0.305751998,-0.101309294,-0.212868635,-0.218912688,-0.108146861,-0.113221038,-0.213168944,-0.128377991,-0.182054166,-0.226245073,2.231899711,-0.115565556,-0.243419262,-0.172686035,-0.332323972,-0.110238168,2.914611739,-0.191507687,-0.083689314,-0.242438442
2014/11/07,-0.140098285,-0.132571897,-0.22249409,-0.149678939,-0.597941656,-0.121149509,-0.262390414,-0.239071875,-0.256067922,-0.399068217,-0.186630155,-0.181952901,-0.20387063,-0.271169608,-0.212292225,-0.132937169,-0.208312937,-0.247585212,-0.419577544,-0.302756803,-0.220904883,-0.297053137,-0.148423141,-0.364467783,-0.214515305,-0.11319782,-0.272474999,-0.180479786,-0.192032669,-0.06835728,-0.244543887,-0.137134479,-0.102586227,-0.384276788,-0.23180336,-0.117327734,-0.10834958,-0.089738832,-0.100431695,-0.103047596,-0.162423846,-0.361257644,-0.263904128,-0.329645591,-0.094258482,-0.171129789,-0.205967822,-0.218580198,-0.162218802,-0.24712035,-0.223403025,-0.312870297,2.150581619,-0.305751998,-0.101309294,-0.212868635,-0.218912688,-0.108146861,-0.069195722,-0.213168944,-0.128377991,0.822166641,-0.226245073,-0.30740826,-0.115565556,-0.243419262,-0.172686035,-0.332323972,-0.110238168,-0.322551923,-0.191507687,-0.083689314,-0.242438442
2014/11/21,-0.140098285,-0.132571897,-0.22249409,4.563312685,-0.597941656,-0.121149509,-0.262390414,-0.239071875,1.428164305,-0.37462424,-0.186630155,-0.181952901,-0.20387063,2.237160788,-0.212292225,-0.132937169,0.208042742,-0.247585212,0.236913056,-0.302756803,-0.220904883,-0.297053137,0.122481962,-0.364467783,-0.037781878,-0.11319782,-0.272474999,-0.180479786,-0.192032669,-0.06835728,7.125199349,-0.137134479,-0.102586227,-0.384276788,-0.23180336,-0.117327734,-0.10834958,-0.089738832,-0.100431695,-0.103047596,-0.120788228,-0.361257644,0.729098243,-0.329645591,-0.094258482,-0.171129789,-0.205967822,-0.218580198,6.773192649,-0.24712035,-0.223403025,-0.312870297,-0.122648011,-0.305751998,-0.101309294,0.119673816,2.020526745,-0.108146861,4.006290659,0.409777966,-0.128377991,-0.182054166,-0.226245073,3.075236825,-0.115565556,-0.243419262,-0.172686035,0.58257982,-0.110238168,0.009266998,-0.191507687,-0.083689314,-0.242438442
2014/12/07,-0.140098285,-0.132571897,-0.22249409,-0.149678939,-0.308731397,-0.121149509,-0.262390414,-0.239071875,-0.256067922,0.231586407,-0.186630155,-0.181952901,-0.20387063,-0.271169608,-0.212292225,0.017578223,-0.208312937,0.326412478,-0.419577544,-0.302756803,-0.220904883,-0.297053137,-0.125847716,-0.364467783,6.439882425,-0.11319782,-0.272474999,-0.180479786,-0.192032669,-0.06835728,-0.187853554,-0.137134479,-0.102586227,0.103957324,-0.23180336,-0.117327734,-0.10834958,-0.089738832,-0.052107452,-0.103047596,-0.159111922,-0.361257644,-0.263904128,-0.329645591,-0.094258482,-0.171129789,-0.205967822,-0.218580198,-0.162218802,-0.24712035,-0.223403025,-0.312870297,-0.122648011,-0.305751998,-0.101309294,-0.212868635,0.117003227,-0.108146861,0.113194872,0.422938816,-0.128377991,-0.182054166,-0.226245073,1.176732251,-0.115565556,-0.243419262,-0.172686035,6.01482108,-0.110238168,-0.290398927,-0.191507687,-0.083689314,-0.242438442
2014/12/21,-0.140098285,-0.132571897,-0.22249409,-0.149678939,-0.597941656,-0.121149509,-0.262390414,-0.239071875,-0.256067922,-0.12285127,-0.186630155,-0.181952901,-0.20387063,-0.271169608,-0.212292225,-0.132937169,-0.208312937,-0.247585212,-0.419577544,-0.302756803,-0.220904883,-0.297053137,-0.148423141,-0.364467783,-0.076202188,-0.11319782,-0.272474999,-0.180479786,-0.192032669,-0.06835728,-0.244543887,-0.137134479,-0.102586227,-0.384276788,-0.23180336,-0.117327734,-0.10834958,-0.089738832,0.100159503,-0.103047596,-0.162423846,-0.361257644,-0.263904128,-0.329645591,-0.094258482,-0.171129789,-0.205967822,-0.218580198,-0.162218802,-0.24712035,-0.223403025,-0.312870297,0.01529068,-0.305751998,-0.101309294,-0.212868635,-0.218912688,-0.108146861,-0.308190294,-0.142977743,-0.128377991,-0.182054166,-0.226245073,-0.30740826,-0.115565556,-0.243419262,-0.172686035,-0.332323972,-0.110238168,-0.322551923,-0.191507687,-0.083689314,-0.242438442
2015/01/07,-0.140098285,-0.132571897,-0.22249409,-0.149678939,-0.597941656,-0.121149509,-0.262390414,-0.239071875,-0.256067922,-0.399068217,-0.186630155,-0.181952901,-0.20387063,-0.271169608,-0.212292225,-0.132937169,-0.208312937,-0.247585212,-0.419577544,-0.302756803,-0.220904883,-0.297053137,-0.148423141,-0.364467783,-0.214515305,-0.11319782,-0.272474999,-0.180479786,-0.192032669,-0.06835728,-0.244543887,-0.137134479,-0.102586227,-0.384276788,-0.23180336,-0.117327734,-0.10834958,-0.089738832,-0.100431695,-0.103047596,-0.12362702,1.929941021,-0.263904128,-0.329645591,-0.094258482,-0.171129789,-0.205967822,-0.218580198,-0.162218802,-0.24712035,-0.223403025,-0.312870297,0.270937055,-0.305751998,-0.101309294,-0.212868635,-0.218912688,-0.108146861,-0.213850331,-0.213168944,-0.128377991,-0.182054166,-0.226245073,-0.30740826,-0.115565556,-0.243419262,-0.172686035,-0.332323972,-0.110238168,-0.206801136,-0.191507687,-0.083689314,-0.242438442
2015/01/21,-0.130852847,1.507376219,0.159928028,0.007020017,0.516714192,0.034661993,0.130911336,0.343666542,-0.256067922,0.57320193,1.68298705,-0.037942538,-0.20387063,0.941642524,0.781783168,-0.003478728,0.46113803,0.645626376,-0.14568455,0.199652555,0.532358165,0.239307535,-0.00535912,0.269297049,0.851598407,0.883977211,-0.159611252,0.01736565,-0.017472996,-0.063560114,0.380197076,0.977490399,-0.10041475,0.845009346,-0.23180336,1.244899187,1.346056701,-0.089738832,0.070237259,0.272000098,-0.05151453,-0.146795277,0.020720178,0.556275318,-0.092793124,1.02850393,-0.021896572,0.083734046,-0.093329112,-0.096076546,0.1626617,-0.045857402,1.29882931,-0.028530026,-0.101309294,0.178564541,-0.161460403,0.194410553,0.291655996,1.317000824,-0.019961287,-0.044028146,0.222589581,0.328265031,1.244095344,-0.009867672,-0.112842389,0.512373661,1.098279683,0.524811017,0.624617903,-0.051749137,0.125056459
2015/02/07,-0.140098285,-0.071800335,-0.22249409,-0.149678939,-0.597941656,-0.121149509,-0.262390414,1.975861475,-0.256067922,-0.262181942,-0.186630155,-0.181952901,-0.20387063,-0.271169608,-0.212292225,-0.132937169,-0.208312937,-0.247585212,-0.419577544,-0.302756803,-0.220904883,-0.297053137,-0.148423141,-0.364467783,-0.214515305,-0.11319782,-0.272474999,-0.180479786,-0.192032669,-0.06835728,-0.244543887,-0.137134479,-0.102586227,-0.384276788,-0.23180336,-0.117327734,-0.10834958,-0.089738832,-0.07307835,-0.103047596,-0.162423846,0.0206088,-0.263904128,-0.329645591,-0.094258482,-0.171129789,-0.205967822,-0.218580198,-0.089974933,-0.24712035,-0.223403025,-0.312870297,-0.021492971,-0.305751998,-0.101309294,-0.212868635,-0.218912688,-0.108146861,0.056590895,-0.213168944,-0.128377991,-0.182054166,-0.226245073,-0.30740826,-0.115565556,-0.243419262,-0.172686035,-0.332323972,-0.110238168,-0.157928582,-0.191507687,-0.083689314,-0.242438442
2015/02/21,-0.140098285,-0.117379006,-0.22249409,-0.149678939,-0.597941656,-0.121149509,-0.262390414,-0.239071875,-0.256067922,-0.389290626,-0.186630155,-0.181952901,-0.20387063,-0.271169608,-0.212292225,-0.132937169,-0.208312937,0.12638298,-0.419577544,-0.302756803,-0.220904883,-0.297053137,-0.148423141,-0.364467783,-0.214515305,-0.11319782,-0.272474999,-0.180479786,1.46736175,-0.06835728,-0.244543887,-0.137134479,-0.102586227,-0.384276788,-0.23180336,-0.117327734,-0.10834958,-0.089738832,-0.100431695,-0.103047596,-0.162423846,0.0206088,-0.263904128,-0.329645591,-0.094258482,-0.171129789,-0.205967822,-0.218580198,0.018390871,-0.24712035,-0.223403025,-0.312870297,-0.030688883,-0.305751998,17.43862939,-0.212868635,-0.218912688,-0.108146861,0.02514424,-0.213168944,-0.128377991,5.090105069,-0.226245073,-0.30740826,-0.115565556,-0.243419262,-0.172686035,-0.332323972,-0.110238168,-0.197798297,-0.191507687,-0.083689314,-0.242438442
2015/03/07,-0.140098285,-0.132571897,-0.138779795,-0.149678939,-0.597941656,-0.121149509,-0.262390414,-0.239071875,-0.256067922,-0.31962529,-0.186630155,-0.181952901,-0.20387063,-0.271169608,-0.212292225,-0.132937169,-0.208312937,-0.247585212,-0.419577544,-0.302756803,-0.220904883,-0.297053137,0.009604836,3.295524123,-0.214515305,-0.11319782,-0.272474999,-0.180479786,-0.192032669,-0.06835728,-0.244543887,-0.137134479,-0.102586227,-0.384276788,-0.23180336,-0.117327734,-0.10834958,-0.089738832,-0.100431695,-0.103047596,-0.162423846,-0.361257644,-0.263904128,-0.329645591,-0.094258482,-0.171129789,-0.205967822,-0.218580198,-0.162218802,-0.24712035,-0.223403025,-0.312870297,-0.039884796,-0.305751998,9.323135373,-0.212868635,-0.218912688,-0.108146861,-0.257875647,-0.213168944,-0.128377991,-0.182054166,-0.226245073,-0.30740826,-0.115565556,-0.243419262,-0.023238659,-0.332323972,-0.110238168,-0.233809653,-0.191507687,-0.083689314,-0.242438442
2015/03/21,-0.140098285,-0.132571897,-0.22249409,-0.149678939,-0.14805903,-0.121149509,-0.262390414,-0.239071875,-0.256067922,0.081663344,-0.186630155,-0.181952901,-0.20387063,-0.271169608,-0.212292225,-0.132937169,-0.138920324,-0.247585212,-0.419577544,-0.302756803,-0.220904883,-0.297053137,-0.028020873,0.855529519,-0.214515305,-0.11319782,-0.071189335,-0.156273061,-0.044530943,-0.06835728,-0.244543887,-0.137134479,-0.099299936,-0.384276788,-0.23180336,0.170321993,-0.10834958,-0.089738832,-0.090706062,-0.103047596,-0.133720503,-0.361257644,-0.263904128,-0.329645591,-0.094258482,-0.161303411,-0.205967822,-0.218580198,-0.162218802,-0.24712035,-0.223403025,-0.312870297,-0.093834151,-0.305751998,1.993011743,-0.212868635,-0.181588698,-0.059484321,-0.30609385,-0.210244311,-0.128377991,-0.182054166,-0.226245073,-0.30740826,-0.115565556,-0.243419262,-0.073054451,-0.332323972,-0.110238168,-0.32169451,-0.191507687,-0.083689314,0.934156459
2015/04/07,-0.086514509,-0.130582351,0.012138474,-0.112274244,0.16446785,-0.121149509,0.067694981,-0.146782986,-0.256067922,-0.329291574,-0.142395477,-0.181952901,-0.122212703,-0.131817919,-0.212292225,-0.074552726,-0.105907201,-0.210164234,0.057159677,0.473388837,-0.050813227,-0.181172745,-0.059828035,-0.135718289,0.439026369,-0.112461733,0.545248012,0.002280983,-0.016545124,-0.062351072,-0.215017672,-0.099027025,-0.06698474,-0.047162758,0.550525558,-0.105342328,-0.059283021,1.619526193,-0.062637947,-0.097401717,-0.124541835,-0.280755045,-0.164763026,0.03152941,0.541461426,-1.51E-04,-0.175990059,0.110190945,-0.161014738,0.202234966,0.227005821,-0.221084614,-0.102707477,0.134994699,-0.092582956,-0.126170067,-0.216579939,-0.0153501,-0.084991426,-0.194332913,-0.094763588,-0.176076661,0.226588632,-0.280072137,-0.091093126,-0.232151422,-0.004379823,-0.135365517,-0.110238168,-0.062472971,0.322945408,-0.067968758,-0.14158745
2015/04/21,-0.133032292,-0.130818871,-0.162176867,-0.149678939,-0.152755607,-0.106949784,-0.262390414,-0.239071875,-0.256067922,-0.378845527,-0.094035429,-0.181952901,0.103916941,0.042371691,-0.212292225,-0.046101366,-0.191231679,-0.243036046,-0.139727385,-0.206023297,-0.126700274,-0.168693318,-0.124921545,-0.270621836,-0.213333142,-0.107399719,0.056549644,-0.115680247,0.190620848,-0.06835728,-0.227100708,-0.121187976,1.241348848,-0.284126201,0.00891323,-0.106264283,-0.10834958,-0.087839803,-0.0933923,0.129736349,-0.157407434,-0.339226887,-0.263904128,-0.1667095,-0.094258482,-0.033031392,-0.146934689,0.47753101,-0.155179656,0.013139742,-0.223403025,1.058549013,-0.074426059,-0.188674845,-0.101309294,-0.091362739,0.236727104,-0.059484321,0.425609318,-0.205722378,-0.127672794,-0.182054166,-0.008884895,-0.256918707,-0.110097291,-0.239006682,1.214300577,-0.207990892,-0.107979633,-0.38091868,-0.191507687,-0.083689314,-0.151931142
2015/05/07,-0.094169334,-0.132149872,1.033685407,-0.149678939,-0.338723572,-0.116876443,-0.185370489,-0.146782986,0.773185106,-0.29767324,-0.169462844,-0.126369954,0.367734858,-0.201493764,-0.120248207,0.01088865,-0.185037498,-0.126673661,-0.166099229,-0.209606019,-0.135859055,-0.297053137,0.006845617,-0.252634697,-0.214195136,-0.105935094,-0.238927388,-0.146993817,-0.050676848,-0.038326241,-0.167696992,-0.132053485,-0.084306233,-0.248656202,-0.101415207,-0.025439626,-0.10834958,0.215074709,-0.092592936,-0.063526441,-0.160794169,-0.318828039,-0.19070203,-0.02187742,-0.08951904,-0.146645732,-0.185982647,0.178096096,-0.157201867,0.363767923,-0.223403025,-0.263917933,-0.107896234,1.406501358,4.98E-04,-0.19808897,-0.215180289,-0.108146861,0.869312201,-0.210244311,-0.103931152,-0.035605298,-0.165867246,-0.196309847,-0.107618789,-0.128692165,-0.100453136,-0.110586872,-0.110238168,-0.401144563,-0.183341765,-0.083689314,0.051710283
2015/05/21,-0.105651572,-0.132571897,-0.213405109,0.027058247,0.093867647,-0.053848729,-0.169966504,-0.239071875,-0.087644699,-0.388472917,-0.136426591,-0.181952901,-0.032388984,-0.208461348,0.201905856,-0.012524855,-0.181547215,-0.245990774,-0.003800164,-0.302756803,-0.220904883,-0.297053137,-0.119935105,-0.364467783,-0.214131102,-0.092351834,0.09702797,-0.157656303,0.273914748,-0.06835728,-0.240089647,-0.137134479,0.877538364,-0.009963969,-0.097689831,-0.117327734,-0.10834958,0.042137109,-0.09998449,-0.103047596,-0.142031856,-0.361257644,-0.19133857,-0.101535064,-0.092227293,-0.121015264,-0.134021191,-0.213940605,-0.124290771,1.127378263,1.037741745,0.123505063,-0.113570331,0.216077596,-0.048951268,-0.186740299,-0.146130907,-0.054618067,-0.23993608,-0.209534043,-0.128377991,-0.140211632,0.063568498,-0.301510908,-0.107980006,-0.239116996,-0.157741297,-0.133005646,-0.110238168,-0.445691774,-0.191507687,-0.083689314,-0.242438442
2015/06/07,-0.077467897,-0.132571897,-0.215644739,-0.149678939,-0.370079028,-0.11415722,-0.262390414,-0.239071875,-0.256067922,-0.386596233,-0.163220186,-0.136475944,-0.20387063,-0.271169608,-0.212292225,-0.023471429,-0.191753337,-0.238097647,-0.195773931,-0.302756803,-0.220904883,-0.297053137,-0.064278374,-0.364467783,-0.212419652,-0.11319782,-0.107786728,-0.165625659,-0.061292502,-0.066719223,-0.241967054,-0.137134479,-0.102362162,-0.362084329,0.621646368,-0.117327734,-0.10834958,-0.089509821,-0.100390251,-0.096888455,-0.161370052,-0.361257644,-0.111134532,0.025851334,-0.083456248,-0.128251051,-0.140561794,-0.194582304,-0.162218802,0.425711139,-0.223403025,-0.312870297,-0.127287767,-0.098206137,-0.018012434,-0.152406371,-0.218912688,-0.098414353,-0.269596673,-0.210975469,-0.127544576,-0.182054166,-0.226245073,-0.302397739,-0.106108247,-0.227774658,-0.172686035,-0.275142485,-0.10523346,-0.447597848,-0.178145269,-0.083689314,-0.242438442
2015/06/21,-0.140098285,-0.132571897,-0.20691393,-0.149678939,-0.390620746,-0.121149509,-0.262390414,-0.239071875,-0.162499465,-0.386659504,-0.143880185,-0.181952901,-0.20387063,-0.115095717,-0.212292225,-0.123529957,-0.187350586,-0.24734363,-0.278432065,-0.302756803,-0.220904883,-0.297053137,-0.134627048,-0.364467783,-0.214515305,-0.11319782,-0.272474999,-0.128132744,-0.093698185,-0.036574431,-0.244543887,-0.137134479,-0.102380834,-0.343861853,-0.23180336,-0.117327734,-0.10834958,-0.086413594,-0.099260314,-0.103047596,-0.161105385,-0.342694692,-0.262312778,-0.149329651,-0.093581419,0.412659388,-0.205967822,-0.110478575,-0.154191705,-0.24712035,0.051846825,0.641700804,-0.12970383,-0.178918416,-0.086765398,-0.011957571,-0.218912688,-0.108146861,-0.302949185,-0.213022713,-0.128377991,-0.182054166,-0.045111591,-0.245762752,-0.110960043,-0.238638967,-0.172686035,-0.319616975,-0.110238168,-0.449676653,-0.179258804,-0.076047377,-0.242438442
2015/07/07,-0.049197236,-0.132571897,-0.22249409,-0.149678939,-0.451328122,-0.121149509,-0.262390414,-0.239071875,-0.256067922,-0.397362231,-0.160121807,-0.09857848,-0.20387063,-0.271169608,-0.005193184,-0.01377915,-0.180122188,-0.247585212,-0.289647113,-0.302756803,-0.220904883,-0.297053137,-0.143249606,-0.364467783,-0.214515305,-0.11319782,-0.108930397,-0.174428105,-0.159766666,-0.06835728,-0.244543887,-0.137134479,-0.102586227,-0.384276788,0.061569984,-0.117327734,-0.10834958,-0.089738832,-0.097886315,-0.103047596,-0.161881716,-0.349324317,-0.263904128,-0.329645591,-0.094173849,-0.103880518,-0.205967822,-0.209914292,-0.159961181,-0.24712035,0.11440361,0.403058029,-0.131326653,-0.020376439,-0.084947411,-0.212868635,-0.218912688,-0.108146861,-0.304652545,-0.209695942,-0.1260861,-0.182054166,-0.226245073,-0.076445118,-0.107799397,-0.229078375,-0.091735373,-0.301350666,-0.110238168,-0.444545749,-0.142512154,-0.039147739,-0.242438442
2015/07/21,-0.140098285,-0.132571897,-0.22249409,-0.149678939,-0.295556263,-0.121149509,-0.262390414,-0.239071875,0.193060672,-0.395874204,-0.180571104,-0.148603132,0.596377054,-0.145753088,-0.212292225,-0.116882194,-0.185760338,-0.247585212,-0.287185273,-0.302756803,-0.220904883,-0.297053137,-0.143908056,-0.21196812,-0.214515305,-0.11319782,0.03951778,-0.170191928,-0.175438725,-0.062831569,-0.244543887,-0.12798869,-0.102421912,-0.23455166,-0.23180336,-0.117327734,-0.10834958,-0.089738832,-0.100431695,-0.100789244,-0.161362453,0.170173158,0.016300772,-0.177571906,-0.094156922,-0.14253503,-0.181985612,0.016759146,1.492165805,-0.176633242,-0.223403025,-0.136641786,0.406408176,-0.305751998,-0.101309294,-0.199012699,-0.218912688,-0.108146861,-0.30750895,-0.210975469,-0.128377991,-0.182054166,-0.226245073,-0.123098151,-0.115565556,-0.158808028,-0.172686035,-0.300683549,-0.110238168,-0.294707428,-0.191507687,-0.083689314,-0.183608697
2015/08/07,-0.105651572,-0.132571897,-0.22249409,-0.149678939,-0.26213641,-0.121149509,-0.262390414,-0.239071875,-0.087644699,-0.389657286,-0.177541579,-0.181952901,-0.20387063,-0.229364102,-0.212292225,-0.132937169,-0.171881816,-0.247585212,-0.156981304,-0.260838951,-0.220904883,-0.297053137,-0.143908056,-0.272967985,-0.214515305,-0.11319782,-0.091317901,-0.120568143,-0.062968658,-0.06835728,-0.244543887,-0.137134479,-0.101107396,-0.335453377,0.002895315,-0.107739409,-0.10834958,-0.089738832,-0.100431695,-0.103047596,-0.161871859,-0.323070999,-0.134049972,-0.155847094,-0.094123069,-0.166707919,1.017124902,-0.205781321,-0.138739545,-0.141389687,-0.223403025,0.568272258,-0.129621578,-0.305751998,-0.101309294,-0.204555073,-0.218912688,-0.108146861,-0.305936617,-0.213168944,-0.128377991,-0.182054166,-0.226245073,-0.260836573,-0.115565556,-0.170280738,-0.172686035,-0.213195874,-0.110238168,-0.436973719,-0.191507687,-0.055392314,-0.007119462
2015/08/21,-0.140098285,-0.132571897,-0.22249409,-0.149678939,-0.423746032,-0.112336311,-0.229381875,-0.239071875,-0.256067922,-0.368572658,-0.169679239,-0.181952901,-0.20387063,-0.139532031,0.063839829,-0.11501867,-0.144868262,-0.247585212,-0.218852938,0.011627093,-0.220904883,-0.181172745,-0.115688775,-0.059468457,-0.208752259,-0.11319782,-0.189444663,-0.138074792,-0.053749801,-0.059776983,-0.239819693,-0.137134479,-0.101300074,-0.274424113,0.019659506,0.002526319,-0.10834958,-0.089318979,-0.100431695,-0.103047596,-0.159598197,0.097815528,-0.23497187,-0.230073536,-0.094258482,-0.163233592,-0.205967822,-0.155164177,0.482729741,-0.24712035,-0.223403025,-0.312870297,-0.104460539,0.169873934,-0.101309294,-0.209404651,-0.218912688,-0.106901332,-0.302327739,-0.21079268,-0.128377991,-0.182054166,-0.226245073,-0.273852776,-0.112133998,0.048656806,0.053560687,-0.141378649,-0.110238168,-0.303401496,-0.191507687,-0.069715487,-0.242438442
2015/09/07,0.096107748,-0.132571897,0.007281717,-0.149678939,-0.175143801,-0.109612232,-0.077542593,-0.239071875,-0.129750505,-0.324775985,-0.140321695,-0.181952901,1.339464188,-0.009885192,-0.070281454,-0.11860237,-0.144372601,-0.246964002,-0.196839662,-0.260838951,-0.220904883,-0.297053137,-0.122461402,-0.220682386,-0.214515305,-0.11319782,-0.138763808,-0.158953092,-1.70E-05,-0.066555418,-0.243126629,-0.137134479,-0.102462991,-6.64E-04,-0.23180336,-0.107739409,-0.10834958,-0.089594883,-0.10024934,-0.103047596,-0.150303781,-0.090768912,-0.213708404,-0.264471155,-0.091821055,-0.162601897,-0.144299281,-0.10549679,-0.149576125,-0.126285307,0.767496437,-0.262519294,-0.123147217,-0.191601774,-0.101309294,-0.171300828,-0.217313089,-0.097116686,-0.298913531,-0.211905085,-0.128377991,-0.182054166,-0.184843135,0.01011433,-0.101323298,0.609863522,-0.062735465,-0.159962633,-0.083498727,0.355401658,0.499329326,-0.018711017,-0.242438442
2015/09/21,-0.140098285,-0.132571897,-0.22249409,-0.149678939,-0.597941656,-0.121149509,-0.262390414,-0.239071875,-0.256067922,-0.154628441,-0.186630155,-0.181952901,-0.20387063,-0.271169608,-0.212292225,-0.032593574,0.589702116,-0.247585212,-0.419577544,-0.302756803,-0.220904883,-0.297053137,-0.103272291,-0.364467783,-0.214515305,-0.11319782,-0.272474999,-0.180479786,-0.192032669,-0.06835728,-0.244543887,-0.137134479,-0.102586227,-0.384276788,-0.23180336,-0.117327734,-0.10834958,-0.089738832,-0.100431695,-0.103047596,-0.143498565,-0.233968829,-0.263904128,-0.329645591,-0.094258482,-0.171129789,-0.205967822,-0.218580198,0.006350226,-0.24712035,-0.223403025,-0.312870297,-0.133070045,-0.305751998,-0.101309294,1.117301168,0.005031255,-0.108146861,-0.014688188,-0.213168944,-0.128377991,-0.182054166,-0.226245073,0.39913559,-0.115565556,-0.243419262,-0.172686035,6.110123559,-0.110238168,3.578678288,13.42925044,-0.083689314,-0.242438442
2015/10/07,-0.1259663,-0.132571897,-0.220776874,0.044537749,-0.232597414,-0.121149509,-0.049104466,-0.239071875,-0.169697038,0.007422596,-0.180415744,-0.028030893,-0.20387063,-0.078221116,0.909228731,-0.105149712,-0.041103429,-0.165967825,-0.100590445,-0.216771464,-0.220904883,-0.190086621,-0.098641434,0.489530329,-0.004090221,-0.11319782,-0.021642094,-0.121545722,-0.09587289,-0.048952609,-0.238438774,0.003569966,-0.102586227,-0.033749733,-0.087373406,-0.076761746,-0.100451651,-0.089738832,-0.098725034,-0.103047596,-0.155083021,0.105304819,0.091578969,0.397300045,-0.093425174,-0.168862163,-0.095280698,-0.112874604,-0.143787353,-0.24712035,-0.223403025,-0.312870297,-0.10608122,-0.235505707,-0.101309294,-0.148918163,-0.184459774,-0.101034644,-0.247006393,-0.203225191,0.118535083,-0.12411835,-0.144502784,-0.058500367,-0.092847805,-0.099127875,-0.025921047,0.096243942,-0.110238168,0.196958053,-0.131205493,-0.083689314,-0.242438442
2015/10/21,-0.140098285,-0.132571897,-0.22249409,-0.149678939,-0.597941656,-0.121149509,-0.262390414,-0.239071875,-0.256067922,-0.291514716,-0.186630155,-0.181952901,-0.20387063,-0.271169608,-0.212292225,-0.132937169,-1.35E-04,-0.212797473,0.236913056,-0.302756803,-0.220904883,-0.297053137,-0.103272291,-0.364467783,-0.214515305,-0.11319782,0.935238986,-0.180479786,-0.192032669,-0.06835728,-0.244543887,-0.137134479,-0.09765679,-0.384276788,-0.23180336,-0.117327734,-0.10834958,-0.089738832,-0.100431695,-0.103047596,-0.151068677,-0.361257644,-0.263904128,-0.329645591,-0.094258482,-0.171129789,-0.205967822,-0.218580198,-0.162218802,-0.24712035,-0.223403025,-0.312870297,-0.135522289,-0.305751998,0.422270966,-0.212868635,-0.218912688,-0.108146861,-0.301900963,-0.213168944,19.27018877,-0.182054166,-0.226245073,-0.29943972,-0.115565556,-0.243419262,-0.172686035,-0.332323972,-0.110238168,-0.09105035,-0.191507687,-0.083689314,-0.242438442
2015/11/07,-0.044412971,-0.132571897,-0.033439308,-0.139158869,0.710964301,-0.119318195,0.199729139,-0.192927431,-0.256067922,0.410848306,0.196839242,-0.181952901,-0.20387063,-0.218912725,-0.212292225,0.00443799,-0.085326922,-0.063422443,1.335623018,0.395874077,-0.220904883,0.43961507,0.030948467,0.577762276,-0.202028704,-0.11319782,-0.205978842,-0.14870846,-0.146596869,-0.06835728,-0.076497544,-0.072351808,-0.102586227,0.01096035,-0.120042086,-0.111335031,-0.087570503,-0.089738832,-0.093658486,-0.103047596,0.851559114,0.166081731,-0.135459453,-0.221021531,-0.072084666,-0.151710995,-0.056079008,-0.206695527,-0.052992952,-0.24712035,-0.030370663,-0.166013205,0.073885431,-0.305751998,-0.101309294,-0.098062312,-0.149596706,-0.027332285,-0.242676431,-0.117657033,0.18266438,-0.098369099,0.739800165,0.202945874,0.03738391,0.910766064,-0.164383403,-0.076198561,-0.047540297,-0.226750029,0.053469977,-0.083689314,-0.116374703
2015/11/21,0.889013041,-0.122521215,-0.045400026,0.384694405,0.479481327,-0.057053528,-0.177076035,-0.102768285,-0.126511597,0.283918008,0.350838732,0.212380623,-0.098343463,0.06924666,-0.212292225,-0.104818909,-0.066439358,-0.17757648,0.963621698,-0.019926456,0.128997952,0.994185519,0.056740339,0.727496835,-0.182354831,-0.11319782,0.538750466,0.131135239,-0.104342082,-0.024003746,0.631602088,0.884781803,-0.101672566,0.134360181,-0.23180336,-0.112586255,-0.098227336,-0.089738832,-0.089462303,-0.100441805,0.442870252,0.531722349,-0.011946214,0.080977231,-0.092930397,0.288096781,0.200412049,-0.209325626,0.438159507,-0.182055327,-0.223403025,-0.312870297,-0.096594946,-0.180312192,-0.101309294,0.159749445,1.133118108,0.022161796,0.63302304,0.287462406,-0.105529599,0.144961328,-0.106816404,0.147561058,-0.076554154,0.796815109,-0.062105925,-0.22675815,-0.089911353,-0.089768941,-0.182462358,-0.059503844,0.994925646
2015/12/07,-0.140098285,-0.132571897,-0.22249409,-0.149678939,-0.597941656,-0.121149509,-0.262390414,1.975861475,-0.256067922,-0.399068217,-0.186630155,-0.181952901,-0.20387063,-0.271169608,-0.212292225,-0.132937169,-0.208312937,-0.247585212,-0.419577544,-0.302756803,-0.220904883,-0.297053137,-0.148423141,-0.364467783,-0.214515305,-0.11319782,-0.272474999,1.925505232,-0.192032669,-0.06835728,-0.244543887,-0.137134479,-0.102586227,-0.384276788,-0.23180336,-0.117327734,-0.10834958,-0.089738832,-0.100431695,-0.103047596,-0.160531318,-0.361257644,-0.263904128,-0.329645591,-0.094258482,-0.171129789,-0.205967822,-0.218580198,-0.162218802,12.44055916,-0.223403025,-0.312870297,-0.133683106,-0.305751998,-0.101309294,-0.212868635,-0.218912688,-0.108146861,-0.308190294,-0.195621144,-0.128377991,-0.182054166,-0.226245073,-0.30740826,-0.115565556,0.100762029,-0.172686035,-0.332323972,-0.110238168,-0.456308387,-0.191507687,-0.083689314,-0.242438442
2015/12/21,-0.140098285,-0.132571897,-0.22249409,-0.149678939,-0.597941656,-0.121149509,-0.262390414,1.975861475,-0.256067922,-0.366068848,-0.186630155,-0.181952901,-0.20387063,-0.271169608,-0.212292225,-0.132937169,-0.052179558,-0.017116442,-0.091332244,-0.302756803,-0.220904883,3.87464098,-0.148423141,-0.364467783,-0.214515305,-0.11319782,-0.272474999,-0.180479786,-0.192032669,-0.06835728,-0.244543887,-0.137134479,-0.100121509,-0.384276788,-0.23180336,-0.117327734,-0.10834958,-0.089738832,-0.100431695,-0.103047596,-0.162423846,-0.361257644,-0.263904128,-0.329645591,-0.094258482,-0.171129789,-0.205967822,-0.218580198,-0.162218802,-0.24712035,-0.223403025,-0.312870297,-0.134602697,4.260256951,-0.101309294,-0.212868635,-0.218912688,-0.108146861,-0.301900963,-0.200008094,-0.128377991,-0.182054166,-0.226245073,-0.30740826,-0.115565556,9.909928825,-0.172686035,0.125127924,-0.110238168,-0.437016589,-0.191507687,-0.083689314,-0.242438442
2016/01/07,-0.140098285,-0.132571897,1.529925142,-0.149678939,-0.597941656,1.019758942,3.434566013,2.714172592,-0.256067922,0.407583046,-0.186630155,-0.181952901,-0.20387063,-0.271169608,-0.212292225,-0.132937169,5.481881354,0.369897152,0.018082856,0.256147901,1.82019499,-0.297053137,-0.133372858,-0.364467783,-0.214515305,-0.11319782,-0.272474999,-0.180479786,-0.192032669,-0.06835728,-0.244543887,-0.137134479,-0.099299936,-0.384276788,-0.23180336,-0.117327734,-0.10834958,-0.089738832,1.241097923,-0.103047596,-0.162423846,-0.361257644,-0.263904128,-0.329645591,-0.094258482,-0.171129789,-0.205967822,-0.218580198,-0.162218802,-0.24712035,-0.223403025,-0.312870297,-0.135522289,1.216250985,-0.101309294,0.2305213,-0.218912688,-0.108146861,-0.073388609,0.301566531,0.440011016,-0.182054166,-0.226245073,0.244191763,-0.115565556,2.165849775,-0.172686035,-0.332323972,-0.110238168,0.207329455,-0.191507687,-0.083689314,-0.242438442
2016/01/21,-0.140098285,-0.132571897,1.022058422,0.691926708,-0.469403763,-0.108330313,-0.262390414,0.499239241,-0.256067922,0.005072214,-0.186630155,-0.181952901,-0.20387063,-0.271169608,-0.212292225,1.071185967,0.155998282,2.696327184,-0.419577544,-0.023304451,-0.220904883,0.398229216,-0.140897999,-0.364467783,-0.214515305,-0.11319782,-0.272474999,-0.180479786,-0.192032669,-0.06835728,-0.244543887,-0.137134479,-0.102586227,-0.384276788,-0.23180336,-0.117327734,-0.10834958,-0.089738832,-0.076725463,-0.103047596,-0.156115419,-0.361257644,-0.162057731,-0.329645591,-0.094258482,-0.063039637,-0.205967822,-0.218580198,-0.162218802,-0.24712035,-0.223403025,-0.312870297,-0.126326376,-0.305751998,-0.101309294,-0.046597409,-0.218912688,-0.033530966,-0.11426926,-0.109344459,-0.094763588,-0.182054166,-0.226245073,-0.161761063,-0.06932982,1.477487193,-0.172686035,-0.332323972,-0.110238168,0.873539537,-0.191507687,-0.083689314,0.345859009
2016/02/07,-0.140098285,-0.065723178,-0.122036936,-0.149678939,0.173285703,0.009606291,1.955783442,13.05052823,-0.256067922,-0.307647741,-0.186630155,-0.181952901,1.167982542,-0.271169608,-0.212292225,-0.072731012,-0.020952882,2.100587157,-0.419577544,14.78767021,2.228414965,2.205963333,-0.148423141,-0.364467783,-0.209904868,-0.067972631,-0.272474999,-0.180479786,-0.192032669,-0.06835728,-0.244543887,-0.137134479,-0.102586227,-0.384276788,-0.23180336,-0.117327734,-0.10834958,-0.089738832,-0.025665885,-0.103047596,-0.162423846,-0.361257644,-0.263904128,-0.329645591,-0.094258482,-0.141650656,-0.205967822,-0.218580198,-0.162218802,-0.24712035,-0.223403025,1.801871836,-0.103520512,-0.305751998,0.841135173,0.119673816,-0.218912688,-0.108146861,-0.187435142,-0.179828124,-0.12104394,-0.182054166,-0.226245073,-0.305283316,-0.087824114,-0.243419262,-0.172686035,-0.103598024,-0.110238168,1.272236691,-0.191507687,-0.083689314,-0.242438442
2016/02/21,-0.140098285,-0.113580783,-0.22249409,-0.149678939,-0.597941656,-0.121149509,-0.262390414,1.975861475,-0.256067922,-0.367902146,-0.186630155,-0.181952901,-0.20387063,-0.271169608,0.616103936,-0.132937169,-0.052179558,0.348154815,-0.419577544,0.954778781,-0.220904883,-0.297053137,-0.148423141,-0.364467783,-0.204910227,-0.11319782,-0.272474999,-0.180479786,-0.081406374,-0.06835728,1.555374173,-0.137134479,-0.102586227,-0.384276788,-0.23180336,-0.117327734,0.052993841,-0.089738832,-0.099064028,-0.103047596,-0.161477582,-0.361257644,-0.263904128,-0.329645591,-0.094258482,-0.156390222,12.74442573,-0.218580198,-0.162218802,-0.24712035,-0.223403025,-0.312870297,-0.12172842,-0.305751998,-0.101309294,-0.129733022,-0.218912688,-0.035153051,-0.130516698,-0.208781994,-0.128377991,1.826387447,-0.226245073,-0.216102076,-0.115565556,-0.243419262,-0.172686035,-0.332323972,-0.110238168,0.42404065,-0.191507687,-0.083689314,-0.242438442
2016/03/07,-0.140098285,0.235096054,-0.22249409,-0.149678939,-0.173766609,-0.121149509,-0.262390414,0.203914795,-0.256067922,-0.399068217,-0.186630155,-0.181952901,-0.20387063,-0.271169608,-0.212292225,0.228299772,-0.104224018,-0.247585212,-0.419577544,0.703271664,1.003755041,-0.297053137,-0.139392971,-0.364467783,-0.214515305,-0.11319782,-0.272474999,-0.180479786,-0.192032669,-0.06835728,4.970966711,-0.137134479,-0.102586227,-0.384276788,-0.23180336,-0.117327734,-0.10834958,-0.089738832,-0.07016066,-0.103047596,-0.162423846,-0.361257644,-0.080580613,-0.329645591,-0.094258482,-0.171129789,-0.205967822,-0.217940254,-0.162218802,-0.24712035,-0.223403025,-0.312870297,1.235772219,-0.305751998,1.888295691,0.651741737,-0.218912688,-0.108146861,-0.14215196,-0.213168944,-0.128377991,-0.182054166,-0.226245073,-0.305283316,-0.115565556,-0.243419262,-0.172686035,-0.332323972,-0.110238168,1.04279291,-0.191507687,-0.083689314,-0.242438442
2016/03/21,-0.140098285,-0.123890245,-0.22249409,-0.149678939,-0.29495948,-0.121149509,-0.262390414,3.557956725,-0.256067922,-0.399068217,-0.177974368,-0.181952901,-0.20387063,-0.271169608,-0.212292225,-0.132937169,-0.1637034,-0.247585212,-0.419577544,-0.302756803,-0.220904883,-0.297053137,-0.096822169,-0.364467783,-0.214515305,-0.11319782,-0.272474999,-0.180479786,-0.192032669,-0.06835728,-0.22024803,-0.137134479,-0.102586227,0.313200515,-0.23180336,-0.117327734,-0.10834958,-0.089738832,-0.100431695,-0.103047596,-0.162423846,-0.361257644,-0.263904128,-0.329645591,-0.094258482,-0.166918484,-0.205967822,-0.217665992,-0.162218802,-0.24712035,-0.223403025,-0.312870297,-0.133683106,-0.305751998,0.048285066,-0.022844377,-0.218912688,-0.108146861,0.010768627,-0.21191553,-0.128377991,4.050019233,-0.226245073,-0.265099109,-0.10070407,-0.243419262,-0.172686035,2.592100647,-0.110238168,-0.372526866,-0.191507687,-0.083689314,-0.242438442
2016/04/07,-0.086514509,-0.130582351,0.012138474,-0.112274244,0.16446785,-0.121149509,0.067694981,-0.146782986,-0.256067922,-0.329291574,-0.142395477,-0.181952901,-0.122212703,-0.131817919,-0.212292225,-0.074552726,-0.105907201,-0.210164234,0.057159677,0.473388837,-0.050813227,-0.181172745,-0.059828035,-0.135718289,0.439026369,-0.112461733,0.545248012,0.002280983,-0.016545124,-0.062351072,-0.215017672,-0.099027025,-0.06698474,-0.047162758,0.550525558,-0.105342328,-0.059283021,1.619526193,-0.062637947,-0.097401717,-0.124541835,-0.280755045,-0.164763026,0.03152941,0.541461426,-1.51E-04,-0.175990059,0.110190945,-0.161014738,0.202234966,0.227005821,-0.221084614,-0.102707477,0.134994699,-0.092582956,-0.126170067,-0.216579939,-0.0153501,-0.084991426,-0.194332913,-0.094763588,-0.176076661,0.226588632,-0.280072137,-0.091093126,-0.232151422,-0.004379823,-0.135365517,-0.110238168,-0.062472971,0.322945408,-0.067968758,-0.14158745
2016/04/21,-0.140098285,-0.132571897,-0.22249409,-0.149678939,-0.597941656,-0.121149509,-0.262390414,-0.239071875,-0.256067922,-0.399068217,-0.186630155,-0.181952901,-0.20387063,-0.271169608,-0.212292225,0.168093615,-0.208312937,-0.247585212,-0.419577544,-0.302756803,-0.220904883,-0.297053137,-0.148423141,-0.364467783,-0.214515305,-0.11319782,-0.272474999,-0.180479786,1.577988045,-0.06835728,-0.244543887,-0.137134479,-0.102586227,-0.384276788,-0.23180336,-0.117327734,-0.10834958,-0.089738832,-0.100431695,-0.103047596,-0.162423846,-0.361257644,-0.263904128,-0.329645591,-0.094258482,-0.112171524,-0.205967822,-0.218580198,-0.162218802,-0.24712035,-0.223403025,6.736270146,-0.135522289,-0.305751998,-0.101309294,-0.212868635,-0.218912688,-0.108146861,-0.308190294,-0.213168944,-0.128377991,-0.182054166,-0.226245073,-0.30740826,-0.115565556,-0.243419262,-0.172686035,-0.332323972,-0.110238168,-0.446019428,-0.191507687,-0.083689314,-0.242438442
2016/05/07,-0.094169334,-0.132149872,1.033685407,-0.149678939,-0.338723572,-0.116876443,-0.185370489,-0.146782986,0.773185106,-0.29767324,-0.169462844,-0.126369954,0.367734858,-0.201493764,-0.120248207,0.01088865,-0.185037498,-0.126673661,-0.166099229,-0.209606019,-0.135859055,-0.297053137,0.006845617,-0.252634697,-0.214195136,-0.105935094,-0.238927388,-0.146993817,-0.050676848,-0.038326241,-0.167696992,-0.132053485,-0.084306233,-0.248656202,-0.101415207,-0.025439626,-0.10834958,0.215074709,-0.092592936,-0.063526441,-0.160794169,-0.318828039,-0.19070203,-0.02187742,-0.08951904,-0.146645732,-0.185982647,0.178096096,-0.157201867,0.363767923,-0.223403025,-0.263917933,-0.107896234,1.406501358,4.98E-04,-0.19808897,-0.215180289,-0.108146861,0.869312201,-0.210244311,-0.103931152,-0.035605298,-0.165867246,-0.196309847,-0.107618789,-0.128692165,-0.100453136,-0.110586872,-0.110238168,-0.401144563,-0.183341765,-0.083689314,0.051710283
2016/05/21,-0.140098285,-0.132571897,-0.22249409,1.61769292,-0.597941656,0.551858285,-0.262390414,-0.239071875,-0.256067922,-0.309847699,-0.186630155,-0.181952901,-0.20387063,-0.271169608,3.101292416,0.469124399,-0.208312937,-0.247585212,0.236913056,-0.302756803,-0.220904883,-0.297053137,0.099906537,-0.364467783,-0.210673274,0.091728816,-0.272474999,-0.180479786,3.790513937,-0.06835728,-0.244543887,-0.137134479,-0.102586227,-0.384276788,-0.23180336,-0.117327734,-0.10834958,-0.089738832,-0.100431695,-0.103047596,-0.162423846,-0.361257644,-0.263904128,-0.329645591,-0.094258482,-0.171129789,-0.205967822,-0.218580198,0.126756675,-0.24712035,-0.223403025,-0.312870297,-0.131843924,-0.305751998,-0.101309294,-0.046597409,0.508905127,-0.108146861,0.273572808,-0.182460294,-0.128377991,-0.182054166,-0.226245073,-0.265573427,-0.115565556,-0.243419262,-0.172686035,1.154394689,-0.110238168,-0.451163908,-0.191507687,-0.083689314,-0.242438442
2016/06/07,-0.140098285,-0.132571897,-0.22249409,-0.149678939,-0.597941656,-0.044234332,-0.262390414,-0.239071875,-0.256067922,-0.328180682,-0.186630155,-0.181952901,-0.20387063,-0.271169608,-0.212292225,0.770155183,-0.208312937,-0.143221995,-0.419577544,-0.302756803,-0.220904883,-0.297053137,-0.103272291,-0.364467783,-0.191463119,-0.11319782,-0.272474999,-0.180479786,0.25047251,-0.06835728,-0.244543887,-0.137134479,-0.102586227,-0.384276788,-0.23180336,-0.117327734,-0.10834958,-0.089738832,-0.100431695,-0.103047596,-0.162423846,-0.361257644,-0.263904128,-0.329645591,-0.094258482,-0.141650656,-0.205967822,-0.218580198,-0.162218802,-0.24712035,-0.223403025,-0.312870297,-0.135522289,-0.305751998,-0.101309294,0.452216267,-0.218912688,-0.108146861,-0.295611632,-0.195621144,-0.128377991,-0.182054166,-0.226245073,-0.30740826,-0.01153515,-0.243419262,-0.172686035,-0.103598024,-0.110238168,-0.443447189,-0.191507687,-0.083689314,-0.242438442
2016/06/21,-0.140098285,-0.132571897,-0.22249409,-0.149678939,-0.34086587,-0.121149509,-0.262390414,-0.239071875,-0.256067922,-0.399068217,-0.186630155,-0.181952901,-0.20387063,0.146885458,-0.212292225,-0.132937169,-0.208312937,-0.247585212,-0.419577544,-0.302756803,-0.220904883,-0.297053137,-0.118322574,-0.364467783,-0.214515305,-0.11319782,-0.272474999,-0.180479786,-0.044530943,-0.06835728,-0.244543887,-0.137134479,-0.102586227,-0.384276788,-0.23180336,-0.117327734,-0.10834958,-0.089738832,-0.100431695,-0.103047596,-0.156115419,-0.361257644,-0.263904128,-0.329645591,-0.094258482,-0.01390775,-0.205967822,-0.218580198,-0.162218802,-0.24712035,-0.223403025,-0.312870297,-0.12939168,-0.305751998,0.073217459,2.114928521,-0.218912688,-0.108146861,-0.308190294,-0.213168944,-0.128377991,-0.182054166,-0.226245073,-0.30740826,-0.115565556,-0.243419262,-0.172686035,-0.332323972,-0.110238168,-0.445162015,-0.191507687,-0.083689314,-0.242438442
2016/07/07,-0.049197236,-0.132571897,-0.22249409,-0.149678939,-0.451328122,-0.121149509,-0.262390414,-0.239071875,-0.256067922,-0.397362231,-0.160121807,-0.09857848,-0.20387063,-0.271169608,-0.005193184,-0.01377915,-0.180122188,-0.247585212,-0.289647113,-0.302756803,-0.220904883,-0.297053137,-0.143249606,-0.364467783,-0.214515305,-0.11319782,-0.108930397,-0.174428105,-0.159766666,-0.06835728,-0.244543887,-0.137134479,-0.102586227,-0.384276788,0.061569984,-0.117327734,-0.10834958,-0.089738832,-0.097886315,-0.103047596,-0.161881716,-0.349324317,-0.263904128,-0.329645591,-0.094173849,-0.103880518,-0.205967822,-0.209914292,-0.159961181,-0.24712035,0.11440361,0.403058029,-0.131326653,-0.020376439,-0.084947411,-0.212868635,-0.218912688,-0.108146861,-0.304652545,-0.209695942,-0.1260861,-0.182054166,-0.226245073,-0.076445118,-0.107799397,-0.229078375,-0.091735373,-0.301350666,-0.110238168,-0.444545749,-0.142512154,-0.039147739,-0.242438442
2016/07/21,-0.140098285,-0.132571897,-0.22249409,-0.149678939,-0.295556263,-0.121149509,-0.262390414,-0.239071875,0.193060672,-0.395874204,-0.180571104,-0.148603132,0.596377054,-0.145753088,-0.212292225,-0.116882194,-0.185760338,-0.247585212,-0.287185273,-0.302756803,-0.220904883,-0.297053137,-0.143908056,-0.21196812,-0.214515305,-0.11319782,0.03951778,-0.170191928,-0.175438725,-0.062831569,-0.244543887,-0.12798869,-0.102421912,-0.23455166,-0.23180336,-0.117327734,-0.10834958,-0.089738832,-0.100431695,-0.100789244,-0.161362453,0.170173158,0.016300772,-0.177571906,-0.094156922,-0.14253503,-0.181985612,0.016759146,1.492165805,-0.176633242,-0.223403025,-0.136641786,0.406408176,-0.305751998,-0.101309294,-0.199012699,-0.218912688,-0.108146861,-0.30750895,-0.210975469,-0.128377991,-0.182054166,-0.226245073,-0.123098151,-0.115565556,-0.158808028,-0.172686035,-0.300683549,-0.110238168,-0.294707428,-0.191507687,-0.083689314,-0.183608697
2016/08/07,-0.105651572,-0.132571897,-0.22249409,-0.149678939,-0.26213641,-0.121149509,-0.262390414,-0.239071875,-0.087644699,-0.389657286,-0.177541579,-0.181952901,-0.20387063,-0.229364102,-0.212292225,-0.132937169,-0.171881816,-0.247585212,-0.156981304,-0.260838951,-0.220904883,-0.297053137,-0.143908056,-0.272967985,-0.214515305,-0.11319782,-0.091317901,-0.120568143,-0.062968658,-0.06835728,-0.244543887,-0.137134479,-0.101107396,-0.335453377,0.002895315,-0.107739409,-0.10834958,-0.089738832,-0.100431695,-0.103047596,-0.161871859,-0.323070999,-0.134049972,-0.155847094,-0.094123069,-0.166707919,1.017124902,-0.205781321,-0.138739545,-0.141389687,-0.223403025,0.568272258,-0.129621578,-0.305751998,-0.101309294,-0.204555073,-0.218912688,-0.108146861,-0.305936617,-0.213168944,-0.128377991,-0.182054166,-0.226245073,-0.260836573,-0.115565556,-0.170280738,-0.172686035,-0.213195874,-0.110238168,-0.436973719,-0.191507687,-0.055392314,-0.007119462
2016/08/21,-0.140098285,-0.132571897,-0.22249409,-0.149678939,-0.597941656,-0.121149509,-0.262390414,-0.239071875,-0.256067922,-0.399068217,-0.186630155,-0.181952901,-0.20387063,-0.271169608,-0.212292225,-0.132937169,-0.208312937,-0.247585212,-0.419577544,-0.302756803,-0.220904883,-0.297053137,-0.148423141,-0.364467783,-0.214515305,-0.11319782,-0.272474999,-0.180479786,0.471725099,-0.06835728,-0.244543887,-0.137134479,-0.102586227,-0.384276788,-0.23180336,-0.117327734,-0.10834958,-0.089738832,-0.100431695,-0.103047596,-0.162423846,0.784341689,-0.263904128,-0.329645591,-0.094258482,-0.171129789,-0.205967822,-0.218580198,7.423387473,-0.24712035,-0.223403025,-0.312870297,-0.095060273,4.260256951,-0.101309294,-0.212868635,-0.218912688,-0.108146861,-0.308190294,-0.213168944,-0.128377991,-0.182054166,-0.226245073,-0.30740826,-0.115565556,-0.243419262,-0.172686035,-0.332323972,-0.110238168,-0.438302709,-0.191507687,-0.083689314,-0.242438442
2016/09/07,0.096107748,-0.132571897,0.007281717,-0.149678939,-0.175143801,-0.109612232,-0.077542593,-0.239071875,-0.129750505,-0.324775985,-0.140321695,-0.181952901,1.339464188,-0.009885192,-0.070281454,-0.11860237,-0.144372601,-0.246964002,-0.196839662,-0.260838951,-0.220904883,-0.297053137,-0.122461402,-0.220682386,-0.214515305,-0.11319782,-0.138763808,-0.158953092,-1.70E-05,-0.066555418,-0.243126629,-0.137134479,-0.102462991,-6.64E-04,-0.23180336,-0.107739409,-0.10834958,-0.089594883,-0.10024934,-0.103047596,-0.150303781,-0.090768912,-0.213708404,-0.264471155,-0.091821055,-0.162601897,-0.144299281,-0.10549679,-0.149576125,-0.126285307,0.767496437,-0.262519294,-0.123147217,-0.191601774,-0.101309294,-0.171300828,-0.217313089,-0.097116686,-0.298913531,-0.211905085,-0.128377991,-0.182054166,-0.184843135,0.01011433,-0.101323298,0.609863522,-0.062735465,-0.159962633,-0.083498727,0.355401658,0.499329326,-0.018711017,-0.242438442
2016/09/21,-0.140098285,-0.132571897,4.264592096,-0.149678939,-0.597941656,-0.121149509,-0.262390414,-0.239071875,-0.256067922,-0.39662382,-0.186630155,-0.181952901,-0.20387063,-0.271169608,-0.212292225,-0.132937169,-0.208312937,-0.247585212,-0.419577544,-0.302756803,-0.220904883,-0.297053137,-0.148423141,-0.364467783,-0.214515305,-0.11319782,-0.272474999,-0.180479786,0.02921992,-0.06835728,-0.244543887,-0.137134479,-0.102586227,-0.384276788,-0.23180336,-0.117327734,-0.10834958,-0.089738832,-0.100431695,-0.103047596,-0.144444829,1.166208133,-0.263904128,-0.329645591,-0.094258482,-0.171129789,-0.205967822,-0.218580198,-0.162218802,-0.24712035,-0.223403025,-0.312870297,-0.038045614,4.260256951,-0.101309294,-0.212868635,-0.218912688,-0.108146861,-0.220139662,-0.213168944,1.393437738,-0.182054166,-0.226245073,-0.251628482,-0.115565556,-0.243419262,-0.172686035,0.353853872,-0.110238168,-0.340557601,-0.191507687,-0.083689314,-0.242438442
2016/10/07,-0.140098285,-0.132571897,-0.200170278,-0.149678939,-0.53367271,-0.121149509,-0.262390414,-0.239071875,-0.256067922,-0.276848329,-0.186630155,-0.181952901,-0.20387063,-0.271169608,-0.212292225,-0.132937169,-0.138920324,-0.247585212,-0.419577544,0.256147901,-0.220904883,-0.297053137,-0.148423141,-0.364467783,-0.214515305,-0.11319782,-0.272474999,-0.180479786,-0.192032669,-0.06835728,-0.244543887,1.692023304,-0.102586227,-0.384276788,-0.23180336,-0.117327734,-0.10834958,-0.089738832,-0.095568878,-0.103047596,-0.162423846,-0.361257644,-0.263904128,-0.329645591,-0.094258482,-0.151477034,-0.205967822,-0.218580198,-0.162218802,-0.24712035,-0.223403025,-0.312870297,-0.133070045,-0.305751998,-0.101309294,-0.212868635,-0.218912688,-0.108146861,-0.268357865,-0.189771877,0.268883143,-0.182054166,-0.226245073,-0.30740826,-0.115565556,-0.243419262,-0.172686035,-0.332323972,-0.110238168,-0.384285676,-0.191507687,-0.083689314,-0.242438442
2016/10/21,-0.140098285,-0.132571897,-0.16556837,-0.149678939,-0.385854133,-0.121149509,-0.262390414,-0.239071875,-0.256067922,-0.169050387,-0.186630155,-0.181952901,-0.20387063,-0.271169608,-0.212292225,-0.132937169,-0.187495153,-0.247585212,-0.353928484,-0.302756803,-0.220904883,-0.297053137,-0.148423141,-0.364467783,-0.129222216,-0.099064948,-0.272474999,-0.180479786,-0.059281115,-0.06835728,5.124030609,1.72860646,-0.102093283,-0.286629966,-0.23180336,-0.117327734,2.740095188,-0.089738832,0.24440281,-0.103047596,-0.158922669,3.037353709,2.82968018,0.322098772,-0.094258482,0.93433767,-0.205967822,-0.218580198,-0.154994415,-0.24712035,-0.223403025,-0.312870297,-0.131476087,-0.305751998,-0.101309294,0.452216267,-0.218912688,-0.108146861,0.570429224,1.23715675,-0.007366138,-0.182054166,-0.081338288,-0.30740826,0.730548417,0.737497417,-0.172686035,-0.240833593,-0.110238168,-0.052981202,-0.191507687,-0.083689314,-0.242438442
2016/11/07,-0.140098285,-0.132571897,-0.22249409,-0.149678939,0.641530885,-0.099173744,-0.262390414,-0.239071875,-0.256067922,-0.353672259,-0.177974368,-0.181952901,-0.20387063,-0.271169608,-0.212292225,-0.132937169,-0.074484326,-0.247585212,-0.044440059,-0.302756803,-0.220904883,-0.297053137,-0.148423141,-0.364467783,-0.214515305,-0.11319782,0.07258614,-0.180479786,0.187257484,-0.06835728,-0.212149411,-0.137134479,-0.102586227,-0.105285867,-0.23180336,-0.117327734,-0.10834958,-0.089738832,-0.031136554,-0.103047596,7.968147329,-0.361257644,0.227141,-0.329645591,-0.094258482,0.031012832,-0.205967822,-0.218580198,-0.162218802,-0.24712035,-0.223403025,-0.312870297,-0.115291281,-0.305751998,-0.101309294,-0.16536257,-0.218912688,-0.108146861,-0.052124681,-0.1392175,-0.128377991,-0.182054166,-0.226245073,-0.289953364,0.514809169,-0.243419262,-0.172686035,-0.332323972,-0.110238168,-0.37179194,-0.191507687,-0.083689314,0.766071473
2016/11/21,-0.140098285,-0.132571897,1.729244891,1.882197552,2.335476692,-0.121149509,-0.262390414,-0.239071875,-0.256067922,2.486194149,0.034092413,0.103902256,-0.20387063,-0.18158638,-0.212292225,-0.11143497,0.111388745,0.17607975,-0.091332244,-0.063226216,0.653852205,1.192837619,-0.122622655,-0.103039789,-0.213417582,-0.11319782,0.46077992,-0.180479786,0.440117586,-0.06835728,0.136091203,-0.084872828,-0.101882022,3.591343842,-0.23180336,-0.055688506,0.017372566,-0.089738832,-0.038170272,-0.103047596,7.415461527,0.129713499,0.854587553,0.228992434,-0.094258482,-0.084798044,3.802487325,-0.218580198,0.002910042,-0.24712035,-0.223403025,-0.312870297,0.176219153,1.324965484,-0.101309294,0.452216267,-0.154928705,-0.108146861,2.711586983,-0.060879106,-0.128377991,-0.182054166,-0.122740226,1.260876235,0.391582676,1.575824705,-0.044588284,-0.332323972,-0.110238168,0.561931071,-0.191507687,-0.083689314,1.018198952
2016/12/07,-0.140098285,-0.132571897,-0.172265513,3.777814081,0.04474781,-0.121149509,0.661848693,0.130083683,6.200155616,-0.175813221,-0.186630155,0.485042464,-0.20387063,-0.271169608,-0.212292225,-0.132937169,-0.208312937,-0.082343452,-0.419577544,-0.302756803,-0.220904883,-0.297053137,-0.088222007,-0.364467783,-0.214515305,-0.11319782,0.432024826,-0.180479786,-0.192032669,-0.06835728,-0.244543887,-0.137134479,-0.100943081,0.429446732,-0.23180336,-0.117327734,-0.10834958,-0.089738832,-0.100431695,-0.103047596,-0.156903973,-0.297613236,-0.263904128,-0.329645591,-0.094258482,-0.146563845,1.472786898,-0.218580198,-0.162218802,-0.24712035,-0.223403025,-0.312870297,-0.110693324,-0.305751998,-0.101309294,-0.102021151,-0.218912688,-0.108146861,3.231654744,-0.185384927,-0.128377991,-0.182054166,-0.226245073,-0.244323988,-0.099672022,0.272852674,-0.172686035,-0.332323972,-0.110238168,-0.398004287,-0.191507687,-0.083689314,-0.242438442
2016/12/21,-0.140098285,-0.132571897,-0.160674303,-0.149678939,0.05463534,-0.121149509,-0.262390414,-0.239071875,-0.256067922,-0.335889937,-0.158665305,-0.181952901,-0.20387063,-0.271169608,-0.212292225,-0.132937169,-0.192299257,-0.178009734,-0.419577544,-0.173778795,-0.220904883,-0.297053137,-0.120638002,-0.364467783,-0.214515305,-0.111023532,-0.04022231,-0.180479786,-0.175013239,-0.06835728,-0.022143351,-0.080852701,-0.100311102,-0.384276788,-0.23180336,-0.117327734,-0.10834958,-0.089738832,-0.085702971,-0.103047596,-0.159002738,-0.273134618,-0.263904128,-0.329645591,-0.094258482,0.377635596,0.679529173,-0.218580198,-0.162218802,-0.24712035,-0.223403025,-0.312870297,-0.127882607,-0.305751998,-0.101309294,-0.161708258,-0.218912688,-0.108146861,0.164960903,-0.148377066,-0.128377991,-0.066182534,-0.114778315,-0.300257006,0.035145161,1.305396548,-0.172686035,-0.332323972,-0.110238168,-0.385077134,-0.191507687,-0.083689314,-0.242438442
2017/01/07,-0.140098285,-0.132571897,-0.22249409,-0.149678939,0.430361489,-0.121149509,-0.262390414,-0.239071875,-0.256067922,-0.240182362,-0.166433319,-0.181952901,-0.20387063,0.146885458,-0.212292225,-0.132937169,-0.208312937,-0.15191893,-0.419577544,-0.302756803,-0.220904883,-0.297053137,-0.148423141,-0.364467783,-0.214515305,-0.051955377,-0.272474999,-0.180479786,-0.192032669,-0.06835728,1.097127318,2.057854861,-0.102586227,-0.384276788,-0.23180336,-0.117327734,-0.10834958,-0.089738832,-0.100431695,-0.103047596,0.456748271,0.657052874,0.270789456,-0.329645591,-0.094258482,5.390599826,3.151541618,-0.218580198,-0.162218802,-0.24712035,-0.223403025,-0.312870297,-0.085251299,-0.305751998,-0.101309294,-0.212868635,-0.218912688,-0.108146861,-0.299804519,-0.213168944,-0.128377991,-0.182054166,-0.226245073,-0.230379043,0.274548468,-0.243419262,-0.172686035,-0.332323972,-0.110238168,-0.422869271,-0.191507687,-0.083689314,-0.242438442
2017/01/21,-0.140098285,-0.132571897,-0.22249409,0.47310924,0.539618698,-0.121149509,-0.262390414,-0.239071875,-0.256067922,-0.340647111,-0.186630155,-0.181952901,-0.20387063,-0.271169608,0.450424704,-0.132937169,-0.208312937,-0.235409503,-0.419577544,-0.302756803,-0.220904883,-0.297053137,-0.134877886,-0.364467783,-0.214515305,-0.096238374,-0.272474999,-0.180479786,-0.192032669,-0.06835728,0.764544033,0.009198143,-0.102093283,-0.384276788,-0.23180336,-0.117327734,0.199669679,-0.089738832,-0.099702273,-0.103047596,0.03250655,-0.170324422,-0.263904128,-0.329645591,-0.07963392,16.00407007,0.225711963,-0.218580198,-0.162218802,-0.24712035,-0.223403025,-0.312870297,0.348734476,-0.305751998,-0.101309294,-0.212868635,-0.218912688,-0.108146861,-0.297498431,-0.213168944,-0.128377991,-0.182054166,-0.081338288,-0.228785335,0.059552295,-0.243419262,-0.172686035,-0.332323972,-0.110238168,-0.116515523,-0.191507687,-0.083689314,-0.242438442
2017/02/07,-0.140098285,-0.132571897,-0.205751231,-0.149678939,-0.405134817,-0.121149509,-0.262390414,-0.239071875,-0.256067922,-0.377883437,-0.166433319,-0.181952901,-0.20387063,-0.271169608,-0.212292225,-0.132937169,-0.190964784,-0.240337766,-0.419577544,-0.302756803,-0.220904883,-0.297053137,-0.148423141,-0.364467783,-0.214515305,-0.11319782,-0.272474999,-0.180479786,-0.155157237,-0.06835728,-0.083921278,-0.137134479,-0.102586227,-0.221532084,-0.23180336,-0.117327734,-0.10834958,-0.089738832,-0.097696361,-0.103047596,-0.159585054,-0.361257644,-0.034749735,-0.329645591,-0.094258482,5.302162429,-0.205967822,-0.218580198,0.13879732,-0.24712035,-0.223403025,-0.312870297,-0.086477421,-0.305751998,-0.101309294,-0.212868635,-0.218912688,-0.108146861,-0.284081192,-0.192696511,-0.128377991,-0.182054166,-0.226245073,-0.223074549,0.468160614,-0.243419262,-0.172686035,-0.332323972,-0.110238168,-0.312262964,-0.191507687,-0.083689314,-0.242438442
2017/02/21,-0.140098285,-0.132571897,-0.212448375,-0.149678939,-0.250889345,-0.121149509,-0.262390414,-0.239071875,-0.256067922,-0.38489071,-0.168453002,-0.181952901,-0.20387063,-0.271169608,-0.212292225,-0.132937169,-0.208312937,-0.247585212,-0.419577544,-0.302756803,-0.220904883,-0.297053137,-0.148423141,-0.364467783,-0.212210086,-0.11319782,0.210610595,0.044642751,-0.147782151,-0.06835728,-0.244543887,-0.137134479,-0.10160034,-0.286629966,-0.23180336,-0.117327734,-0.10834958,-0.089738832,-0.095325738,-0.103047596,-0.160625944,-0.323070999,0.255512497,-0.199296718,-0.094258482,1.518024488,-0.205967822,-0.218580198,-0.039404224,-0.24712035,-0.223403025,-0.312870297,-0.116762627,-0.305751998,0.003406758,-0.212868635,-0.218912688,-0.108146861,-0.294353766,-0.205272434,-0.128377991,-0.182054166,3.106610998,-0.306744215,-0.084356434,-0.243419262,-0.172686035,-0.320887674,-0.110238168,-0.390716275,-0.191507687,-0.083689314,-0.242438442
2017/03/07,-0.140098285,-0.132571897,-0.107685915,-0.149678939,-0.405134817,-0.121149509,-0.262390414,-0.239071875,-0.256067922,-0.395227021,-0.177974368,-0.181952901,-0.20387063,-0.271169608,-0.212292225,-0.132937169,-0.148833555,-0.237645858,-0.419577544,-0.302756803,-0.220904883,-0.297053137,-0.148423141,-0.364467783,-0.214515305,-0.11319782,-0.272474999,-0.180479786,-0.192032669,-0.06835728,-0.204050792,-0.137134479,-0.094839969,-0.105285867,-0.23180336,-0.117327734,-0.10834958,-0.089738832,-0.100431695,-0.103047596,-0.162423846,-0.361257644,-0.263904128,-0.329645591,0.024711172,0.26684589,0.205155783,-0.218580198,-0.162218802,-0.24712035,-0.223403025,-0.312870297,-0.12947926,-0.305751998,-0.101309294,-0.212868635,-0.218912688,-0.108146861,-0.290220777,-0.208155287,-0.128377991,-0.182054166,-0.01923538,-0.30740826,0.007041709,-0.243419262,-0.172686035,0.059777653,-0.110238168,-0.434260618,-0.191507687,-0.083689314,-0.242438442
2017/03/21,-0.140098285,-0.132571897,0.124539713,-0.149678939,-0.037049032,-0.121149509,-0.262390414,-0.239071875,0.662604202,-0.146628593,-0.159089015,-0.181952901,-0.20387063,-0.043139572,1.293882612,-0.132937169,-0.189387679,-0.237307016,-0.419577544,-0.302756803,-0.220904883,-0.297053137,-0.144318518,-0.364467783,-0.214515305,-0.11319782,0.166693723,-0.180479786,-0.131691054,-0.06835728,-0.223929221,0.162182249,-0.102138096,-0.384276788,-0.23180336,-0.117327734,0.257006597,-0.089738832,-0.096784583,-0.090729314,-0.155541926,0.159469326,0.687433808,-0.329645591,-0.094258482,0.986596132,-0.075155766,-0.218580198,-0.162218802,0.137354787,-0.223403025,-0.312870297,-0.112950503,-0.305751998,0.041485322,-0.212868635,-0.218912688,-0.108146861,-0.072626266,-0.212371317,-0.128377991,16.47888194,1.091089342,-0.258872609,0.570089396,-0.086973221,-0.172686035,-0.332323972,-0.110238168,-0.295660326,-0.191507687,-0.083689314,-0.242438442
2017/04/07,-0.140098285,-0.132571897,-0.22249409,-0.149678939,0.534798527,-0.121149509,-0.262390414,-0.239071875,-0.256067922,-0.38531848,-0.163908714,-0.181952901,-0.20387063,-0.271169608,-0.212292225,-0.095308321,-0.195301822,-0.247585212,-0.255454894,-0.302756803,-0.220904883,-0.297053137,-0.142779285,-0.364467783,-0.214515305,-0.107897993,0.029453497,-0.180479786,-0.109062948,-0.06835728,-0.230371304,-0.04567659,-0.102586227,-0.384276788,-0.23180336,-0.045415302,-0.10834958,-0.089738832,-0.099291973,-0.06917232,-0.157810809,-0.313524338,0.165760359,-0.1667095,7.525240058,0.506890253,0.153765332,-0.218580198,-0.162218802,1.338839588,-0.223403025,0.347986619,-0.015515627,0.264999121,-0.101309294,-0.212868635,-0.190919696,-0.108146861,1.712257237,-0.112269093,-0.128377991,-0.182054166,0.136021891,-0.273707978,0.074073206,-0.243419262,-0.172686035,-0.332323972,-0.110238168,-0.382999556,-0.191507687,-0.083689314,-0.242438442
2017/04/21,-0.140098285,-0.132571897,-0.043903595,-0.149678939,1.522933582,-0.121149509,-0.262390414,-0.239071875,-0.256067922,-0.28662592,-0.10584281,-0.181952901,-0.20387063,0.98299559,-0.212292225,-0.132937169,-0.138920324,-0.247585212,-0.200747344,-0.302756803,-0.220904883,-0.297053137,-0.118322574,-0.364467783,-0.214515305,-0.11319782,1.13652465,-0.180479786,0.545475962,-0.06835728,-0.168956777,-0.076162553,-0.096013645,-0.384276788,-0.23180336,-0.117327734,-0.10834958,-0.089738832,-0.082803984,2.923143687,-0.137190138,-0.361257644,-0.263904128,-0.329645591,-0.094258482,-0.171129789,0.273676384,-0.218580198,-0.162218802,-0.24712035,-0.223403025,-0.312870297,0.529035672,-0.305751998,-0.101309294,0.341368783,-0.218912688,-0.108146861,8.9643798,-0.186847244,-0.128377991,-0.182054166,-0.226245073,0.322106373,-0.115565556,-0.243419262,-0.172686035,-0.332323972,-0.110238168,0.146453116,-0.191507687,-0.083689314,-0.242438442
2017/05/07,-0.140098285,-0.132571897,-0.22249409,-0.149678939,0.269689123,-0.121149509,-0.262390414,-0.239071875,-0.256067922,-0.399068217,-0.186630155,-0.181952901,-0.20387063,-0.271169608,-0.212292225,-0.132937169,-0.208312937,-0.247585212,-0.091332244,-0.302756803,-0.220904883,-0.297053137,-0.148423141,-0.364467783,-0.214515305,-0.11319782,-0.272474999,-0.144169699,-0.081406374,-0.06835728,-0.244543887,-0.137134479,-0.095192072,-0.384276788,-0.23180336,-0.117327734,-0.10834958,-0.089738832,-0.100431695,-0.103047596,-0.162423846,-0.361257644,-0.263904128,-0.329645591,-0.037385184,-0.038473694,-0.205967822,-0.218580198,-0.162218802,-0.24712035,-0.223403025,-0.312870297,-0.12172842,-0.305751998,-0.101309294,-0.212868635,-0.218912688,-0.108146861,-0.308190294,-0.213168944,-0.128377991,-0.182054166,-0.226245073,-0.30740826,-0.115565556,-0.243419262,-0.172686035,-0.332323972,-0.110238168,-0.43187211,-0.191507687,-0.083689314,-0.242438442
2017/05/21,0.089546469,-0.132571897,-0.22249409,-0.149678939,3.0653883,-0.121149509,-0.262390414,-0.239071875,1.428164305,-0.399068217,-0.156334901,-0.181952901,-0.20387063,-0.271169608,-0.212292225,0.318609007,-0.208312937,-0.247585212,1.878139555,-0.302756803,-0.220904883,-0.297053137,-0.148423141,-0.364467783,-0.214515305,-0.11319782,0.63331049,-0.180479786,-0.192032669,-0.06835728,-0.244543887,-0.137134479,-0.102586227,0.592191437,-0.23180336,-0.117327734,-0.10834958,-0.089738832,-0.100431695,-0.103047596,-0.162423846,-0.361257644,-0.111134532,-0.329645591,-0.07394659,-0.171129789,-0.205967822,-0.218580198,-0.162218802,1.867492901,-0.223403025,-0.312870297,-0.061954987,-0.305751998,-0.101309294,-0.212868635,-0.218912688,-0.108146861,-0.305045628,-0.208781994,-0.128377991,-0.182054166,-0.226245073,-0.3020959,-0.115565556,-0.243419262,-0.172686035,-0.217960998,-0.110238168,-0.449877788,-0.191507687,-0.083689314,-0.242438442
2017/06/07,-0.140098285,-0.132571897,-0.22249409,-0.149678939,-0.308731397,-0.121149509,-0.262390414,-0.239071875,-0.256067922,-0.391735024,-0.156334901,-0.181952901,-0.20387063,-0.271169608,-0.212292225,-0.132937169,-0.208312937,-0.247585212,0.565158356,-0.302756803,-0.220904883,-0.297053137,-0.148423141,-0.364467783,-0.214515305,-0.11319782,1.237167482,-0.180479786,-0.192032669,-0.06835728,-0.244543887,-0.137134479,-0.102586227,-0.384276788,-0.23180336,-0.117327734,-0.10834958,-0.089738832,-0.100431695,-0.103047596,-0.162423846,-0.361257644,-0.263904128,-0.329645591,-0.094258482,-0.171129789,-0.205967822,-0.218580198,-0.162218802,-0.24712035,-0.223403025,-0.312870297,-0.112532507,-0.305751998,-0.101309294,-0.212868635,-0.218912688,-0.108146861,-0.308190294,-0.208781994,-0.128377991,-0.182054166,-0.226245073,-0.296119495,-0.115565556,-0.243419262,-0.172686035,-0.103598024,-0.110238168,-0.453736147,-0.191507687,-0.083689314,-0.242438442
2017/06/21,-0.140098285,-0.132571897,-0.22249409,-0.149678939,-0.597941656,-0.121149509,-0.262390414,-0.239071875,-0.256067922,-0.399068217,-0.186630155,-0.181952901,-0.20387063,-0.271169608,-0.212292225,-0.132937169,-0.208312937,-0.247585212,-0.419577544,-0.302756803,-0.220904883,-0.297053137,-0.148423141,-0.364467783,-0.214515305,-0.11319782,-0.272474999,-0.107859613,-0.192032669,-0.06835728,-0.244543887,-0.137134479,-0.102586227,-0.384276788,-0.23180336,-0.117327734,-0.10834958,-0.089738832,-0.100431695,-0.103047596,-0.162423846,-0.361257644,-0.263904128,-0.329645591,-0.086133725,-0.171129789,-0.205967822,-0.218580198,-0.089974933,-0.24712035,-0.223403025,-0.312870297,-0.135522289,-0.305751998,-0.101309294,-0.212868635,-0.218912688,-0.108146861,-0.308190294,-0.213168944,-0.128377991,-0.182054166,-0.226245073,-0.30740826,-0.115565556,-0.243419262,-0.172686035,-0.332323972,-0.110238168,-0.461452867,-0.191507687,-0.083689314,-0.242438442
2017/07/07,0.319191223,-0.132571897,-0.22249409,-0.149678939,-0.212327977,-0.121149509,-0.262390414,-0.239071875,-0.256067922,-0.399068217,-0.186630155,-0.181952901,-0.20387063,-0.271169608,-0.212292225,0.469124399,-0.208312937,-0.247585212,-0.419577544,-0.302756803,-0.220904883,-0.297053137,-0.148423141,-0.364467783,-0.214515305,-0.11319782,-0.272474999,-0.180479786,-0.192032669,-0.06835728,-0.244543887,-0.137134479,-0.102586227,-0.384276788,-0.23180336,-0.117327734,-0.10834958,-0.089738832,-0.100431695,-0.103047596,-0.162423846,-0.361257644,-0.263904128,-0.329645591,-0.094258482,-0.171129789,-0.205967822,-0.218580198,-0.162218802,-0.24712035,-0.223403025,4.973985035,-0.128165558,-0.305751998,-0.101309294,-0.212868635,-0.218912688,-0.108146861,-0.301900963,-0.213168944,-0.128377991,-0.182054166,-0.226245073,-0.30740826,-0.115565556,-0.243419262,-0.172686035,-0.332323972,-0.110238168,-0.440874949,-0.191507687,-0.083689314,-0.242438442
2017/07/21,-0.140098285,-0.132571897,-0.22249409,-0.149678939,0.173285703,-0.121149509,-0.262390414,-0.239071875,-0.256067922,-0.399068217,-0.186630155,-0.181952901,-0.20387063,0.98299559,-0.212292225,-0.132937169,-0.104224018,-0.247585212,-0.419577544,-0.302756803,-0.220904883,-0.297053137,-0.148423141,-0.364467783,-0.214515305,-0.11319782,-0.272474999,-0.180479786,-0.192032669,-0.06835728,-0.244543887,-0.137134479,-0.102586227,0.592191437,-0.23180336,-0.117327734,-0.10834958,-0.089738832,-0.100431695,-0.103047596,-0.162423846,-0.361257644,-0.263904128,-0.329645591,-0.094258482,-0.171129789,-0.205967822,-0.218580198,-0.162218802,-0.24712035,-0.223403025,1.449414814,-0.106095368,-0.305751998,-0.101309294,-0.212868635,-0.218912688,-0.108146861,-0.308190294,-0.213168944,-0.128377991,-0.182054166,-0.226245073,-0.3020959,-0.115565556,-0.243419262,-0.172686035,-0.332323972,-0.110238168,-0.440874949,-0.191507687,-0.083689314,-0.242438442
2017/08/07,-0.140098285,-0.132571897,-0.22249409,-0.149678939,-0.083790084,-0.121149509,-0.262390414,-0.239071875,-0.256067922,-0.399068217,-0.186630155,-0.181952901,-0.20387063,0.146885458,-0.212292225,-0.132937169,-0.208312937,-0.247585212,-0.419577544,-0.302756803,-0.220904883,-0.297053137,-0.148423141,-0.364467783,-0.214515305,-0.11319782,-0.272474999,-0.180479786,-0.118281806,-0.06835728,-0.244543887,-0.137134479,-0.092727354,-0.384276788,-0.23180336,-0.021444491,-0.10834958,-0.089738832,-0.100431695,-0.103047596,-0.162108425,-0.361257644,-0.263904128,0.104850651,-0.092904356,-0.171129789,-0.205967822,-0.218580198,-0.162218802,-0.24712035,-0.223403025,1.449414814,-0.131230863,-0.305751998,-0.101309294,-0.212868635,-0.218912688,-0.108146861,-0.299804519,-0.213168944,-0.128377991,-0.182054166,-0.226245073,-0.306522867,-0.115565556,-0.243419262,-0.172686035,-0.256081989,-0.110238168,-0.446876842,-0.191507687,-0.083689314,2.11075136
2017/08/21,-0.140098285,-0.132571897,-0.22249409,-0.149678939,-0.597941656,-0.121149509,-0.262390414,-0.239071875,-0.256067922,-0.391735024,-0.186630155,-0.181952901,-0.20387063,-0.271169608,-0.212292225,-0.132937169,-0.208312937,-0.247585212,-0.419577544,-0.302756803,-0.220904883,-0.297053137,-0.148423141,-0.364467783,-0.214515305,-0.11319782,-0.272474999,-0.180479786,-0.192032669,-0.06835728,-0.244543887,-0.137134479,-0.102586227,-0.384276788,-0.23180336,-0.117327734,-0.10834958,-0.089738832,-0.100431695,-0.103047596,-0.162423846,-0.361257644,-0.263904128,-0.329645591,-0.094258482,-0.171129789,-0.205967822,-0.218580198,-0.162218802,-0.24712035,-0.223403025,-0.312870297,-0.124487193,-0.305751998,-0.101309294,-0.212868635,-0.218912688,-0.108146861,-0.308190294,-0.213168944,-0.128377991,-0.182054166,-0.226245073,-0.30740826,-0.115565556,-0.243419262,-0.172686035,-0.332323972,-0.110238168,-0.448591668,-0.191507687,-0.083689314,-0.242438442
2017/09/07,-0.025275908,-0.132571897,-0.22249409,-0.149678939,-0.501538237,-0.121149509,-0.262390414,-0.239071875,1.007106249,-0.397234919,-0.186630155,-0.181952901,-0.20387063,0.042371691,-0.212292225,-0.132937169,-0.130246248,-0.247585212,-0.419577544,-0.302756803,-0.220904883,-0.297053137,-0.148423141,0.550530194,-0.214515305,-0.11319782,-0.272474999,-0.089704569,-0.192032669,-0.06835728,-0.230371304,-0.137134479,-0.102586227,0.103957324,-0.23180336,-0.117327734,-0.10834958,-0.089738832,-0.100431695,-0.103047596,-0.155326866,-0.361257644,-0.263904128,-0.00377341,-0.069884211,-0.171129789,-0.205967822,-0.217780268,-0.144157835,-0.24712035,-0.223403025,-0.312870297,-0.12586658,-0.305751998,-0.101309294,-0.212868635,-0.218912688,-0.108146861,-0.281460638,-0.213168944,-0.128377991,-0.182054166,-0.226245073,-0.292467248,-0.115565556,-0.243419262,-0.172686035,-0.332323972,-0.073536975,-0.385571795,-0.191507687,-0.083689314,-0.242438442
2017/09/21,-0.140098285,-0.132571897,-0.22249409,-0.149678939,-0.597941656,-0.121149509,-0.262390414,-0.239071875,6.480860987,0.037256784,-0.186630155,-0.181952901,-0.20387063,-0.271169608,-0.212292225,-0.132937169,-0.104224018,-0.247585212,-0.419577544,-0.302756803,-0.220904883,-0.297053137,-0.148423141,-0.364467783,-0.214515305,-0.11319782,-0.272474999,-0.180479786,-0.192032669,-0.06835728,-0.244543887,-0.137134479,-0.102586227,-0.384276788,-0.23180336,-0.117327734,-0.10834958,-0.087219712,-0.100431695,-0.103047596,-0.15863879,-0.361257644,-0.263904128,-0.329645591,-0.094258482,-0.171129789,-0.205967822,-0.218580198,-0.162218802,-0.24712035,-0.223403025,-0.312870297,-0.131843924,-0.305751998,-0.101309294,-0.212868635,-0.218912688,-0.108146861,-0.204416335,-0.213168944,-0.128377991,-0.182054166,-0.226245073,-0.264909382,-0.050546552,-0.243419262,-0.172686035,-0.332323972,-0.110238168,-0.214517855,-0.191507687,-0.083689314,-0.242438442
2017/10/07,-0.140098285,-0.132571897,-0.22249409,-0.149678939,-0.53367271,-0.121149509,-0.262390414,-0.239071875,0.866753563,0.090626136,-0.166433319,-0.181952901,-0.20387063,-0.271169608,6.414877057,-0.132937169,-0.173616631,-0.247585212,-0.419577544,0.256147901,-0.220904883,-0.297053137,-0.148423141,2.075526821,-0.214515305,-0.11319782,-0.272474999,-0.180479786,-0.192032669,-0.06835728,-0.244543887,-0.137134479,-0.102586227,-0.384276788,-0.23180336,-0.021444491,-0.10834958,-0.089738832,-0.100431695,-0.103047596,-0.158007947,-0.361257644,-0.263904128,-0.329645591,-0.083425473,-0.161303411,-0.205967822,-0.218580198,-0.162218802,-0.24712035,-0.223403025,-0.312870297,-0.133070045,-0.305751998,-0.101309294,-0.102021151,-0.218912688,-0.108146861,0.134159308,-0.213168944,-0.128377991,-0.182054166,-0.226245073,-0.199390278,0.028921119,-0.243419262,-0.172686035,3.708501106,-0.110238168,0.042706114,-0.191507687,-0.083689314,-0.242438442
2017/10/21,-0.140098285,-0.132571897,-0.22249409,-0.149678939,-0.212327977,-0.121149509,-0.262390414,-0.239071875,-0.256067922,0.480914979,-0.186630155,-0.181952901,-0.20387063,0.564940524,-0.212292225,-0.132937169,-0.173616631,-0.247585212,0.018082856,-0.302756803,-0.220904883,-0.297053137,-0.148423141,4.515521425,-0.214515305,-0.11319782,-0.272474999,-0.180479786,-0.192032669,-0.06835728,0.076701331,-0.137134479,-0.100943081,-0.05878738,-0.23180336,-0.117327734,-0.10834958,-0.089738832,-0.100431695,-0.103047596,-0.159900475,-0.361257644,-0.263904128,-0.329645591,-0.087487851,-0.171129789,5.07011844,-0.218580198,-0.138137512,-0.24712035,-0.223403025,-0.312870297,-0.128165558,1.216250985,-0.101309294,-0.102021151,-0.218912688,-0.108146861,0.431854301,-0.213168944,-0.128377991,-0.182054166,-0.226245073,0.367261431,-0.031763284,-0.243419262,-0.172686035,0.048885941,-0.110238168,0.650612097,-0.191507687,-0.083689314,-0.242438442
2017/11/07,-0.140098285,-0.132571897,-0.22249409,-0.149678939,7.596349036,-0.121149509,-0.262390414,-0.239071875,-0.256067922,-0.31962529,-0.186630155,-0.181952901,-0.20387063,-0.271169608,-0.212292225,-0.132937169,-0.208312937,0.191609991,-0.419577544,0.535600253,-0.220904883,1.788793922,-0.103272291,-0.364467783,-0.214515305,-0.11319782,-0.272474999,-0.144169699,-0.192032669,-0.06835728,0.407394938,-0.137134479,-0.102586227,-0.384276788,-0.23180336,-0.117327734,-0.10834958,-0.089738832,-0.100431695,-0.103047596,-0.162423846,-0.361257644,0.003442664,-0.329645591,0.137297088,-0.171129789,-0.205967822,-0.218580198,-0.162218802,-0.24712035,-0.223403025,-0.312870297,-0.135522289,-0.305751998,-0.101309294,-0.212868635,-0.218912688,-0.108146861,-0.301900963,-0.213168944,-0.128377991,-0.182054166,-0.226245073,-0.243659943,1.076449518,-0.243419262,-0.172686035,-0.332323972,-0.110238168,-0.202942777,-0.191507687,-0.083689314,-0.242438442
2017/11/21,-0.140098285,-0.132571897,-0.22249409,-0.149678939,6.150297737,-0.121149509,-0.262390414,-0.239071875,-0.256067922,-0.116740275,-0.156334901,-0.181952901,-0.20387063,-0.271169608,-0.212292225,-0.132937169,-0.104224018,-0.247585212,0.401035706,-0.302756803,-0.220904883,-0.297053137,1.307691789,2.380526146,-0.214515305,-0.11319782,8.936344137,2.234140967,-0.192032669,-0.06835728,0.534948186,-0.137134479,-0.102586227,-0.140159732,-0.23180336,-0.117327734,-0.10834958,-0.089738832,-0.100431695,-0.103047596,-0.161241016,0.211542022,-0.263904128,0.973843135,-0.076993374,-0.156390222,-0.205967822,-0.218580198,-0.162218802,-0.24712035,-0.223403025,-0.312870297,-0.125406785,-0.305751998,-0.101309294,-0.129733022,-0.218912688,-0.108146861,-0.246869318,-0.213168944,-0.128377991,-0.182054166,-0.226245073,-0.19916893,-0.115565556,-0.243419262,-0.172686035,-0.103598024,-0.110238168,-0.332840882,-0.191507687,-0.083689314,-0.242438442
2017/12/07,-0.140098285,-0.132571897,1.259248923,0.90232812,1.860345551,-0.121149509,-0.262390414,-0.239071875,8.165093214,4.02956944,-0.156334901,-0.181952901,-0.20387063,0.042371691,-0.212292225,-0.132937169,1.665287622,-0.11060849,0.893403655,0.535600253,-0.220904883,-0.297053137,19.14227775,1.46552817,-0.210673274,0.074062727,1.38813173,-0.180479786,-0.192032669,-0.06835728,10.85258872,0.777444413,-0.102586227,0.103957324,-0.23180336,-0.117327734,-0.10834958,-0.089738832,0.064600154,-0.103047596,-0.092873438,0.8798083,-0.263904128,0.647970953,18.32964329,-0.171129789,-0.205967822,-0.218580198,-0.162218802,-0.24712035,-0.223403025,-0.312870297,-0.072990082,-0.305751998,-0.101309294,0.369080654,3.196232447,-0.108146861,5.191829521,-0.112269093,-0.128377991,-0.182054166,-0.226245073,0.311149631,1.189149125,-0.071328617,-0.172686035,2.612522606,-0.110238168,2.714620102,-0.191507687,-0.083689314,0.640007734
2017/12/21,-0.140098285,-0.132571897,1.195067964,-0.149678939,1.330126742,-0.121149509,-0.262390414,-0.239071875,-0.256067922,1.252529875,-0.186630155,-0.181952901,-0.20387063,-0.271169608,-0.212292225,-0.132937169,2.393910062,0.645300084,-0.200747344,-0.302756803,-0.220904883,-0.297053137,0.438537916,-0.364467783,-0.214515305,-0.089643034,-0.272474999,0.448895047,-0.192032669,-0.06835728,0.341256216,-0.137134479,-0.100943081,-0.05878738,-0.23180336,0.266205236,-0.10834958,-0.089738832,-0.100431695,0.122787575,-0.103124632,0.911630503,-0.009288135,0.104850651,-0.094258482,-0.171129789,-0.205967822,-0.218580198,-0.162218802,-0.24712035,-0.223403025,-0.312870297,0.057591879,1.216250985,-0.101309294,0.341368783,-0.218912688,-0.108146861,2.094334085,-0.116656043,-0.128377991,-0.182054166,-0.226245073,1.195546859,-0.115565556,-0.243419262,-0.172686035,0.01076495,-0.110238168,6.271813253,-0.191507687,-0.083689314,-0.242438442
2018/01/07,-0.140098285,-0.132571897,-0.22249409,-0.149678939,-0.083790084,-0.121149509,-0.262390414,-0.239071875,4.235218018,0.270696771,-0.186630155,-0.181952901,-0.20387063,-0.271169608,-0.212292225,-0.132937169,-0.104224018,-0.018565931,-0.419577544,-0.302756803,-0.220904883,-0.297053137,-0.148423141,-0.364467783,-0.214515305,0.089373338,3.753238285,-0.180479786,-0.192032669,-0.06835728,5.178831264,-0.137134479,-0.102586227,-0.05878738,-0.23180336,-0.117327734,-0.10834958,-0.089738832,-0.095568878,0.167954609,-0.106909688,-0.361257644,-0.263904128,-0.329645591,-0.092904356,0.005745005,-0.205967822,-0.218580198,-0.162218802,-0.24712035,-0.223403025,-0.312870297,-0.118356585,-0.305751998,-0.101309294,-0.102021151,-0.144264707,-0.108146861,-0.236911211,-0.213168944,-0.128377991,-0.182054166,-0.226245073,-0.047988024,-0.115565556,-0.243419262,-0.172686035,-0.256081989,-0.061303244,-0.050751928,-0.191507687,-0.083689314,-0.242438442
2018/01/21,-0.094169334,14.73215218,0.882534598,-0.149678939,3.470282664,-0.11730375,0.846696514,-0.01757854,-0.256067922,1.917976427,-0.095744392,-0.181952901,-0.20387063,4.369241624,-0.212292225,-0.072731012,1.08238967,2.044926775,-0.419577544,0.870943076,8.964044547,0.954455098,-0.089727035,1.46552817,-0.214515305,0.064876361,1.056010385,-0.180479786,-0.192032669,-0.06835728,0.883593731,0.11894761,-0.097163847,0.982778727,-0.23180336,1.694865545,0.378614201,-0.089738832,-0.003600853,4.639490981,0.723090062,-0.323070999,-0.263904128,-0.329645591,-0.093446006,-0.076796565,1.089071533,-0.215700451,-0.154994415,-0.24712035,-0.223403025,1.449414814,18.67802775,2.433853372,-0.101309294,0.219436551,0.072214438,-0.108146861,0.933952546,-0.133326453,-0.128377991,-0.182054166,0.643195641,6.974641706,18.44692665,-0.243419262,-0.172686035,4.653901691,16.33189624,3.877401058,0.455233346,-0.083689314,0.463518499
2018/02/07,-0.074485498,1.000383653,0.007122261,-0.149678939,2.734862289,-0.121149509,-0.262390414,-0.239071875,-0.256067922,-0.257642347,0.159601325,0.103902256,-0.20387063,1.162162047,-0.212292225,-0.132937169,0.297261817,-0.236403438,-0.419577544,1.613487897,12.90045145,-0.297053137,-0.077471805,-0.364467783,-0.214515305,-0.093008004,1.280300125,0.19299539,-0.097210131,-0.06835728,0.557219388,-0.137134479,-0.101882022,0.313200515,-0.23180336,-0.117327734,-0.10834958,-0.089738832,-0.086364261,-0.064332995,-0.09118368,-0.306705295,-0.263904128,-0.329645591,-0.094258482,-0.171129789,-4.06E-04,-0.218580198,-0.162218802,-0.24712035,-0.223403025,3.46345494,-0.069574457,0.346534995,-0.101309294,-0.022844377,-0.218912688,-0.108146861,1.833776093,0.231793134,-0.128377991,-0.182054166,-0.226245073,3.968472175,2.529779067,-0.194250506,-0.172686035,0.174140627,2.647594324,3.045244769,-0.191507687,-0.083689314,0.261816516
2018/02/21,-0.140098285,-0.032732902,0.217603916,-0.149678939,8.904681163,-0.121149509,-0.262390414,-0.239071875,-0.256067922,-0.102248488,-0.152007007,-0.181952901,-0.20387063,6.357989295,-0.212292225,0.039080422,0.505439657,-0.247585212,-0.419577544,0.176304372,0.653852205,0.894859468,-0.135522898,0.68124419,-0.214515305,-0.11319782,1.366565409,-0.180479786,-0.160425156,-0.06835728,-0.058275651,-0.137134479,-0.101177817,4.219073415,-0.23180336,-0.117327734,-0.10834958,-0.089738832,-0.08375918,0.303455711,14.41544992,-0.361257644,-0.263904128,0.78763046,-0.094258482,-0.171129789,0.616279388,-0.218580198,-0.162218802,-0.24712035,-0.223403025,-0.312870297,-0.124224453,0.346534995,-0.101309294,-0.212868635,-0.026960737,-0.108146861,3.601976534,1.005149762,-0.128377991,-0.182054166,0.394784008,2.732020438,0.756308327,-0.243419262,-0.172686035,0.125127924,4.325363141,4.246848171,-0.023523003,-0.083689314,-0.242438442
2018/03/07,-0.140098285,-0.132571897,0.204448812,-0.149678939,-0.477437382,-0.121149509,-0.262390414,-0.239071875,0.586048192,-0.298236809,-0.171482528,-0.181952901,-0.20387063,11.48662912,11.38525402,-0.095308321,0.338153892,-0.247585212,-0.337516219,-0.302756803,0.544507569,-0.297053137,-0.148423141,-0.364467783,-0.214515305,-0.081398859,-0.272474999,-0.171402264,-0.192032669,-0.06835728,0.740450642,-0.137134479,-0.102586227,0.836308493,-0.23180336,-0.117327734,-0.10834958,-0.089738832,-0.063504679,-0.103047596,1.992810836,-0.361257644,-0.263904128,-0.329645591,-0.094258482,-0.156390222,2.132297681,-0.218580198,-0.162218802,-0.24712035,-0.223403025,-0.312870297,-0.132303719,0.264999121,-0.101309294,-0.212868635,-0.218912688,-0.108146861,1.955968807,0.086240398,-0.128377991,-0.182054166,0.136021891,2.686438494,0.212780414,-0.243419262,-0.172686035,-0.332323972,-0.110238168,3.746731281,-0.191507687,-0.083689314,0.198784646
2018/03/21,-0.140098285,-0.132571897,0.028648794,-0.149678939,0.173285703,-0.121149509,-0.262390414,-0.239071875,-0.256067922,-0.384401831,-0.163908714,0.068170361,-0.20387063,0.199142341,-0.212292225,-0.095308321,-0.182290708,-0.232365576,-0.009270919,0.326010989,-0.220904883,-0.297053137,-0.148423141,5.125520075,-0.214515305,-0.111431211,0.482346242,-0.135092178,-0.164376095,-0.06835728,-0.180767263,-0.137134479,-0.102586227,-0.140159732,-0.23180336,-0.117327734,-0.10834958,-0.089738832,-0.097696361,-0.103047596,-0.162305563,-0.361257644,0.012990764,-0.00377341,-0.094258482,-0.160075114,-0.026101245,-0.218580198,-0.162218802,5.568066091,-0.223403025,-0.312870297,-0.129315048,-0.305751998,-0.101309294,-0.046597409,-0.218912688,-0.108146861,-0.236649156,-0.195621144,-0.128377991,-0.182054166,15.17010091,-0.295787473,-0.115565556,-0.221907932,-0.172686035,-0.332323972,-0.110238168,-0.399076054,-0.191507687,-0.083689314,-0.242438442
2018/04/07,-0.140098285,-0.132571897,0.053763082,-0.149678939,0.317890833,-0.121149509,-0.262390414,-0.239071875,-0.256067922,-0.389901726,-0.156334901,-0.181952901,-0.20387063,0.042371691,-0.212292225,0.092835919,-0.156268478,-0.208449006,0.072790406,0.116421725,-0.220904883,-0.297053137,-0.137135429,2.380526146,-0.214515305,-0.109664602,0.180417745,-0.107859613,-0.136719522,-0.06835728,-0.244543887,-0.137134479,-0.102586227,-0.140159732,-0.23180336,-0.045415302,-0.10834958,-0.089738832,-0.082652021,-0.06917232,-0.16218728,-0.265791033,-0.263904128,-0.329645591,-0.08511813,-0.171129789,-0.205967822,-0.218580198,-0.162218802,1.867492901,-0.223403025,0.12770098,-0.127705763,-0.305751998,-0.101309294,-0.212868635,-0.218912688,-0.108146861,-0.287749969,-0.213168944,-0.128377991,-0.182054166,1.222822784,-0.299107698,-0.01153515,-0.15737394,-0.172686035,-0.332323972,-0.110238168,-0.351489619,-0.191507687,-0.083689314,-0.242438442
2018/04/21,-0.140098285,-0.132571897,-0.021579783,-0.149678939,-0.597941656,-0.121149509,-0.262390414,-0.239071875,-0.256067922,-0.39662382,-0.186630155,-0.181952901,-0.20387063,-0.271169608,-0.212292225,-0.132937169,-0.138920324,-0.247585212,0.018082856,-0.302756803,-0.220904883,-0.297053137,-0.103272291,0.855529519,-0.214515305,-0.037822505,-0.272474999,-0.180479786,-0.192032669,-0.06835728,-0.093369667,-0.137134479,-0.099299936,-0.384276788,-0.23180336,-0.117327734,-0.10834958,-0.089738832,-0.088274653,-0.103047596,-0.162423846,-0.361257644,-0.263904128,-0.329645591,-0.094258482,-0.171129789,-0.205967822,-0.218580198,-0.162218802,-0.24712035,-0.223403025,2.624271554,-0.12939168,1.216250985,-0.101309294,-0.212868635,-0.218912688,-0.108146861,-0.301900963,-0.213168944,-0.128377991,-0.182054166,-0.226245073,-0.305194777,-0.115565556,-0.243419262,-0.172686035,-0.103598024,-0.110238168,-0.310548138,-0.191507687,-0.083689314,-0.242438442
2018/05/07,-0.140098285,-0.1275076,14.85165988,-0.149678939,0.269689123,-0.069872724,0.661848693,-0.239071875,7.04227173,0.725762156,-0.166433319,-0.181952901,-0.20387063,0.564940524,0.892235989,0.26843721,-0.052179558,0.037964144,0.893403655,0.815052605,0.799645053,-0.297053137,1.236202942,0.245530868,-0.214515305,-0.040177984,0.130096329,-0.083652888,-0.155157237,-0.06835728,0.530223992,-0.076162553,-0.102586227,-0.221532084,1.332854476,0.985329552,-0.10834958,-0.089738832,-0.036911149,0.371206262,-0.161477582,-0.233968829,-0.263904128,0.104850651,-0.094258482,-0.171129789,0.033854281,-0.218580198,-0.150178157,1.162621817,-0.223403025,0.274558073,-0.128472089,1.977252477,1.120377978,-0.102021151,-0.218912688,-0.108146861,8.152007901,-0.191234194,-0.128377991,-0.182054166,0.498288855,0.989914266,-0.115565556,-0.243419262,-0.172686035,1.859633028,-0.110238168,-0.104340255,-0.093516621,-0.083689314,-0.242438442
2018/05/21,-0.140098285,-0.132571897,-0.131604284,-0.149678939,0.118198034,-0.121149509,-0.262390414,-0.239071875,-0.256067922,-0.393131823,-0.169318581,-0.181952901,-0.20387063,-0.271169608,-0.212292225,-0.132937169,-0.148833555,-0.247585212,-0.419577544,-0.302756803,-0.220904883,-0.297053137,-0.14197302,-0.364467783,-0.214515305,-0.11319782,-0.09994443,-0.170105475,-0.160425156,-0.06835728,-0.228346649,-0.137134479,-0.101882022,-0.384276788,1.109331928,-0.117327734,-0.10834958,-0.089738832,-0.099910679,-0.103047596,-0.162423846,-0.361257644,-0.263904128,-0.329645591,-0.094258482,-0.171129789,-0.205967822,-0.218580198,-0.162218802,-0.24712035,-0.223403025,1.701169829,-0.124749934,0.346534995,-0.101309294,-0.117856506,-0.218912688,-0.108146861,-0.271352785,-0.21191553,-0.128377991,-0.182054166,-0.226245073,-0.296024632,-0.115565556,-0.243419262,-0.172686035,-0.283311269,-0.110238168,-0.433525693,-0.191507687,-0.083689314,-0.242438442
2018/06/07,-0.140098285,-0.132571897,-0.147151225,-0.149678939,-0.260529687,-0.121149509,-0.262390414,-0.239071875,-0.256067922,-0.35262466,-0.186630155,-0.181952901,-0.20387063,-0.271169608,-0.212292225,-0.132937169,-0.026157328,-0.247585212,0.729281005,-0.302756803,-0.220904883,-0.297053137,-0.148423141,-0.364467783,-0.214515305,-0.11319782,0.029453497,-0.089704569,-0.192032669,-0.06835728,-0.244543887,-0.137134479,-0.102586227,-0.384276788,-0.23180336,-0.117327734,-0.10834958,-0.089738832,-0.099975806,-0.035297045,-0.161950714,-0.361257644,-0.263904128,-0.329645591,0.012378952,-0.171129789,-0.205967822,-0.218580198,-0.162218802,0.810186276,-0.223403025,-0.312870297,-0.128625354,-0.305751998,0.81495616,-0.212868635,-0.218912688,-0.108146861,0.103760876,-0.210975469,-0.128377991,-0.182054166,-0.226245073,-0.285494776,-0.115565556,-0.243419262,-0.172686035,-0.275142485,-0.055186379,-0.43315823,-0.191507687,-0.083689314,-0.242438442
2018/06/21,-0.140098285,-0.132571897,-0.21412266,-0.149678939,-0.501538237,-0.121149509,-0.262390414,-0.239071875,-0.256067922,-0.392346124,-0.186630155,-0.181952901,-0.20387063,-0.271169608,-0.212292225,-0.132937169,-0.026157328,-0.247585212,0.729281005,-0.302756803,-0.220904883,-0.297053137,-0.148423141,-0.364467783,-0.214515305,-0.11319782,-0.272474999,-0.144169699,-0.192032669,-0.06835728,-0.244543887,-0.137134479,-0.101353868,-0.384276788,-0.23180336,-0.117327734,-0.10834958,-0.089738832,-0.100431695,-0.103047596,-0.15982162,-0.265791033,-0.263904128,-0.329645591,-0.094258482,-0.171129789,-0.205967822,-0.218580198,-0.162218802,-0.24712035,-0.223403025,-0.312870297,-0.104715981,-0.305751998,-0.101309294,-0.129733022,-0.218912688,-0.108146861,-0.245296986,-0.213168944,-0.128377991,-0.182054166,-0.226245073,-0.29811163,-0.115565556,-0.243419262,-0.172686035,-0.217960998,-0.110238168,-0.427370691,-0.044521088,-0.083689314,-0.242438442
2018/07/07,-0.025275908,-0.132571897,-0.22249409,-0.149678939,-0.260529687,-0.121149509,-0.262390414,-0.239071875,-0.256067922,-0.398457118,-0.186630155,-0.181952901,-0.20387063,-0.271169608,0.616103936,-0.057679473,-0.078201788,-0.247585212,0.401035706,-0.302756803,-0.220904883,-0.297053137,-0.148423141,-0.364467783,-0.214515305,-0.11319782,0.331381994,-0.180479786,-0.026093227,-0.06835728,-0.244543887,-0.137134479,-0.102586227,-0.384276788,-0.23180336,-0.117327734,-0.10834958,-0.089738832,-0.100431695,-0.103047596,-0.162423846,-0.265791033,-0.263904128,-0.329645591,-0.094258482,-0.171129789,-0.205967822,-0.218580198,-0.144157835,-0.24712035,-0.223403025,-0.312870297,-0.126786172,0.835750239,0.029585771,-0.212868635,-0.218912688,-0.108146861,-0.292466967,-0.204395044,-0.128377991,-0.182054166,-0.226245073,-0.297779608,-0.115565556,-0.243419262,-0.172686035,-0.246551741,-0.110238168,-0.43444435,-0.191507687,-0.083689314,-0.242438442
2018/07/21,-0.140098285,-0.132571897,-0.22249409,-0.149678939,0.269689123,-0.121149509,-0.262390414,-0.239071875,-0.256067922,-0.39662382,-0.166433319,-0.181952901,0.939340347,-0.271169608,-0.212292225,-0.132937169,-0.173616631,-0.247585212,0.236913056,-0.302756803,-0.220904883,-0.297053137,-0.148423141,0.245530868,-0.214515305,-0.11319782,0.130096329,-0.132066337,-0.081406374,-0.06835728,-0.244543887,-0.137134479,-0.100943081,-0.05878738,-0.23180336,-0.117327734,-0.10834958,-0.089738832,-0.100431695,-0.080464079,-0.16100445,-0.361257644,-0.225711729,-0.11239747,-0.094258482,-0.171129789,0.033854281,-0.218580198,-0.162218802,0.457750734,-0.223403025,-0.312870297,-0.125100254,-0.305751998,-0.101309294,-0.157444893,-0.218912688,-0.108146861,-0.302949185,-0.211706628,-0.128377991,-0.182054166,-0.226245073,-0.300989159,-0.115565556,-0.243419262,-0.172686035,-0.256081989,-0.110238168,-0.426727631,-0.191507687,-0.083689314,0.345859009
2018/08/07,0.089546469,-0.132571897,-0.22249409,-0.149678939,0.751706222,-0.121149509,-0.262390414,-0.239071875,-0.256067922,-0.399068217,-0.156334901,-0.181952901,-0.20387063,-0.271169608,-0.212292225,-0.132937169,-0.052179558,-0.247585212,0.565158356,-0.302756803,-0.220904883,-0.297053137,-0.148423141,-0.364467783,-0.214515305,-0.11319782,0.331381994,-0.180479786,-0.081406374,-0.06835728,-0.244543887,-0.137134479,-0.102586227,-0.384276788,-0.23180336,-0.117327734,-0.10834958,-0.089738832,-0.100431695,-0.103047596,-0.160058186,-0.170324422,0.270789456,-0.329645591,-0.094258482,-0.171129789,-0.205967822,-0.218580198,-0.017731063,-0.24712035,-0.223403025,-0.312870297,-0.122648011,-0.305751998,-0.101309294,-0.212868635,-0.218912688,-0.108146861,-0.301900963,-0.213168944,-0.128377991,-0.182054166,-0.226245073,-0.30342399,-0.115565556,-0.243419262,-0.172686035,-0.332323972,-0.110238168,-0.43573047,-0.191507687,-0.083689314,-0.242438442
2018/08/21,-0.140098285,-0.132571897,-0.22249409,-0.149678939,0.134724335,-0.121149509,-0.262390414,-0.239071875,-0.256067922,-0.384401831,-0.186630155,-0.181952901,-0.20387063,-0.020336569,-0.212292225,-0.132937169,-0.041770666,-0.247585212,0.105614936,-0.302756803,-0.220904883,-0.297053137,-0.139392971,-0.364467783,-0.214515305,-0.11319782,0.572924791,-0.151431716,-0.192032669,-0.06835728,-0.244543887,-0.137134479,-0.102586227,0.201604147,-0.23180336,-0.117327734,-0.10834958,-0.089738832,-0.100431695,-0.103047596,-0.15863879,-0.284884355,-0.248627168,-0.329645591,-0.094258482,-0.171129789,-0.205967822,-0.217940254,-0.075526159,-0.24712035,-0.223403025,-0.312870297,-0.118969646,-0.305751998,-0.101309294,-0.212868635,-0.218912688,-0.108146861,-0.274227907,-0.213168944,-0.128377991,-0.182054166,-0.226245073,-0.304220844,-0.115565556,-0.036910488,-0.172686035,-0.217960998,-0.110238168,-0.262361514,-0.191507687,-0.083689314,-0.242438442
2018/09/07,-0.025275908,-0.132571897,-0.22249409,-0.149678939,0.317890833,-0.121149509,-0.262390414,-0.239071875,-0.256067922,-0.383179632,-0.171482528,-0.181952901,1.510945835,-0.271169608,-0.212292225,-0.132937169,-1.35E-04,-0.247585212,-0.091332244,-0.302756803,-0.220904883,-0.297053137,-0.148423141,-0.364467783,-0.214515305,-0.11319782,0.331381994,-0.180479786,-0.136719522,-0.06835728,-0.244543887,-0.137134479,-0.102586227,0.34807438,-0.23180336,-0.117327734,-0.10834958,-0.089738832,-0.100431695,-0.103047596,-0.15390747,-0.361257644,-0.034749735,-0.329645591,-0.094258482,-0.171129789,-0.205967822,-0.218580198,-0.162218802,-0.24712035,-0.223403025,-0.312870297,-0.124487193,0.835750239,-0.101309294,-0.046597409,-0.218912688,-0.108146861,-0.292466967,-0.213168944,-0.128377991,-0.182054166,-0.226245073,-0.285826798,-0.115565556,-0.200396601,-0.172686035,-0.217960998,-0.110238168,-0.410008073,-0.191507687,-0.083689314,-0.242438442
2018/09/21,-0.140098285,-0.132571897,-0.22249409,-0.149678939,1.869985893,-0.121149509,-0.262390414,-0.239071875,-0.256067922,-0.397112699,-0.113921544,-0.181952901,-0.20387063,-0.271169608,-0.212292225,-0.132937169,-0.145859586,-0.247585212,-0.025683184,-0.302756803,-0.220904883,-0.297053137,-0.148423141,0.367530598,-0.214515305,-0.11319782,0.452153392,-0.151431716,-0.192032669,-0.06835728,-0.221867754,-0.137134479,-0.102586227,0.006310502,-0.23180336,-0.117327734,-0.10834958,-0.089738832,-0.100431695,-0.103047596,-0.15125793,-0.208511066,-0.233350209,-0.329645591,-0.094258482,-0.165233962,0.369605225,-0.218580198,-0.162218802,-0.24712035,-0.223403025,-0.312870297,-0.122648011,0.607449792,-0.101309294,-0.212868635,-0.218912688,-0.108146861,-0.291838034,-0.213168944,-0.128377991,-0.182054166,-0.226245073,-0.305548934,-0.115565556,-0.174583004,-0.172686035,-0.332323972,-0.110238168,-0.370910029,-0.191507687,-0.083689314,-0.242438442
2018/10/07,-0.140098285,-0.132571897,-0.22249409,-0.149678939,1.619337001,-0.121149509,-0.262390414,-0.239071875,-0.256067922,-0.399068217,-0.186630155,-0.181952901,-0.20387063,-0.271169608,-0.212292225,-0.132937169,-0.208312937,-0.247585212,0.729281005,-0.302756803,-0.220904883,-0.297053137,-0.148423141,5.125520075,-0.214515305,-0.11319782,0.935238986,-0.180479786,-0.136719522,-0.06835728,-0.244543887,-0.137134479,-0.102586227,-0.384276788,-0.23180336,-0.117327734,-0.10834958,-0.089738832,-0.100431695,-0.103047596,-0.156746262,-0.265791033,0.232597057,-0.00377341,-0.094258482,-0.171129789,1.232964795,-0.218580198,-0.162218802,-0.24712035,-0.223403025,-0.312870297,-0.118050054,-0.305751998,-0.101309294,-0.212868635,-0.218912688,-0.108146861,-0.303473296,-0.213168944,-0.128377991,-0.182054166,-0.226245073,-0.305748147,-0.115565556,-0.15737394,-0.172686035,-0.332323972,-0.110238168,-0.357920219,-0.191507687,-0.083689314,-0.242438442
2018/10/21,-0.140098285,-0.132571897,-0.22249409,-0.149678939,2.67977462,-0.121149509,-0.262390414,-0.239071875,1.428164305,-0.387661028,-0.186630155,-0.181952901,-0.20387063,0.146885458,-0.212292225,-0.132937169,-1.35E-04,-0.247585212,0.893403655,-0.302756803,-0.220904883,-0.297053137,-0.148423141,5.735518726,-0.214515305,-0.11319782,1.740381643,-0.03523944,-0.192032669,-0.06835728,-0.244543887,-0.137134479,-0.102586227,-0.384276788,-0.23180336,0.266205236,-0.10834958,-0.089738832,-0.100431695,-0.103047596,-0.159900475,-0.361257644,-0.263904128,0.539346893,-0.094258482,-0.171129789,-0.205967822,-0.216447052,-0.162218802,-0.24712035,-0.223403025,-0.312870297,-0.122648011,1.216250985,-0.101309294,-0.102021151,-0.218912688,-0.108146861,-0.287225858,-0.213168944,-0.128377991,-0.182054166,-0.226245073,-0.296340844,-0.115565556,-0.243419262,-0.172686035,-0.256081989,-0.110238168,-0.390287568,-0.191507687,-0.083689314,-0.242438442
2018/11/07,0.089546469,-0.132571897,-0.22249409,-0.149678939,0.173285703,-0.121149509,-0.262390414,-0.239071875,-0.256067922,-0.27562613,-0.186630155,-0.181952901,-0.20387063,-0.271169608,-0.212292225,-0.132937169,-0.156268478,-0.247585212,-0.091332244,-0.302756803,-0.220904883,-0.297053137,-0.148423141,1.46552817,-0.214515305,-0.11319782,0.029453497,-0.180479786,-0.192032669,-0.06835728,0.01056261,-0.137134479,-0.102586227,-0.384276788,-0.23180336,-0.117327734,-0.10834958,-0.089738832,-0.100431695,-0.103047596,-0.160531318,-0.170324422,-0.263904128,-0.329645591,-0.094258482,-0.171129789,1.232964795,-0.218580198,-0.126096867,-0.24712035,-0.223403025,-0.312870297,-0.108854142,-0.305751998,-0.101309294,-0.212868635,-0.218912688,-0.108146861,-0.301900963,-0.213168944,-0.128377991,-0.182054166,3.396424569,-0.29412736,-0.115565556,-0.243419262,-0.172686035,-0.217960998,-0.110238168,-0.34570208,-0.191507687,-0.083689314,-0.242438442
2018/11/21,0.089546469,-0.132571897,-0.22249409,-0.149678939,-0.067722847,-0.121149509,-0.262390414,-0.239071875,-0.256067922,-0.359957853,-0.171482528,-0.181952901,-0.20387063,-0.271169608,-0.212292225,-0.132937169,-0.208312937,-0.247585212,-0.255454894,0.116421725,-0.220904883,-0.297053137,-0.091984578,-0.364467783,-0.214515305,-0.11319782,-0.272474999,-0.180479786,-0.192032669,-0.06835728,2.093932332,-0.137134479,-0.102586227,-0.140159732,-0.23180336,-0.117327734,-0.10834958,-0.089738832,-0.100431695,-0.06917232,-0.161950714,-0.170324422,-0.263904128,-0.329645591,-0.094258482,-0.171129789,-0.205967822,-0.218580198,0.325427316,-0.24712035,-0.223403025,-0.312870297,-0.12172842,-0.305751998,-0.101309294,-0.129733022,-0.218912688,-0.108146861,-0.18397601,0.096111036,-0.128377991,-0.182054166,-0.226245073,-0.303091968,-0.115565556,-0.243419262,-0.172686035,-0.332323972,-0.110238168,-0.412580312,-0.191507687,-0.083689314,-0.242438442
2018/12/07,-0.140098285,-0.132571897,-0.144360748,-0.149678939,0.558899382,-0.121149509,-0.262390414,-0.239071875,1.989575048,-0.293144314,-0.186630155,-0.181952901,-0.20387063,0.146885458,-0.212292225,-0.032593574,-0.173616631,0.19305948,3.081705655,-0.302756803,-0.220904883,-0.297053137,-0.01297059,3.295524123,-0.214515305,-0.108486863,-0.071189335,-0.156273061,-0.192032669,-0.06835728,2.230933969,-0.137134479,-0.102586227,-0.384276788,-0.23180336,-0.117327734,-0.10834958,-0.089738832,-0.091921766,3.284479959,-0.152014942,-0.361257644,-0.263904128,0.104850651,-0.094258482,-0.171129789,-0.205967822,-0.217513625,-0.162218802,-0.24712035,-0.223403025,-0.312870297,-0.115904341,-0.305751998,-0.101309294,0.341368783,-0.218912688,-0.108146861,-0.247393429,0.111465361,-0.128377991,-0.182054166,-0.226245073,-0.30740826,-0.115565556,-0.243419262,-0.172686035,-0.332323972,-0.110238168,-0.334555708,-0.191507687,-0.083689314,-0.242438442
2018/12/21,0.012998218,-0.1275076,-0.177846466,-0.149678939,-0.405134817,-0.08269192,-0.262390414,-0.239071875,-0.256067922,0.134625295,-0.126039646,-0.181952901,-0.20387063,-0.271169608,-0.212292225,-0.032593574,0.138650129,11.44689298,4.394686855,2.491766718,-0.220904883,-0.297053137,1.747912582,-0.364467783,-0.214515305,0.032841852,-0.272474999,-0.156273061,-0.192032669,-0.06835728,1.021540207,-0.137134479,-0.102586227,0.266702028,-0.23180336,-0.117327734,-0.10834958,-0.089738832,-0.034783667,18.86710671,-0.157692526,0.0206088,-0.263904128,-0.329645591,-0.094258482,-0.171129789,-0.205967822,-0.218580198,-0.162218802,-0.24712035,-0.223403025,-0.312870297,-0.080959873,-0.305751998,-0.101309294,0.341368783,-0.218912688,-0.108146861,0.224306383,1.825300523,-0.128377991,0.320056237,-0.226245073,-0.179911625,-0.115565556,-0.243419262,-0.172686035,1.497483611,-0.110238168,0.369380556,-0.191507687,-0.083689314,-0.242438442
2019/01/07,-0.140098285,-0.132571897,-0.22249409,-0.149678939,-0.53367271,-0.121149509,-0.262390414,0.499239241,-0.256067922,-0.383587032,-0.186630155,-0.181952901,2.082551323,-0.271169608,-0.212292225,-0.132937169,0.069257516,-0.128727104,0.455743256,0.256147901,-0.220904883,-0.297053137,-0.148423141,-0.364467783,-0.214515305,-0.108486863,-0.272474999,-0.180479786,-0.192032669,-0.06835728,-0.168956777,-0.137134479,-0.102586227,-0.384276788,-0.23180336,-0.117327734,-0.10834958,-0.089738832,-0.073686202,0.07762054,-0.162423846,-0.361257644,-0.263904128,-0.329645591,-0.094258482,-0.171129789,-0.205967822,-0.218580198,-0.162218802,-0.24712035,-0.223403025,-0.312870297,-0.128165558,-0.305751998,-0.101309294,0.119673816,-0.218912688,-0.108146861,-0.293515189,-0.178073344,-0.128377991,-0.182054166,-0.226245073,-0.301210507,-0.115565556,-0.243419262,-0.172686035,-0.217960998,-0.110238168,0.011839238,-0.191507687,-0.083689314,-0.242438442
2019/01/21,-0.140098285,-0.128773674,-0.105294078,-0.149678939,0.125083993,-0.121149509,-0.262390414,0.314661462,-0.256067922,-0.289070318,-0.171482528,-0.181952901,-0.20387063,-0.271169608,-0.212292225,-0.132937169,0.468265042,-0.043207246,1.057526305,-0.302756803,-0.220904883,1.788793922,-0.148423141,1.46552817,-0.214515305,-0.077865641,-0.121510751,-0.144169699,-0.081406374,-0.06835728,0.138115858,-0.137134479,-0.100121509,-0.140159732,-0.23180336,-0.117327734,-0.10834958,-0.089738832,-0.100431695,0.405081537,-0.134509056,-0.361257644,-0.263904128,-0.329645591,-0.089180509,-0.171129789,-0.205967822,-0.218580198,-0.162218802,1.867492901,-0.223403025,-0.312870297,-0.091381907,0.835750239,-0.101309294,-0.129733022,-0.218912688,-0.108146861,-0.199699337,-0.193427669,-0.128377991,-0.182054166,-0.226245073,-0.014564428,0.13584126,-0.243419262,-0.023238659,2.583931863,0.330176146,1.072245054,-0.191507687,-0.083689314,-0.242438442
2019/02/07,-0.025275908,-0.132571897,0.137477377,-0.149678939,0.848109642,0.128824815,-0.262390414,-0.239071875,-0.256067922,-0.202905296,0.070879508,-0.181952901,-0.20387063,0.355912991,2.272896256,-0.132937169,0.260087202,-0.178009734,-0.419577544,-0.302756803,-0.220904883,-0.297053137,-0.148423141,-0.364467783,-0.214515305,0.957367194,-0.121510751,-0.180479786,0.471725099,-0.06835728,1.739617753,-0.137134479,-0.102586227,1.812776718,-0.23180336,0.02649713,-0.10834958,-0.089738832,-0.037063112,0.438956813,-0.137347849,-0.074857811,-0.263904128,-0.329645591,-0.094258482,-0.171129789,3.031630566,-0.218580198,-0.162218802,0.810186276,-0.223403025,0.12770098,-0.071150899,-0.305751998,-0.101309294,0.119673816,-0.218912688,-0.108146861,0.312881126,-0.138590793,-0.128377991,-0.182054166,1.585089748,-0.287154888,-0.115565556,-0.243419262,-0.172686035,0.553989076,-0.110238168,0.238196332,-0.191507687,-0.083689314,-0.242438442
2019/02/21,-0.140098285,-0.132571897,2.668439547,1.393264747,1.555068055,7.416537784,-0.262390414,-0.239071875,0.866753563,0.437730619,0.045633463,-0.181952901,-0.20387063,1.401050656,0.339971882,-0.082765372,-0.173616631,-0.230191342,-0.091332244,-0.302756803,0.799645053,-0.297053137,0.047230544,-0.364467783,-0.214515305,0.734774468,-0.272474999,-0.09575625,-0.118281806,-0.06835728,0.180633607,0.045781299,-0.101764654,0.592191437,-0.23180336,-0.117327734,-0.10834958,-0.089738832,0.135110999,0.642208466,-0.131512554,0.147897615,-0.111134532,0.539346893,-0.094258482,-0.092518769,1.952431103,-0.218580198,0.271244414,-0.24712035,-0.223403025,2.330557369,1.409697582,-0.305751998,0.335007589,0.008826332,1.087426981,-0.108146861,7.225379824,-0.072786542,-0.128377991,-0.182054166,0.256777546,-0.293684664,2.207780189,-0.243419262,-0.172686035,-0.332323972,-0.110238168,-0.131348772,-0.191507687,-0.083689314,1.52245391
2019/03/07,-0.140098285,-0.117379006,-0.055065501,-0.149678939,1.137319902,0.917205374,-0.262390414,-0.239071875,-0.256067922,-0.06785232,-0.156334901,-0.181952901,-0.20387063,-0.271169608,-0.212292225,-0.057679473,0.051909362,-0.247585212,-0.419577544,0.954778781,-0.220904883,-0.297053137,-0.148423141,-0.364467783,-0.214515305,-0.042533463,-0.272474999,-0.144169699,-0.081406374,-0.06835728,0.208978774,-0.137134479,-0.101353868,1.324542605,-0.23180336,-0.117327734,-0.10834958,-0.089738832,0.501341899,-0.103047596,0.085024206,-0.361257644,-0.263904128,-0.329645591,-0.094258482,-0.171129789,-0.205967822,-0.218580198,-0.162218802,-0.24712035,-0.223403025,-0.312870297,-0.050460096,-0.305751998,-0.101309294,0.036538203,-0.218912688,-0.108146861,2.372636974,-0.125429943,-0.128377991,-0.182054166,5.207759391,-0.267565562,-0.115565556,-0.243419262,-0.172686035,-0.332323972,-0.110238168,-0.195869118,-0.191507687,-0.083689314,-0.242438442
2019/03/21,-0.140098285,-0.128231071,-0.22249409,-0.149678939,1.357670576,-0.077197979,-0.262390414,-0.239071875,-0.256067922,-0.214690786,-0.169318581,-0.181952901,-0.20387063,-0.092003151,-0.212292225,-0.132937169,0.564919039,-0.247585212,0.705834913,1.613487897,-0.220904883,-0.297053137,-0.071021683,-0.364467783,-0.214515305,-0.103102912,-0.09994443,-0.149356854,-0.192032669,-0.06835728,-0.106867365,-0.137134479,0.476270481,0.452695976,-0.23180336,-0.076234915,-0.10834958,-0.070305619,0.060301771,-0.044975695,-0.155394456,-0.361257644,-0.252992014,-0.329645591,-0.02171601,-0.057424564,-0.205967822,-0.218580198,-0.162218802,3.982106153,-0.223403025,-0.312870297,-0.091381907,-0.305751998,0.123082246,-0.117856506,-0.218912688,-0.108146861,-0.080875908,-0.213168944,-0.128377991,-0.182054166,2.257871253,-0.257699751,-0.108134813,-0.243419262,-0.172686035,-0.332323972,-0.036835782,-0.179608888,-0.191507687,-0.083689314,2.278836346
2019/04/07,0.043617518,-0.132571897,-0.22249409,-0.149678939,2.795458724,-0.121149509,-0.262390414,-0.239071875,-0.256067922,-0.316936452,-0.15027585,-0.181952901,-0.20387063,-0.271169608,-0.212292225,-0.132937169,-0.020952882,-0.144961382,3.519366055,0.367928842,-0.220904883,-0.297053137,0.104421622,-0.364467783,-0.214515305,-0.11319782,-0.272474999,-0.165955751,0.02921992,-0.06835728,-0.244543887,-0.137134479,-0.102586227,0.592191437,-0.23180336,-0.117327734,-0.10834958,0.134966687,-0.081466709,-0.103047596,-0.161477582,-0.361257644,-0.019472775,-0.068947846,-0.094258482,-0.153442309,-0.205967822,-0.218580198,-0.147770028,1.444570251,-0.223403025,-0.312870297,-0.111245079,0.607449792,0.003406758,-0.146360145,-0.218912688,-0.108146861,-0.178630079,-0.213168944,-0.128377991,-0.182054166,-0.226245073,-0.210723312,-0.115565556,-0.243419262,-0.053128134,0.353853872,-0.110238168,0.012353686,-0.191507687,-0.083689314,0.463518499
2019/04/21,-0.140098285,-0.132571897,-0.22249409,-0.149678939,-0.173766609,0.063446915,-0.262390414,-0.239071875,-0.256067922,-0.366802167,0.189031001,-0.181952901,-0.20387063,-0.271169608,-0.212292225,-0.072731012,-0.125041802,-0.188446056,1.287298015,-0.302756803,-0.220904883,1.37162451,-0.08521195,-0.364467783,-0.214515305,-0.11319782,-0.272474999,-0.136907682,0.117720956,-0.06835728,-0.244543887,0.009198143,-0.102586227,-0.384276788,-0.23180336,-0.117327734,-0.10834958,-0.072608815,-0.097514005,-0.103047596,-0.15996356,-0.361257644,-0.263904128,-0.329645591,-0.094258482,-0.076796565,0.081818701,-0.218580198,-0.11887248,3.136260852,-0.223403025,5.326442057,-0.127062049,-0.305751998,-0.101309294,-0.212868635,-0.1741239,-0.108146861,-0.114478904,-0.213168944,-0.128377991,-0.182054166,0.063568498,-0.293064889,-0.115565556,-0.243419262,17.52188332,-0.240833593,-0.080877214,-0.319465235,-0.191507687,-0.083689314,-0.242438442
2019/05/07,-0.048240383,-0.132571897,-0.22249409,-0.149678939,-0.058082505,-0.121149509,-0.262390414,-0.239071875,-0.256067922,-0.382935192,-0.162393952,-0.181952901,-0.20387063,-0.271169608,-0.212292225,-0.012524855,-0.145859586,-0.247585212,0.105614936,-0.302756803,-0.220904883,-0.297053137,-0.121332631,0.367530598,-0.214515305,-0.11319782,-0.272474999,-0.165955751,1.356735456,-0.06835728,-0.097149022,-0.137134479,-0.102586227,-0.384276788,-0.23180336,-0.117327734,-0.10834958,-0.069585871,-0.100431695,-0.103047596,-0.162423846,-0.361257644,-0.263904128,-0.329645591,-0.094258482,-0.147546483,-0.205967822,-0.218580198,-0.162218802,5.673796754,-0.223403025,-0.312870297,-0.115291281,-0.305751998,-0.101309294,-0.146360145,-0.1741239,-0.108146861,-0.295611632,-0.213168944,-0.128377991,-0.182054166,-0.226245073,-0.30475208,-0.02020435,-0.243419262,-0.053128134,-0.263706187,-0.110238168,-0.429042646,-0.191507687,-0.083689314,-0.242438442
2019/05/21,-0.025275908,-0.132571897,-0.22249409,-0.149678939,0.269689123,-0.121149509,-0.262390414,-0.239071875,-0.256067922,-0.388679527,-0.156334901,-0.181952901,1.510945835,-0.271169608,0.616103936,-0.132937169,-0.208312937,-0.247585212,0.565158356,-0.302756803,-0.220904883,-0.297053137,-0.125847716,-0.364467783,-0.214515305,-0.109664602,-0.272474999,-0.144169699,-0.136719522,-0.06835728,-0.216198721,-0.137134479,-0.102586227,0.103957324,-0.23180336,-0.117327734,-0.10834958,-0.070845431,-0.100431695,-0.103047596,-0.159585054,-0.361257644,-0.263904128,-0.00377341,-0.094258482,-0.171129789,0.513498486,-0.218580198,-0.071913965,7.154026029,-0.223403025,-0.312870297,-0.120808828,4.260256951,-0.101309294,-0.212868635,-0.218912688,-0.108146861,-0.301900963,-0.213168944,-0.128377991,-0.182054166,-0.226245073,-0.30740826,-0.039710051,-0.200396601,-0.023238659,0.01076495,-0.110238168,-0.400362174,-0.191507687,-0.083689314,-0.242438442
2019/06/07,-0.140098285,-0.132571897,-0.22249409,-0.149678939,0.848109642,-0.121149509,-0.262390414,-0.239071875,-0.256067922,-0.39662382,-0.126039646,-0.181952901,-0.20387063,-0.271169608,-0.212292225,-0.132937169,-0.208312937,-0.247585212,-0.419577544,-0.302756803,-0.220904883,-0.297053137,-0.148423141,-0.364467783,-0.214515305,-0.11319782,-0.272474999,-0.107859613,-0.081406374,-0.06835728,-0.216198721,-0.137134479,-0.102586227,-0.384276788,-0.23180336,-0.117327734,-0.10834958,-0.087219712,-0.100431695,-0.103047596,-0.162423846,-0.361257644,-0.263904128,1.625587498,-0.082071347,-0.171129789,0.513498486,-0.218580198,-0.162218802,6.096719404,-0.223403025,-0.312870297,-0.130924332,1.977252477,-0.101309294,-0.212868635,-0.218912688,-0.108146861,-0.308190294,-0.213168944,-0.128377991,-0.182054166,-0.226245073,-0.30740826,-0.115565556,-0.243419262,-0.172686035,-0.332323972,-0.110238168,-0.421583151,-0.191507687,-0.083689314,-0.242438442
2019/06/21,-0.140098285,-0.132571897,-0.043903595,-0.149678939,-0.597941656,-0.121149509,-0.262390414,-0.239071875,0.866753563,-0.399068217,0.136519226,-0.181952901,-0.20387063,-0.271169608,-0.212292225,-0.132937169,-0.138920324,-0.244686233,-0.200747344,-0.302756803,-0.220904883,-0.297053137,-0.133372858,-0.364467783,-0.214515305,-0.11319782,-0.272474999,-0.180479786,0.840479414,-0.06835728,-0.244543887,-0.137134479,-0.102586227,-0.384276788,-0.23180336,-0.117327734,-0.10834958,-0.089738832,-0.100431695,-0.103047596,-0.161162161,-0.233968829,-0.263904128,-0.329645591,-0.094258482,-0.161303411,-0.205967822,-0.218580198,-0.138137512,-0.24712035,-0.223403025,4.973985035,-0.128165558,-0.305751998,-0.101309294,-0.212868635,-0.218912688,-0.108146861,-0.308190294,-0.213168944,-0.128377991,-0.182054166,-0.226245073,-0.301653203,-0.115565556,-0.186055714,-0.172686035,-0.29420298,-0.110238168,-0.434015643,-0.191507687,-0.083689314,-0.242438442
2019/07/07,-0.140098285,-0.132571897,-0.22249409,-0.149678939,-0.597941656,-0.121149509,-0.262390414,-0.239071875,-0.256067922,-0.394179422,-0.004858628,-0.181952901,-0.20387063,-0.271169608,0.616103936,-0.057679473,-0.130246248,-0.247585212,-0.419577544,-0.302756803,-0.220904883,-0.297053137,-0.137135429,-0.364467783,-0.214515305,-0.11319782,0.029453497,-0.180479786,-0.136719522,-0.06835728,-0.244543887,-0.137134479,-0.102586227,-0.384276788,2.115183393,-0.117327734,-0.10834958,-0.089738832,-0.100431695,-0.103047596,-0.161714148,-0.361257644,-0.263904128,-0.329645591,-0.094258482,-0.163760006,-0.205967822,-0.218580198,-0.162218802,-0.24712035,-0.223403025,0.12770098,-0.130004741,0.835750239,-0.101309294,-0.212868635,-0.218912688,-0.108146861,-0.301900963,-0.213168944,-0.128377991,-0.182054166,-0.226245073,1.515395187,-0.115565556,-0.243419262,-0.023238659,-0.246551741,-0.110238168,-0.418367852,-0.191507687,-0.083689314,-0.242438442
2019/07/21,-0.140098285,-0.132571897,-0.22249409,-0.149678939,0.125083993,-0.121149509,-0.262390414,-0.239071875,-0.256067922,-0.39662382,-0.156334901,-0.181952901,-0.20387063,-0.271169608,-0.212292225,-0.132937169,-0.156268478,-0.247585212,-0.255454894,-0.302756803,-0.220904883,-0.297053137,-0.148423141,0.550530194,-0.214515305,-0.11319782,0.029453497,-0.126014656,-0.136719522,-0.06835728,-0.244543887,-0.137134479,-0.102586227,-0.384276788,-0.23180336,-0.117327734,-0.10834958,-0.089738832,-0.100431695,-0.103047596,-0.16218728,-0.265791033,-0.244807928,-0.329645591,-0.093242887,-0.171129789,-0.205967822,-0.218580198,-0.162218802,-0.24712035,-0.223403025,-0.312870297,5.213280358,-0.305751998,-0.101309294,-0.129733022,-0.218912688,-0.108146861,-0.306617961,-0.213168944,-0.128377991,-0.182054166,-0.226245073,-0.306412192,-0.115565556,-0.200396601,-0.172686035,-0.275142485,-0.110238168,-0.420940091,-0.191507687,-0.083689314,-0.242438442
2019/08/07,-0.025275908,-0.132571897,-0.22249409,-0.149678939,0.125083993,-0.121149509,-0.262390414,-0.239071875,-0.256067922,-0.399068217,-0.126039646,-0.181952901,-0.20387063,-0.271169608,-0.212292225,-0.132937169,-0.104224018,-0.247585212,-0.091332244,0.116421725,-0.220904883,-0.297053137,-0.148423141,0.550530194,-0.214515305,-0.11319782,0.935238986,-0.162324742,0.692977688,-0.06835728,-0.244543887,-0.137134479,-0.102586227,0.103957324,2.115183393,-0.117327734,-0.10834958,-0.089738832,-0.100431695,-0.103047596,-0.159585054,-0.361257644,-0.263904128,0.322098772,-0.094258482,-0.171129789,12.02495942,-0.218580198,-0.144157835,0.810186276,-0.223403025,-0.312870297,-0.124027398,-0.305751998,-0.101309294,-0.129733022,-0.218912688,-0.108146861,-0.30032863,-0.213168944,-0.128377991,-0.182054166,-0.226245073,-0.30740826,-0.115565556,-0.200396601,-0.172686035,0.66835205,-0.110238168,-0.416438672,-0.191507687,-0.083689314,-0.242438442
2019/08/21,-0.140098285,-0.132571897,-0.22249409,-0.149678939,0.028680573,-0.015391141,-0.262390414,-0.239071875,-0.256067922,-0.297014611,-0.05030151,-0.181952901,-0.20387063,0.042371691,-0.212292225,-0.057679473,-0.052179558,-0.247585212,-0.255454894,0.116421725,-0.220904883,-0.297053137,-0.148423141,-0.364467783,-0.214515305,-0.11319782,-0.121510751,-0.089704569,0.139846215,-0.06835728,-0.187853554,-0.137134479,-0.101353868,0.34807438,2.115183393,-0.117327734,-0.10834958,-0.084700592,-0.100431695,-0.103047596,-0.149649281,-0.074857811,-0.130230732,-0.00377341,-0.094258482,-0.171129789,-0.205967822,-0.218580198,-0.126096867,-0.24712035,-0.223403025,-0.312870297,-0.027010518,0.835750239,-0.101309294,-0.212868635,-0.218912688,-0.108146861,-0.286177636,-0.210975469,-0.128377991,-0.182054166,-0.226245073,-0.292135226,-0.074386854,0.574011304,0.350379782,-0.132188767,-0.110238168,-0.301330945,-0.191507687,-0.083689314,-0.242438442
2019/09/07,-0.074485498,-0.132571897,-0.212926742,-0.149678939,-0.322503314,-0.005776744,-0.262390414,-0.239071875,-0.256067922,-0.268467537,-0.117383859,-0.181952901,-0.20387063,-0.271169608,1.207815479,-0.089932771,-0.089354172,-0.241373115,-0.325793173,-0.302756803,-0.220904883,-0.297053137,-0.148423141,0.158388204,-0.214515305,-0.11319782,0.158851424,-0.05598806,0.787800226,-0.06835728,-0.244543887,-0.137134479,-0.102586227,1.010677819,-0.23180336,-0.117327734,-0.10834958,-0.088299335,-0.100431695,-0.103047596,-0.138767245,0.0206088,-0.220255672,-0.329645591,-0.094258482,-0.166918484,0.410717585,-0.218580198,-0.162218802,0.961230079,-0.223403025,0.190639734,-0.125800895,-0.305751998,-0.101309294,-0.212868635,-0.202916693,-0.108146861,-0.295611632,-0.205648459,-0.128377991,-0.182054166,0.187774314,-0.276103283,0.026857024,-0.071328617,0.553201221,-0.152610727,0.120455044,-0.382815824,-0.191507687,-0.083689314,-0.242438442
2019/09/21,0.982609401,-0.130883798,-0.22249409,-0.149678939,-0.255173941,-0.095511116,-0.262390414,-0.239071875,-0.256067922,3.508165816,-0.146236482,-0.181952901,0.558270021,0.843643901,1.996764202,-0.132937169,0.289000791,-0.217629103,0.018082856,-0.116455235,-0.220904883,-0.297053137,-0.138389619,2.482192588,-0.214515305,-0.100635267,-0.272474999,-0.107859613,17.80317792,-0.06835728,0.227875551,-0.137134479,-0.101490797,0.592191437,0.811301864,0.106399832,-0.10834958,-0.089738832,-0.100431695,-0.103047596,-0.084514772,1.929941021,3.84390055,-0.329645591,-0.094258482,-0.167854329,-0.04608642,-0.218580198,1.138170845,0.692707762,-0.223403025,1.0577959,0.038586993,-0.305751998,-0.101309294,-0.102021151,-0.218912688,-0.108146861,0.96155572,-0.211219189,-0.128377991,-0.182054166,0.256777546,4.239676573,-0.104006622,0.158125577,0.723998223,1.891400521,0.134436451,9.501974706,-0.191507687,-0.083689314,-0.242438442
2019/10/07,0.043617518,-0.132571897,-0.22249409,2.375138003,-0.520818921,-0.121149509,-0.262390414,-0.239071875,-0.256067922,0.551313635,-0.186630155,-0.181952901,-0.20387063,-0.271169608,7.740310913,-0.132937169,-0.145859586,-0.247585212,-0.419577544,-0.302756803,-0.220904883,-0.297053137,-0.01297059,0.367530598,-0.214515305,-0.11319782,-0.030932202,0.313337391,-0.147782151,-0.06835728,-0.165177421,-0.137134479,-0.102586227,0.592191437,-0.23180336,-0.117327734,-0.10834958,-0.089738832,-0.100431695,-0.103047596,-0.095617603,-0.208511066,-0.095857573,-0.329645591,-0.094258482,-0.171129789,-0.205967822,-0.218580198,-0.162218802,-0.24712035,-0.223403025,-0.312870297,-0.098370801,0.607449792,-0.101309294,-0.146360145,-0.129335111,-0.108146861,-0.127057566,-0.213168944,-0.128377991,-0.182054166,0.353382069,-0.127319264,0.035278533,-0.174583004,0.664219272,-0.240833593,-0.110238168,1.883400843,-0.191507687,-0.083689314,-0.242438442
2019/10/21,-0.140098285,-0.132571897,-0.22249409,6.947862019,1.458664635,-0.121149509,-0.262390414,-0.239071875,0.866753563,-0.246700756,-0.146236482,-0.181952901,-0.20387063,-0.271169608,1.444500096,-0.082765372,0.433568736,-0.244686233,-0.091332244,-0.302756803,-0.220904883,-0.297053137,-0.148423141,2.075526821,-0.214515305,-0.110842341,-0.071189335,1.066166518,-0.192032669,-0.06835728,0.700294989,-0.137134479,-0.101764654,3.358851407,-0.23180336,-0.117327734,-0.10834958,-0.088899126,-0.100431695,-0.103047596,0.059317365,-0.297613236,6.661650866,-0.11239747,0.316041739,-0.136737468,-0.205967822,-0.218580198,-0.150178157,-0.24712035,-0.223403025,-0.312870297,3.262367469,1.216250985,-0.101309294,-0.157444893,-0.218912688,-0.108146861,0.006276248,-0.213168944,-0.128377991,-0.182054166,0.015266236,-0.214884661,-0.050546552,-0.243419262,0.42510347,-0.332323972,10.14162837,1.167632276,-0.191507687,-0.083689314,0.345859009
2019/11/07,-0.140098285,-0.132571897,-0.22249409,-0.023438092,1.281925032,-0.121149509,-0.262390414,-0.239071875,-0.256067922,-0.378290836,-0.126039646,-0.181952901,-0.20387063,-0.271169608,-0.212292225,-0.057679473,-0.182290708,-0.247585212,0.565158356,0.116421725,-0.220904883,-0.297053137,-0.148423141,2.380526146,-0.214515305,-0.11319782,-0.121510751,-0.144169699,-0.136719522,-0.06835728,0.832572432,-0.137134479,-0.102586227,0.103957324,-0.23180336,-0.045415302,-0.10834958,-0.089738832,-0.100431695,-0.103047596,-0.113927813,-0.361257644,0.519040049,-0.329645591,-0.059728265,-0.171129789,0.153765332,-0.218580198,-0.162218802,-0.24712035,-0.223403025,-0.312870297,-0.125406785,-0.305751998,-0.101309294,-0.129733022,-0.218912688,-0.108146861,-0.301900963,-0.210975469,-0.128377991,-0.182054166,0.498288855,-0.297447585,-0.102561755,-0.243419262,-0.172686035,-0.332323972,0.642136286,-0.216447035,-0.191507687,-0.083689314,-0.242438442
2019/11/21,-0.140098285,-0.132571897,-0.22249409,0.052306416,0.134724335,-0.121149509,-0.262390414,-0.239071875,-0.256067922,-0.394668301,-0.186630155,-0.181952901,-0.20387063,-0.271169608,-0.212292225,0.107887458,-0.208312937,-0.247585212,1.024701775,-0.302756803,-0.220904883,-0.297053137,-0.148423141,3.295524123,-0.214515305,-0.11319782,-0.272474999,0.371433529,0.073470438,-0.06835728,0.277007173,-0.137134479,-0.10160034,-0.384276788,-0.23180336,-0.117327734,-0.10834958,-0.089738832,-0.100431695,-0.103047596,-0.156746262,0.0206088,-0.18751933,-0.329645591,-0.094258482,0.22978641,0.657391748,-0.218580198,-0.162218802,-0.24712035,-0.223403025,-0.312870297,-0.113819935,-0.305751998,-0.101309294,-0.212868635,-0.218912688,-0.108146861,-0.299385231,-0.209659384,-0.128377991,-0.182054166,-0.226245073,-0.17141185,-0.115565556,-0.243419262,0.36532452,-0.103598024,0.154010421,-0.332840882,-0.191507687,-0.083689314,-0.242438442
2019/12/07,-0.140098285,-0.132571897,-0.22249409,-0.149678939,0.462495963,-0.121149509,-0.262390414,-0.239071875,-0.256067922,-0.399068217,-0.141187273,-0.181952901,-0.20387063,-0.271169608,-0.212292225,0.017578223,-0.208312937,-0.247585212,3.026998105,0.116421725,-0.220904883,-0.297053137,-0.148423141,7.870514004,-0.214515305,-0.11319782,0.180417745,0.582032031,-0.192032669,-0.06835728,-0.202026138,-0.137134479,-0.102586227,-0.384276788,-0.23180336,-0.117327734,-0.10834958,-0.089738832,-0.100431695,-0.103047596,-0.162423846,-0.361257644,-0.263904128,1.299715316,-0.06074386,-0.163760006,-0.205967822,-0.218580198,-0.162218802,-0.24712035,-0.223403025,-0.312870297,-0.12586658,-0.305751998,-0.101309294,-0.212868635,-0.218912688,-0.108146861,-0.30032863,-0.200008094,-0.128377991,-0.182054166,-0.226245073,-0.289479046,-0.115565556,-0.243419262,0.350379782,-0.103598024,1.33945895,-0.43187211,-0.191507687,-0.083689314,-0.242438442
2019/12/21,-0.140098285,-0.132571897,-0.22249409,-0.149678939,-0.429235672,-0.121149509,-0.262390414,-0.239071875,-0.256067922,0.559135708,-0.186630155,-0.181952901,-0.20387063,-0.271169608,1.030302016,0.280980159,-0.208312937,-0.23453981,2.206384855,0.535600253,-0.220904883,-0.297053137,-0.148423141,1.008029182,-0.214515305,-0.11319782,-0.272474999,-0.008006875,-0.164376095,-0.06835728,0.705019184,-0.114270007,-0.102586227,-0.384276788,-0.23180336,-0.117327734,-0.10834958,-0.089738832,-0.100431695,-0.06917232,-0.159348488,-0.361257644,-0.20661553,-0.00377341,-0.094258482,-0.160075114,-0.205967822,-0.218580198,-0.162218802,-0.24712035,-0.223403025,2.991414286,-0.130924332,-0.305751998,-0.101309294,-0.171300828,-0.218912688,-0.108146861,-0.296397799,-0.202201569,-0.128377991,-0.182054166,0.317155373,-0.303922024,-0.073303204,-0.243419262,0.200932406,-0.160779511,-0.110238168,-0.43380129,-0.191507687,-0.083689314,0.198784646
2020/01/07,-0.140098285,-0.132571897,-0.22249409,-0.149678939,-0.289450713,-0.121149509,-0.262390414,-0.239071875,-0.256067922,-0.200583119,-0.126039646,-0.181952901,-0.20387063,-0.271169608,-0.212292225,0.047681301,-0.208312937,-0.245845825,1.418596135,1.038614487,-0.220904883,-0.297053137,-0.148423141,-0.364467783,-0.214515305,-0.11319782,-0.151703601,0.661914221,-0.147782151,-0.06835728,-0.119825155,-0.137134479,-0.10160034,0.006310502,-0.23180336,0.112792048,-0.10834958,-0.089738832,-0.100431695,0.113754168,-0.158449537,-0.284884355,-0.233350209,-0.068947846,-0.035760233,-0.171129789,-0.205967822,-0.218580198,-0.162218802,-0.24712035,-0.223403025,-0.312870297,-0.134786616,-0.305751998,-0.101309294,0.186182306,-0.218912688,-0.108146861,-0.308190294,-0.213168944,-0.128377991,-0.182054166,-0.226245073,-0.295986686,-0.115565556,-0.243419262,1.142450876,-0.126470619,-0.110238168,-0.441389397,-0.191507687,-0.083689314,-0.242438442
2020/01/21,-0.140098285,-0.132571897,-0.22249409,0.579712622,-0.05165561,-0.063463126,-0.262390414,-0.239071875,-0.256067922,1.782964191,-0.136138064,-0.181952901,-0.20387063,-0.271169608,-0.212292225,-0.082765372,-0.208312937,3.689227229,0.893403655,2.491766718,-0.220904883,0.398229216,-0.140897999,-0.364467783,-0.214515305,13.61688681,-0.171832167,-0.180479786,-0.192032669,-0.06835728,5.981944308,-0.137134479,-0.102586227,0.917680845,-0.23180336,-0.117327734,0.121442565,-0.089738832,-0.090402135,-0.103047596,-0.161477582,-0.297613236,-0.263904128,1.842835619,-0.094258482,-0.082692392,0.513498486,-0.218580198,-0.162218802,-0.24712035,-0.223403025,0.861986443,-0.065633352,-0.305751998,-0.101309294,0.008826332,-0.125602712,-0.108146861,0.209631278,-0.207319678,-0.128377991,-0.182054166,-0.226245073,-0.298775675,-0.115565556,-0.243419262,-0.172686035,-0.256081989,-0.073536975,0.331225667,-0.191507687,-0.083689314,-0.242438442
2020/02/07,-0.140098285,-0.132571897,-0.22249409,2.459298567,-0.164126267,-0.101920714,-0.262390414,0.314661462,-0.256067922,3.892683165,-0.156334901,-0.181952901,-0.20387063,-0.271169608,-0.212292225,-0.057679473,-0.182290708,1.467885158,1.878139555,2.212314366,-0.220904883,1.788793922,-0.069409153,-0.364467783,-0.214515305,5.282025862,-0.121510751,-0.162324742,-0.192032669,-0.06835728,5.126865125,-0.137134479,-0.102586227,0.836308493,-0.23180336,-0.117327734,0.001657298,-0.089738832,-0.064416458,-0.103047596,-0.161950714,-0.361257644,-0.20661553,-0.329645591,-0.094258482,0.064703269,0.153765332,-0.218580198,0.379610218,1.867492901,-0.223403025,6.736270146,0.006554563,1.977252477,-0.101309294,-0.129733022,-0.162926703,-0.108146861,0.806593597,-0.210975469,-0.128377991,-0.182054166,-0.226245073,-0.225730728,-0.115565556,-0.243419262,0.200932406,0.411035359,-0.110238168,2.713333982,-0.191507687,-0.083689314,0.640007734
2020/02/21,-0.140098285,-0.132571897,-0.22249409,16.82670926,-0.212327977,1.774260197,-0.262390414,0.393766225,-0.256067922,5.021907634,-0.177974368,-0.181952901,-0.20387063,-0.271169608,-0.212292225,-0.132937169,-0.1637034,1.461983666,1.737462998,0.415834959,-0.220904883,0.298903166,-0.148423141,0.158388204,-0.214515305,11.89570496,-0.272474999,0.327861425,-0.192032669,-0.06835728,3.302651209,0.124173776,-0.102586227,0.034209594,-0.23180336,-0.117327734,-0.10834958,-0.086140089,-0.099910679,-0.103047596,-0.149040969,-0.252152945,-0.176607216,-0.329645591,-0.094258482,-0.162707179,-4.06E-04,-0.218580198,-0.162218802,1.565405294,-0.223403025,1.197659798,-0.072727342,0.346534995,-0.101309294,0.072167752,-0.218912688,-0.108146861,-0.004505462,-0.195621144,-0.128377991,-0.182054166,-0.01923538,-0.302854809,-0.115565556,-0.243419262,2.261171236,-0.070922889,-0.099752113,1.809099862,-0.191507687,-0.083689314,-0.242438442
2020/03/07,-0.140098285,-0.132571897,-0.22249409,0.01864219,-0.366573449,17.66933081,-0.262390414,-0.239071875,-0.256067922,-0.382446313,-0.089685341,-0.181952901,1.167982542,-0.271169608,0.450424704,-0.072731012,-0.208312937,2.646754656,0.499509296,0.367928842,-0.220904883,-0.297053137,-0.130362801,-0.364467783,-0.214515305,6.546211215,-0.272474999,0.226193183,0.02921992,-0.06835728,6.365548892,-0.137134479,-0.102586227,0.396897792,-0.23180336,-0.002267843,-0.10834958,-0.089738832,-0.081831421,-0.103047596,-0.161666835,-0.361257644,-0.263904128,0.452447645,-0.050384795,-0.165233962,-0.205967822,-0.218580198,-0.162218802,-0.24712035,-0.223403025,1.096957791,-0.130740414,-0.305751998,-0.101309294,-0.013343164,-0.1741239,-0.108146861,-0.304416695,-0.207904604,-0.128377991,-0.182054166,0.063568498,-0.277127809,-0.061816513,-0.243419262,0.006650817,-0.332323972,-0.110238168,-0.386343467,-0.191507687,-0.083689314,-0.242438442
2020/03/21,-0.140098285,-0.132571897,-0.22249409,0.523605579,0.173285703,-0.121149509,-0.262390414,-0.239071875,-0.256067922,-0.399068217,-0.186630155,-0.181952901,-0.20387063,-0.271169608,-0.212292225,-0.132937169,-0.208312937,-0.230191342,0.893403655,-0.302756803,-0.220904883,-0.297053137,-0.148423141,-0.364467783,-0.214515305,-0.11319782,-0.272474999,0.90882281,-0.192032669,-0.06835728,-0.244543887,-0.137134479,-0.102586227,0.592191437,-0.23180336,-0.117327734,-0.10834958,-0.089738832,-0.100431695,-0.103047596,-0.162423846,0.0206088,-0.263904128,-0.329645591,-0.094258482,-0.171129789,-0.205967822,-0.218580198,-0.162218802,-0.24712035,-0.223403025,-0.312870297,-0.130004741,-0.305751998,-0.101309294,-0.212868635,-0.218912688,-0.108146861,-0.308190294,-0.213168944,-0.128377991,-0.182054166,-0.226245073,-0.30740826,-0.115565556,-0.243419262,-0.172686035,0.01076495,-0.110238168,-0.417724792,-0.191507687,-0.083689314,-0.242438442
2020/04/07,-0.086514509,-0.130582351,0.012138474,-0.112274244,0.16446785,-0.121149509,0.067694981,-0.146782986,-0.256067922,-0.329291574,-0.142395477,-0.181952901,-0.122212703,-0.131817919,-0.212292225,-0.074552726,-0.105907201,-0.210164234,0.057159677,0.473388837,-0.050813227,-0.181172745,-0.059828035,-0.135718289,0.439026369,-0.112461733,0.545248012,0.002280983,-0.016545124,-0.062351072,-0.215017672,-0.099027025,-0.06698474,-0.047162758,0.550525558,-0.105342328,-0.059283021,1.619526193,-0.062637947,-0.097401717,-0.124541835,-0.280755045,-0.164763026,0.03152941,0.541461426,-1.51E-04,-0.175990059,0.110190945,-0.161014738,0.202234966,0.227005821,-0.221084614,-0.102707477,0.134994699,-0.092582956,-0.126170067,-0.216579939,-0.0153501,-0.084991426,-0.194332913,-0.094763588,-0.176076661,0.226588632,-0.280072137,-0.091093126,-0.232151422,-0.004379823,-0.135365517,-0.110238168,-0.062472971,0.322945408,-0.067968758,-0.14158745
2020/04/21,-0.133032292,-0.130818871,-0.162176867,-0.149678939,-0.152755607,-0.106949784,-0.262390414,-0.239071875,-0.256067922,-0.378845527,-0.094035429,-0.181952901,0.103916941,0.042371691,-0.212292225,-0.046101366,-0.191231679,-0.243036046,-0.139727385,-0.206023297,-0.126700274,-0.168693318,-0.124921545,-0.270621836,-0.213333142,-0.107399719,0.056549644,-0.115680247,0.190620848,-0.06835728,-0.227100708,-0.121187976,1.241348848,-0.284126201,0.00891323,-0.106264283,-0.10834958,-0.087839803,-0.0933923,0.129736349,-0.157407434,-0.339226887,-0.263904128,-0.1667095,-0.094258482,-0.033031392,-0.146934689,0.47753101,-0.155179656,0.013139742,-0.223403025,1.058549013,-0.074426059,-0.188674845,-0.101309294,-0.091362739,0.236727104,-0.059484321,0.425609318,-0.205722378,-0.127672794,-0.182054166,-0.008884895,-0.256918707,-0.110097291,-0.239006682,1.214300577,-0.207990892,-0.107979633,-0.38091868,-0.191507687,-0.083689314,-0.151931142
2020/05/07,-0.140098285,-0.132571897,-0.22249409,-0.149678939,-0.212327977,-0.121149509,-0.262390414,-0.239071875,-0.256067922,-0.399068217,-0.186630155,-0.181952901,-0.20387063,-0.271169608,-0.212292225,-0.132937169,-0.208312937,-0.247585212,-0.419577544,-0.302756803,-0.220904883,-0.297053137,-0.05812144,-0.364467783,-0.214515305,-0.099064948,-0.272474999,-0.107859613,-0.192032669,-0.06835728,-0.244543887,-0.137134479,-0.102586227,-0.384276788,-0.23180336,-0.117327734,-0.10834958,-0.089738832,-0.089490357,-0.103047596,-0.156746262,-0.361257644,-0.263904128,-0.329645591,-0.094258482,-0.171129789,-0.205967822,-0.215380479,-0.162218802,-0.24712035,-0.223403025,-0.312870297,-0.106095368,4.260256951,-0.101309294,-0.212868635,-0.218912688,-0.108146861,-0.289322301,-0.213168944,-0.128377991,-0.182054166,-0.226245073,-0.3020959,-0.115565556,-0.243419262,0.42510347,-0.332323972,-0.110238168,-0.410008073,-0.191507687,-0.083689314,-0.242438442
2020/05/21,-0.105651572,-0.132571897,-0.213405109,0.027058247,0.093867647,-0.053848729,-0.169966504,-0.239071875,-0.087644699,-0.388472917,-0.136426591,-0.181952901,-0.032388984,-0.208461348,0.201905856,-0.012524855,-0.181547215,-0.245990774,-0.003800164,-0.302756803,-0.220904883,-0.297053137,-0.119935105,-0.364467783,-0.214131102,-0.092351834,0.09702797,-0.157656303,0.273914748,-0.06835728,-0.240089647,-0.137134479,0.877538364,-0.009963969,-0.097689831,-0.117327734,-0.10834958,0.042137109,-0.09998449,-0.103047596,-0.142031856,-0.361257644,-0.19133857,-0.101535064,-0.092227293,-0.121015264,-0.134021191,-0.213940605,-0.124290771,1.127378263,1.037741745,0.123505063,-0.113570331,0.216077596,-0.048951268,-0.186740299,-0.146130907,-0.054618067,-0.23993608,-0.209534043,-0.128377991,-0.140211632,0.063568498,-0.301510908,-0.107980006,-0.239116996,-0.157741297,-0.133005646,-0.110238168,-0.445691774,-0.191507687,-0.083689314,-0.242438442
2020/06/07,-0.077467897,-0.132571897,-0.215644739,-0.149678939,-0.370079028,-0.11415722,-0.262390414,-0.239071875,-0.256067922,-0.386596233,-0.163220186,-0.136475944,-0.20387063,-0.271169608,-0.212292225,-0.023471429,-0.191753337,-0.238097647,-0.195773931,-0.302756803,-0.220904883,-0.297053137,-0.064278374,-0.364467783,-0.212419652,-0.11319782,-0.107786728,-0.165625659,-0.061292502,-0.066719223,-0.241967054,-0.137134479,-0.102362162,-0.362084329,0.621646368,-0.117327734,-0.10834958,-0.089509821,-0.100390251,-0.096888455,-0.161370052,-0.361257644,-0.111134532,0.025851334,-0.083456248,-0.128251051,-0.140561794,-0.194582304,-0.162218802,0.425711139,-0.223403025,-0.312870297,-0.127287767,-0.098206137,-0.018012434,-0.152406371,-0.218912688,-0.098414353,-0.269596673,-0.210975469,-0.127544576,-0.182054166,-0.226245073,-0.302397739,-0.106108247,-0.227774658,-0.172686035,-0.275142485,-0.10523346,-0.447597848,-0.178145269,-0.083689314,-0.242438442
2020/06/21,-0.140098285,-0.132571897,-0.22249409,-0.149678939,0.655302802,-0.121149509,-0.262390414,-0.239071875,-0.256067922,-0.399068217,-0.186630155,-0.181952901,-0.20387063,-0.271169608,-0.212292225,-0.132937169,-0.208312937,-0.247585212,-0.419577544,-0.302756803,-0.220904883,-0.297053137,-0.148423141,-0.364467783,-0.214515305,-0.11319782,-0.272474999,0.218931166,-0.192032669,-0.06835728,-0.244543887,-0.137134479,-0.102586227,-0.384276788,-0.23180336,-0.117327734,-0.10834958,-0.089738832,-0.100431695,-0.103047596,-0.162423846,-0.361257644,-0.263904128,-0.329645591,-0.094258482,-0.171129789,-0.205967822,-0.218580198,-0.162218802,-0.24712035,-0.223403025,5.855127591,-0.122648011,-0.305751998,-0.101309294,-0.212868635,-0.218912688,-0.108146861,-0.308190294,-0.213168944,-0.128377991,-0.182054166,1.947356712,-0.29943972,-0.115565556,-0.243419262,-0.172686035,-0.332323972,-0.110238168,-0.43444435,-0.191507687,-0.083689314,-0.242438442
2020/07/07,0.012998218,-0.132571897,-0.22249409,-0.149678939,-0.276596923,-0.121149509,-0.262390414,-0.239071875,-0.256067922,-0.399068217,-0.166433319,-0.181952901,-0.20387063,-0.271169608,-0.212292225,-0.132937169,-0.208312937,-0.247585212,-0.200747344,-0.302756803,-0.220904883,-0.297053137,-0.118322574,-0.364467783,-0.214515305,-0.11319782,0.130096329,-0.132066337,-0.192032669,-0.06835728,-0.244543887,-0.137134479,-0.102586227,-0.384276788,-0.23180336,-0.117327734,-0.10834958,-0.089738832,-0.100431695,-0.103047596,-0.161477582,-0.361257644,-0.263904128,-0.329645591,-0.094258482,-0.171129789,-0.205967822,-0.218580198,-0.162218802,-0.24712035,-0.223403025,-0.312870297,-0.130617802,-0.305751998,-0.101309294,-0.212868635,-0.218912688,-0.108146861,-0.308190294,-0.213168944,-0.128377991,-0.182054166,-0.226245073,-0.30608017,-0.115565556,-0.243419262,0.325471886,-0.256081989,-0.110238168,-0.443447189,-0.191507687,-0.083689314,-0.242438442
2020/07/21,-0.140098285,-0.132571897,-0.22249409,-0.149678939,-0.295556263,-0.121149509,-0.262390414,-0.239071875,0.193060672,-0.395874204,-0.180571104,-0.148603132,0.596377054,-0.145753088,-0.212292225,-0.116882194,-0.185760338,-0.247585212,-0.287185273,-0.302756803,-0.220904883,-0.297053137,-0.143908056,-0.21196812,-0.214515305,-0.11319782,0.03951778,-0.170191928,-0.175438725,-0.062831569,-0.244543887,-0.12798869,-0.102421912,-0.23455166,-0.23180336,-0.117327734,-0.10834958,-0.089738832,-0.100431695,-0.100789244,-0.161362453,0.170173158,0.016300772,-0.177571906,-0.094156922,-0.14253503,-0.181985612,0.016759146,1.492165805,-0.176633242,-0.223403025,-0.136641786,0.406408176,-0.305751998,-0.101309294,-0.199012699,-0.218912688,-0.108146861,-0.30750895,-0.210975469,-0.128377991,-0.182054166,-0.226245073,-0.123098151,-0.115565556,-0.158808028,-0.172686035,-0.300683549,-0.110238168,-0.294707428,-0.191507687,-0.083689314,-0.183608697
2020/08/07,-0.140098285,-0.132571897,-0.22249409,-0.149678939,-0.405134817,-0.121149509,-0.262390414,-0.239071875,-0.256067922,-0.389290626,-0.186630155,-0.181952901,-0.20387063,-0.271169608,-0.212292225,-0.132937169,-0.208312937,-0.247585212,0.236913056,-0.302756803,-0.220904883,-0.297053137,-0.148423141,-0.364467783,-0.214515305,-0.11319782,-0.272474999,-0.107859613,-0.192032669,-0.06835728,-0.244543887,-0.137134479,-0.102586227,-0.384276788,-0.23180336,-0.117327734,-0.10834958,-0.089738832,-0.100431695,-0.103047596,-0.162423846,-0.361257644,0.194404659,-0.329645591,-0.094258482,-0.171129789,-0.205967822,-0.218580198,-0.162218802,-0.24712035,-0.223403025,6.736270146,-0.113452098,-0.305751998,-0.101309294,-0.212868635,-0.218912688,-0.108146861,-0.308190294,-0.213168944,-0.128377991,-0.182054166,-0.226245073,-0.288815001,-0.115565556,-0.243419262,-0.172686035,-0.217960998,-0.110238168,-0.42801375,-0.191507687,-0.083689314,-0.242438442
2020/08/21,-0.140098285,-0.132571897,-0.22249409,-0.149678939,-0.405134817,-0.121149509,-0.262390414,-0.239071875,-0.256067922,-0.391735024,-0.186630155,-0.181952901,-0.20387063,-0.271169608,3.101292416,-0.132937169,-1.35E-04,-0.247585212,0.236913056,3.050671422,-0.220904883,-0.297053137,-0.148423141,3.295524123,-0.214515305,-0.11319782,-0.272474999,-0.03523944,0.471725099,-0.06835728,-0.244543887,-0.137134479,-0.102586227,-0.384276788,-0.23180336,-0.117327734,-0.10834958,-0.089738832,-0.100431695,-0.103047596,-0.152961206,0.0206088,-0.263904128,-0.329645591,-0.094258482,-0.171129789,-0.205967822,-0.218580198,-0.162218802,-0.24712035,-0.223403025,-0.312870297,-0.130004741,-0.305751998,-0.101309294,-0.212868635,-0.218912688,-0.108146861,-0.308190294,-0.213168944,-0.128377991,-0.182054166,-0.226245073,-0.288815001,-0.115565556,0.100762029,1.919577233,-0.332323972,-0.110238168,-0.417724792,-0.191507687,-0.083689314,-0.242438442
2020/09/07,-0.140098285,-0.132571897,-0.22249409,-0.149678939,-0.597941656,-0.121149509,-0.262390414,-0.239071875,-0.256067922,-0.218182783,-0.186630155,-0.181952901,-0.20387063,-0.271169608,-0.212292225,-0.132937169,-0.208312937,-0.247585212,0.236913056,-0.302756803,-0.220904883,-0.297053137,-0.148423141,-0.364467783,-0.214515305,-0.11319782,-0.272474999,-0.180479786,-0.192032669,-0.06835728,-0.244543887,-0.137134479,-0.102586227,-0.384276788,-0.23180336,-0.117327734,-0.10834958,-0.089738832,-0.100431695,-0.103047596,-0.162423846,-0.361257644,-0.263904128,-0.329645591,-0.094258482,-0.171129789,-0.205967822,-0.218580198,-0.162218802,-0.24712035,-0.223403025,-0.312870297,-0.135522289,-0.305751998,-0.101309294,-0.212868635,-0.218912688,-0.108146861,-0.270454309,-0.213168944,-0.128377991,-0.182054166,-0.226245073,-0.275534101,-0.115565556,-0.243419262,-0.172686035,-0.332323972,-0.110238168,2.064486518,-0.191507687,-0.083689314,-0.242438442
2020/09/21,-0.140098285,-0.132571897,-0.22249409,-0.149678939,-0.597941656,-0.121149509,-0.262390414,-0.239071875,-0.256067922,-0.399068217,-0.186630155,-0.181952901,-0.20387063,-0.271169608,-0.212292225,-0.132937169,-0.208312937,-0.247585212,-0.419577544,-0.302756803,-0.220904883,-0.297053137,-0.148423141,-0.364467783,-0.214515305,-0.11319782,-0.272474999,-0.180479786,-0.192032669,-0.06835728,-0.187853554,-0.137134479,-0.102586227,0.592191437,-0.23180336,-0.117327734,-0.10834958,-0.089738832,-0.100431695,-0.103047596,-0.162423846,-0.361257644,-0.263904128,-0.329645591,-0.094258482,-0.171129789,-0.205967822,-0.218580198,-0.162218802,-0.24712035,-0.223403025,-0.312870297,-0.133683106,-0.305751998,-0.101309294,-0.212868635,-0.218912688,-0.108146861,-0.308190294,-0.213168944,-0.128377991,-0.182054166,-0.226245073,-0.30740826,-0.115565556,-0.243419262,0.126208718,1.726209559,-0.110238168,0.029844916,-0.191507687,-0.083689314,-0.242438442
2020/10/07,-0.140098285,-0.132571897,-0.22249409,-0.149678939,-0.212327977,-0.121149509,-0.262390414,-0.239071875,-0.256067922,-0.395401621,-0.186630155,-0.181952901,-0.20387063,-0.271169608,-0.212292225,-0.132937169,-0.052179558,-0.247585212,0.236913056,-0.302756803,-0.220904883,-0.297053137,-0.148423141,-0.364467783,-0.214515305,-0.11319782,-0.272474999,-0.107859613,-0.081406374,-0.06835728,-0.244543887,-0.137134479,-0.102586227,-0.384276788,-0.23180336,-0.117327734,-0.10834958,-0.089738832,-0.100431695,-0.103047596,-0.154853734,-0.361257644,-0.263904128,-0.329645591,-0.094258482,-0.171129789,-0.205967822,-0.218580198,-0.162218802,-0.24712035,-0.223403025,-0.312870297,-0.092301499,-0.305751998,-0.101309294,-0.212868635,-0.218912688,-0.108146861,-0.295611632,-0.213168944,-0.128377991,-0.182054166,-0.226245073,-0.30608017,-0.115565556,-0.243419262,0.723998223,-0.332323972,-0.110238168,0.806661305,-0.191507687,-0.083689314,-0.242438442
2020/10/21,-0.011059804,-0.132571897,-0.212049735,0.357288272,0.572441768,-0.116204962,-0.163364796,-0.167877589,0.726400877,0.187860787,-0.159508689,-0.089049975,0.449392785,0.108066059,0.142734701,1.288358176,0.055626824,-0.052856702,-0.022557039,-0.093167539,-0.045953466,-0.043771708,-0.119773852,0.986243516,-0.088478392,-0.112020081,0.187606519,-0.068955949,0.310526784,0.09329551,0.229360298,-0.003867269,-0.101036975,0.985103651,0.304650755,-0.089932521,0.259597235,-0.089678853,-0.019589535,-0.103047596,-0.117895363,1.173027176,0.555413762,-0.135674054,-0.064467707,-0.087079168,0.294232564,-0.191138797,-0.084298629,-0.24712035,-0.223403025,-0.312870297,0.137668573,0.020391498,-0.063910704,-0.052931551,0.863483038,-0.10198294,-0.15423646,-0.044260921,1.37464423,0.042102264,-0.198643781,-0.001642429,-0.044498753,-0.160446987,-0.11219543,-0.27568707,0.622038013,0.165833717,-0.12851343,-0.083689314,0.001284788
2020/11/07,-0.044412971,-0.132571897,-0.033439308,-0.139158869,0.710964301,-0.119318195,0.199729139,-0.192927431,-0.256067922,0.410848306,0.196839242,-0.181952901,-0.20387063,-0.218912725,-0.212292225,0.00443799,-0.085326922,-0.063422443,1.335623018,0.395874077,-0.220904883,0.43961507,0.030948467,0.577762276,-0.202028704,-0.11319782,-0.205978842,-0.14870846,-0.146596869,-0.06835728,-0.076497544,-0.072351808,-0.102586227,0.01096035,-0.120042086,-0.111335031,-0.087570503,-0.089738832,-0.093658486,-0.103047596,0.851559114,0.166081731,-0.135459453,-0.221021531,-0.072084666,-0.151710995,-0.056079008,-0.206695527,-0.052992952,-0.24712035,-0.030370663,-0.166013205,0.073885431,-0.305751998,-0.101309294,-0.098062312,-0.149596706,-0.027332285,-0.242676431,-0.117657033,0.18266438,-0.098369099,0.739800165,0.202945874,0.03738391,0.910766064,-0.164383403,-0.076198561,-0.047540297,-0.226750029,0.053469977,-0.083689314,-0.116374703
2020/11/21,0.889013041,-0.122521215,-0.045400026,0.384694405,0.479481327,-0.057053528,-0.177076035,-0.102768285,-0.126511597,0.283918008,0.350838732,0.212380623,-0.098343463,0.06924666,-0.212292225,-0.104818909,-0.066439358,-0.17757648,0.963621698,-0.019926456,0.128997952,0.994185519,0.056740339,0.727496835,-0.182354831,-0.11319782,0.538750466,0.131135239,-0.104342082,-0.024003746,0.631602088,0.884781803,-0.101672566,0.134360181,-0.23180336,-0.112586255,-0.098227336,-0.089738832,-0.089462303,-0.100441805,0.442870252,0.531722349,-0.011946214,0.080977231,-0.092930397,0.288096781,0.200412049,-0.209325626,0.438159507,-0.182055327,-0.223403025,-0.312870297,-0.096594946,-0.180312192,-0.101309294,0.159749445,1.133118108,0.022161796,0.63302304,0.287462406,-0.105529599,0.144961328,-0.106816404,0.147561058,-0.076554154,0.796815109,-0.062105925,-0.22675815,-0.089911353,-0.089768941,-0.182462358,-0.059503844,0.994925646
2020/12/07,1.019902139,-0.007172116,0.082097151,0.233359528,-0.034846809,-0.078254506,0.477000871,0.453804711,1.061088051,0.480852302,-0.045640701,-0.111405314,-0.20387063,-0.150576801,-0.212292225,-0.065398211,0.037363603,0.54794459,0.399352396,0.220678949,-0.067822393,0.919690981,1.381438178,0.878991006,0.409100512,-0.098430781,0.037195254,0.532687554,-0.188628783,-0.040636321,0.807134462,-0.057401961,-0.101985847,-0.177716202,0.339898541,-0.050947027,-0.107597397,-0.089738832,-0.023601526,0.157531447,0.014741049,-0.127731626,0.568004663,0.138273439,1.325542779,-0.159413723,-0.076832844,-0.18022459,-0.102478679,0.728854997,0.016815026,-0.312870297,-0.120873671,-0.188674845,-0.101309294,0.169555184,0.280367462,-0.046108361,0.574807566,0.296195329,-0.081552892,-0.104806411,-0.226245073,-0.009095421,-0.013980309,-0.111041843,-0.120187854,0.569897259,0.001276995,-0.020383011,0.197441466,-0.083689314,0.198784646
2020/12/21,-0.140098285,-0.132571897,-0.22249409,2.880101391,-0.597941656,-0.121149509,-0.262390414,-0.239071875,-0.256067922,0.033590188,-0.186630155,-0.181952901,-0.20387063,-0.271169608,-0.212292225,-0.132937169,0.103953822,-0.247585212,2.206384855,-0.302756803,-0.220904883,-0.297053137,-0.148423141,-0.364467783,-0.214515305,-0.11319782,-0.272474999,-0.180479786,-0.192032669,-0.06835728,-0.244543887,-0.137134479,-0.102586227,0.592191437,-0.23180336,-0.117327734,-0.10834958,-0.089738832,-0.100431695,-0.103047596,-0.162423846,0.402475245,-0.263904128,-0.329645591,-0.094258482,-0.171129789,-0.205967822,-0.218580198,-0.162218802,-0.24712035,-0.223403025,-0.312870297,-0.106095368,-0.305751998,0.422270966,-0.212868635,-0.218912688,-0.108146861,0.037722902,-0.178073344,-0.128377991,-0.182054166,-0.226245073,-0.282174551,-0.115565556,-0.243419262,3.115156244,3.327291193,-0.110238168,-0.327696402,-0.191507687,-0.083689314,-0.242438442