index,Achnanthes;spp.,Actinoptychus;spp.,Asterionella;glacialis,Asterionella;japonica,Asterionella;spp.,Atecados;XXX,Centrica;XXX,Cerataulina;pelagica,Cerataulina;spp.,Ceratium;furca,Ceratium;fusus,Ceratium;spp.,Chaetoceros;convolutus,Chaetoceros;curvisetus,Chaetoceros;debilis,Chaetoceros;socialis,Chaetoceros;spp.,Cianoficea;XXX,Ciliados;spp.,Cistos;XXX,Cloroficea;coccoide,Cocconeis;spp.,Cochlodinium;spp.,Corethron;hystrix,Corethron;spp.,Coscinodiscus;spp.,Cylindrotheca;closterium,Detonula;pumila,Diatomea;XXX,Dictyocha;speculum,Dinophysis;acuminata,Dinophysis;spp.,Diploneis;spp.,Ditylum;brightwellii,Ditylum;spp.,Ebria;XXX,Eucampia;cornuta,Eucampia;spp.,Euglenophyta;XXX,Fitoflagelado;XXX,Flagelado;XXX,Fragilaria;spp.,Grammatophora;marina,Grammatophora;spp.,Guinardia;delicatula,Guinardia;spp.,Gymnodinium;spp.,Gyrodinium;spp.,Gyrosigma;spp.,Heterocapsa;spp.,Lauderia;borialis,Lauderia;spp.,Lepidodinium;aff.chlorophorum,Leptocylindrus;danicus,Leptocylindrus;minimus,Lichmophora;abbreviata,Lichmophora;spp.,Melosira;spp.,Mesodinium;rubrum,Nanoplancton;spp.,Navicula;spp.,Nitzschia;australis,Nitzschia;longissima,Nitzschia;spp.,Odontella;aurita,Odontella;longicruris,Odontella;spp.,Paralia;spp.,Paralia;sulcata,Pellet Fec.Zoo.;spp.,Pennadas;XXX,Pleurosigma;spp.,Polykrikos;spp.,Prorocentrum;spp.,Protoperidinium;spp.,Protozoos;spp.,Pseudo-Nitzschia;seriata,Pseudo-Nitzschia;delicatissima,Pseudo-Nitzschia;spp.,Rhizosolenia;aff.setigera,Rhizosolenia;delicatula,Rhizosolenia;fragilissima,Rhizosolenia;spp.,Rhizosolenia;stolterforthii,Scrippsiella;spp.,Skeletonema;costatum,Skeletonema;spp.,Stephanopyxis;spp.,Stephanopyxis;turris,Tecados;XXX,Thalassionema;nitzschioides,Thalassionema;spp.,Thalassiosira;rotula,Thalassiosira;spp.,Thalassiosira;subtilis,Thalassiotrix;frauenfeldii,Thalassiotrix;spp.,Tintinidos;spp.,Torodinium;spp.
1992/01/07,-0.082659443,-0.130485729,-0.165848098,-0.157006422,-0.113390341,-0.492117464,-0.091110617,7.238633556,-0.136274211,-0.233279447,-0.198122883,-0.191737994,-0.194892727,-0.122599122,0.143199617,3.636106736,-0.284196514,-0.139782736,-0.124788757,-0.171017742,-0.197529694,-0.099590588,-0.083501058,-0.181840622,-0.174510259,-0.267696748,0.058669433,-0.218001746,-0.170086079,-0.235926842,-0.340060754,-0.214293457,-0.155748504,0.042635742,-0.178347691,0.831649558,-0.132023669,-0.194382489,-0.231859742,-0.060276398,-0.22647649,-0.117683671,-0.237343458,-0.138204312,-0.126895569,-0.127080841,-0.095800478,-0.357408098,-0.190749795,-0.205364399,3.131701417,-0.110582073,-0.068291644,-0.129989115,-0.146294863,-0.121793854,-0.262772247,-0.12619813,-0.19553799,-0.488353547,-0.475655131,-0.051423112,-0.159569877,-0.195307925,-0.19255991,-0.189402319,-0.124727662,-0.200075035,-0.332884107,-0.243821637,-0.237588017,-0.222493043,-0.084564295,-0.126852763,2.337566975,-0.193196458,-0.235560672,-0.122939669,-0.178535857,0.010498486,-0.194272057,-0.09729191,-0.134446813,-0.190354029,-0.183378896,-0.24316994,-0.129789164,-0.234621665,-0.079157353,-0.071834471,0.204359845,-0.20793647,-0.134967248,-0.40493865,-0.132231389,-0.156198835,-0.128607861,-0.174589471,-0.244087344
1992/01/21,-0.082659443,-0.130485729,-0.165848098,-0.157006422,-0.113390341,-0.492117464,-0.091110617,10.11422305,-0.136274211,3.260838436,-0.198122883,-0.191737994,-0.194892727,-0.122599122,-0.058042255,10.33494634,-0.295469623,-0.139782736,-0.124788757,-0.171017742,-0.197529694,-0.099590588,-0.083501058,-0.181840622,-0.174510259,-0.267696748,1.984381273,-0.053998878,-0.170086079,-0.235926842,3.431685969,13.19471513,-0.155748504,0.026197734,-0.178347691,0.318126257,-0.132023669,-0.194382489,-0.231859742,-0.060276398,-0.22647649,-0.117683671,-0.237343458,-0.138204312,-0.126895569,-0.127080841,-0.095800478,-0.357408098,-0.190749795,-0.205364399,6.131498049,-0.110582073,-0.068291644,0.604118703,-0.146294863,-0.121793854,-0.262772247,-0.12619813,-0.19553799,-0.488353547,-0.475655131,0.25200367,-0.159569877,-0.195307925,-0.19255991,-0.189402319,-0.124727662,-0.200075035,0.204256275,-0.243821637,-0.228083787,-0.222493043,-0.084564295,-0.126852763,2.337566975,-0.193196458,-0.235560672,-0.122939669,-0.178535857,-0.028168625,3.894397093,-0.09729191,-0.123726972,-0.190354029,-0.183378896,-0.249964115,-0.129789164,-0.234621665,-0.079157353,-3.06E-04,-0.45707922,-0.20793647,-0.134967248,0.071914558,-0.132231389,-0.156198835,-0.128607861,-0.174589471,1.567560288
1992/02/07,-0.082659443,-0.130485729,-0.165848098,-0.157006422,-0.113390341,-0.492117464,-0.091110617,-0.134672834,-0.136274211,-0.233279447,-0.198122883,-0.191737994,0.557041889,1.595732971,0.969728731,12.79980127,-0.340562059,-0.139782736,-0.124788757,-0.171017742,-0.197529694,-0.099590588,-0.083501058,2.075453958,-0.174510259,-0.267696748,7.168990072,4.366450517,-0.170086079,-0.235926842,-0.340060754,-0.214293457,-0.155748504,-0.088868321,-0.178347691,-0.195397044,-0.132023669,-0.194382489,-0.231859742,-0.060276398,-0.22647649,-0.117683671,-0.237343458,-0.138204312,-0.126895569,-0.127080841,-0.095800478,-0.357408098,-0.190749795,-0.205364399,22.77481418,-0.110582073,-0.068291644,-0.127265153,-0.105638562,-0.121793854,-0.262772247,-0.12619813,-0.19553799,-0.488353547,-0.475655131,0.699919397,-0.159569877,-0.195307925,-0.19255991,-0.189402319,-0.124727662,-0.200075035,-0.332884107,-0.243821637,-0.237588017,-0.222493043,-0.084564295,-0.126852763,-0.469813347,-0.193196458,-0.235560672,-0.122939669,-0.178535857,-0.105502849,5.125242131,-0.09729191,-0.134446813,-0.190354029,-0.183378896,-0.249964115,-0.129789164,-0.234621665,-0.079157353,-0.071834471,-0.45707922,-0.20793647,-0.134967248,-0.262075746,-0.132231389,-0.156198835,-0.128607861,-0.174589471,-0.244087344
1992/02/21,-0.082659443,-0.130485729,-0.165848098,-0.157006422,-0.113390341,-0.102005777,-0.091110617,0.049659826,-0.136274211,-0.233279447,-0.198122883,-0.191737994,-0.194892727,0.42670376,0.078514729,8.759625754,-0.32928895,-0.139782736,-0.124788757,-0.171017742,-0.197529694,-0.099590588,-0.083501058,7.718690409,-0.174510259,-0.267696748,1.725150833,14.37157897,-0.170086079,-0.235926842,-0.340060754,-0.214293457,-0.155748504,-0.088868321,-0.178347691,-0.195397044,-0.132023669,-0.194382489,-0.231859742,-0.060276398,-0.22647649,-0.117683671,-0.237343458,-0.138204312,-0.126895569,-0.127080841,-0.095800478,-0.357408098,-0.190749795,-0.205364399,-0.112523088,-0.110582073,-0.068291644,-0.132713078,-0.058323041,-0.121793854,-0.262772247,-0.12619813,-0.19553799,0.660252765,-0.475655131,1.407915223,-0.159569877,-0.195307925,-0.19255991,-0.189402319,0.344099973,-0.200075035,-0.332884107,-0.243821637,-0.237588017,-0.222493043,-0.084564295,-0.126852763,0.933876814,-0.193196458,-0.235560672,-0.122939669,-0.178535857,-0.14416996,-0.279157922,-0.09729191,-0.134446813,-0.190354029,-0.183378896,-0.236375765,-0.129789164,-0.234621665,-0.079157353,-3.06E-04,-0.45707922,-0.20793647,-0.134967248,-0.298756762,-0.132231389,-0.156198835,-0.128607861,-0.174589471,-0.244087344
1992/03/07,-0.082659443,-0.130485729,-0.165848098,-0.157006422,-0.113390341,-0.492117464,-0.091110617,-0.134672834,-0.136274211,-0.233279447,-0.198122883,-0.191737994,-0.194892727,0.468957828,0.272569391,1.866976988,-0.32928895,-0.139782736,-0.124788757,-0.171017742,-0.197529694,-0.099590588,-0.083501058,-0.181840622,-0.174510259,-0.267696748,0.280866953,14.93128643,-0.170086079,-0.235926842,-0.340060754,-0.214293457,-0.155748504,-0.088868321,-0.178347691,-0.195397044,-0.132023669,-0.194382489,-0.231859742,-0.060276398,-0.22647649,-0.117683671,-0.237343458,-0.138204312,-0.126895569,-0.127080841,-0.095800478,-0.357408098,-0.190749795,-0.205364399,-0.112523088,-0.110582073,-0.068291644,-0.132713078,-0.146294863,-0.121793854,-0.262772247,-0.12619813,-0.19553799,-0.488353547,-0.475655131,6.826250627,-0.159569877,-0.195307925,-0.19255991,-0.189402319,-0.124727662,-0.200075035,-0.332884107,-0.243821637,-0.237588017,-0.222493043,-0.084564295,-0.126852763,2.337566975,-0.193196458,-0.235560672,-0.122939669,-0.178535857,-0.124836404,-0.279157922,-0.09729191,-0.134446813,-0.190354029,-0.183378896,-0.249964115,-0.129789164,-0.234621665,-0.079157353,-0.071834471,-0.45707922,-0.20793647,-0.134967248,-0.397216331,-0.132231389,-0.156198835,-0.128607861,-0.174589471,-0.244087344
1992/03/21,-0.082659443,-0.130485729,-0.165848098,-0.157006422,-0.113390341,-0.492117464,-0.091110617,-0.134672834,-0.136274211,1.513779495,-0.198122883,2.570708366,-0.194892727,-0.122599122,-0.15866319,-0.170006956,-0.317452186,-0.139782736,-0.124788757,-0.171017742,-0.197529694,-0.099590588,-0.083501058,-0.181840622,-0.174510259,0.071139314,-0.237593927,1.707124943,-0.170086079,-0.235926842,-0.340060754,7.831111696,-0.155748504,-0.088868321,-0.178347691,0.318126257,-0.132023669,-0.194382489,-0.231859742,-0.060276398,-0.22647649,-0.117683671,-0.237343458,-0.138204312,-0.126895569,-0.127080841,-0.095800478,-0.357408098,-0.190749795,-0.205364399,-0.112523088,-0.110582073,-0.068291644,-0.132713078,-0.146294863,-0.121793854,-0.262772247,-0.12619813,-0.19553799,-0.488353547,-0.475655131,-0.10921869,-0.159569877,-0.195307925,-0.19255991,-0.189402319,-0.124727662,-0.200075035,-0.332884107,-0.243821637,-0.237588017,-0.222493043,-0.084564295,1.378464958,5.495869837,-0.193196458,-0.235560672,-0.122939669,-0.178535857,-0.14416996,-0.279157922,-0.09729191,-0.134446813,-0.190354029,-0.183378896,-0.249964115,-0.129789164,-0.234621665,-0.079157353,-0.071834471,-0.45707922,-0.20793647,-0.134967248,-0.348951836,-0.132231389,-0.156198835,-0.128607861,-0.174589471,-0.244087344
1992/04/07,-0.082659443,-0.130485729,-0.165848098,-0.157006422,-0.113390341,0.288105911,-0.091110617,-0.134672834,-0.136274211,-0.233279447,-0.198122883,-0.191737994,-0.194892727,-0.122599122,-0.15866319,-0.170503902,-0.340562059,-0.139782736,-0.124788757,-0.171017742,-0.197529694,-0.099590588,-0.083501058,-0.181840622,-0.174510259,-0.267696748,-0.237593927,-0.212280715,-0.170086079,-0.235926842,-0.340060754,-0.214293457,-0.155748504,-0.088868321,-0.178347691,-0.195397044,-0.132023669,-0.194382489,-0.231859742,-0.060276398,-0.22647649,-0.117683671,-0.237343458,-0.138204312,-0.126895569,-0.127080841,0.030631223,-0.357408098,-0.190749795,-0.205364399,-0.112523088,-0.110582073,-0.068291644,-0.132713078,-0.146294863,-0.121793854,-0.262772247,-0.12619813,1.129303173,-0.488353547,-0.475655131,-0.10921869,-0.159569877,-0.195307925,-0.19255991,-0.189402319,-0.124727662,-0.200075035,-0.332884107,-0.243821637,-0.237588017,-0.222493043,-0.084564295,-0.071611745,1.635721894,-0.193196458,-0.235560672,-0.122939669,-0.178535857,-0.14416996,-0.279157922,-0.09729191,-0.134446813,-0.190354029,-0.183378896,-0.249964115,-0.129789164,-0.234621665,-0.079157353,-0.071834471,-0.45707922,-0.20793647,-0.134967248,-0.393355172,-0.132231389,-0.156198835,-0.128607861,-0.174589471,-0.244087344
1992/04/21,-0.082659443,-0.130485729,-0.165848098,-0.157006422,-0.113390341,-0.492117464,-0.091110617,-0.097806302,-0.136274211,-0.233279447,-0.198122883,-0.191737994,-0.194892727,-0.122599122,-0.15866319,-0.170503902,-0.340562059,-0.139782736,-0.124788757,-0.171017742,-0.197529694,-0.099590588,-0.083501058,-0.181840622,-0.174510259,-0.267696748,-0.237593927,-0.218001746,-0.170086079,1.123537872,-0.340060754,2.467508261,-0.155748504,-0.02311629,-0.178347691,-0.195397044,-0.132023669,-0.194382489,-0.231859742,-0.060276398,-0.22647649,-0.117683671,-0.237343458,-0.138204312,-0.126895569,-0.127080841,0.199206824,-0.357408098,-0.190749795,-0.205364399,-0.112523088,-0.110582073,-0.068291644,-0.131351096,-0.146294863,-0.121793854,-0.262772247,-0.12619813,-0.19553799,-0.488353547,-0.475655131,-0.10921869,-0.159569877,-0.195307925,-0.19255991,-0.189402319,-0.124727662,-0.200075035,1.815677422,-0.243821637,-0.237588017,-0.222493043,-0.084564295,15.54778588,4.443102216,-0.193196458,-0.235560672,-0.122939669,-0.178535857,-0.14416996,-0.279157922,-0.09729191,-0.134446813,-0.190354029,-0.183378896,-0.248265571,-0.129789164,-0.234621665,-0.079157353,-0.071834471,-0.043679804,-0.20793647,-0.134967248,-0.372118794,-0.132231389,-0.156198835,-0.128607861,-0.174589471,-0.244087344
1992/05/07,-0.082659443,-0.130485729,-0.165848098,-0.157006422,-0.113390341,-0.492117464,-0.091110617,-0.134672834,-0.136274211,-0.233279447,15.42729317,-0.191737994,-0.194892727,-0.122599122,-0.15866319,-0.170503902,-0.338307437,-0.139782736,-0.124788757,-0.171017742,-0.197529694,-0.099590588,-0.083501058,-0.181840622,-0.174510259,1.765319625,-0.237593927,-0.218001746,-0.170086079,-0.235926842,-0.340060754,-0.214293457,-0.155748504,0.009759726,-0.178347691,-0.195397044,-0.132023669,-0.194382489,-0.231859742,-0.060276398,-0.22647649,-0.117683671,-0.237343458,-0.138204312,-0.126895569,-0.127080841,0.072775123,-0.357408098,-0.190749795,-0.205364399,-0.112523088,-0.110582073,-0.068291644,-0.124541191,-0.146294863,-0.121793854,-0.262772247,-0.12619813,-0.19553799,-0.488353547,-0.475655131,-0.10921869,-0.159569877,-0.195307925,-0.19255991,-0.189402319,-0.124727662,-0.200075035,-0.332884107,-0.243821637,-0.237588017,-0.222493043,0.60730661,15.25777054,2.337566975,-0.193196458,-0.235560672,-0.122939669,-0.178535857,-0.14416996,-0.279157922,-0.09729191,-0.134446813,-0.190354029,-0.183378896,-0.249964115,-0.129789164,-0.234621665,-0.079157353,-0.071834471,-0.291719453,-0.20793647,-0.134967248,-0.296826182,-0.132231389,-0.156198835,-0.128607861,-0.174589471,-0.244087344
1992/05/21,-0.082659443,-0.130485729,-0.165848098,-0.157006422,-0.113390341,-0.492117464,-0.091110617,-0.134672834,-0.136274211,-0.233279447,7.614585142,-0.191737994,-0.194892727,-0.122599122,-0.15866319,-0.170503902,-0.340562059,-0.139782736,-0.124788757,-0.171017742,-0.197529694,-0.099590588,-0.083501058,-0.181840622,-0.174510259,1.087647501,-0.237593927,-0.218001746,-0.170086079,0.217228063,-0.340060754,2.467508261,-0.155748504,-0.088868321,-0.178347691,-0.195397044,-0.132023669,-0.194382489,0.604447548,-0.060276398,-0.22647649,-0.117683671,-0.237343458,-0.138204312,-0.126895569,-0.127080841,0.030631223,0.128012968,-0.190749795,-0.205364399,-0.112523088,-0.110582073,-0.068291644,-0.132713078,-0.146294863,-0.121793854,-0.262772247,-0.12619813,-0.19553799,-0.488353547,-0.475655131,-0.10921869,-0.159569877,-0.195307925,-0.19255991,-0.189402319,-0.124727662,-0.200075035,1.278537039,-0.243821637,-0.237588017,-0.222493043,-0.084564295,11.55662239,1.284799354,-0.193196458,-0.235560672,-0.122939669,-0.178535857,-0.14416996,-0.279157922,-0.09729191,-0.134446813,-0.190354029,-0.183378896,-0.249964115,-0.129789164,-0.234621665,-0.079157353,-0.071834471,-0.126359687,-0.20793647,-0.134967248,-0.389494012,-0.132231389,-0.156198835,-0.128607861,7.133980341,-0.244087344
1992/06/07,-0.082659443,-0.130485729,-0.156676375,-0.157006422,-0.113390341,-0.011980003,-0.091110617,-0.134672834,-0.136274211,0.841833748,-0.198122883,-0.191737994,0.03647177,-0.122599122,-0.15866319,-0.170503902,-0.336009457,-0.139782736,-0.124788757,0.27103569,-0.197529694,-0.075642012,-0.083501058,-0.008202578,-0.174510259,-0.215568123,-0.22050181,-0.218001746,-0.131913533,-0.166210703,-0.340060754,0.198291423,-0.155748504,-0.08254601,-0.178347691,-0.195397044,-0.132023669,-0.194382489,-0.167528412,-0.060276398,-0.091534321,-0.117683671,-0.144370456,-0.138204312,-0.126895569,-0.127080841,-0.087695882,-0.264057893,-0.190749795,-0.205364399,-0.112523088,-0.104354491,-0.068291644,-0.129150973,-0.141145424,-0.121793854,-0.206817129,-0.12619813,-0.093627132,-0.404015321,-0.061849241,-0.10921869,-0.159569877,-0.184698895,-0.19255991,-0.146643438,-0.124727662,-0.200075035,-0.00233618,-0.060793707,-0.190797959,-0.053573983,-0.084564295,-0.124728108,-0.415825264,-0.166681918,-0.234379781,-0.122939669,-0.178535857,-0.14416996,-0.270451679,-0.09729191,-0.134446813,-0.030098895,-0.081730593,-0.245260455,-0.129789164,-0.234621665,-0.079157353,-0.071834471,0.426959531,-0.162145682,-0.134967248,-0.367069585,-0.132231389,-0.119201136,-0.128607861,0.106509368,-0.244087344
1992/06/21,-0.072948478,-0.130485729,-0.159460648,-0.134107747,-0.094453734,-0.231114169,-0.091110617,-0.129406187,-0.136274211,0.5154601,-0.198122883,0.400214797,-0.141183111,-0.122599122,-0.15866319,-0.170503902,-0.334726883,-0.139782736,-0.124788757,0.239460444,-0.197529694,0.078313119,-0.083501058,-0.101222959,-0.174510259,-0.219291596,-0.21378705,-0.218001746,-0.134640143,-0.187158743,-0.340060754,0.551935605,0.769837479,-0.081823461,-0.145863517,-0.195397044,-0.132023669,-0.194382489,-0.231859742,-0.058424015,-0.104514472,-0.117683671,-0.04869189,0.013064201,-0.126895569,-0.127080841,-0.076233668,-0.100828392,-0.190749795,-0.205364399,-0.112523088,-0.110582073,-0.067965571,-0.132713078,-0.14388319,-0.121793854,-0.210813924,-0.118714312,-0.077248601,-0.406583716,-0.156525524,-0.10921869,-0.159569877,-0.188567602,-0.19255991,-0.189402319,-0.124727662,0.216605468,-0.102681086,-0.243821637,-0.203734853,0.138269807,-0.084564295,-0.123893422,-0.194088494,-0.012645065,-0.232271047,-0.122939669,-0.17802453,-0.135884151,-0.275115738,-0.09729191,-0.129086892,-0.175473195,0.005396524,-0.24221552,-0.129789164,-0.182476041,-0.078764456,-0.071834471,-0.076358044,-0.144156444,-0.134967248,-0.380475447,-0.132231389,0.336222912,-0.128607861,-0.174589471,-0.192325983
1992/07/07,-0.082659443,-0.130485729,-0.165848098,-0.148786385,-0.074060464,0.018028589,-0.013780871,-0.117657512,-0.136274211,-0.233279447,-0.198122883,-0.191737994,-0.194892727,-0.122599122,-0.15866319,-0.170503902,-0.3382424,-0.138293785,-0.124788757,-0.171017742,0.308556934,-0.099590588,-0.083501058,0.035206933,-0.174510259,0.097203627,-0.18346889,-0.218001746,-0.074654714,-0.126704891,-0.267527163,0.610876302,-0.155748504,-0.080438573,-0.178347691,-0.116393459,-0.132023669,-0.194382489,-0.135362747,-0.058780242,-0.205110646,-0.117683671,-0.080666732,-0.138204312,-0.126895569,-0.127080841,-0.086074963,-0.26094622,0.27176429,-0.205364399,-0.112523088,-0.110582073,-0.067940488,-0.130827258,-0.145575918,-0.121793854,-0.220805909,-0.125786931,-0.093627132,-0.381926738,-0.011573759,-0.10921869,-0.159569877,-0.191957705,-0.19255991,-0.189402319,0.055590659,0.398235432,-0.084973161,0.579804047,-0.025692416,-0.194339867,-0.084564295,-0.124728108,-0.456316326,-0.193196458,-0.235560672,-0.122939669,-0.17578256,-0.143178496,-0.270451679,-0.09729191,-0.128674591,-0.190354029,-0.183378896,-0.243953883,-0.129789164,-0.227602062,-0.079157353,-0.071834471,-0.304439435,-0.185041076,-0.134967248,-0.3867714,-0.120493568,-0.113034853,0.349616732,-0.174589471,-0.244087344
1992/07/21,-0.082659443,-0.130485729,-0.150944049,-0.157006422,0.324856868,0.524959435,-0.091110617,-0.134672834,-0.136274211,0.016300402,-0.012106025,-0.191737994,-0.194892727,-0.122599122,-0.158149818,-0.170503902,-0.33293258,-0.127339356,-0.108153991,-0.171017742,0.205273949,0.078313119,-0.068778092,-0.020605295,-0.174510259,0.234506701,-0.184689755,-0.217729316,-0.143501627,-0.119940765,0.468170686,0.36037834,0.214485889,-0.087107106,-0.178347691,-0.195397044,-0.132023669,-0.194382489,-0.14225539,-0.060276398,-0.190799815,-0.117683671,-0.128628995,-0.119295748,-0.122519527,-0.127080841,-0.089779921,-0.212937543,-0.147802059,0.788567455,-0.112523088,-0.110582073,-0.068291644,-0.132583365,-0.142527145,-0.033643604,-0.175092577,-0.118561581,-0.065419662,-0.330233717,-0.085720887,-0.10921869,-0.09556973,-0.183166702,-0.151394273,-0.189402319,0.444563037,-0.200075035,0.10833835,0.096087375,-0.2033049,0.012787076,-0.084564295,-0.126852763,-0.428036854,-0.162420652,-0.233550345,-0.017989237,-0.178216278,-0.141408024,-0.251873179,-0.09729191,-0.132915407,-0.190354029,-0.136185041,-0.191384579,-0.129789164,-0.182476041,-0.078666232,-0.061616162,0.25554263,0.174743685,-0.134967248,-0.285012872,-0.132231389,-0.041682149,-0.128607861,-0.174589471,0.144122863
1992/08/07,-0.082659443,0.719822573,-0.165848098,-0.149373531,-0.089043274,-0.113616244,-0.091110617,-0.134672834,-0.12137918,-0.066892881,-0.074111644,0.2028972,-0.020336477,-0.122599122,-0.15866319,-0.170503902,-0.330622935,-0.029635777,-0.074884458,-0.171017742,0.138140008,0.067194138,-0.077611872,-0.149593557,-0.174510259,-0.158785157,-0.219606508,-0.217933638,0.184373275,-0.13882222,0.198760206,-0.214293457,0.307044487,-0.087694178,-0.178347691,-0.011995865,-0.132023669,-0.194382489,-0.201991625,-0.060276398,0.054829739,-0.117683671,-0.142378177,-0.138204312,-0.125436888,-0.123327846,-0.081050113,-0.293263172,-0.018958849,0.457256837,-0.112523088,-0.110582073,-0.068291644,-0.130232326,-0.145456201,-0.121793854,-0.204319133,-0.115888789,-0.091443327,-0.228711339,-0.263779886,-0.10921869,-0.159569877,-0.185931962,-0.09376238,-0.169549981,-0.124727662,0.262903302,-0.025946746,0.096087375,-0.153362432,-0.149294784,-0.084564295,-0.126852763,-0.409655197,-0.143955169,-0.235560672,-0.122939669,-0.176746214,-0.143203282,-0.254904817,-0.09729191,-0.131766853,-0.190354029,-0.183378896,-0.239388658,-0.129789164,-0.143366823,-0.079157353,-0.056507008,-0.245654947,-0.144156444,-0.134967248,-0.363711579,0.070497545,-0.087488823,-0.128607861,-0.044079295,-0.114683942
1992/08/21,-0.082659443,-0.130485729,-0.165848098,-0.157006422,-0.113390341,-0.297061621,-0.091110617,-0.134672834,-0.136274211,-0.233279447,10.21882115,2.570708366,0.933009196,0.215433421,-0.151475981,-0.170503902,-0.336616471,-0.139782736,-0.124788757,-0.171017742,-0.197529694,-0.099590588,-0.083501058,-0.181840622,-0.174510259,-0.267696748,-0.237593927,-0.218001746,-0.170086079,0.307859044,-0.340060754,5.149309978,-0.155748504,0.404271915,-0.178347691,-0.195397044,-0.132023669,-0.194382489,-0.231859742,-0.060276398,-0.22647649,-0.117683671,-0.237343458,-0.138204312,-0.126895569,-0.127080841,-0.095800478,-0.357408098,-0.190749795,-0.205364399,-0.112523088,-0.110582073,-0.068291644,-0.131351096,-0.146294863,-0.121793854,-0.262772247,-0.115506961,0.135672301,-0.488353547,-0.475655131,-0.10921869,-0.159569877,-0.195307925,0.268495229,-0.189402319,-0.124727662,-0.200075035,1.815677422,-0.243821637,-0.218579556,-0.222493043,-0.084564295,-0.057801491,1.284799354,-0.193196458,-0.235560672,-0.122939669,-0.178535857,-0.14416996,-0.279157922,-0.09729191,-0.134446813,-0.190354029,-0.183378896,-0.249964115,-0.129789164,-0.234621665,-0.079157353,-0.071834471,0.039000079,-0.20793647,-0.134967248,-0.40493865,-0.132231389,-0.156198835,-0.128607861,-0.174589471,-0.244087344
1992/09/07,-0.03167688,0.086520036,-0.139766012,0.240380998,-0.113390341,-0.047146321,-0.08063888,-0.134672834,-0.136274211,-0.233279447,-0.116740508,-0.191737994,0.098831732,-0.122599122,-0.15866319,-0.170503902,0.001080667,0.976837827,-0.008345392,-0.081225639,-0.197529694,-0.050945043,-0.077059761,-0.181840622,-0.046606486,1.151179263,-0.134596118,-0.214664478,0.186588645,-0.165121388,-0.340060754,0.065060889,-0.155748504,-0.088868321,0.205371614,-0.174000239,-0.132023669,-0.194382489,-0.105542495,-0.060276398,0.391774176,0.206593036,0.160643404,0.258875533,-0.109026733,-0.127080841,-0.079447767,-0.273976353,-0.115591256,-0.132890201,-0.112523088,-0.110582073,-0.068291644,-0.124328381,-0.137985439,1.343704058,0.048842383,-0.103924862,0.146022622,0.396133136,0.004842314,-0.10921869,-0.103569749,-0.174495557,0.028362344,-0.189402319,0.080384428,-0.017777315,0.96520515,-0.243821637,-0.111755965,-0.085246307,-0.081861675,-0.126421192,-0.400359927,-0.166267628,-0.233401855,0.313260562,-0.163435745,-0.127857272,-0.270684072,-0.09729191,-0.130426873,-0.190354029,-0.121436962,-0.226573753,-0.050204239,0.321462533,-0.078727622,-0.049481921,-0.327030653,0.015293621,-0.134967248,-0.237028484,-0.065472533,-0.13114831,-0.076800197,-0.060393067,-0.111988037
1992/09/21,-0.082659443,-0.130485729,-0.165848098,-0.157006422,-0.113390341,-0.492117464,-0.091110617,-0.134672834,-0.136274211,-0.233279447,-0.198122883,-0.191737994,-0.194892727,-0.038090986,-0.133507956,-0.138202376,-0.336616471,-0.139782736,-0.124788757,-0.171017742,-0.197529694,-0.099590588,-0.083501058,-0.181840622,-0.174510259,0.409975376,-0.237593927,-0.218001746,-0.170086079,0.307859044,-0.340060754,-0.214293457,-0.155748504,0.897412151,-0.178347691,-0.195397044,-0.132023669,-0.194382489,-0.231859742,-0.060276398,-0.22647649,-0.117683671,-0.237343458,-0.138204312,-0.126895569,-0.127080841,-0.095800478,-0.357408098,-0.190749795,-0.205364399,-0.112523088,-0.110582073,-0.068291644,-0.132713078,-0.145944377,-0.121793854,-0.080918116,-0.12619813,-0.19553799,-0.488353547,-0.475655131,-0.10921869,-0.159569877,-0.195307925,-0.19255991,-0.189402319,-0.124727662,-0.200075035,1.278537039,-0.243821637,-0.237588017,-0.222493043,-0.084564295,-0.085422,0.933876814,-0.193196458,-0.235560672,-0.122939669,-0.178535857,-0.134503182,-0.265010277,0.039389874,-0.134446813,-0.190354029,-0.183378896,-0.249964115,-0.129789164,-0.234621665,-0.079157353,-0.071834471,-0.126359687,-0.20793647,-0.134967248,-0.40493865,-0.132231389,-0.156198835,-0.128607861,-0.174589471,-0.244087344
1992/10/07,-0.082659443,-0.130485729,-0.165848098,-0.157006422,-0.113390341,-0.492117464,-0.091110617,-0.134672834,-0.136274211,-0.233279447,-0.198122883,-0.191737994,-0.194892727,-0.122599122,0.143199617,-0.155595506,-0.330416261,-0.139782736,-0.124788757,-0.171017742,-0.197529694,-0.099590588,-0.083501058,-0.181840622,-0.174510259,-0.267696748,-0.237593927,-0.218001746,-0.170086079,-0.235926842,-0.340060754,-0.214293457,-0.155748504,0.239891836,-0.178347691,-0.195397044,-0.132023669,-0.194382489,-0.231859742,-0.060276398,-0.22647649,-0.117683671,-0.237343458,-0.138204312,-0.126895569,-0.127080841,-0.095800478,-0.357408098,-0.190749795,-0.205364399,-0.112523088,-0.110582073,-0.068291644,-0.132713078,-0.145593892,-0.121793854,-0.262772247,-0.12619813,-0.19553799,-0.488353547,-0.475655131,-0.10921869,-0.159569877,-0.195307925,-0.19255991,-0.189402319,-0.124727662,-0.200075035,-0.332884107,-0.243821637,-0.237588017,-0.222493043,-0.084564295,-0.043991237,0.232031734,-0.193196458,-0.235560672,-0.122939669,-0.178535857,-0.14416996,-0.165976769,1.816253066,-0.134446813,-0.190354029,-0.183378896,-0.249964115,-0.129789164,-0.234621665,-0.079157353,-0.071834471,-0.45707922,-0.20793647,-0.134967248,-0.40493865,-0.132231389,-0.156198835,-0.128607861,-0.174589471,-0.244087344
1992/10/21,-0.082659443,-0.130485729,-0.165848098,-0.157006422,-0.113390341,-0.492117464,-0.091110617,-0.134672834,-0.136274211,-0.233279447,-0.198122883,-0.191737994,-0.194892727,-0.122599122,-0.04726144,-0.170503902,-0.240795044,-0.139782736,-0.124788757,-0.171017742,-0.197529694,-0.099590588,-0.083501058,0.946806668,-0.174510259,-0.267696748,-0.237593927,-0.218001746,-0.170086079,0.035966101,-0.340060754,-0.214293457,-0.155748504,-0.039554297,-0.178347691,-0.195397044,-0.132023669,-0.194382489,-0.231859742,-0.060276398,-0.22647649,-0.117683671,-0.237343458,-0.138204312,-0.126895569,-0.127080841,-0.095800478,-0.357408098,7.024469939,-0.205364399,-0.112523088,-0.110582073,-0.068291644,-0.132713078,-0.146294863,-0.121793854,-0.262772247,-0.12619813,-0.19553799,-0.488353547,-0.475655131,-0.10921869,-0.159569877,-0.195307925,-0.19255991,-0.189402319,-0.124727662,-0.200075035,-0.332884107,-0.243821637,-0.237588017,-0.222493043,-0.084564295,-0.126852763,1.284799354,-0.193196458,-0.235560672,-0.122939669,-0.178535857,-0.076502515,0.399928996,23.54865673,-0.059407929,-0.190354029,-0.183378896,-0.249964115,-0.129789164,-0.234621665,-0.079157353,-0.071834471,-0.45707922,-0.20793647,-0.134967248,-0.40493865,-0.132231389,-0.156198835,-0.128607861,-0.174589471,-0.244087344
1992/11/07,-0.082659443,-0.130485729,-0.165848098,-0.157006422,-0.113390341,-0.492117464,-0.091110617,-0.134672834,-0.136274211,-0.233279447,-0.198122883,-0.191737994,-0.194892727,-0.122599122,2.86715209,-0.170503902,0.358370704,-0.139782736,-0.124788757,-0.171017742,-0.197529694,-0.099590588,-0.083501058,-0.181840622,-0.174510259,-0.267696748,-0.237593927,-0.218001746,-0.170086079,-0.235926842,-0.340060754,-0.214293457,-0.155748504,-0.088868321,-0.178347691,-0.195397044,-0.132023669,-0.194382489,-0.231859742,-0.060276398,-0.22647649,-0.117683671,-0.237343458,-0.138204312,-0.126895569,-0.127080841,-0.095800478,-0.357408098,-0.190749795,-0.205364399,-0.112523088,-0.110582073,-0.068291644,-0.132713078,-0.146294863,-0.121793854,-0.262772247,-0.12619813,-0.19553799,-0.488353547,-0.475655131,-0.10921869,-0.159569877,-0.195307925,-0.19255991,-0.189402319,-0.124727662,-0.200075035,-0.332884107,-0.243821637,-0.237588017,-0.222493043,-0.084564295,-0.126852763,2.337566975,-0.193196458,-0.235560672,-0.122939669,-0.178535857,-0.066835737,-0.109386192,-0.09729191,-0.134446813,-0.190354029,-0.183378896,-0.249964115,-0.129789164,-0.234621665,-0.079157353,-0.071834471,-0.45707922,-0.20793647,-0.134967248,-0.40493865,-0.132231389,-0.156198835,-0.128607861,-0.174589471,-0.244087344
1992/11/21,-0.082659443,-0.130485729,-0.165848098,-0.157006422,-0.113390341,-0.492117464,-0.091110617,-0.134672834,-0.136274211,-0.233279447,-0.198122883,-0.191737994,-0.194892727,-0.122599122,5.102374305,-0.170006956,-0.26728685,-0.139782736,-0.124788757,-0.171017742,-0.197529694,-0.099590588,-0.083501058,-0.181840622,-0.174510259,-0.267696748,-0.237593927,-0.218001746,-0.170086079,-0.235926842,-0.340060754,-0.214293457,-0.155748504,-0.072430313,-0.178347691,-0.195397044,-0.132023669,-0.194382489,-0.231859742,-0.060276398,-0.22647649,-0.117683671,-0.237343458,-0.138204312,-0.126895569,-0.127080841,-0.095800478,-0.357408098,-0.190749795,4.432984254,-0.112523088,-0.110582073,-0.068291644,-0.132713078,-0.145944377,-0.121793854,-0.262772247,-0.12619813,-0.19553799,-0.488353547,-0.475655131,0.064168043,-0.159569877,-0.195307925,-0.19255991,-0.189402319,-0.124727662,-0.200075035,-0.332884107,-0.243821637,-0.237588017,-0.222493043,-0.084564295,-0.126852763,-0.469813347,-0.193196458,-0.235560672,-0.122939669,-0.178535857,0.165166933,-0.236714989,-0.09729191,0.015630954,-0.190354029,-0.183378896,-0.249964115,-0.129789164,-0.234621665,-0.079157353,-0.071834471,-0.45707922,-0.20793647,-0.134967248,-0.40493865,-0.132231389,-0.156198835,-0.128607861,-0.174589471,-0.244087344
1992/12/07,-0.082659443,-0.130485729,-0.165848098,-0.157006422,-0.113390341,-0.492117464,-0.091110617,-0.134672834,-0.136274211,-0.233279447,-0.198122883,-0.191737994,-0.194892727,-0.122599122,5.662976661,-0.170503902,-0.278559959,-0.139782736,-0.124788757,-0.171017742,-0.197529694,-0.099590588,-0.083501058,-0.181840622,-0.174510259,-0.267696748,-0.237593927,-0.218001746,-0.170086079,-0.235926842,-0.340060754,-0.214293457,-0.155748504,-0.088868321,-0.178347691,-0.195397044,-0.132023669,-0.194382489,-0.231859742,-0.060276398,-0.22647649,-0.117683671,-0.237343458,-0.138204312,-0.126895569,-0.127080841,-0.095800478,-0.357408098,-0.190749795,-0.205364399,-0.112523088,-0.110582073,-0.068291644,-0.132713078,-0.146294863,-0.121793854,-0.262772247,-0.12619813,-0.19553799,-0.488353547,-0.475655131,1.769137583,-0.159569877,-0.195307925,-0.19255991,-0.189402319,-0.124727662,-0.200075035,-0.332884107,-0.243821637,-0.237588017,-0.222493043,-0.084564295,-0.126852763,0.933876814,-0.193196458,-0.235560672,-0.122939669,-0.178535857,-0.14416996,-0.279157922,-0.09729191,0.422984892,-0.190354029,-0.183378896,-0.249964115,-0.129789164,-0.234621665,-0.079157353,-0.071834471,-0.45707922,-0.20793647,-0.134967248,-0.40493865,-0.132231389,-0.156198835,-0.128607861,-0.174589471,-0.244087344
1992/12/21,-0.082659443,-0.130485729,-0.165848098,-0.157006422,-0.113390341,-0.492117464,-0.091110617,-0.134672834,-0.136274211,-0.233279447,-0.198122883,-0.191737994,-0.194892727,-0.122599122,-0.15866319,-0.170503902,-0.340562059,-0.139782736,-0.124788757,-0.171017742,-0.197529694,-0.099590588,-0.083501058,-0.181840622,-0.174510259,-0.267696748,-0.237593927,-0.218001746,-0.170086079,-0.235926842,-0.340060754,-0.214293457,-0.155748504,-0.088868321,-0.178347691,-0.195397044,-0.132023669,-0.194382489,-0.231859742,-0.060276398,-0.22647649,-0.117683671,-0.237343458,-0.138204312,-0.126895569,-0.127080841,-0.095800478,-0.357408098,-0.190749795,-0.205364399,-0.112523088,-0.110582073,-0.068291644,-0.132713078,-0.146294863,-0.121793854,-0.262772247,-0.12619813,-0.19553799,-0.488353547,-0.475655131,-0.10921869,-0.159569877,-0.195307925,-0.19255991,-0.189402319,-0.124727662,-0.200075035,-0.332884107,-0.243821637,-0.237588017,-0.222493043,-0.084564295,-0.126852763,-0.469813347,-0.193196458,-0.235560672,-0.122939669,-0.178535857,-0.14416996,-0.279157922,-0.09729191,-0.134446813,-0.190354029,-0.183378896,-0.249964115,-0.129789164,-0.234621665,-0.079157353,-0.071834471,-0.45707922,-0.20793647,-0.134967248,-0.40493865,-0.132231389,-0.156198835,-0.128607861,-0.174589471,-0.244087344
1993/01/07,1.12460763,-0.130485729,0.024923734,-0.090218621,-0.098241055,-0.099621761,0.851811079,0.786990465,0.239080554,0.151073521,-0.198122883,-0.122676835,-0.194892727,-0.029288055,-0.119942098,0.042350732,0.291870007,-0.139782736,0.217554735,-0.171017742,-0.103542177,-0.071570754,-0.083501058,-0.125408258,-0.174510259,-0.208400437,0.01937339,0.155543921,-0.170086079,0.763380424,0.055972652,-0.214293457,-0.155748504,-0.071608413,-0.144239308,0.864457991,0.616706222,0.806941894,1.183358039,-0.052885388,0.822385257,0.143068061,0.963247911,-0.127615516,-0.080947134,0.031712546,-0.09105929,0.222670075,-0.190749795,-0.158980912,0.109128552,0.543233305,-0.068245993,0.037057868,1.104403724,-0.097111784,0.747528478,0.141615642,0.120767837,0.212325308,-0.163416457,0.138660121,-0.114769774,0.281192605,0.084073174,0.09779483,-0.124727662,-0.200075035,-0.118027954,0.113082826,0.612913892,-0.1850806,-0.084564295,-0.124090712,0.541818354,0.117023663,0.324601637,-0.045392961,0.160646204,0.134292318,0.86209323,0.240995506,0.063632017,0.331401075,0.086412641,-0.077651576,-0.093946472,-0.135255281,0.921945027,-0.048786508,-0.34592071,-0.193054463,-0.061621944,0.054852523,-0.132231389,-0.156198835,0.064807419,0.556267511,0.553037614
1993/01/21,-0.082659443,-0.130485729,-0.165848098,-0.157006422,-0.113390341,-0.492117464,-0.091110617,-0.134672834,-0.136274211,-0.233279447,-0.198122883,-0.191737994,-0.194892727,-0.122599122,-0.15866319,-0.170503902,-0.340562059,-0.139782736,-0.124788757,-0.171017742,-0.197529694,-0.099590588,-0.083501058,-0.181840622,-0.174510259,-0.267696748,-0.237593927,-0.218001746,-0.170086079,-0.235926842,-0.340060754,-0.214293457,-0.155748504,-0.088868321,-0.178347691,-0.195397044,-0.132023669,-0.194382489,-0.231859742,-0.060276398,-0.22647649,-0.117683671,-0.237343458,-0.138204312,-0.126895569,-0.127080841,-0.095800478,-0.357408098,-0.190749795,-0.205364399,-0.112523088,-0.110582073,-0.068291644,-0.132713078,-0.146294863,-0.121793854,-0.262772247,-0.12619813,-0.19553799,-0.488353547,-0.475655131,-0.10921869,-0.159569877,-0.195307925,-0.19255991,-0.189402319,-0.124727662,-0.200075035,0.741396657,-0.243821637,-0.237588017,-0.222493043,-0.084564295,-0.126852763,-0.469813347,-0.193196458,-0.235560672,-0.122939669,-0.178535857,-0.066835737,-0.279157922,-0.09729191,-0.134446813,-0.190354029,-0.183378896,-0.249964115,-0.129789164,-0.234621665,-0.079157353,-0.071834471,-0.291719453,-0.20793647,-0.134967248,-0.40493865,-0.132231389,-0.156198835,-0.128607861,-0.174589471,-0.244087344
1993/02/07,0.377581407,-0.003993585,0.411169123,-0.137577244,-0.020428812,0.674187519,-0.091110617,-0.014323412,0.475776126,0.107056711,-0.164301636,0.687222211,-0.058177342,-0.034482512,-0.097274916,0.879725998,0.917231094,-0.139782736,-0.12093939,0.351409041,-0.197529694,-0.099590588,0.114954793,0.814220593,-0.123771572,-0.210090617,0.383767753,0.718058211,-0.170086079,-8.75E-04,0.349051177,-0.192129806,-0.155748504,0.255165404,0.069713274,-0.191153049,0.4416295,0.342564751,0.451157457,1.092579814,0.321544847,-0.117683671,-0.184228225,-0.138204312,0.401785684,-0.098421607,0.737586445,0.254812744,-0.190749795,-0.061613924,1.244685177,-0.03709489,-0.064349124,0.919722851,-0.109334383,-0.121793854,0.090952287,0.013803164,-0.117525649,0.147105776,0.337893577,0.124590692,0.492067981,0.660060311,0.343341843,0.039637872,0.971233043,0.035623028,-0.093168565,-0.243821637,0.466168273,-0.222493043,0.286387151,-0.124341807,0.936984156,-0.146193409,0.510495587,0.845466586,0.117373242,-0.045989964,0.737249254,-0.06001506,0.031565168,0.609828992,1.274560194,0.458705609,-0.045132436,0.354386866,-0.077225337,0.084818111,-0.094927665,-0.180878277,-0.032208774,0.647652315,1.038418756,0.58711856,-0.128607861,-0.008485611,0.002955515
1993/02/21,-0.082659443,-0.130485729,14.73820126,-0.157006422,-0.113390341,-0.492117464,-0.091110617,-0.134672834,-0.136274211,-0.233279447,-0.198122883,-0.191737994,-0.194892727,3.004201899,17.52187265,7.840274621,2.162068157,-0.139782736,-0.124788757,-0.171017742,-0.197529694,-0.099590588,-0.083501058,-0.181840622,-0.174510259,-0.267696748,-0.237593927,-0.218001746,-0.170086079,-0.235926842,-0.340060754,-0.214293457,-0.155748504,0.535775978,-0.178347691,-0.195397044,-0.132023669,-0.194382489,-0.231859742,-0.060276398,-0.22647649,-0.117683671,-0.237343458,-0.138204312,-0.126895569,-0.127080841,-0.095800478,-0.357408098,-0.190749795,-0.205364399,-0.112523088,-0.110582073,-0.068291644,-0.132713078,-0.146294863,-0.121793854,-0.262772247,-0.12619813,-0.19553799,-0.488353547,-0.475655131,12.43242166,-0.159569877,-0.195307925,-0.19255991,-0.189402319,-0.124727662,-0.200075035,-0.332884107,-0.243821637,-0.237588017,-0.222493043,-0.084564295,-0.126852763,-0.469813347,-0.193196458,-0.235560672,-0.122939669,-0.178535857,-0.14416996,-0.279157922,-0.09729191,-0.134446813,2.517957735,-0.183378896,-0.154845669,-0.129789164,-0.234621665,-0.079157353,-0.071834471,1.196518443,-0.20793647,-0.134967248,-0.40493865,-0.132231389,-0.156198835,-0.128607861,-0.174589471,-0.244087344
1993/03/07,-0.082659443,-0.130485729,0.638970567,-0.157006422,-0.113390341,-0.492117464,-0.091110617,-0.134672834,-0.136274211,-0.233279447,-0.198122883,-0.191737994,-0.194892727,-0.122599122,0.793642094,-0.169510009,-0.293215001,-0.139782736,-0.124788757,-0.171017742,-0.197529694,-0.099590588,-0.083501058,-0.181840622,-0.174510259,0.071139314,-0.237593927,-0.218001746,-0.170086079,-0.235926842,-0.340060754,-0.214293457,-0.155748504,1.111106253,-0.178347691,-0.195397044,-0.132023669,-0.194382489,-0.231859742,-0.060276398,-0.22647649,-0.117683671,-0.237343458,-0.138204312,-0.126895569,-0.127080841,-0.095800478,-0.357408098,-0.190749795,-0.205364399,-0.112523088,-0.110582073,-0.068291644,-0.132713078,-0.146294863,-0.121793854,-0.262772247,-0.12619813,-0.19553799,-0.488353547,-0.475655131,-0.094769795,-0.159569877,-0.195307925,-0.19255991,-0.189402319,-0.124727662,-0.200075035,-0.332884107,-0.243821637,-0.237588017,-0.222493043,-0.084564295,-0.126852763,-0.469813347,-0.193196458,-0.235560672,-0.122939669,-0.178535857,-0.14416996,-0.265010277,-0.09729191,-0.134446813,5.955430359,-0.183378896,-0.249964115,-0.129789164,-0.234621665,-0.079157353,-0.071834471,-0.45707922,-0.20793647,-0.134967248,-0.40493865,-0.132231389,-0.156198835,-0.128607861,-0.174589471,-0.244087344
1993/03/21,-0.082659443,-0.130485729,-0.165848098,-0.157006422,-0.113390341,-0.492117464,-0.091110617,-0.134672834,-0.136274211,-0.233279447,-0.198122883,-0.191737994,-0.194892727,-0.122599122,-0.15866319,-0.170503902,-0.340562059,-0.139782736,-0.124788757,-0.171017742,-0.197529694,-0.099590588,-0.083501058,-0.181840622,-0.174510259,-0.267696748,-0.237593927,-0.218001746,-0.170086079,-0.235926842,-0.340060754,-0.214293457,-0.155748504,-0.088868321,-0.178347691,-0.195397044,-0.132023669,-0.194382489,-0.231859742,-0.060276398,-0.22647649,-0.117683671,-0.237343458,-0.138204312,-0.126895569,-0.127080841,-0.095800478,-0.357408098,-0.190749795,-0.205364399,-0.112523088,-0.110582073,-0.068291644,-0.132713078,-0.146294863,-0.121793854,-0.262772247,-0.12619813,1.460513464,-0.488353547,-0.475655131,-0.10921869,-0.159569877,-0.195307925,-0.19255991,-0.189402319,-0.124727662,-0.200075035,3.96423895,-0.243821637,-0.237588017,-0.222493043,-0.084564295,-0.126852763,-0.469813347,-0.193196458,-0.235560672,-0.122939669,-0.178535857,-0.14416996,-0.279157922,-0.09729191,-0.134446813,-0.190354029,-0.183378896,-0.249964115,-0.129789164,-0.234621665,-0.079157353,-0.071834471,-0.45707922,-0.20793647,-0.134967248,-0.40493865,-0.132231389,-0.156198835,-0.128607861,-0.174589471,-0.244087344
1993/04/07,-0.082659443,-0.130485729,-0.165848098,-0.157006422,-0.113390341,-0.492117464,-0.091110617,-0.134672834,-0.136274211,-0.233279447,-0.198122883,-0.191737994,-0.194892727,-0.122599122,-0.15866319,-0.170503902,-0.340562059,-0.139782736,-0.124788757,-0.171017742,-0.197529694,-0.099590588,-0.083501058,-0.181840622,-0.174510259,-0.267696748,-0.237593927,-0.218001746,-0.170086079,-0.235926842,-0.340060754,-0.214293457,-0.155748504,-0.088868321,-0.178347691,-0.195397044,-0.132023669,-0.194382489,-0.231859742,-0.060276398,-0.22647649,-0.117683671,-0.237343458,-0.138204312,-0.126895569,-0.127080841,-0.095800478,-0.357408098,19.04983616,-0.205364399,-0.112523088,-0.110582073,-0.068291644,-0.132713078,-0.146294863,-0.121793854,-0.262772247,-0.12619813,-0.19553799,-0.488353547,-0.475655131,-0.10921869,-0.159569877,-0.188049115,-0.19255991,-0.189402319,-0.124727662,-0.200075035,3.96423895,-0.243821637,-0.237588017,-0.222493043,-0.084564295,-0.126852763,-0.469813347,-0.193196458,-0.235560672,-0.122939669,-0.178535857,-0.14416996,-0.279157922,-0.09729191,-0.134446813,-0.190354029,-0.183378896,-0.249964115,-0.129789164,-0.234621665,-0.079157353,-0.071834471,-0.45707922,-0.20793647,-0.134967248,-0.40493865,-0.132231389,-0.156198835,-0.128607861,-0.174589471,-0.244087344
1993/04/21,-0.082659443,-0.130485729,-0.165848098,-0.157006422,-0.113390341,-0.492117464,0.160211059,-0.134672834,-0.136274211,5.007897377,5.010349134,-0.191737994,-0.194892727,-0.122599122,-0.15866319,-0.170503902,-0.338871093,-0.139782736,-0.124788757,-0.171017742,-0.197529694,-0.099590588,-0.083501058,-0.181840622,-0.174510259,-0.267696748,-0.237593927,-0.216094735,-0.170086079,0.307859044,-0.340060754,-0.214293457,-0.155748504,-0.088868321,-0.178347691,-0.195397044,-0.132023669,-0.194382489,-0.231859742,-0.060276398,-0.22647649,-0.117683671,-0.237343458,-0.138204312,-0.126895569,-0.127080841,-0.095800478,-0.357408098,-0.190749795,-0.205364399,-0.112523088,-0.110582073,-0.068291644,-0.127265153,-0.146294863,-0.121793854,-0.080918116,-0.12619813,1.129303173,-0.488353547,-0.475655131,-0.10921869,-0.159569877,-0.195307925,-0.19255991,-0.189402319,-0.124727662,-0.200075035,-0.332884107,-0.243821637,-0.218579556,-0.222493043,-0.084564295,-0.126852763,-0.469813347,-0.193196458,-0.235560672,-0.122939669,-0.178535857,-0.14416996,-0.279157922,-0.09729191,-0.102287291,-0.190354029,-0.183378896,-0.249964115,-0.129789164,-0.234621665,-0.079157353,-0.071834471,-0.45707922,-0.20793647,-0.134967248,-0.399146911,-0.132231389,-0.156198835,-0.128607861,-0.174589471,-0.244087344
1993/05/07,-0.082659443,-0.130485729,-0.165848098,-0.157006422,-0.113390341,-0.492117464,0.411532735,-0.134672834,-0.136274211,3.260838436,5.010349134,-0.191737994,-0.194892727,-0.122599122,-0.15866319,-0.170503902,-0.340562059,-0.139782736,-0.124788757,-0.171017742,-0.197529694,-0.099590588,-0.083501058,-0.181840622,-0.174510259,-0.267696748,-0.237593927,-0.218001746,-0.170086079,0.307859044,-0.340060754,-0.214293457,-0.155748504,-0.088868321,-0.178347691,-0.195397044,-0.132023669,-0.194382489,-0.231859742,-0.060276398,-0.22647649,-0.117683671,-0.237343458,-0.138204312,-0.126895569,-0.127080841,-0.095800478,-0.357408098,-0.190749795,-0.205364399,-0.112523088,-0.110582073,-0.068291644,-0.129989115,-0.146294863,-0.121793854,-0.262772247,-0.12619813,1.791723754,-0.488353547,-0.475655131,-0.10921869,-0.159569877,-0.195307925,-0.19255991,-0.189402319,-0.124727662,-0.200075035,2.889958186,-0.243821637,-0.199571095,-0.222493043,-0.084564295,-0.099232254,-0.469813347,-0.193196458,-0.235560672,-0.122939669,-0.178535857,-0.14416996,-0.279157922,-0.09729191,-0.07012777,-0.190354029,-0.183378896,-0.249964115,-0.129789164,-0.234621665,-0.079157353,-0.071834471,-0.45707922,-0.20793647,-0.134967248,-0.393355172,-0.132231389,-0.156198835,-0.128607861,-0.174589471,-0.244087344
1993/05/21,-0.082659443,-0.130485729,-0.165848098,-0.157006422,-0.113390341,-0.492117464,-0.091110617,-0.134672834,-0.136274211,10.2490742,-0.198122883,-0.191737994,-0.194892727,-0.122599122,-0.15866319,-0.170503902,-0.340562059,-0.139782736,-0.124788757,-0.171017742,-0.197529694,-0.099590588,-0.083501058,-0.181840622,-0.174510259,-0.267696748,-0.237593927,-0.21514123,-0.170086079,0.307859044,-0.340060754,-0.214293457,-0.155748504,-0.088868321,-0.178347691,-0.195397044,-0.132023669,-0.194382489,-0.231859742,-0.060276398,-0.22647649,-0.117683671,-0.237343458,-0.138204312,-0.126895569,-0.127080841,-0.095800478,-0.357408098,-0.190749795,-0.205364399,-0.112523088,-0.110582073,-0.068291644,-0.132713078,-0.146294863,-0.121793854,-0.262772247,-0.12619813,-0.19553799,-0.488353547,-0.475655131,-0.10921869,-0.159569877,-0.195307925,-0.19255991,-0.189402319,-0.124727662,-0.200075035,2.889958186,-0.243821637,-0.199571095,-0.222493043,-0.084564295,-0.126852763,-0.118890807,-0.193196458,-0.235560672,-0.122939669,-0.178535857,-0.14416996,-0.279157922,-0.09729191,-0.134446813,-0.190354029,-0.183378896,-0.249964115,-0.129789164,-0.234621665,-0.079157353,-0.071834471,-0.45707922,-0.20793647,-0.134967248,-0.391424592,-0.132231389,-0.156198835,-0.128607861,-0.174589471,-0.244087344
1993/06/07,-0.082659443,-0.130485729,-0.046615703,-0.157006422,-0.113390341,-0.492117464,-0.091110617,-0.134672834,-0.136274211,13.74319208,-0.198122883,-0.191737994,1.308976504,-0.122599122,-0.15866319,-0.170503902,-0.336052816,-0.139782736,-0.124788757,-0.171017742,-0.197529694,-0.099590588,-0.083501058,2.075453958,-0.174510259,-0.267696748,-0.237593927,-0.218001746,-0.170086079,0.489121005,-0.340060754,5.149309978,-0.155748504,-0.02311629,-0.178347691,-0.195397044,-0.132023669,-0.194382489,-0.231859742,-0.060276398,-0.22647649,-0.117683671,-0.237343458,-0.138204312,-0.126895569,-0.127080841,-0.095800478,-0.357408098,-0.190749795,-0.205364399,-0.112523088,-0.110582073,-0.068291644,-0.132713078,-0.146294863,-0.121793854,-0.262772247,-0.12619813,1.129303173,-0.488353547,-0.475655131,-0.10921869,-0.159569877,-0.195307925,-0.19255991,-0.189402319,-0.124727662,-0.200075035,3.96423895,-0.243821637,-0.180562634,-0.222493043,-0.084564295,-0.126852763,0.232031734,-0.193196458,-0.235560672,-0.122939669,-0.178535857,-0.14416996,-0.165976769,-0.09729191,-0.134446813,-0.190354029,-0.183378896,-0.24316994,-0.129789164,-0.234621665,-0.079157353,-0.071834471,-0.45707922,-0.20793647,-0.134967248,-0.389494012,-0.132231389,-0.156198835,-0.128607861,-0.174589471,-0.244087344
1993/06/21,-0.082659443,-0.130485729,-0.076423802,-0.157006422,-0.075517126,-0.492117464,-0.091110617,-0.06093977,-0.136274211,10.2490742,-0.198122883,8.095601088,0.557041889,-0.122599122,-0.15866319,-0.170503902,-0.337180126,-0.139782736,-0.124788757,-0.171017742,-0.197529694,-0.099590588,-0.083501058,0.946806668,-0.174510259,-0.267696748,-0.237593927,-0.218001746,-0.170086079,-0.235926842,-0.340060754,10.51291341,-0.155748504,0.009759726,-0.178347691,-0.195397044,-0.132023669,-0.194382489,-0.231859742,-0.060276398,-0.22647649,-0.117683671,-0.237343458,-0.138204312,-0.126895569,-0.127080841,-0.095800478,-0.357408098,-0.190749795,-0.205364399,-0.112523088,-0.110582073,-0.068291644,-0.132713078,-0.145593892,-0.121793854,-0.080918116,-0.12619813,-0.19553799,-0.488353547,-0.475655131,-0.10921869,-0.159569877,-0.195307925,-0.19255991,-0.189402319,-0.124727662,-0.200075035,2.889958186,-0.243821637,-0.180562634,-0.222493043,-0.084564295,-0.126852763,1.635721894,-0.193196458,-0.235560672,-0.122939669,-0.178535857,-0.14416996,-0.222567345,-0.09729191,-0.134446813,-0.190354029,-0.183378896,-0.244868484,-0.129789164,-0.234621665,-0.079157353,-0.071834471,-0.126359687,-0.20793647,-0.134967248,-0.397216331,-0.132231389,-0.156198835,-0.128607861,-0.174589471,-0.244087344
1993/07/07,-0.082659443,-0.130485729,-0.165848098,-0.157006422,-0.113390341,-0.492117464,-0.091110617,0.086526358,-0.136274211,-0.233279447,-0.198122883,-0.191737994,-0.194892727,-0.122599122,-0.15866319,-0.170503902,-0.338307437,-0.139782736,-0.124788757,-0.171017742,-0.197529694,-0.099590588,-0.083501058,-0.181840622,-0.174510259,1.087647501,-0.237593927,-0.218001746,-0.170086079,0.126597082,-0.340060754,10.51291341,-0.155748504,-0.088868321,-0.178347691,-0.195397044,-0.132023669,-0.194382489,-0.231859742,-0.060276398,-0.22647649,-0.117683671,-0.237343458,-0.138204312,-0.126895569,-0.127080841,-0.095800478,-0.357408098,-0.190749795,-0.205364399,-0.112523088,-0.110582073,-0.068291644,-0.132713078,-0.146294863,-0.121793854,-0.262772247,-0.12619813,-0.19553799,-0.488353547,-0.475655131,-0.10921869,-0.159569877,-0.195307925,-0.19255991,-0.189402319,-0.124727662,-0.200075035,2.889958186,-0.243821637,-0.180562634,-0.222493043,-0.084564295,-0.126852763,-0.469813347,-0.193196458,-0.235560672,-0.122939669,-0.178535857,-0.14416996,-0.165976769,-0.09729191,-0.134446813,-0.190354029,-0.183378896,-0.249964115,-0.129789164,-0.234621665,-0.079157353,-0.071834471,0.039000079,-0.20793647,-0.134967248,-0.397216331,-0.132231389,-0.156198835,-0.128607861,-0.174589471,-0.244087344
1993/07/21,-0.082659443,-0.130485729,-0.076423802,-0.157006422,-0.113390341,-0.492117464,-0.091110617,-0.134672834,-0.136274211,3.260838436,2.406113125,-0.191737994,-0.194892727,-0.122599122,-0.151475981,-0.170503902,-0.340562059,-0.139782736,-0.124788757,-0.171017742,-0.197529694,-0.099590588,-0.083501058,-0.181840622,-0.174510259,1.426483563,-0.237593927,-0.214187725,-0.170086079,0.398490024,7.203432692,7.831111696,-0.155748504,-0.072430313,-0.178347691,-0.195397044,-0.132023669,-0.194382489,-0.231859742,-0.060276398,-0.22647649,-0.117683671,-0.237343458,-0.138204312,-0.126895569,-0.127080841,-0.074728528,-0.357408098,-0.190749795,-0.205364399,-0.112523088,-0.110582073,-0.068291644,-0.132713078,-0.146294863,-0.121793854,-0.262772247,-0.115506961,1.129303173,-0.488353547,-0.324828685,-0.10921869,0.736432177,-0.195307925,0.03796766,-0.189402319,-0.124727662,-0.200075035,2.352817804,-0.243821637,-0.237588017,0.509489552,-0.084564295,-0.126852763,-0.469813347,-0.193196458,-0.235560672,-0.122939669,-0.178535857,-0.14416996,-0.165976769,-0.09729191,-0.134446813,-0.190354029,-0.183378896,-0.249964115,-0.129789164,-0.234621665,-0.079157353,-0.071834471,-0.126359687,-0.20793647,-0.134967248,-0.391424592,-0.132231389,-0.156198835,-0.128607861,-0.174589471,-0.244087344
1993/08/07,-0.082659443,-0.130485729,-0.165848098,-0.157006422,-0.113390341,-0.492117464,-0.091110617,-0.134672834,-0.136274211,-0.233279447,-0.198122883,5.333154727,-0.194892727,-0.122599122,-0.15866319,-0.170503902,-0.333798194,-0.139782736,-0.124788757,-0.171017742,-0.197529694,-0.099590588,-0.083501058,-0.181840622,-0.174510259,-0.267696748,-0.237593927,-0.218001746,-0.170086079,-0.235926842,7.203432692,-0.214293457,-0.155748504,-0.088868321,-0.178347691,-0.195397044,-0.132023669,-0.194382489,-0.231859742,-0.060276398,-0.22647649,-0.117683671,-0.237343458,-0.138204312,-0.126895569,-0.127080841,-0.095800478,-0.357408098,-0.190749795,-0.205364399,-0.112523088,-0.110582073,-0.068291644,-0.132713078,-0.144892921,-0.121793854,-0.262772247,-0.12619813,1.129303173,-0.488353547,-0.475655131,-0.10921869,-0.159569877,-0.195307925,-0.19255991,-0.189402319,-0.124727662,-0.200075035,3.96423895,-0.243821637,-0.237588017,-0.222493043,-0.084564295,-0.126852763,-0.469813347,-0.193196458,-0.235560672,-0.122939669,-0.178535857,-0.14416996,0.060385537,-0.09729191,-0.134446813,-0.190354029,-0.183378896,-0.249964115,-0.129789164,-0.234621665,-0.079157353,-0.071834471,-0.45707922,-0.20793647,-0.134967248,-0.397216331,-0.132231389,-0.156198835,-0.128607861,-0.174589471,-0.244087344
1993/08/21,-0.082659443,-0.130485729,-0.136039999,-0.157006422,-0.113390341,-0.492117464,-0.091110617,-0.134672834,-0.136274211,-0.233279447,-0.198122883,2.570708366,-0.194892727,-0.122599122,-0.15866319,-0.170503902,-0.339434748,-0.139782736,-0.124788757,-0.171017742,-0.197529694,-0.099590588,-0.083501058,-0.181840622,-0.174510259,-0.267696748,-0.237593927,-0.218001746,-0.170086079,-0.145295861,5.31755933,-0.214293457,-0.155748504,-0.055992305,-0.178347691,-0.195397044,-0.132023669,-0.194382489,-0.231859742,-0.060276398,-0.22647649,-0.117683671,-0.237343458,-0.138204312,-0.126895569,-0.127080841,-0.095800478,-0.357408098,-0.190749795,-0.205364399,-0.112523088,-0.110582073,-0.068291644,-0.132713078,-0.146294863,-0.121793854,-0.262772247,-0.12619813,0.135672301,-0.488353547,-0.475655131,-0.10921869,-0.159569877,-0.195307925,-0.19255991,-0.189402319,-0.124727662,-0.200075035,1.278537039,-0.243821637,-0.237588017,5.633367718,-0.084564295,-0.126852763,-0.469813347,-0.193196458,-0.235560672,-0.122939669,-0.178535857,-0.14416996,-0.250862633,-0.09729191,-0.134446813,-0.190354029,-0.183378896,-0.24316994,-0.129789164,-0.234621665,-0.079157353,0.071221849,-0.126359687,-0.20793647,-0.134967248,-0.395285752,-0.132231389,-0.156198835,-0.128607861,-0.174589471,-0.244087344
1993/09/07,-0.082659443,-0.130485729,-0.165848098,-0.157006422,-0.113390341,-0.492117464,-0.091110617,-0.134672834,-0.136274211,-0.233279447,-0.198122883,-0.191737994,-0.194892727,-0.122599122,-0.15866319,-0.170503902,-0.340562059,-0.139782736,-0.124788757,-0.171017742,-0.197529694,-0.099590588,-0.083501058,-0.181840622,-0.174510259,-0.267696748,-0.089462247,-0.218001746,-0.170086079,-0.235926842,-0.340060754,-0.214293457,-0.155748504,-0.088868321,-0.178347691,-0.195397044,-0.132023669,-0.194382489,-0.231859742,-0.060276398,-0.22647649,-0.117683671,-0.237343458,-0.138204312,-0.126895569,-0.127080841,-0.095800478,-0.357408098,-0.190749795,-0.205364399,-0.112523088,-0.110582073,-0.068291644,-0.132713078,-0.146294863,-0.121793854,-0.262772247,-0.12619813,-0.19553799,0.20081024,-0.475655131,-0.10921869,-0.159569877,-0.151755067,-0.19255991,-0.189402319,-0.124727662,-0.200075035,-0.332884107,-0.243821637,0.180598126,-0.222493043,-0.084564295,-0.126852763,-0.469813347,-0.193196458,-0.235560672,-0.122939669,-0.178535857,-0.14416996,-0.279157922,-0.09729191,-0.134446813,-0.190354029,-0.183378896,-0.249964115,-0.129789164,-0.234621665,-0.079157353,-0.071834471,-0.45707922,-0.20793647,-0.134967248,-0.350882416,-0.132231389,-0.156198835,-0.128607861,-0.174589471,-0.244087344
1993/09/21,-0.082659443,-0.130485729,-0.165848098,-0.157006422,-0.113390341,0.678217598,-0.091110617,-0.134672834,-0.136274211,-0.233279447,-0.198122883,-0.191737994,-0.194892727,-0.122599122,-0.15866319,-0.170503902,-0.338307437,-0.139782736,-0.124788757,-0.171017742,-0.197529694,0.523072388,-0.083501058,-0.181840622,-0.174510259,-0.267696748,-0.089462247,-0.218001746,-0.170086079,-0.05466488,-0.340060754,-0.214293457,-0.155748504,-0.088868321,-0.178347691,-0.195397044,-0.132023669,-0.194382489,-0.231859742,-0.060276398,-0.22647649,-0.117683671,-0.237343458,-0.138204312,-0.126895569,-0.127080841,-0.095800478,-0.357408098,-0.190749795,-0.205364399,-0.112523088,-0.110582073,-0.068291644,-0.132713078,-0.146294863,-0.121793854,-0.262772247,-0.040668782,-0.19553799,1.563475001,-0.475655131,-0.10921869,-0.159569877,-0.151755067,-0.19255991,-0.189402319,-0.124727662,-0.200075035,7.187081243,-0.243821637,0.104564282,-0.222493043,-0.084564295,-0.099232254,-0.469813347,1.185559637,-0.235560672,-0.122939669,-0.178535857,-0.14416996,-0.279157922,-0.09729191,-0.134446813,-0.190354029,-0.183378896,-0.137860232,-0.129789164,-0.234621665,-0.079157353,-0.071834471,-0.45707922,-0.20793647,-0.134967248,-0.211880671,-0.132231389,-0.156198835,-0.128607861,-0.174589471,-0.244087344
1993/10/07,-0.082659443,-0.130485729,-0.165848098,-0.157006422,-0.113390341,0.288105911,-0.091110617,-0.134672834,-0.136274211,-0.233279447,-0.198122883,-0.191737994,-0.194892727,-0.122599122,-0.15866319,-0.170503902,-0.340562059,-0.139782736,-0.124788757,-0.171017742,-0.197529694,-0.099590588,-0.083501058,-0.181840622,-0.174510259,-0.267696748,0.058669433,-0.218001746,-0.170086079,0.126597082,-0.340060754,-0.214293457,-0.155748504,-0.088868321,-0.178347691,-0.195397044,-0.132023669,-0.194382489,-0.231859742,-0.060276398,-0.22647649,-0.117683671,-0.237343458,-0.138204312,-0.126895569,-0.127080841,-0.095800478,-0.357408098,-0.190749795,-0.205364399,-0.112523088,-0.110582073,-0.068291644,-0.132713078,-0.146294863,-0.121793854,-0.262772247,-0.12619813,-0.19553799,-0.049794773,-0.475655131,-0.10921869,-0.159569877,-0.180790306,-0.19255991,-0.189402319,-0.124727662,-0.200075035,-0.332884107,-0.243821637,-0.237588017,-0.222493043,-0.084564295,-0.126852763,-0.469813347,-0.193196458,-0.235560672,-0.122939669,-0.178535857,-0.14416996,-0.279157922,-0.09729191,-0.134446813,-0.190354029,-0.183378896,-0.249964115,-0.129789164,-0.234621665,-0.079157353,-0.071834471,-0.45707922,-0.20793647,-0.134967248,-0.31227082,-0.132231389,-0.156198835,-0.128607861,-0.174589471,-0.244087344
1993/10/21,-0.082659443,-0.130485729,-0.165848098,-0.157006422,-0.113390341,2.563757422,1.472668701,-0.134672834,-0.136274211,-0.233279447,-0.198122883,-0.191737994,-0.194892727,-0.122599122,-0.15866319,-0.170503902,-0.340562059,-0.139782736,-0.124788757,-0.171017742,4.031908551,-0.099590588,-0.083501058,-0.181840622,-0.174510259,2.781827812,0.009292207,-0.218001746,-0.170086079,0.821434602,-0.340060754,-0.214293457,-0.155748504,-0.088868321,-0.178347691,-0.195397044,-0.132023669,-0.194382489,0.325678451,-0.060276398,-0.22647649,-0.117683671,-0.237343458,-0.138204312,-0.126895569,-0.127080841,-0.095800478,-0.357408098,-0.190749795,-0.205364399,-0.112523088,-0.110582073,-0.068291644,-0.132713078,-0.145360235,-0.121793854,-0.262772247,0.002095893,-0.19553799,1.771442356,-0.475655131,-0.10921869,-0.159569877,-0.16143348,-0.19255991,-0.189402319,-0.124727662,-0.200075035,-0.332884107,-0.243821637,0.012690053,-0.222493043,-0.084564295,-0.090025418,-0.469813347,0.266388907,-0.235560672,-0.122939669,-0.178535857,-0.14416996,-0.279157922,-0.09729191,-0.134446813,-0.190354029,-0.183378896,-0.249964115,-0.129789164,-0.234621665,-0.079157353,-0.071834471,-0.45707922,-0.20793647,-0.134967248,-0.173269075,-0.132231389,-0.156198835,-0.128607861,-0.174589471,4.586973008
1993/11/07,-0.082659443,-0.130485729,-0.165848098,-0.157006422,-0.113390341,-0.492117464,-0.091110617,-0.134672834,-0.136274211,-0.233279447,-0.198122883,-0.191737994,-0.194892727,-0.122599122,-0.15866319,-0.170503902,-0.340562059,-0.139782736,-0.124788757,-0.171017742,-0.197529694,-0.099590588,-0.083501058,-0.181840622,-0.174510259,-0.267696748,-0.237593927,-0.218001746,-0.170086079,-0.235926842,-0.340060754,-0.214293457,-0.155748504,-0.088868321,-0.178347691,-0.195397044,-0.132023669,-0.194382489,-0.231859742,-0.060276398,-0.22647649,-0.117683671,-0.237343458,-0.138204312,-0.126895569,-0.127080841,-0.095800478,-0.357408098,-0.190749795,-0.205364399,-0.112523088,-0.110582073,-0.068291644,-0.132713078,-0.146294863,-0.121793854,-0.262772247,-0.12619813,-0.19553799,-0.488353547,-0.475655131,-0.10921869,-0.159569877,-0.195307925,-0.19255991,-0.189402319,-0.124727662,-0.200075035,-0.332884107,-0.243821637,-0.123537251,-0.222493043,-0.084564295,-0.126852763,-0.469813347,-0.193196458,-0.235560672,-0.122939669,-0.178535857,-0.14416996,-0.279157922,-0.09729191,-0.134446813,-0.190354029,-0.183378896,-0.249964115,-0.129789164,-0.234621665,-0.079157353,-0.071834471,-0.45707922,-0.20793647,-0.134967248,-0.381771693,-0.132231389,-0.156198835,-0.128607861,-0.174589471,-0.244087344
1993/11/21,-0.082659443,-0.130485729,-0.165848098,-0.157006422,1.09855256,0.678217598,-0.091110617,3.846912617,-0.136274211,-0.233279447,-0.198122883,-0.191737994,-0.194892727,-0.122599122,-0.15866319,-0.170503902,-0.274050716,-0.139782736,-0.124788757,-0.171017742,3.561970968,-0.099590588,-0.083501058,-0.181840622,-0.174510259,-0.267696748,-0.237593927,-0.218001746,-0.170086079,0.307859044,-0.340060754,-0.214293457,-0.155748504,-0.088868321,-0.178347691,-0.195397044,-0.132023669,-0.194382489,0.604447548,-0.060276398,-0.22647649,-0.117683671,-0.237343458,-0.138204312,-0.126895569,-0.127080841,-0.095800478,-0.357408098,-0.190749795,-0.205364399,-0.112523088,-0.110582073,-0.068291644,-0.132713078,-0.146294863,-0.121793854,-0.262772247,0.087625241,-0.19553799,1.312869987,-0.475655131,-0.10921869,-0.159569877,-0.195307925,-0.19255991,-0.189402319,-0.124727662,-0.200075035,-0.332884107,-0.243821637,2.024418848,-0.222493043,-0.084564295,-0.126852763,0.232031734,21.17752302,-0.235560672,-0.122939669,-0.178535857,-0.028168625,-0.279157922,3.183070907,0.058510316,-0.190354029,-0.183378896,-0.236375765,-0.129789164,-0.234621665,-0.079157353,-0.071834471,-0.291719453,-0.20793647,-0.134967248,-0.347021257,-0.132231389,-0.156198835,-0.128607861,7.133980341,3.37920792
1993/12/07,-0.082659443,-0.130485729,-0.165848098,-0.157006422,-0.113390341,-0.492117464,-0.091110617,17.69398202,-0.136274211,-0.233279447,-0.198122883,-0.191737994,-0.194892727,-0.122599122,-0.15866319,-0.170503902,3.915938468,-0.139782736,-0.124788757,-0.171017742,-0.197529694,-0.099590588,-0.083501058,-0.181840622,-0.174510259,-0.267696748,-0.237593927,-0.218001746,-0.170086079,-0.235926842,-0.340060754,-0.214293457,-0.155748504,-0.088868321,-0.178347691,-0.195397044,-0.132023669,-0.194382489,-0.231859742,-0.060276398,-0.22647649,-0.117683671,-0.237343458,-0.138204312,-0.126895569,-0.127080841,-0.095800478,-0.357408098,-0.190749795,-0.205364399,-0.112523088,-0.110582073,-0.068291644,-0.132713078,-0.146294863,-0.121793854,-0.262772247,-0.12619813,-0.19553799,2.036491963,-0.475655131,-0.10921869,-0.159569877,-0.195307925,-0.19255991,-0.189402319,-0.124727662,-0.200075035,-0.332884107,-0.243821637,2.944428363,-0.222493043,-0.084564295,-0.126852763,-0.469813347,-0.193196458,-0.235560672,-0.122939669,-0.178535857,1.65385073,-0.279157922,-0.09729191,0.264331253,-0.190354029,-0.183378896,-0.249964115,-0.129789164,-0.234621665,-0.079157353,-0.071834471,-0.45707922,-0.20793647,-0.134967248,0.241419464,-0.132231389,-0.156198835,-0.128607861,-0.174589471,-0.244087344
1993/12/21,-0.082659443,-0.130485729,-0.165848098,-0.157006422,-0.113390341,3.701583177,-0.091110617,0.731690667,-0.136274211,-0.233279447,-0.198122883,-0.191737994,-0.194892727,-0.122599122,-0.15866319,0.037219759,0.499848223,-0.139782736,-0.124788757,-0.171017742,-0.197529694,-0.099590588,-0.083501058,-0.181840622,-0.174510259,-0.267696748,0.910426593,-0.218001746,-0.170086079,-0.235926842,-0.340060754,-0.214293457,-0.155748504,-0.088868321,-0.178347691,-0.195397044,-0.132023669,-0.194382489,1.440754838,0.250924051,-0.22647649,-0.117683671,-0.237343458,-0.138204312,-0.126895569,-0.127080841,-0.095800478,-0.357408098,-0.190749795,-0.205364399,-0.112523088,-0.110582073,-0.068291644,-0.132713078,-0.086011383,-0.121793854,-0.262772247,-0.083433456,-0.19553799,1.696608914,-0.475655131,-0.10921869,-0.159569877,2.214616894,-0.19255991,-0.189402319,-0.124727662,-0.200075035,-0.332884107,-0.243821637,0.004769861,-0.222493043,-0.084564295,-0.099232254,0.232031734,1.874937685,-0.235560672,-0.122939669,-0.178535857,2.567361242,3.50533688,-0.09729191,-0.134446813,-0.190354029,-0.183378896,0.300364038,-0.129789164,-0.234621665,-0.079157353,-0.071834471,-0.45707922,-0.20793647,-0.134967248,0.673290164,-0.132231389,-0.156198835,-0.128607861,-0.174589471,-0.244087344
1994/01/07,-0.082659443,-0.130485729,-0.165848098,-0.157006422,-0.113390341,-0.492117464,-0.091110617,-0.134672834,-0.136274211,-0.233279447,-0.198122883,-0.191737994,-0.194892727,-0.122599122,-0.15866319,-0.170503902,-0.340562059,-0.139782736,-0.124788757,-0.171017742,1.682220637,-0.099590588,-0.083501058,-0.181840622,-0.174510259,-0.267696748,1.880689097,-0.218001746,-0.170086079,-0.235926842,-0.340060754,-0.214293457,-0.155748504,-0.088868321,-0.178347691,1.85869616,-0.132023669,-0.194382489,-0.231859742,-0.060276398,-0.22647649,-0.117683671,-0.237343458,-0.138204312,-0.126895569,-0.127080841,-0.095800478,-0.357408098,-0.190749795,-0.205364399,-0.112523088,-0.110582073,-0.068291644,-0.132713078,3.74871889,-0.121793854,-0.262772247,-0.083433456,-0.19553799,2.839472194,-0.475655131,-0.10921869,-0.159569877,-0.137237447,-0.19255991,-0.189402319,-0.124727662,-0.200075035,-0.332884107,-0.243821637,10.4451671,-0.222493043,-0.084564295,-0.126852763,-0.469813347,-0.193196458,-0.235560672,-0.122939669,-0.178535857,-0.105502849,2.940845879,-0.09729191,0.264331253,-0.190354029,2.459476982,-0.249964115,-0.129789164,-0.234621665,-0.079157353,-0.071834471,-0.45707922,-0.20793647,-0.134967248,-0.258214586,-0.132231389,-0.156198835,-0.128607861,-0.174589471,-0.244087344
1994/01/21,-0.082659443,-0.130485729,-0.165848098,-0.157006422,-0.113390341,6.763959925,-0.091110617,-0.134672834,-0.136274211,-0.233279447,-0.198122883,-0.191737994,-0.194892727,-0.122599122,-0.15866319,-0.170503902,-0.326696135,-0.139782736,-0.124788757,-0.171017742,-0.197529694,-0.099590588,-0.083501058,-0.181840622,-0.174510259,-0.267696748,-0.089462247,-0.218001746,-0.170086079,-0.235926842,-0.340060754,-0.214293457,-0.155748504,-0.088868321,-0.178347691,9.356136354,-0.132023669,-0.194382489,0.604447548,-0.060276398,-0.22647649,-0.117683671,-0.237343458,-0.138204312,-0.126895569,-0.127080841,-0.095800478,-0.357408098,-0.190749795,-0.205364399,-0.112523088,-0.110582073,-0.068291644,-0.132713078,3.328416863,-0.121793854,-0.262772247,-0.12619813,-0.19553799,3.330762439,-0.475655131,-0.10921869,-0.159569877,-0.122719828,-0.19255991,-0.189402319,-0.124727662,-0.200075035,-0.332884107,-0.243821637,0.15398628,-0.222493043,-0.084564295,-0.126852763,-0.469813347,0.496181589,-0.235560672,-0.122939669,-0.178535857,-0.14416996,1.192197067,-0.09729191,-0.134446813,-0.190354029,-0.183378896,-0.249964115,-0.129789164,-0.234621665,-0.079157353,-0.071834471,-0.45707922,-0.20793647,-0.134967248,-0.318834792,-0.132231389,-0.156198835,-0.128607861,-0.174589471,-0.244087344
1994/02/07,-0.082659443,-0.130485729,-0.165848098,-0.157006422,-0.113390341,-0.492117464,-0.091110617,-0.134672834,-0.136274211,6.754956318,-0.198122883,-0.191737994,-0.194892727,-0.122599122,-0.15866319,9.607615362,-0.232340212,-0.139782736,-0.124788757,11.32237149,-0.197529694,-0.099590588,-0.083501058,-0.181840622,-0.174510259,-0.267696748,0.354932793,-0.012044656,-0.170086079,3.13554565,-0.340060754,-0.214293457,-0.155748504,-0.088868321,-0.178347691,-0.195397044,-0.132023669,-0.194382489,-0.231859742,-0.060276398,-0.22647649,-0.117683671,-0.237343458,-0.138204312,-0.126895569,-0.127080841,-0.095800478,-0.357408098,-0.190749795,-0.205364399,-0.112523088,-0.110582073,-0.068291644,-0.116369304,-0.146294863,-0.121793854,-0.262772247,2.439682322,-0.19553799,1.548856375,-0.475655131,-0.10921869,-0.159569877,0.20537837,-0.19255991,-0.189402319,-0.124727662,-0.200075035,-0.332884107,-0.243821637,-0.047503407,-0.222493043,-0.084564295,-0.126852763,-0.469813347,-0.193196458,-0.235560672,-0.122939669,-0.178535857,-0.14416996,1.678876024,-0.09729191,-0.091567451,-0.190354029,-0.183378896,-0.249964115,-0.129789164,-0.234621665,-0.079157353,-0.071834471,-0.45707922,-0.20793647,-0.134967248,-0.317676444,-0.132231389,-0.156198835,-0.128607861,-0.174589471,-0.244087344
1994/02/21,-0.082659443,-0.130485729,-0.165848098,-0.157006422,-0.113390341,-0.492117464,-0.091110617,-0.134672834,-0.136274211,-0.233279447,-0.198122883,-0.191737994,-0.194892727,-0.122599122,-0.15866319,4.70990886,3.737710613,-0.139782736,-0.124788757,-0.171017742,-0.197529694,-0.099590588,-0.083501058,-0.181840622,-0.174510259,-0.267696748,4.584092256,-0.218001746,-0.170086079,1.449809404,-0.340060754,-0.214293457,-0.155748504,-0.088868321,-0.178347691,-0.195397044,-0.132023669,-0.194382489,-0.231859742,-0.060276398,-0.22647649,-0.117683671,-0.237343458,-0.138204312,-0.126895569,-0.127080841,-0.095800478,-0.357408098,-0.190749795,-0.205364399,-0.112523088,-0.110582073,-0.068291644,-0.107380229,-0.146294863,-0.121793854,-0.262772247,-0.12619813,-0.19553799,1.648054193,-0.475655131,-0.10921869,-0.159569877,0.547268307,-0.19255991,-0.189402319,-0.124727662,-0.200075035,-0.332884107,-0.243821637,-0.237588017,-0.222493043,-0.084564295,-0.126852763,-0.469813347,-0.193196458,-0.235560672,-0.122939669,-0.178535857,-0.14416996,-0.016011741,-0.09729191,-0.134446813,-0.190354029,-0.183378896,-0.249964115,-0.129789164,-0.234621665,-0.079157353,-0.071834471,-0.45707922,-0.20793647,-0.134967248,-0.369029866,-0.132231389,-0.156198835,-0.128607861,-0.174589471,-0.244087344
1994/03/07,-0.082659443,-0.130485729,-0.165848098,-0.157006422,-0.113390341,4.969446162,-0.091110617,-0.134672834,-0.136274211,-0.233279447,-0.198122883,-0.191737994,-0.194892727,-0.122599122,-0.15866319,-0.090992453,2.108408158,0.273153146,-0.124788757,-0.171017742,1.682220637,-0.099590588,-0.083501058,-0.181840622,-0.174510259,-0.267696748,13.12388361,-0.210373705,-0.170086079,-0.235926842,-0.340060754,-0.214293457,-0.155748504,-0.088868321,-0.178347691,-0.195397044,-0.132023669,-0.194382489,-0.231859742,2.009206593,-0.22647649,-0.117683671,-0.237343458,-0.138204312,-0.126895569,-0.127080841,-0.095800478,-0.357408098,-0.190749795,-0.205364399,-0.112523088,-0.110582073,-0.068291644,-0.132713078,-0.146294863,-0.121793854,-0.262772247,-0.12619813,-0.19553799,4.873549553,-0.475655131,-0.10921869,-0.159569877,0.248931228,-0.19255991,-0.189402319,-0.124727662,-0.200075035,-0.332884107,-0.243821637,0.545560578,-0.222493043,-0.084564295,-0.126852763,-0.469813347,-0.193196458,-0.235560672,-0.122939669,-0.178535857,-0.14416996,-0.279157922,-0.09729191,-0.134446813,-0.190354029,-0.183378896,-0.249964115,-0.129789164,-0.234621665,-0.079157353,-0.071834471,-0.45707922,-0.20793647,-0.134967248,-0.40493865,-0.132231389,-0.156198835,-0.128607861,-0.174589471,-0.244087344
1994/03/21,-0.082659443,-0.130485729,-0.165848098,-0.157006422,-0.113390341,3.526032918,-0.091110617,-0.134672834,-0.136274211,-0.233279447,-0.198122883,-0.191737994,-0.194892727,-0.122599122,-0.15866319,1.110624326,2.364758658,0.086041574,-0.124788757,-0.171017742,-0.197529694,-0.099590588,-0.083501058,-0.181840622,-0.174510259,6.03465401,13.64975107,-0.11120918,-0.170086079,-0.235926842,-0.340060754,-0.214293457,-0.155748504,-0.088868321,-0.178347691,-0.195397044,-0.132023669,-0.194382489,-0.231859742,0.663264648,-0.22647649,-0.117683671,-0.237343458,-0.138204312,-0.126895569,-0.127080841,-0.095800478,-0.357408098,-0.190749795,-0.205364399,-0.112523088,-0.110582073,-0.068291644,-0.127265153,-0.146294863,-0.121793854,-0.262772247,-0.12619813,-0.19553799,3.587110484,-0.475655131,-0.10921869,-0.159569877,0.690266858,-0.19255991,-0.189402319,-0.124727662,-0.200075035,-0.332884107,-0.243821637,0.072249898,-0.222493043,-0.084564295,-0.126852763,-0.469813347,-0.193196458,-0.235560672,-0.122939669,-0.178535857,-0.124836404,-0.279157922,-0.09729191,-0.134446813,-0.190354029,-0.183378896,-0.249964115,-0.129789164,-0.234621665,-0.079157353,-0.071834471,-0.45707922,-0.20793647,-0.134967248,-0.294509486,-0.132231389,-0.156198835,-0.128607861,-0.174589471,-0.244087344
1994/04/07,-0.082659443,-0.130485729,-0.165848098,-0.157006422,-0.113390341,-0.492117464,-0.091110617,-0.134672834,-0.136274211,-0.233279447,-0.198122883,-0.191737994,-0.194892727,-0.122599122,-0.15866319,-0.170503902,-0.27968727,-0.139782736,-0.124788757,-0.171017742,0.742345472,-0.099590588,-0.083501058,-0.181840622,-0.174510259,-0.267696748,8.205911831,-0.038742797,-0.170086079,-0.235926842,-0.340060754,-0.214293457,-0.155748504,0.042635742,-0.178347691,-0.195397044,-0.132023669,2.178872382,-0.231859742,-0.060276398,-0.22647649,-0.117683671,-0.237343458,-0.138204312,-0.126895569,-0.127080841,-0.095800478,-0.357408098,-0.190749795,-0.205364399,-0.112523088,-0.110582073,-0.068291644,-0.132713078,-0.146294863,-0.121793854,-0.262772247,-0.12619813,-0.19553799,5.954283673,-0.475655131,-0.10921869,-0.159569877,0.922548768,-0.19255991,-0.189402319,-0.124727662,-0.200075035,-0.332884107,-0.243821637,-0.237588017,-0.222493043,-0.084564295,-0.126852763,-0.469813347,2.564315732,-0.235560672,-0.122939669,-0.178535857,-0.14416996,-0.279157922,-0.09729191,-0.048688089,-0.190354029,-0.183378896,-0.249964115,-0.129789164,-0.234621665,-0.079157353,-0.071834471,0.535079378,-0.20793647,-0.134967248,-0.088323564,-0.132231389,-0.156198835,-0.128607861,-0.174589471,-0.244087344
1994/04/21,-0.082659443,-0.130485729,-0.165848098,-0.157006422,-0.113390341,0.288105911,-0.091110617,-0.134672834,-0.136274211,-0.233279447,-0.198122883,-0.191737994,-0.194892727,-0.122599122,-0.15866319,0.306564794,-0.252631808,11.61275959,-0.124788757,-0.171017742,16.72022329,-0.099590588,-0.083501058,-0.181840622,-0.174510259,-0.267696748,2.725039673,0.037537607,-0.170086079,-0.235926842,-0.340060754,-0.214293457,-0.155748504,-0.088868321,-0.178347691,-0.195397044,-0.132023669,-0.194382489,-0.231859742,-0.060276398,-0.22647649,-0.117683671,-0.237343458,-0.138204312,-0.126895569,-0.127080841,-0.095800478,-0.357408098,-0.190749795,-0.205364399,-0.112523088,-0.110582073,-0.068291644,-0.132713078,-0.146294863,-0.121793854,-0.262772247,-0.12619813,-0.19553799,6.097859462,-0.475655131,-0.10921869,-0.159569877,0.305549944,-0.19255991,-0.189402319,-0.124727662,-0.200075035,-0.332884107,-0.243821637,0.142581204,-0.222493043,-0.084564295,-0.126852763,-0.469813347,-0.193196458,-0.235560672,-0.122939669,-0.178535857,-0.14416996,-0.279157922,-0.09729191,0.015630954,-0.190354029,-0.183378896,-0.249964115,-0.129789164,-0.234621665,-0.079157353,-0.071834471,1.527237975,-0.20793647,-0.134967248,0.189679926,-0.132231389,-0.156198835,-0.128607861,-0.174589471,-0.244087344
1994/05/07,-0.082659443,-0.130485729,-0.165848098,-0.157006422,-0.113390341,0.288105911,-0.091110617,-0.134672834,-0.136274211,-0.233279447,-0.198122883,-0.191737994,-0.194892727,-0.122599122,-0.15866319,-0.170503902,-0.336052816,3.770203897,-0.124788757,-0.171017742,7.32147163,-0.099590588,-0.083501058,-0.181840622,-0.174510259,-0.267696748,-0.237593927,-0.218001746,-0.170086079,-0.235926842,-0.340060754,-0.214293457,-0.155748504,-0.088868321,-0.178347691,1.85869616,-0.132023669,-0.194382489,-0.231859742,-0.060276398,-0.22647649,-0.117683671,-0.237343458,-0.138204312,-0.126895569,-0.127080841,-0.095800478,-0.357408098,-0.190749795,-0.205364399,-0.112523088,-0.110582073,-0.068291644,-0.132713078,-0.146294863,-0.121793854,-0.262772247,-0.12619813,-0.19553799,4.26792077,-0.475655131,-0.10921869,-0.159569877,-0.195307925,-0.19255991,-0.189402319,-0.124727662,-0.200075035,-0.332884107,9.273630718,-0.085520329,-0.222493043,-0.084564295,-0.126852763,-0.469813347,-0.193196458,-0.235560672,-0.122939669,-0.178535857,-0.14416996,-0.279157922,-0.09729191,-0.134446813,-0.190354029,-0.183378896,-0.249964115,-0.129789164,-0.234621665,-0.079157353,-0.071834471,-0.45707922,-0.20793647,-0.134967248,-0.389494012,-0.132231389,-0.156198835,-0.128607861,-0.174589471,-0.244087344
1994/05/21,-0.082659443,-0.130485729,-0.165848098,-0.157006422,-0.113390341,-0.102005777,-0.091110617,-0.134672834,-0.136274211,-0.233279447,-0.198122883,-0.191737994,-0.194892727,-0.122599122,-0.15866319,-0.170503902,-0.334925505,10.66752355,-0.124788757,-0.171017742,10.14109713,-0.099590588,-0.083501058,-0.181840622,-0.174510259,0.071139314,-0.237593927,-0.210373705,-0.170086079,-0.235926842,-0.340060754,-0.214293457,-0.155748504,-0.088868321,-0.178347691,-0.195397044,-0.132023669,-0.194382489,-0.231859742,-0.060276398,-0.22647649,-0.117683671,-0.237343458,-0.138204312,-0.126895569,-0.127080841,-0.095800478,-0.357408098,-0.190749795,-0.205364399,-0.112523088,-0.110582073,-0.068291644,-0.132713078,-0.146294863,-0.121793854,-0.262772247,-0.12619813,-0.19553799,3.278553061,-0.375104167,-0.10921869,-0.159569877,-0.195307925,-0.19255991,-0.189402319,-0.124727662,-0.200075035,-0.332884107,9.273630718,-0.228083787,-0.222493043,-0.084564295,-0.126852763,-0.469813347,-0.193196458,-0.235560672,-0.122939669,-0.178535857,-0.14416996,-0.279157922,-0.09729191,-0.134446813,-0.190354029,-0.183378896,-0.249964115,-0.129789164,-0.234621665,-0.079157353,-0.071834471,-0.20903957,-0.20793647,-0.134967248,-0.372118794,-0.132231389,-0.156198835,-0.128607861,-0.174589471,-0.244087344
1994/06/07,-0.082659443,-0.130485729,-0.156676375,-0.157006422,-0.113390341,-0.011980003,-0.091110617,-0.134672834,-0.136274211,0.841833748,-0.198122883,-0.191737994,0.03647177,-0.122599122,-0.15866319,-0.170503902,-0.336009457,-0.139782736,-0.124788757,0.27103569,-0.197529694,-0.075642012,-0.083501058,-0.008202578,-0.174510259,-0.215568123,-0.22050181,-0.218001746,-0.131913533,-0.166210703,-0.340060754,0.198291423,-0.155748504,-0.08254601,-0.178347691,-0.195397044,-0.132023669,-0.194382489,-0.167528412,-0.060276398,-0.091534321,-0.117683671,-0.144370456,-0.138204312,-0.126895569,-0.127080841,-0.087695882,-0.264057893,-0.190749795,-0.205364399,-0.112523088,-0.104354491,-0.068291644,-0.129150973,-0.141145424,-0.121793854,-0.206817129,-0.12619813,-0.093627132,-0.404015321,-0.061849241,-0.10921869,-0.159569877,-0.184698895,-0.19255991,-0.146643438,-0.124727662,-0.200075035,-0.00233618,-0.060793707,-0.190797959,-0.053573983,-0.084564295,-0.124728108,-0.415825264,-0.166681918,-0.234379781,-0.122939669,-0.178535857,-0.14416996,-0.270451679,-0.09729191,-0.134446813,-0.030098895,-0.081730593,-0.245260455,-0.129789164,-0.234621665,-0.079157353,-0.071834471,0.426959531,-0.162145682,-0.134967248,-0.367069585,-0.132231389,-0.119201136,-0.128607861,0.106509368,-0.244087344
1994/06/21,-0.072948478,-0.130485729,-0.159460648,-0.134107747,-0.094453734,-0.231114169,-0.091110617,-0.129406187,-0.136274211,0.5154601,-0.198122883,0.400214797,-0.141183111,-0.122599122,-0.15866319,-0.170503902,-0.334726883,-0.139782736,-0.124788757,0.239460444,-0.197529694,0.078313119,-0.083501058,-0.101222959,-0.174510259,-0.219291596,-0.21378705,-0.218001746,-0.134640143,-0.187158743,-0.340060754,0.551935605,0.769837479,-0.081823461,-0.145863517,-0.195397044,-0.132023669,-0.194382489,-0.231859742,-0.058424015,-0.104514472,-0.117683671,-0.04869189,0.013064201,-0.126895569,-0.127080841,-0.076233668,-0.100828392,-0.190749795,-0.205364399,-0.112523088,-0.110582073,-0.067965571,-0.132713078,-0.14388319,-0.121793854,-0.210813924,-0.118714312,-0.077248601,-0.406583716,-0.156525524,-0.10921869,-0.159569877,-0.188567602,-0.19255991,-0.189402319,-0.124727662,0.216605468,-0.102681086,-0.243821637,-0.203734853,0.138269807,-0.084564295,-0.123893422,-0.194088494,-0.012645065,-0.232271047,-0.122939669,-0.17802453,-0.135884151,-0.275115738,-0.09729191,-0.129086892,-0.175473195,0.005396524,-0.24221552,-0.129789164,-0.182476041,-0.078764456,-0.071834471,-0.076358044,-0.144156444,-0.134967248,-0.380475447,-0.132231389,0.336222912,-0.128607861,-0.174589471,-0.192325983
1994/07/07,-0.082659443,-0.130485729,-0.165848098,-0.157006422,-0.113390341,0.678217598,-0.091110617,-0.134672834,-0.136274211,-0.233279447,-0.198122883,-0.191737994,-0.194892727,-0.122599122,-0.15866319,-0.170503902,-0.340562059,-0.120426367,-0.124788757,-0.171017742,6.381596465,-0.099590588,-0.083501058,-0.181840622,-0.174510259,-0.267696748,-0.237593927,-0.218001746,-0.170086079,-0.235926842,-0.340060754,-0.214293457,-0.155748504,-0.088868321,-0.178347691,-0.195397044,-0.132023669,-0.194382489,-0.231859742,-0.060276398,-0.22647649,-0.117683671,-0.237343458,-0.138204312,-0.126895569,-0.127080841,-0.095800478,0.128012968,-0.190749795,-0.205364399,-0.112523088,-0.110582073,-0.068291644,-0.132713078,-0.146294863,-0.121793854,-0.262772247,-0.12619813,-0.19553799,-0.258632284,-0.475655131,-0.10921869,-0.159569877,-0.188049115,-0.19255991,-0.189402319,-0.124727662,-0.200075035,-0.332884107,9.273630718,-0.237588017,-0.222493043,-0.084564295,-0.126852763,-0.469813347,-0.193196458,-0.235560672,-0.122939669,-0.178535857,-0.14416996,-0.279157922,-0.09729191,-0.134446813,-0.190354029,-0.183378896,-0.249964115,-0.129789164,-0.234621665,-0.079157353,-0.071834471,-0.45707922,-0.20793647,-0.134967248,-0.385632853,-0.132231389,-0.156198835,-0.128607861,-0.174589471,-0.244087344
1994/07/21,-0.082659443,-0.130485729,-0.165848098,-0.157006422,-0.113390341,1.458440973,-0.091110617,-0.134672834,-0.136274211,-0.233279447,-0.198122883,-0.191737994,-0.194892727,-0.122599122,-0.15866319,-0.170503902,-0.336052816,0.034424589,-0.124788757,-0.171017742,5.441721299,-0.099590588,-0.083501058,-0.181840622,-0.174510259,-0.267696748,-0.237593927,-0.218001746,-0.170086079,-0.235926842,-0.340060754,-0.214293457,-0.155748504,-0.088868321,-0.178347691,-0.195397044,-0.132023669,-0.194382489,-0.231859742,-0.060276398,-0.22647649,-0.117683671,-0.237343458,-0.138204312,-0.126895569,-0.127080841,-0.095800478,-0.357408098,-0.190749795,-0.205364399,-0.112523088,-0.110582073,-0.068291644,-0.132713078,-0.146294863,-0.121793854,-0.262772247,-0.12619813,-0.19553799,0.957846218,-0.475655131,-0.10921869,-0.159569877,-0.195307925,-0.19255991,-0.189402319,-0.124727662,-0.200075035,-0.332884107,4.51490454,-0.199571095,-0.222493043,-0.084564295,-0.126852763,-0.469813347,-0.193196458,-0.235560672,-0.122939669,-0.178535857,-0.14416996,-0.279157922,-0.09729191,-0.113007132,-0.190354029,-0.183378896,-0.168434018,-0.129789164,-0.234621665,-0.079157353,-0.071834471,-0.45707922,-0.20793647,-0.134967248,-0.358604735,-0.132231389,-0.156198835,-0.128607861,-0.174589471,-0.244087344
1994/08/07,-0.082659443,-0.130485729,-0.165848098,-0.157006422,-0.113390341,-0.102005777,-0.091110617,-0.134672834,-0.136274211,-0.233279447,-0.198122883,-0.191737994,-0.194892727,-0.122599122,-0.15866319,-0.170503902,-0.340562059,1.402274698,-0.124788757,-0.171017742,4.501846134,0.523072388,-0.083501058,-0.181840622,-0.174510259,-0.267696748,-0.237593927,-0.218001746,-0.170086079,-0.05466488,-0.340060754,-0.214293457,-0.155748504,-0.088868321,-0.178347691,-0.195397044,-0.132023669,-0.194382489,-0.231859742,-0.060276398,-0.22647649,-0.117683671,-0.237343458,-0.138204312,-0.126895569,-0.127080841,-0.095800478,-0.357408098,-0.190749795,-0.205364399,-0.112523088,-0.110582073,-0.068291644,-0.132713078,-0.146294863,-0.121793854,-0.262772247,-0.12619813,-0.19553799,1.318090925,-0.475655131,-0.10921869,-0.159569877,-0.180790306,-0.19255991,-0.189402319,-0.124727662,-0.200075035,-0.332884107,4.51490454,-0.237588017,-0.222493043,-0.084564295,-0.126852763,-0.469813347,-0.193196458,-0.235560672,-0.122939669,-0.178535857,-0.14416996,-0.279157922,-0.09729191,-0.134446813,-0.190354029,-0.183378896,-0.249964115,-0.129789164,-0.234621665,-0.079157353,-0.071834471,-0.45707922,-0.20793647,-0.134967248,-0.377910533,-0.132231389,-0.156198835,-0.128607861,-0.174589471,-0.244087344
1994/08/21,-0.082659443,-0.130485729,-0.165848098,-0.157006422,-0.113390341,1.458440973,-0.091110617,-0.134672834,-0.136274211,-0.233279447,-0.198122883,-0.191737994,-0.194892727,-0.122599122,-0.15866319,-0.170503902,-0.338307437,6.196202203,-0.124788757,-0.171017742,6.381596465,-0.099590588,-0.083501058,-0.181840622,-0.174510259,-0.267696748,-0.089462247,-0.218001746,-0.170086079,-0.235926842,-0.340060754,-0.214293457,-0.155748504,-0.088868321,-0.178347691,-0.195397044,-0.132023669,-0.194382489,-0.231859742,-0.060276398,-0.22647649,-0.117683671,-0.237343458,-0.138204312,-0.126895569,-0.127080841,-0.095800478,-0.357408098,-0.190749795,-0.205364399,-0.112523088,-0.110582073,-0.068291644,-0.132713078,-0.145593892,-0.121793854,-0.262772247,-0.12619813,-0.19553799,2.419708796,-0.475655131,-0.10921869,-0.159569877,-0.188049115,-0.19255991,-0.189402319,-0.124727662,-0.200075035,-0.332884107,4.51490454,-0.199571095,-0.222493043,-0.084564295,-0.126852763,-0.469813347,-0.193196458,-0.235560672,-0.122939669,-0.178535857,-0.14416996,-0.279157922,-0.09729191,-0.134446813,-0.190354029,-0.183378896,-0.239772853,-0.129789164,-0.234621665,-0.079157353,-0.071834471,-0.126359687,-0.20793647,-0.134967248,-0.31999314,-0.132231389,-0.156198835,-0.128607861,-0.174589471,-0.244087344
1994/09/07,-0.082659443,-0.130485729,-0.165848098,-0.157006422,-0.113390341,0.288105911,-0.091110617,-0.134672834,-0.136274211,-0.233279447,-0.198122883,-0.191737994,-0.194892727,-0.122599122,-0.15866319,-0.170503902,-0.339434748,17.72614628,-0.124788757,-0.171017742,-0.197529694,-0.099590588,-0.083501058,-0.181840622,-0.174510259,-0.267696748,0.206801113,-0.218001746,-0.170086079,-0.05466488,-0.340060754,-0.214293457,-0.155748504,-0.088868321,-0.178347691,-0.195397044,-0.132023669,-0.194382489,-0.231859742,-0.060276398,-0.22647649,-0.117683671,-0.237343458,-0.138204312,-0.126895569,-0.127080841,-0.095800478,-0.357408098,-0.190749795,-0.205364399,-0.112523088,-0.110582073,-0.068291644,-0.132713078,-0.137883214,-0.121793854,-0.262772247,-0.12619813,-0.19553799,10.67923236,-0.375104167,-0.10921869,-0.159569877,-0.06464935,-0.19255991,-0.189402319,-0.124727662,-0.200075035,-0.332884107,-0.243821637,-0.066511868,-0.222493043,-0.084564295,-0.126852763,-0.469813347,-0.193196458,-0.235560672,-0.122939669,-0.178535857,-0.14416996,-0.279157922,-0.09729191,-0.134446813,-0.190354029,-0.183378896,-0.219390329,-0.129789164,-0.234621665,-0.079157353,-0.071834471,-0.45707922,-0.20793647,-0.134967248,-0.296826182,-0.132231389,-0.156198835,-0.128607861,-0.174589471,-0.244087344
1994/09/21,-0.082659443,-0.130485729,-0.165848098,-0.157006422,-0.113390341,-0.102005777,-0.091110617,-0.134672834,-0.136274211,-0.233279447,-0.198122883,-0.191737994,-0.194892727,-0.122599122,-0.15866319,-0.170503902,-0.340562059,-0.139782736,-0.124788757,-0.171017742,-0.197529694,0.523072388,-0.083501058,-0.181840622,-0.174510259,-0.267696748,-0.089462247,-0.218001746,-0.170086079,-0.05466488,-0.340060754,-0.214293457,-0.155748504,-0.088868321,-0.178347691,-0.195397044,-0.132023669,-0.194382489,-0.231859742,-0.060276398,-0.22647649,-0.117683671,-0.237343458,-0.138204312,-0.126895569,-0.127080841,-0.095800478,-0.357408098,-0.190749795,-0.205364399,-0.112523088,-0.110582073,-0.068291644,-0.132713078,-0.146294863,-0.121793854,-0.262772247,-0.12619813,-0.19553799,0.112054298,-0.475655131,-0.10921869,-0.159569877,-0.188049115,-0.19255991,-0.189402319,-0.124727662,-0.200075035,-0.332884107,-0.243821637,0.009521976,-0.222493043,-0.084564295,-0.126852763,-0.469813347,-0.193196458,-0.235560672,-0.122939669,-0.178535857,-0.14416996,-0.279157922,-0.09729191,-0.134446813,-0.190354029,-0.183378896,-0.215993241,-0.129789164,-0.234621665,-0.079157353,-0.071834471,-0.45707922,-0.20793647,-0.134967248,-0.308409661,-0.132231389,-0.156198835,-0.128607861,-0.174589471,-0.244087344
1994/10/07,-0.082659443,-0.130485729,-0.165848098,-0.157006422,-0.113390341,1.068329286,-0.091110617,-0.134672834,-0.136274211,-0.233279447,-0.198122883,-0.191737994,-0.194892727,-0.122599122,-0.15866319,-0.170503902,-0.340562059,-0.139782736,-0.124788757,-0.171017742,-0.197529694,-0.099590588,-0.083501058,-0.181840622,-0.174510259,-0.267696748,-0.089462247,-0.218001746,-0.170086079,-0.05466488,-0.340060754,-0.214293457,-0.155748504,-0.088868321,-0.178347691,-0.195397044,-0.132023669,-0.194382489,-0.231859742,-0.060276398,-0.22647649,-0.117683671,0.299833888,-0.138204312,-0.126895569,-0.127080841,-0.095800478,-0.357408098,-0.190749795,-0.205364399,-0.112523088,-0.110582073,-0.068291644,-0.132713078,-0.14349098,-0.121793854,-0.262772247,-0.12619813,-0.19553799,-0.03413196,-0.274553203,-0.10921869,-0.159569877,-0.180790306,-0.19255991,-0.189402319,-0.124727662,-0.200075035,-0.332884107,4.51490454,-0.10452879,-0.222493043,-0.084564295,-0.126852763,-0.469813347,-0.193196458,-0.235560672,-0.122939669,-0.178535857,-0.14416996,-0.279157922,-0.09729191,-0.134446813,-0.190354029,-0.183378896,-0.239772853,-0.129789164,-0.234621665,-0.079157353,-0.071834471,-0.291719453,-0.20793647,-0.134967248,-0.350882416,-0.132231389,-0.156198835,-0.128607861,-0.174589471,-0.244087344
1994/10/21,-0.082659443,-0.130485729,-0.165848098,-0.157006422,-0.113390341,-0.297061621,-0.091110617,-0.134672834,-0.136274211,-0.233279447,-0.198122883,-0.191737994,-0.194892727,-0.122599122,-0.15866319,-0.170503902,-0.18048391,-0.12687849,0.340984702,-0.171017742,-0.197529694,-0.099590588,-0.083501058,-0.181840622,-0.174510259,-0.267696748,-0.089462247,-0.218001746,-0.170086079,-0.235926842,-0.340060754,-0.214293457,-0.155748504,-0.088868321,-0.178347691,-0.195397044,-0.132023669,-0.194382489,0.186293903,0.017523714,-0.22647649,-0.117683671,-0.237343458,-0.138204312,-0.126895569,-0.127080841,-0.095800478,-0.357408098,-0.190749795,-0.205364399,-0.112523088,-0.110582073,-0.068291644,-0.132713078,-0.144191951,-0.121793854,-0.080918116,-0.104815793,-0.19553799,0.78816574,-0.475655131,-0.10921869,-0.159569877,-0.162643281,-0.19255991,-0.189402319,-0.124727662,-0.200075035,-0.332884107,4.51490454,-0.161554173,-0.222493043,-0.084564295,-0.126852763,-0.469813347,-0.193196458,-0.235560672,-0.122939669,-0.178535857,-0.14416996,0.145271402,-0.09729191,-0.134446813,-0.190354029,-0.183378896,-0.018962174,-0.129789164,-0.234621665,-0.079157353,-0.071834471,2.023317274,-0.20793647,-0.134967248,0.035233542,-0.132231389,-0.156198835,-0.128607861,-0.174589471,-0.244087344
1994/11/07,-0.082659443,-0.130485729,-0.08519089,-0.062717761,-0.077744962,-0.20756541,-0.066471237,-0.132070491,-0.131367613,-0.233279447,-0.198122883,0.523248122,-0.194892727,-0.122599122,0.091916762,-0.1341508,0.146253894,-0.139782736,-0.100130162,0.167023117,-0.197529694,-0.099590588,-0.083501058,0.017332429,-0.174510259,-0.259724135,0.432919766,-0.168301697,-0.170086079,0.701837249,0.148047645,-0.214293457,-0.094768722,-0.085000555,-0.138220182,-0.014153526,-0.080479168,-0.194382489,-0.12363174,-0.060276398,-0.178664627,-0.042557122,0.035985015,0.086029012,-0.046170476,-0.127080841,-0.070018328,-0.158956545,-0.190749795,-0.150795591,-0.018411822,-0.110105846,-0.068237938,-0.104111474,-0.130415815,-0.07823726,-0.007106734,-0.088464594,-0.051364099,-0.288575898,-0.15330057,-0.10921869,-0.159569877,-0.178548614,-0.187135732,-0.189402319,-0.047508993,-0.161947407,-0.332884107,-0.243821637,-0.154845304,-0.084708084,-0.080494467,-0.126852763,0.673781284,-0.061403596,-0.074820538,-0.122939669,-0.125794029,-0.02089011,-0.120621086,-0.073171595,0.271015389,-0.190354029,-0.183378896,-0.183561048,-0.118692355,-0.183089519,-0.079157353,-0.060053362,0.089094361,-0.172919985,0.522469645,-0.251014659,-0.132231389,-0.156198835,-0.128607861,-0.174589471,0.011674675
1994/11/21,-0.082659443,-0.080467593,-0.146560505,0.004331954,-0.042099582,-0.17358089,-0.091110617,0.099538075,0.035456727,-0.164767331,-0.198122883,-0.191737994,0.866662024,0.042826935,0.168314586,-0.145016251,-0.071504207,-0.139782736,0.466234707,-0.114677599,0.023617404,-0.099590588,-0.083501058,-0.049058588,0.301277445,-0.150954912,-0.194855655,-0.061589526,0.326157016,0.10146412,0.325541609,-0.214293457,-0.003299048,-0.071141058,-0.178347691,0.016053727,-0.089069918,-0.168080432,0.126557668,-0.060276398,-0.13982875,-0.055078213,-0.092892407,-0.138204312,-0.102527024,1.171013893,-0.080631035,-0.120136457,-0.049274898,0.067479639,-0.110780287,-0.054228562,-0.068291644,-0.118158574,-0.094996374,0.178954059,-0.059523513,0.070435519,-0.044313124,-0.062949489,0.010763677,-0.090520121,-0.159569877,-0.139301227,-0.111197238,0.19207397,0.11165602,-0.200075035,-0.332884107,-0.243821637,-0.048728041,-0.099470758,-0.082868533,-0.126852763,-0.002899603,1.381559278,0.85801406,0.078729788,0.02687203,0.099746946,-9.21E-04,0.095670609,0.173696053,-0.178099224,-0.183378896,0.192894277,0.018908072,-0.216728559,-0.079157353,-0.042982776,-0.386673941,0.142228378,-0.104443392,-0.138978301,-0.132231389,-0.156198835,-0.128607861,0.255326401,0.106063039
1994/12/07,-0.082659443,-0.130485729,0.060065913,-0.046396449,-0.113390341,0.006130445,-0.091110617,0.806005834,-0.136274211,-0.110678819,-0.06105783,-0.094810052,0.359164358,0.544570371,0.719550788,0.070872631,0.785300156,-0.139782736,-0.085565729,0.43389748,-0.197529694,-0.099590588,-0.078076808,-0.05313523,-0.174510259,-0.139295714,-0.179120895,0.116885955,-0.143968021,-0.082808185,-0.108462271,-0.120195151,-0.101187646,-0.057434236,-0.034733448,0.916335857,-0.066139721,-0.046695194,0.014630827,-0.060276398,-0.185338857,-0.117683671,-0.201531635,-0.026743303,-0.107978786,0.204762925,-0.075024275,-0.162813864,-0.190749795,0.026553034,0.215329929,-0.100024319,-0.054356312,-0.092379321,0.082965596,-0.069831601,-0.136750525,-0.034929312,0.168212259,0.400854593,-0.156185314,0.076335533,-0.128131208,-0.152200783,-0.19255991,0.122662495,-0.104987551,-0.063618262,-0.102007978,-0.243821637,0.119054065,-0.145442244,-0.080012513,-0.126852763,-0.054862834,-0.086766163,0.354802067,-0.122939669,-0.062177674,0.180498103,0.011737498,-0.044537537,1.210159705,-0.175734262,-0.169469129,-0.075580297,-0.124493845,0.661917142,-0.069603745,-0.070328615,-0.261548549,-0.20793647,-0.00849715,-0.132171435,-0.047101299,-0.156198835,-0.128607861,-0.110479209,-0.196412406
1994/12/21,-0.064532309,-0.130485729,0.466083595,0.311398694,-0.074570295,0.437973817,-0.091110617,-0.016515599,-0.136274211,-0.029455903,-0.067911082,0.314710505,0.011889293,0.998823839,0.154495515,0.133294437,0.7968566,-0.139782736,-0.012809055,-0.171017742,-0.197529694,-0.006191142,-0.076630341,-0.10659747,-0.148929504,0.428046633,0.037313783,0.254686462,-0.170086079,-0.101188784,0.382857368,-0.214293457,-0.155748504,1.146091814,-0.178347691,0.249656484,0.096428921,0.504624192,0.069210882,-0.044716376,0.201365153,0.933305452,-0.12766975,-0.102908325,0.209651187,0.119866228,-0.070812658,0.47165063,-0.190749795,-0.205364399,0.035059499,-0.058970988,-0.068291644,0.401319715,1.03799045,0.013957532,0.050926128,-0.089313598,-0.067470011,0.186909493,-0.071021294,-0.103439132,-0.159569877,0.451884523,-0.19255991,0.114007572,-0.124727662,-0.200075035,-0.332884107,-0.243821637,0.200224362,-0.010218091,-0.084564295,-0.116495072,0.39550315,-0.055320849,-0.020702435,-0.122939669,0.144494677,0.232342984,0.39857318,-0.051161808,0.05690234,-0.047994052,0.127156669,-0.03517902,-0.119413648,0.263629777,0.054552154,-0.068973344,-0.146685158,-0.20793647,-0.005739808,0.171426294,-0.132231389,0.196512556,0.120068927,0.008124775,0.088048055
1995/01/07,1.12460763,-0.130485729,0.024923734,-0.090218621,-0.098241055,-0.099621761,0.851811079,0.786990465,0.239080554,0.151073521,-0.198122883,-0.122676835,-0.194892727,-0.029288055,-0.119942098,0.042350732,0.291870007,-0.139782736,0.217554735,-0.171017742,-0.103542177,-0.071570754,-0.083501058,-0.125408258,-0.174510259,-0.208400437,0.01937339,0.155543921,-0.170086079,0.763380424,0.055972652,-0.214293457,-0.155748504,-0.071608413,-0.144239308,0.864457991,0.616706222,0.806941894,1.183358039,-0.052885388,0.822385257,0.143068061,0.963247911,-0.127615516,-0.080947134,0.031712546,-0.09105929,0.222670075,-0.190749795,-0.158980912,0.109128552,0.543233305,-0.068245993,0.037057868,1.104403724,-0.097111784,0.747528478,0.141615642,0.120767837,0.212325308,-0.163416457,0.138660121,-0.114769774,0.281192605,0.084073174,0.09779483,-0.124727662,-0.200075035,-0.118027954,0.113082826,0.612913892,-0.1850806,-0.084564295,-0.124090712,0.541818354,0.117023663,0.324601637,-0.045392961,0.160646204,0.134292318,0.86209323,0.240995506,0.063632017,0.331401075,0.086412641,-0.077651576,-0.093946472,-0.135255281,0.921945027,-0.048786508,-0.34592071,-0.193054463,-0.061621944,0.054852523,-0.132231389,-0.156198835,0.064807419,0.556267511,0.553037614
1995/01/21,-0.024862786,-0.065788358,0.231593218,-0.104156944,0.781295768,0.368955145,0.648285039,0.325357369,0.589049005,-0.005402193,-0.198122883,-0.051613904,-0.194892727,-0.118312477,0.009715425,0.603872075,0.319883248,-0.139782736,-0.050535017,-0.171017742,-0.197529694,-0.095078538,-0.08051379,-0.149126208,0.166566469,-0.040578373,0.018952968,0.347789493,-0.126934505,-0.090785924,0.15190621,0.368706916,-0.155748504,-0.069452413,0.049041527,0.333383109,0.312227496,0.636175713,-0.025813019,-0.058021323,0.003503754,0.081292806,-0.08163988,-0.122858231,-0.104994221,-0.008290391,-0.079156692,-0.109421249,-0.190749795,-0.070919511,0.200418659,1.227189779,-0.068291644,0.954394584,0.053794174,0.003405052,-0.164597372,0.586623912,-0.118735604,0.137477995,-0.283843238,0.767138167,-0.159569877,0.21247412,-0.005465071,-0.141066193,-0.083960041,-0.200075035,-0.216114459,-0.174854591,0.176410755,-0.127017053,-0.084564295,-0.126252317,0.187530687,-0.14823702,0.379948925,-0.122939669,1.275095061,1.042392003,1.307684901,-0.023008332,0.105895118,0.994721074,-0.020594295,-0.040157045,-0.089872817,0.573446581,0.588284092,0.033902809,-0.124562298,-0.20793647,-0.114720097,0.226362341,0.228515223,0.252741909,-0.128607861,0.010772807,-0.139064293
1995/02/07,0.377581407,-0.003993585,0.411169123,-0.137577244,-0.020428812,0.674187519,-0.091110617,-0.014323412,0.475776126,0.107056711,-0.164301636,0.687222211,-0.058177342,-0.034482512,-0.097274916,0.879725998,0.917231094,-0.139782736,-0.12093939,0.351409041,-0.197529694,-0.099590588,0.114954793,0.814220593,-0.123771572,-0.210090617,0.383767753,0.718058211,-0.170086079,-8.75E-04,0.349051177,-0.192129806,-0.155748504,0.255165404,0.069713274,-0.191153049,0.4416295,0.342564751,0.451157457,1.092579814,0.321544847,-0.117683671,-0.184228225,-0.138204312,0.401785684,-0.098421607,0.737586445,0.254812744,-0.190749795,-0.061613924,1.244685177,-0.03709489,-0.064349124,0.919722851,-0.109334383,-0.121793854,0.090952287,0.013803164,-0.117525649,0.147105776,0.337893577,0.124590692,0.492067981,0.660060311,0.343341843,0.039637872,0.971233043,0.035623028,-0.093168565,-0.243821637,0.466168273,-0.222493043,0.286387151,-0.124341807,0.936984156,-0.146193409,0.510495587,0.845466586,0.117373242,-0.045989964,0.737249254,-0.06001506,0.031565168,0.609828992,1.274560194,0.458705609,-0.045132436,0.354386866,-0.077225337,0.084818111,-0.094927665,-0.180878277,-0.032208774,0.647652315,1.038418756,0.58711856,-0.128607861,-0.008485611,0.002955515
1995/02/21,-0.082659443,-0.130485729,-0.165848098,-0.157006422,-0.113390341,0.288105911,-0.091110617,-0.134672834,-0.136274211,-0.233279447,-0.198122883,-0.191737994,-0.194892727,-0.122599122,-0.15866319,-0.170503902,-0.338871093,-0.139782736,-0.124788757,-0.171017742,-0.197529694,-0.099590588,-0.083501058,-0.181840622,-0.174510259,-0.267696748,-0.237593927,-0.218001746,-0.170086079,-0.235926842,-0.340060754,-0.214293457,-0.155748504,-0.088868321,-0.178347691,1.345172859,-0.132023669,-0.194382489,0.186293903,0.212023995,-0.22647649,-0.117683671,0.299833888,-0.138204312,-0.126895569,-0.127080841,-0.095800478,-0.357408098,-0.190749795,-0.205364399,-0.112523088,-0.110582073,-0.068291644,-0.132713078,-0.146294863,-0.121793854,-0.262772247,-0.12619813,-0.19553799,1.803638138,-0.475655131,-0.10921869,-0.159569877,-0.177160901,-0.19255991,-0.189402319,-0.124727662,-0.200075035,-0.332884107,-0.243821637,-0.199571095,-0.222493043,-0.084564295,-0.126852763,-0.469813347,-0.193196458,-0.235560672,-0.122939669,-0.178535857,-0.134503182,-0.279157922,-0.09729191,-0.134446813,-0.190354029,-0.183378896,-0.249964115,-0.129789164,-0.234621665,-0.079157353,-0.071834471,-0.126359687,-0.20793647,-0.134967248,-0.385632853,-0.132231389,-0.156198835,-0.128607861,-0.174589471,-0.244087344
1995/03/07,-0.080757995,-0.062847568,0.063288633,-0.011287582,-0.044529949,0.460346781,-0.082323146,-0.076620016,-0.090235026,-0.135541883,-0.066089938,0.015928428,-0.194892727,-0.091228677,-0.084101724,-0.048902048,0.121646548,-0.121012924,-0.07491354,-0.171017742,-0.112086497,-0.071287726,-0.083501058,0.073824486,-0.014023607,-0.064987482,0.565346495,0.673261909,-0.170086079,-0.20459985,0.259518864,-0.048187856,-0.155748504,0.03681429,0.248262649,-0.148713107,-0.118936721,-0.121160829,-0.160802864,0.039979656,-0.167698514,0.018169156,-0.097642467,-0.045644907,0.218480182,-0.055432755,0.758626579,-0.073090045,-0.093922171,-0.205364399,-0.064647546,-0.09905953,-0.065712702,-0.02392834,-0.104331,-0.121793854,0.030719609,-0.078715884,-0.11112238,0.228299269,0.292564027,0.239306157,0.141812632,0.845506401,0.247538178,0.668447726,-0.023562058,-0.200075035,0.203786747,-0.243821637,0.042444498,-0.1409768,-0.084564295,-0.114722227,0.841790322,-0.034315823,0.273110137,-0.122939669,0.090770529,0.195271075,0.103857389,-0.09729191,-0.067162947,0.242881157,-0.063249084,0.61702647,0.280601084,-0.120393575,-0.058440949,-0.022136334,0.558423436,0.09240947,0.003263929,1.016302939,0.308851526,0.375783222,-0.128607861,0.033040354,-0.008808431
1995/03/21,-0.082659443,-0.130485729,-0.165848098,-0.157006422,-0.113390341,-0.102005777,-0.091110617,-0.134672834,-0.136274211,-0.233279447,-0.198122883,-0.191737994,-0.194892727,-0.122599122,-0.15866319,-0.170503902,-0.340562059,-0.139782736,-0.124788757,-0.171017742,-0.197529694,-0.099590588,-0.083501058,-0.181840622,-0.174510259,-0.267696748,-0.237593927,-0.218001746,-0.170086079,-0.235926842,-0.340060754,-0.214293457,-0.155748504,-0.088868321,-0.178347691,-0.195397044,-0.132023669,-0.194382489,0.604447548,-0.060276398,-0.22647649,-0.117683671,0.031245215,-0.138204312,-0.126895569,-0.127080841,-0.095800478,-0.357408098,-0.190749795,-0.205364399,-0.112523088,-0.110582073,-0.068291644,-0.132713078,-0.146294863,-0.121793854,-0.262772247,-0.115506961,-0.19553799,9.311346666,-0.475655131,-0.10921869,-0.159569877,-0.144496257,-0.19255991,-0.189402319,-0.124727662,-0.200075035,-0.332884107,2.135541452,-0.171058404,-0.222493043,-0.084564295,-0.126852763,-0.469813347,-0.193196458,-0.235560672,-0.122939669,-0.178535857,-0.14416996,-0.279157922,-0.09729191,-0.134446813,-0.190354029,-0.183378896,-0.249964115,-0.129789164,-0.234621665,-0.079157353,-0.071834471,-0.45707922,-0.20793647,-0.134967248,-0.229255889,-0.132231389,-0.156198835,-0.128607861,-0.174589471,-0.244087344
1995/04/07,-0.082659443,-0.130485729,-0.165848098,-0.157006422,-0.113390341,-0.492117464,-0.091110617,-0.134672834,-0.136274211,-0.233279447,-0.198122883,-0.191737994,-0.194892727,-0.122599122,-0.15866319,-0.170503902,-0.308997354,-0.139782736,-0.124788757,-0.171017742,-0.197529694,-0.099590588,-0.083501058,-0.181840622,-0.174510259,1.087647501,-0.237593927,2.261111375,-0.170086079,-0.235926842,-0.340060754,-0.214293457,-0.155748504,-0.088868321,-0.178347691,-0.195397044,-0.132023669,-0.194382489,-0.231859742,-0.060276398,-0.22647649,-0.117683671,0.837011235,-0.138204312,-0.126895569,-0.127080841,-0.095800478,-0.357408098,-0.190749795,-0.205364399,-0.112523088,-0.110582073,-0.068291644,-0.132713078,-0.146294863,-0.121793854,-0.262772247,-0.12619813,-0.19553799,2.351836605,-0.475655131,-0.10921869,7.008446557,-0.195307925,-0.19255991,-0.189402319,-0.124727662,-0.200075035,-0.332884107,9.273630718,0.826885802,-0.222493043,-0.084564295,-0.126852763,-0.469813347,-0.193196458,-0.235560672,-0.122939669,-0.178535857,-0.14416996,-0.279157922,-0.09729191,-0.134446813,-0.190354029,-0.183378896,-0.249964115,-0.129789164,1.22545582,-0.079157353,0.214278169,0.204359845,-0.20793647,-0.134967248,-0.296826182,-0.132231389,-0.156198835,-0.128607861,-0.174589471,-0.244087344
1995/04/21,-0.082659443,1.171548858,-0.068971777,0.219231527,-0.113390341,-0.370207562,-0.075403012,-0.024073238,-0.032008998,0.203485289,0.127406618,-0.191737994,0.322062321,-0.069194675,-0.15866319,-0.140687109,-0.2029949,0.594751159,-0.124788757,0.128289269,0.859829868,-0.086618443,0.135503065,-0.134813652,0.081297287,-0.062983294,0.088758681,-0.19696504,-0.170086079,0.215339917,-0.143615612,-0.04668085,1.356041935,-0.065581143,1.072293006,-0.195397044,-0.132023669,0.138460774,-0.162167468,-0.060276398,0.729832422,-0.101054096,0.260664707,0.302995515,0.054345479,-0.06797117,-0.060680561,0.760071647,0.109884361,0.519377578,-0.096783415,-0.110582073,-0.062585366,-0.118100155,-0.142162056,-0.121793854,-0.205942831,1.054285064,1.43981282,0.054950291,0.088896635,-0.105606466,0.28843115,-0.09950676,-0.062888152,0.262238359,-0.124727662,0.124009801,0.002828632,-0.243821637,-0.086114343,1.302470697,0.039756258,0.852812153,0.056570464,-0.135748287,-0.211573819,-0.122939669,-0.101357509,-0.126447534,-0.228756939,-0.046036241,-0.121270342,-0.181673542,0.036859093,0.555570227,0.438506149,-0.128157682,-0.079157353,-0.071834471,0.380054597,-0.009509723,-0.04765141,-0.124159952,-0.11792592,-0.156198835,1.309054822,-0.174589471,0.095596587
1995/05/07,-0.082659443,-0.130485729,-0.165848098,-0.157006422,-0.113390341,0.873273442,-0.091110617,-0.134672834,-0.136274211,-0.233279447,-0.198122883,-0.191737994,-0.194892727,-0.122599122,-0.15866319,-0.170503902,-0.340562059,-0.139782736,0.108097972,-0.171017742,-0.197529694,-0.099590588,-0.083501058,-0.181840622,-0.174510259,-0.267696748,-0.089462247,-0.218001746,0.326157016,0.035966101,-0.340060754,-0.214293457,-0.155748504,-0.088868321,-0.178347691,0.318126257,-0.132023669,-0.194382489,-0.231859742,-0.060276398,-0.22647649,-0.117683671,0.031245215,-0.138204312,-0.126895569,-0.127080841,-0.032584628,-0.357408098,-0.190749795,-0.205364399,-0.112523088,-0.110582073,-0.068291644,-0.132713078,-0.144892921,-0.121793854,-0.262772247,-0.12619813,-0.19553799,0.688967923,-0.475655131,-0.10921869,-0.159569877,-0.104572804,-0.19255991,-0.189402319,-0.124727662,-0.200075035,-0.332884107,4.51490454,-0.133041481,1.241472147,-0.084564295,-0.126852763,-0.118890807,-0.193196458,-0.235560672,-0.122939669,-0.178535857,-0.14416996,-0.279157922,-0.09729191,-0.134446813,-0.190354029,-0.183378896,-0.110683533,-0.129789164,-0.234621665,-0.079157353,-0.071834471,1.11383856,-0.20793647,-0.134967248,-0.246631107,-0.132231389,-0.156198835,-0.128607861,-0.174589471,-0.244087344
1995/05/21,-0.082659443,-0.130485729,-0.165848098,-0.157006422,-0.113390341,-0.199533699,-0.091110617,-0.134672834,-0.136274211,-0.233279447,-0.198122883,-0.191737994,-0.194892727,-0.122599122,-0.15866319,-0.170503902,-0.340562059,-0.139782736,-0.124788757,1.265655911,-0.197529694,-0.099590588,-0.083501058,0.382483023,-0.174510259,-0.267696748,-0.200561007,-0.218001746,-0.170086079,-0.099980371,-0.340060754,-0.214293457,-0.155748504,-0.088868321,-0.178347691,0.318126257,-0.132023669,-0.194382489,-0.231859742,-0.060276398,-0.22647649,-0.117683671,-0.237343458,-0.138204312,-0.126895569,-0.127080841,-0.064192553,-0.357408098,-0.190749795,-0.205364399,-0.112523088,-0.110582073,-0.068291644,-0.132713078,-0.146294863,-0.121793854,-0.262772247,-0.12619813,-0.19553799,0.121190939,-0.45051739,-0.10921869,-0.159569877,-0.188049115,-0.077296125,-0.189402319,-0.124727662,-0.200075035,-0.332884107,2.135541452,-0.20432321,-0.222493043,-0.084564295,-0.126852763,-0.118890807,-0.193196458,-0.235560672,-0.122939669,-0.178535857,-0.14416996,-0.279157922,1.132844146,-0.134446813,-0.190354029,-0.183378896,-0.249964115,-0.129789164,-0.234621665,-0.079157353,-0.071834471,-0.250379512,-0.20793647,-0.134967248,-0.400112201,-0.132231389,-0.156198835,-0.128607861,-0.174589471,-0.244087344
1995/06/07,-0.082659443,-0.130485729,-0.165848098,-0.157006422,-0.113390341,0.288105911,-0.091110617,-0.134672834,-0.136274211,-0.233279447,-0.198122883,-0.191737994,-0.194892727,-0.122599122,-0.15866319,-0.170503902,-0.340562059,-0.139782736,-0.124788757,-0.171017742,-0.197529694,-0.099590588,-0.083501058,-0.181840622,-0.174510259,-0.267696748,-0.237593927,-0.218001746,-0.170086079,-0.235926842,-0.340060754,-0.214293457,-0.155748504,-0.088868321,-0.178347691,-0.195397044,-0.132023669,-0.194382489,-0.231859742,-0.060276398,-0.22647649,-0.117683671,-0.237343458,-0.138204312,-0.126895569,-0.127080841,0.009559273,-0.357408098,-0.190749795,-0.205364399,-0.112523088,-0.110582073,-0.068291644,-0.132713078,-0.146294863,-0.121793854,-0.262772247,-0.12619813,-0.19553799,0.01285648,-0.475655131,-0.10921869,-0.159569877,-0.195307925,-0.19255991,-0.189402319,-0.124727662,-0.200075035,-0.332884107,2.135541452,-0.180562634,-0.222493043,-0.084564295,-0.126852763,-0.469813347,-0.193196458,-0.235560672,-0.122939669,-0.178535857,-0.14416996,-0.279157922,-0.09729191,-0.134446813,-0.190354029,-0.183378896,-0.234677222,-0.129789164,-0.234621665,-0.079157353,-0.071834471,5.247832716,-0.20793647,-0.134967248,-0.391424592,-0.132231389,0.324771244,-0.128607861,3.479695435,-0.244087344
1995/06/21,-0.082659443,-0.130485729,-0.165848098,-0.157006422,-0.113390341,-0.297061621,-0.091110617,-0.134672834,-0.136274211,-0.233279447,-0.198122883,-0.191737994,-0.194892727,-0.122599122,-0.15866319,-0.170503902,-0.333798194,-0.139782736,-0.124788757,2.702329565,-0.197529694,0.2117409,-0.083501058,-0.181840622,-0.174510259,0.071139314,-0.237593927,-0.218001746,-0.170086079,-0.05466488,-0.340060754,-0.214293457,-0.155748504,-0.088868321,-0.178347691,-0.195397044,-0.132023669,-0.194382489,-0.231859742,-0.060276398,-0.22647649,-0.117683671,0.165539552,-0.138204312,-0.126895569,-0.127080841,-0.011512678,-0.357408098,-0.190749795,-0.205364399,-0.112523088,-0.110582073,-0.068291644,-0.132713078,-0.146294863,-0.121793854,-0.262772247,-0.104815793,-0.19553799,-0.036742429,-0.425379649,-0.10921869,-0.159569877,-0.195307925,-0.19255991,-0.189402319,-0.124727662,-0.200075035,-0.332884107,-0.243821637,-0.237588017,0.509489552,-0.084564295,-0.126852763,-0.469813347,-0.193196458,-0.235560672,-0.122939669,-0.178535857,-0.14416996,-0.279157922,-0.09729191,-0.134446813,0.017977645,-0.183378896,-0.249964115,-0.129789164,-0.234621665,-0.079157353,-0.071834471,1.940637391,-0.20793647,-0.134967248,-0.391424592,-0.132231389,0.485094603,-0.128607861,-0.174589471,-0.244087344
1995/07/07,-0.082659443,-0.130485729,-0.165848098,-0.157006422,-0.056580518,-0.102005777,-0.091110617,-0.134672834,-0.136274211,-0.233279447,-0.198122883,-0.191737994,-0.194892727,-0.122599122,-0.15866319,-0.170503902,-0.3318254,-0.139782736,-0.124788757,-0.171017742,-0.197529694,-0.099590588,-0.083501058,0.382483023,-0.174510259,-0.267696748,-0.237593927,-0.218001746,-0.170086079,-0.099980371,0.602875927,-0.214293457,-0.155748504,-0.088868321,-0.178347691,-0.195397044,-0.132023669,-0.194382489,0.186293903,-0.04082637,-0.22647649,-0.117683671,-0.237343458,-0.138204312,-0.126895569,-0.127080841,-0.053656578,-0.357408098,-0.190749795,-0.205364399,-0.112523088,-0.110582073,-0.068291644,-0.132713078,-0.146294863,-0.121793854,-0.262772247,-0.120852546,-0.19553799,-0.133329778,-0.425379649,-0.10921869,-0.159569877,-0.186234413,-0.19255991,-0.189402319,-0.124727662,-0.200075035,-0.332884107,0.945859907,-0.213827441,0.143498254,-0.084564295,-0.126852763,-0.294352077,-0.193196458,-0.235560672,-0.122939669,-0.178535857,-0.14416996,-0.279157922,-0.09729191,-0.059407929,-0.190354029,-0.183378896,-0.249964115,-0.129789164,-0.234621665,-0.079157353,-0.071834471,0.039000079,-0.20793647,-0.134967248,-0.389494012,-0.132231389,0.404932924,-0.128607861,-0.174589471,-0.244087344
1995/07/21,-0.082659443,-0.130485729,-0.150944049,-0.157006422,0.324856868,0.524959435,-0.091110617,-0.134672834,-0.136274211,0.016300402,-0.012106025,-0.191737994,-0.194892727,-0.122599122,-0.158149818,-0.170503902,-0.33293258,-0.127339356,-0.108153991,-0.171017742,0.205273949,0.078313119,-0.068778092,-0.020605295,-0.174510259,0.234506701,-0.184689755,-0.217729316,-0.143501627,-0.119940765,0.468170686,0.36037834,0.214485889,-0.087107106,-0.178347691,-0.195397044,-0.132023669,-0.194382489,-0.14225539,-0.060276398,-0.190799815,-0.117683671,-0.128628995,-0.119295748,-0.122519527,-0.127080841,-0.089779921,-0.212937543,-0.147802059,0.788567455,-0.112523088,-0.110582073,-0.068291644,-0.132583365,-0.142527145,-0.033643604,-0.175092577,-0.118561581,-0.065419662,-0.330233717,-0.085720887,-0.10921869,-0.09556973,-0.183166702,-0.151394273,-0.189402319,0.444563037,-0.200075035,0.10833835,0.096087375,-0.2033049,0.012787076,-0.084564295,-0.126852763,-0.428036854,-0.162420652,-0.233550345,-0.017989237,-0.178216278,-0.141408024,-0.251873179,-0.09729191,-0.132915407,-0.190354029,-0.136185041,-0.191384579,-0.129789164,-0.182476041,-0.078666232,-0.061616162,0.25554263,0.174743685,-0.134967248,-0.285012872,-0.132231389,-0.041682149,-0.128607861,-0.174589471,0.144122863
1995/08/07,-0.082659443,-0.130485729,-0.165848098,-0.157006422,-0.113390341,-0.394589543,-0.091110617,-0.134672834,-0.136274211,-0.233279447,-0.198122883,-0.191737994,-0.194892727,-0.122599122,-0.15866319,-0.170503902,-0.333798194,-0.139782736,-0.124788757,-0.171017742,-0.197529694,0.367406644,-0.083501058,-0.181840622,-0.174510259,-0.267696748,-0.237593927,-0.218001746,-0.170086079,-0.099980371,-0.340060754,-0.214293457,2.435892249,-0.088868321,-0.178347691,-0.195397044,-0.132023669,-0.194382489,-0.231859742,-0.060276398,-0.22647649,-0.117683671,-0.103049122,-0.138204312,-0.126895569,-0.127080841,-0.095800478,-0.357408098,-0.190749795,-0.205364399,-0.112523088,-0.110582073,-0.068291644,-0.132713078,-0.146294863,-0.121793854,-0.262772247,-0.008595276,-0.19553799,0.563665416,-0.45051739,-0.10921869,-0.159569877,-0.168087389,-0.19255991,-0.189402319,-0.124727662,-0.200075035,-0.332884107,-0.243821637,0.07605159,-0.222493043,-0.084564295,-0.126852763,-0.469813347,-0.193196458,-0.235560672,-0.122939669,-0.178535857,-0.14416996,-0.279157922,-0.09729191,-0.134446813,-0.190354029,-0.183378896,-0.249964115,-0.129789164,-0.234621665,-0.079157353,-0.071834471,0.452399495,-0.20793647,-0.134967248,-0.216707121,-0.132231389,-0.156198835,-0.128607861,1.652552982,-0.244087344
1995/08/21,-0.082659443,-0.130485729,-0.165848098,-0.157006422,2.29E-04,0.288105911,-0.091110617,-0.134672834,-0.136274211,-0.233279447,-0.198122883,-0.191737994,-0.194892727,-0.122599122,-0.15866319,-0.170503902,-0.121300088,-0.139782736,-0.124788757,-0.171017742,0.272407889,0.2117409,-0.083501058,-0.181840622,-0.174510259,-0.267696748,-0.163528087,-0.218001746,-0.170086079,-0.145295861,-0.340060754,-0.214293457,2.435892249,-0.088868321,-0.178347691,-0.195397044,-0.132023669,-0.194382489,0.186293903,-0.060276398,-0.22647649,-0.117683671,-0.237343458,-0.138204312,-0.126895569,-0.127080841,-0.095800478,-0.357408098,-0.190749795,-0.205364399,-0.112523088,-0.110582073,-0.068291644,-0.132713078,-0.146294863,-0.121793854,-0.080918116,0.02347823,-0.19553799,0.10683336,-0.425379649,-0.10921869,-0.159569877,-0.195307925,1.190605508,-0.189402319,-0.124727662,-0.200075035,-0.332884107,-0.243821637,0.038034668,-0.222493043,-0.084564295,-0.126852763,-0.469813347,0.151492566,-0.235560672,-0.122939669,-0.178535857,-0.14416996,-0.279157922,-0.09729191,-0.134446813,-0.190354029,-0.183378896,-0.219390329,-0.129789164,-0.234621665,-0.079157353,-0.071834471,-0.126359687,-0.20793647,-0.134967248,-0.348951836,-0.132231389,-0.156198835,-0.128607861,-0.174589471,-0.244087344
1995/09/07,-0.082659443,-0.130485729,-0.165848098,-0.157006422,-0.113390341,-0.102005777,-0.091110617,-0.134672834,-0.136274211,-0.233279447,-0.198122883,-0.191737994,1.308976504,-0.122599122,-0.15866319,-0.170503902,4.820267278,-0.139782736,-0.124788757,-0.171017742,-0.197529694,-0.099590588,-0.083501058,-0.181840622,-0.174510259,-0.267696748,-0.163528087,-0.218001746,-0.170086079,-0.235926842,-0.340060754,-0.214293457,-0.155748504,-0.088868321,-0.178347691,-0.195397044,-0.132023669,-0.194382489,-0.231859742,-0.060276398,-0.22647649,-0.117683671,-0.237343458,-0.138204312,-0.126895569,-0.127080841,-0.095800478,-0.357408098,-0.190749795,-0.205364399,-0.112523088,-0.110582073,-0.068291644,-0.132713078,-0.146294863,-0.121793854,0.100936014,-0.12619813,-0.19553799,0.910857778,-0.475655131,-0.10921869,-0.159569877,-0.195307925,-0.19255991,-0.189402319,-0.124727662,-0.200075035,-0.332884107,-0.243821637,-0.10452879,-0.222493043,-0.084564295,-0.126852763,-0.469813347,-0.193196458,-0.235560672,-0.122939669,-0.178535857,-0.14416996,-0.279157922,-0.09729191,-0.134446813,-0.190354029,-0.183378896,-0.249964115,-0.129789164,1.955494563,-0.079157353,-0.071834471,-0.45707922,-0.20793647,-0.134967248,-0.208019512,-0.132231389,-0.156198835,-0.128607861,-0.174589471,-0.244087344
1995/09/21,-0.082659443,-0.130485729,-0.165848098,-0.157006422,-0.113390341,-0.102005777,-0.091110617,-0.134672834,-0.136274211,-0.233279447,-0.198122883,-0.191737994,-0.194892727,-0.122599122,-0.15866319,-0.170503902,-0.129754919,-0.139782736,-0.124788757,-0.171017742,-0.197529694,0.523072388,-0.083501058,-0.181840622,-0.174510259,-0.267696748,-0.200561007,-0.218001746,-0.170086079,-0.235926842,1.545812607,-0.214293457,-0.155748504,-0.088868321,-0.178347691,-0.195397044,-0.132023669,-0.194382489,-0.231859742,-0.060276398,-0.22647649,-0.117683671,-0.237343458,-0.138204312,-0.126895569,-0.127080841,-0.095800478,-0.357408098,-0.190749795,-0.205364399,-0.112523088,-0.110582073,-0.068291644,-0.132713078,-0.146294863,-0.121793854,-0.262772247,-0.104815793,-0.19553799,1.07009638,-0.475655131,-0.10921869,-0.159569877,-0.177160901,1.882188218,-0.189402319,-0.124727662,-0.200075035,-0.332884107,6.894267629,0.218615048,-0.222493043,-0.084564295,-0.126852763,-0.469813347,-0.193196458,-0.235560672,-0.122939669,-0.178535857,-0.14416996,-0.222567345,-0.09729191,-0.123726972,-0.190354029,-0.183378896,-0.202404892,-0.129789164,-0.234621665,-0.079157353,-0.071834471,-0.374399337,-0.20793647,-0.134967248,-0.341229517,-0.132231389,-0.156198835,-0.128607861,-0.174589471,-0.244087344
1995/10/07,-0.082659443,-0.130485729,-0.165848098,-0.157006422,-0.113390341,-0.492117464,-0.091110617,-0.134672834,-0.136274211,-0.233279447,-0.198122883,-0.191737994,-0.194892727,-0.122599122,-0.15866319,-0.170503902,-0.340562059,-0.139782736,-0.124788757,-0.171017742,-0.197529694,-0.099590588,-0.083501058,-0.181840622,-0.174510259,-0.267696748,-0.163528087,-0.218001746,-0.170086079,-0.235926842,-0.340060754,-0.214293457,-0.155748504,-0.088868321,-0.178347691,-0.195397044,-0.132023669,-0.194382489,-0.231859742,-0.060276398,-0.22647649,-0.117683671,-0.237343458,-0.138204312,-0.126895569,-0.127080841,-0.095800478,-0.357408098,-0.190749795,-0.205364399,-0.112523088,-0.110582073,-0.068291644,-0.132713078,-0.146294863,-0.121793854,-0.262772247,-0.12619813,-0.19553799,0.514066507,-0.475655131,-0.10921869,-0.159569877,-0.195307925,-0.19255991,-0.189402319,-0.124727662,-0.200075035,-0.332884107,-0.243821637,-0.123537251,1.241472147,-0.084564295,-0.126852763,-0.469813347,-0.193196458,-0.235560672,-0.122939669,-0.178535857,-0.14416996,-0.279157922,-0.09729191,-0.134446813,-0.190354029,-0.183378896,-0.249964115,-0.129789164,-0.234621665,-0.079157353,-0.071834471,2.188677041,-0.20793647,-0.134967248,-0.304548501,-0.132231389,-0.156198835,-0.128607861,-0.174589471,-0.244087344
1995/10/21,-0.082659443,-0.130485729,-0.165848098,-0.157006422,-0.113390341,0.678217598,-0.091110617,-0.134672834,-0.136274211,-0.233279447,-0.198122883,5.333154727,-0.194892727,-0.122599122,-0.15866319,-0.170503902,0.979519014,-0.139782736,-0.124788757,-0.171017742,-0.197529694,-0.099590588,-0.083501058,-0.181840622,-0.174510259,-0.267696748,0.317899873,-0.208466695,-0.170086079,11.81799363,-0.340060754,-0.214293457,-0.155748504,-0.088868321,-0.178347691,1.345172859,-0.132023669,-0.194382489,1.440754838,-0.060276398,-0.22647649,-0.117683671,-0.237343458,-0.138204312,-0.126895569,-0.127080841,-0.095800478,-0.357408098,-0.190749795,-0.205364399,-0.112523088,-0.110582073,-0.068291644,-0.132713078,-0.119657976,-0.121793854,-0.262772247,-0.12619813,-0.19553799,2.020307056,-0.475655131,-0.10921869,-0.159569877,-0.151755067,-0.19255991,-0.189402319,-0.124727662,-0.200075035,-0.332884107,4.51490454,-0.066511868,-0.222493043,-0.084564295,-0.126852763,0.232031734,-0.193196458,-0.235560672,-0.122939669,-0.178535857,-0.14416996,-0.279157922,-0.09729191,1.237692769,-0.190354029,-0.183378896,-0.161639843,-0.129789164,-0.234621665,-0.079157353,0.214278169,5.661232132,-0.20793647,-0.134967248,0.367293267,-0.132231389,-0.156198835,-0.128607861,-0.174589471,-0.244087344
1995/11/07,-0.082659443,-0.130485729,-0.165848098,-0.157006422,-0.113390341,0.288105911,-0.091110617,-0.134672834,-0.136274211,-0.233279447,-0.198122883,10.85804745,-0.194892727,-0.122599122,-0.15866319,-0.170503902,6.330863895,-0.139782736,-0.124788757,-0.171017742,-0.197529694,-0.099590588,-0.083501058,-0.181840622,-0.174510259,-0.267696748,0.206801113,-0.218001746,-0.170086079,13.90250619,7.203432692,-0.214293457,-0.155748504,-0.088868321,-0.178347691,-0.195397044,-0.132023669,-0.194382489,-0.231859742,-0.060276398,-0.22647649,-0.117683671,-0.237343458,-0.138204312,-0.126895569,-0.127080841,-0.095800478,-0.357408098,-0.190749795,-0.205364399,-0.112523088,-0.110582073,-0.068291644,-0.132713078,-0.13367739,-0.121793854,-0.262772247,-0.12619813,-0.19553799,1.234555921,-0.073451276,-0.10921869,-0.159569877,-0.166272686,-0.19255991,-0.189402319,-0.124727662,-0.200075035,-0.332884107,-0.243821637,-0.199571095,-0.222493043,-0.084564295,-0.126852763,10.75970794,-0.193196458,-0.235560672,-0.122939669,-0.178535857,-0.14416996,-0.279157922,-0.09729191,1.066175321,-0.190354029,-0.183378896,-0.202404892,-0.129789164,-0.234621665,-0.079157353,-0.071834471,6.157311431,-0.20793647,-0.134967248,-0.374049374,-0.132231389,-0.156198835,-0.128607861,-0.174589471,-0.244087344
1995/11/21,-0.082659443,-0.130485729,-0.165848098,-0.157006422,-0.113390341,0.873273442,-0.091110617,-0.134672834,-0.136274211,-0.233279447,-0.198122883,-0.191737994,17.85153804,-0.122599122,-0.15866319,-0.170503902,0.498157256,-0.139782736,-0.124788757,-0.171017742,-0.197529694,-0.099590588,-0.083501058,-0.181840622,-0.174510259,-0.267696748,-0.237593927,-0.176047524,-0.170086079,1.214168853,7.203432692,-0.214293457,2.435892249,-0.088868321,-0.178347691,-0.195397044,-0.132023669,-0.194382489,-0.231859742,-0.060276398,-0.22647649,-0.117683671,-0.237343458,-0.138204312,-0.126895569,-0.127080841,-0.095800478,0.128012968,-0.190749795,-0.205364399,-0.112523088,-0.110582073,-0.068291644,-0.132713078,-0.125265742,-0.121793854,-0.262772247,-0.12619813,-0.19553799,1.469498121,-0.475655131,-0.10921869,-0.159569877,0.403543875,-0.19255991,-0.189402319,-0.124727662,-0.200075035,-0.332884107,-0.243821637,-0.161554173,-0.222493043,-0.084564295,-0.126852763,1.284799354,-0.193196458,-0.235560672,-0.122939669,-0.178535857,-0.14416996,-0.279157922,-0.09729191,4.249967943,-0.190354029,-0.183378896,-0.24316994,-0.129789164,-0.234621665,-0.079157353,0.357334488,-0.126359687,-0.20793647,-0.134967248,0.085428617,-0.132231389,-0.156198835,-0.128607861,-0.174589471,-0.244087344
1995/12/07,-0.082659443,-0.130485729,-0.165848098,-0.157006422,-0.113390341,1.068329286,-0.091110617,-0.134672834,-0.136274211,-0.233279447,-0.198122883,-0.191737994,10.33219189,-0.122599122,-0.15866319,-0.170503902,1.174543801,-0.139782736,-0.124788757,-0.171017742,-0.197529694,-0.099590588,-0.083501058,-0.181840622,-0.174510259,-0.267696748,-0.237593927,-0.134093301,-0.170086079,-0.235926842,-0.340060754,-0.214293457,-0.155748504,-0.088868321,-0.178347691,-0.195397044,-0.132023669,-0.194382489,3.113369419,-0.060276398,-0.22647649,-0.117683671,-0.237343458,-0.138204312,-0.126895569,-0.127080841,-0.095800478,-0.357408098,-0.190749795,-0.205364399,-0.112523088,-0.110582073,-0.068291644,-0.132713078,-0.122461859,-0.121793854,-0.262772247,-0.12619813,-0.19553799,1.704440321,-0.475655131,-0.10921869,-0.159569877,0.109562082,-0.19255991,-0.189402319,-0.124727662,-0.200075035,-0.332884107,-0.243821637,0.104564282,-0.222493043,-0.084564295,-0.126852763,-0.469813347,-0.193196458,-0.235560672,-0.122939669,-0.178535857,-0.14416996,-0.279157922,-0.09729191,23.14904671,-0.190354029,-0.183378896,-0.249964115,-0.129789164,-0.234621665,-0.079157353,-0.071834471,-0.45707922,-0.20793647,-0.134967248,-0.358604735,-0.132231389,-0.156198835,-0.128607861,-0.174589471,-0.244087344
1995/12/21,-0.082659443,-0.130485729,-0.165848098,-0.157006422,-0.113390341,1.848552661,-0.091110617,-0.134672834,-0.136274211,-0.233279447,-0.198122883,-0.191737994,2.812845734,-0.122599122,-0.15866319,-0.170503902,-0.250377187,-0.139782736,-0.124788757,-0.171017742,-0.197529694,-0.099590588,-0.083501058,-0.181840622,-0.174510259,-0.267696748,-0.237593927,-0.187489584,-0.170086079,-0.235926842,-0.340060754,-0.214293457,-0.155748504,-0.088868321,-0.178347691,-0.195397044,-0.132023669,-0.194382489,-0.231859742,-0.060276398,-0.22647649,-0.117683671,-0.237343458,-0.138204312,-0.126895569,-0.127080841,-0.095800478,-0.357408098,-0.190749795,-0.205364399,-0.112523088,-0.110582073,-0.068291644,-0.132713078,-0.146294863,-0.121793854,-0.262772247,-0.12619813,-0.19553799,0.503624631,-0.475655131,-0.10921869,-0.159569877,-0.195307925,-0.19255991,-0.189402319,-0.124727662,-0.200075035,-0.332884107,-0.243821637,-0.237588017,-0.222493043,-0.084564295,0.038870289,0.933876814,-0.193196458,-0.235560672,-0.122939669,-0.178535857,-0.14416996,-0.279157922,-0.09729191,1.623607026,-0.190354029,-0.183378896,-0.249964115,-0.129789164,-0.234621665,-0.079157353,-0.071834471,-0.45707922,-0.20793647,-0.134967248,-0.335437778,-0.132231389,-0.156198835,-0.128607861,-0.174589471,-0.244087344
1996/01/07,-0.082659443,-0.130485729,-0.165848098,-0.157006422,-0.113390341,3.994166943,-0.091110617,-0.134672834,-0.136274211,-0.233279447,-0.198122883,-0.191737994,-0.194892727,-0.122599122,-0.15866319,-0.170503902,0.480683937,-0.139782736,0.108097972,-0.171017742,-0.197529694,0.2117409,-0.083501058,0.946806668,-0.174510259,-0.267696748,0.466031553,3.80769656,-0.170086079,1.757954739,-0.340060754,-0.214293457,-0.155748504,-0.088868321,-0.178347691,4.426312665,-0.132023669,-0.142789992,1.440754838,-0.060276398,-0.22647649,-0.117683671,-0.237343458,-0.138204312,-0.126895569,-0.127080841,-0.095800478,-0.114697565,-0.190749795,-0.205364399,-0.112523088,-0.110582073,-0.068291644,0.06068824,14.9301828,-0.121793854,0.100936014,0.02347823,-0.19553799,4.265310302,-0.324828685,-0.10921869,-0.159569877,1.194754131,-0.19255991,-0.189402319,-0.124727662,-0.200075035,-0.332884107,6.894267629,0.199606587,-0.222493043,-0.084564295,-0.126852763,3.741257136,-0.193196458,-0.235560672,-0.122939669,-0.178535857,-0.14416996,-0.279157922,-0.09729191,3.167264055,-0.190354029,-0.183378896,-0.229581591,-0.129789164,-0.234621665,-0.079157353,0.071221849,-0.291719453,-0.20793647,-0.134967248,1.902104202,-0.132231389,-0.156198835,-0.128607861,-0.174589471,-0.244087344
1996/01/21,-0.082659443,-0.130485729,-0.165848098,-0.157006422,-0.113390341,0.808254828,-0.091110617,-0.134672834,-0.136274211,-0.233279447,-0.198122883,1.649892913,-0.194892727,-0.122599122,-0.15866319,-0.170503902,1.000562151,-0.139782736,-0.124788757,-0.171017742,-0.197529694,-0.099590588,-0.083501058,-0.181840622,-0.174510259,-0.267696748,0.1821125,1.519284449,-0.170086079,0.066176428,3.431685969,-0.214293457,-0.155748504,-0.077909649,-0.178347691,0.489300691,-0.132023669,-0.119859993,-0.231859742,-0.060276398,-0.22647649,-0.117683671,-0.147813901,-0.138204312,-0.126895569,-0.127080841,-0.095800478,-0.357408098,-0.190749795,-0.205364399,-0.112523088,-0.110582073,-0.068291644,-0.08277377,-0.125499399,-0.121793854,-0.14153616,-0.12619813,-0.19553799,1.344195614,-0.475655131,-0.10921869,-0.159569877,0.87899591,-0.19255991,-0.189402319,-0.124727662,-0.200075035,-0.332884107,1.342420422,-0.199571095,-0.222493043,-0.084564295,-0.126852763,2.337566975,-0.193196458,-0.235560672,-0.122939669,-0.178535857,-0.14416996,-0.250862633,-0.09729191,2.424021782,-0.190354029,0.257097083,-0.249964115,-0.129789164,-0.234621665,-0.079157353,-0.071834471,-0.45707922,-0.20793647,-0.134967248,-0.030406171,-0.132231389,-0.156198835,-0.128607861,2.261600467,-0.244087344
1996/02/07,-0.082659443,-0.130485729,-0.165848098,-0.157006422,-0.113390341,-0.492117464,-0.091110617,-0.134672834,-0.136274211,-0.233279447,-0.198122883,-0.191737994,-0.194892727,-0.122599122,-0.15866319,-0.170503902,0.570305155,-0.139782736,-0.124788757,-0.171017742,-0.197529694,-0.099590588,-0.083501058,-0.181840622,-0.174510259,-0.267696748,0.206801113,0.457079827,-0.170086079,-0.235926842,-0.340060754,-0.214293457,-0.155748504,-0.088868321,-0.178347691,-0.195397044,-0.132023669,-0.194382489,-0.231859742,-0.060276398,-0.22647649,-0.117683671,-0.237343458,-0.138204312,-0.126895569,-0.127080841,-0.095800478,-0.357408098,-0.190749795,-0.205364399,-0.112523088,-0.110582073,-0.068291644,-0.105473455,-0.146294863,-0.121793854,-0.262772247,-0.12619813,-0.19553799,1.067485912,-0.475655131,-0.10921869,-0.159569877,-0.122719828,-0.19255991,-0.189402319,-0.124727662,-0.200075035,-0.332884107,-0.243821637,-0.199571095,-0.222493043,-0.084564295,-0.126852763,-0.469813347,-0.193196458,-0.235560672,-0.122939669,-0.178535857,-0.14416996,-0.279157922,-0.09729191,3.338781503,-0.190354029,-0.183378896,-0.249964115,-0.129789164,-0.234621665,-0.079157353,0.214278169,-0.45707922,-0.20793647,-0.134967248,-0.304548501,-0.132231389,-0.156198835,-0.128607861,-0.174589471,-0.244087344
1996/02/21,-0.082659443,-0.130485729,-0.165848098,-0.157006422,-0.113390341,0.288105911,-0.091110617,-0.134672834,-0.136274211,-0.233279447,-0.198122883,-0.191737994,-0.194892727,-0.122599122,-0.15866319,-0.170503902,1.48342699,-0.139782736,-0.124788757,-0.171017742,-0.197529694,-0.099590588,-0.083501058,-0.181840622,-0.174510259,-0.267696748,1.169657033,0.619175685,-0.170086079,-0.235926842,-0.340060754,-0.214293457,-0.155748504,-0.088868321,-0.178347691,-0.195397044,-0.132023669,0.097974995,-0.231859742,-0.060276398,-0.22647649,-0.117683671,-0.237343458,-0.138204312,-0.126895569,-0.127080841,-0.095800478,-0.357408098,-0.190749795,-0.205364399,-0.112523088,-0.110582073,-0.068291644,0.093375787,-0.141388068,-0.121793854,-0.262772247,-0.12619813,-0.19553799,1.610463441,-0.375104167,-0.10921869,-0.159569877,0.595902332,-0.19255991,-0.189402319,-0.124727662,-0.200075035,-0.332884107,-0.243821637,0.06654736,-0.222493043,-0.084564295,-0.126852763,0.933876814,-0.193196458,-0.235560672,-0.122939669,-0.178535857,-0.14416996,-0.279157922,-0.09729191,-0.113007132,-0.190354029,-0.183378896,-0.080109747,-0.129789164,-0.234621665,-0.079157353,-0.071834471,0.039000079,-0.20793647,-0.134967248,0.031372383,-0.132231389,-0.156198835,-0.128607861,-0.174589471,-0.244087344
1996/03/07,-0.082659443,-0.130485729,-0.165848098,-0.157006422,-0.113390341,0.288105911,-0.091110617,-0.134672834,-0.136274211,-0.233279447,-0.198122883,-0.191737994,-0.194892727,-0.122599122,-0.15866319,-0.170503902,1.118178256,-0.139782736,-0.124788757,-0.171017742,-0.197529694,-0.099590588,-0.083501058,-0.181840622,-0.174510259,-0.267696748,0.503064473,0.121446051,-0.170086079,-0.235926842,-0.340060754,-0.214293457,-0.155748504,-0.088868321,-0.178347691,-0.195397044,-0.132023669,-0.194382489,-0.231859742,-0.060276398,-0.22647649,-0.117683671,-0.237343458,-0.138204312,-0.126895569,-0.127080841,-0.095800478,-0.357408098,-0.190749795,-0.205364399,-0.112523088,-0.110582073,-0.068291644,0.918736339,-0.146294863,-0.121793854,-0.262772247,-0.12619813,-0.19553799,2.069905965,-0.475655131,-0.10921869,-0.159569877,-0.180790306,-0.19255991,-0.189402319,-0.124727662,-0.200075035,-0.332884107,-0.243821637,-0.085520329,-0.222493043,-0.084564295,-0.126852763,2.337566975,-0.193196458,-0.235560672,-0.122939669,-0.178535857,-0.14416996,-0.279157922,-0.09729191,-0.134446813,-0.190354029,-0.183378896,-0.249964115,-0.129789164,-0.234621665,-0.079157353,0.214278169,-0.45707922,-0.20793647,-0.134967248,1.718699122,-0.132231389,-0.156198835,-0.128607861,-0.174589471,-0.244087344
1996/03/21,-0.082659443,-0.130485729,-0.165848098,-0.157006422,-0.113390341,-0.102005777,-0.091110617,-0.134672834,-0.136274211,-0.233279447,-0.198122883,-0.191737994,-0.194892727,-0.122599122,-0.15866319,-0.170503902,-0.340562059,-0.139782736,-0.124788757,-0.171017742,-0.197529694,-0.099590588,-0.083501058,-0.181840622,-0.174510259,-0.267696748,-0.237593927,-0.218001746,-0.170086079,-0.235926842,-0.340060754,-0.214293457,-0.155748504,-0.088868321,-0.178347691,-0.195397044,-0.132023669,-0.194382489,-0.231859742,-0.060276398,-0.22647649,-0.117683671,-0.237343458,-0.138204312,-0.126895569,-0.127080841,-0.095800478,-0.357408098,-0.190749795,-0.205364399,-0.112523088,-0.110582073,-0.068291644,-0.132713078,-0.146294863,-0.121793854,-0.262772247,-0.12619813,-0.19553799,0.268682431,-0.475655131,-0.10921869,-0.159569877,-0.195307925,-0.19255991,-0.189402319,-0.124727662,-0.200075035,-0.332884107,-0.243821637,-0.123537251,-0.222493043,-0.084564295,-0.126852763,-0.469813347,-0.193196458,-0.235560672,-0.122939669,-0.178535857,-0.14416996,-0.279157922,-0.09729191,-0.134446813,-0.190354029,-0.183378896,-0.249964115,-0.129789164,-0.234621665,-0.079157353,-0.071834471,-0.291719453,-0.20793647,-0.134967248,-0.366327055,-0.132231389,-0.156198835,-0.128607861,-0.174589471,-0.244087344
1996/04/07,-0.082659443,-0.130485729,-0.165848098,-0.157006422,-0.113390341,-0.492117464,-0.091110617,-0.134672834,-0.136274211,-0.233279447,-0.198122883,-0.191737994,-0.194892727,-0.122599122,-0.15866319,-0.170503902,-0.340562059,-0.139782736,-0.124788757,-0.171017742,-0.197529694,-0.099590588,-0.083501058,-0.181840622,-0.174510259,-0.267696748,-0.237593927,-0.218001746,-0.170086079,0.126597082,-0.340060754,-0.214293457,-0.155748504,-0.088868321,-0.178347691,-0.195397044,-0.132023669,-0.194382489,-0.231859742,-0.060276398,-0.22647649,-0.117683671,-0.237343458,-0.138204312,-0.126895569,-0.127080841,-0.095800478,-0.357408098,-0.190749795,-0.205364399,-0.112523088,-0.110582073,-0.068291644,-0.132713078,-0.146294863,-0.121793854,-0.262772247,-0.12619813,-0.19553799,0.367880249,-0.475655131,-0.10921869,-0.159569877,-0.137237447,-0.19255991,-0.189402319,-0.124727662,-0.200075035,-0.332884107,-0.243821637,-0.009486485,-0.222493043,-0.084564295,-0.126852763,-0.469813347,-0.193196458,-0.235560672,-0.122939669,-0.178535857,-0.14416996,-0.279157922,-0.09729191,-0.134446813,-0.190354029,-0.183378896,-0.249964115,-0.129789164,-0.234621665,-0.079157353,-0.071834471,-0.45707922,-0.20793647,-0.134967248,-0.374049374,-0.132231389,-0.156198835,-0.128607861,-0.174589471,-0.244087344
1996/04/21,-0.082659443,-0.130485729,-0.165848098,-0.157006422,-0.113390341,-0.492117464,-0.091110617,-0.134672834,-0.136274211,-0.233279447,-0.198122883,-0.191737994,-0.194892727,-0.122599122,-0.15866319,-0.170503902,-0.340562059,-0.139782736,-0.124788757,-0.171017742,-0.197529694,-0.099590588,-0.083501058,-0.181840622,-0.174510259,-0.267696748,-0.237593927,-0.200838655,-0.170086079,-0.235926842,-0.340060754,-0.214293457,-0.155748504,-0.088868321,-0.178347691,-0.195397044,-0.132023669,-0.194382489,-0.231859742,-0.060276398,-0.22647649,-0.117683671,-0.237343458,-0.138204312,-0.126895569,-0.127080841,-0.095800478,-0.357408098,-0.190749795,-0.205364399,-0.112523088,-0.110582073,-0.068291644,-0.132713078,-0.146294863,-0.121793854,-0.262772247,-0.12619813,-0.19553799,-0.248190409,-0.375104167,-0.10921869,-0.159569877,-0.188049115,-0.19255991,-0.189402319,-0.124727662,-0.200075035,-0.332884107,-0.243821637,-0.199571095,-0.222493043,-0.084564295,-0.126852763,-0.469813347,-0.193196458,-0.235560672,-0.122939669,-0.178535857,-0.14416996,-0.279157922,-0.09729191,-0.134446813,-0.190354029,-0.183378896,-0.249964115,-0.129789164,-0.234621665,-0.079157353,-0.071834471,-0.45707922,-0.20793647,-0.134967248,-0.350882416,-0.132231389,-0.156198835,-0.128607861,-0.174589471,-0.244087344
1996/05/07,-0.082659443,-0.130485729,-0.165848098,-0.148786385,-0.113390341,-0.252048734,-0.052445744,-0.134672834,-0.136274211,0.035498852,1.404483892,-0.191737994,0.007551208,-0.064093489,-0.15866319,-0.170503902,-0.306814995,0.160985466,-0.094931484,-0.171017742,0.380855024,-0.099590588,-0.083501058,-0.123961274,0.140329797,-0.015741728,-0.202460131,-0.217561666,0.669709927,-0.061636494,-0.340060754,-0.214293457,-0.155748504,-0.068636927,-0.178347691,0.002111918,-0.132023669,-0.190413835,-0.017421976,-0.060276398,-0.126019542,-0.117683671,-0.082388455,-0.138204312,-0.126895569,-0.127080841,-0.068244851,0.109342927,0.179261473,-0.205364399,-0.112523088,-0.103835526,-0.068291644,-0.131874935,-0.145809575,-0.121793854,-0.150862012,-0.076854275,-0.025686559,0.015466949,0.443483808,-0.10921869,-0.159569877,-0.177440086,0.215296559,-0.011240316,-0.124727662,-0.200075035,-0.084973161,0.854345942,-0.190554261,-0.053573983,-0.031343456,1.058704454,-0.145884848,-0.087138297,-0.209581065,-0.122939669,-0.178076974,-0.140699835,-0.279157922,-0.09729191,-0.129499194,-0.190354029,-0.183378896,-0.227316866,-0.129789164,-0.234621665,-0.079157353,-0.071834471,0.401519567,-0.162145682,-0.134967248,-0.283312124,-0.132231389,-0.156198835,0.062681976,-0.174589471,0.127532683
1996/05/21,-0.082659443,-0.130485729,-0.165848098,-0.157006422,-0.113390341,-0.492117464,-0.091110617,-0.134672834,-0.136274211,-0.233279447,-0.198122883,-0.191737994,-0.194892727,-0.122599122,-0.15866319,-0.170503902,-0.340562059,-0.139782736,-0.124788757,-0.171017742,-0.197529694,-0.099590588,-0.083501058,-0.181840622,-0.174510259,-0.267696748,-0.237593927,-0.179861544,-0.170086079,-0.235926842,-0.340060754,-0.214293457,-0.155748504,-0.088868321,-0.178347691,-0.195397044,-0.132023669,-0.194382489,-0.231859742,-0.060276398,-0.22647649,-0.117683671,0.299833888,-0.138204312,-0.126895569,-0.127080841,-0.095800478,-0.357408098,-0.190749795,-0.205364399,-0.112523088,-0.110582073,-0.068291644,-0.132713078,-0.146294863,-0.121793854,-0.262772247,-0.12619813,-0.19553799,0.038961169,-0.475655131,-0.10921869,-0.159569877,-0.195307925,-0.19255991,-0.189402319,-0.124727662,-0.200075035,-0.332884107,-0.243821637,-0.218579556,1.241472147,-0.084564295,-0.126852763,0.232031734,-0.193196458,-0.235560672,-0.122939669,-0.178535857,-0.14416996,-0.279157922,-0.09729191,-0.134446813,-0.190354029,-0.183378896,-0.239772853,-0.129789164,-0.234621665,-0.079157353,-0.071834471,-0.126359687,-0.20793647,-0.134967248,-0.397216331,-0.132231389,-0.156198835,4.844927907,-0.174589471,-0.244087344
1996/06/07,-0.082659443,-0.130485729,-0.156676375,-0.157006422,-0.113390341,-0.011980003,-0.091110617,-0.134672834,-0.136274211,0.841833748,-0.198122883,-0.191737994,0.03647177,-0.122599122,-0.15866319,-0.170503902,-0.336009457,-0.139782736,-0.124788757,0.27103569,-0.197529694,-0.075642012,-0.083501058,-0.008202578,-0.174510259,-0.215568123,-0.22050181,-0.218001746,-0.131913533,-0.166210703,-0.340060754,0.198291423,-0.155748504,-0.08254601,-0.178347691,-0.195397044,-0.132023669,-0.194382489,-0.167528412,-0.060276398,-0.091534321,-0.117683671,-0.144370456,-0.138204312,-0.126895569,-0.127080841,-0.087695882,-0.264057893,-0.190749795,-0.205364399,-0.112523088,-0.104354491,-0.068291644,-0.129150973,-0.141145424,-0.121793854,-0.206817129,-0.12619813,-0.093627132,-0.404015321,-0.061849241,-0.10921869,-0.159569877,-0.184698895,-0.19255991,-0.146643438,-0.124727662,-0.200075035,-0.00233618,-0.060793707,-0.190797959,-0.053573983,-0.084564295,-0.124728108,-0.415825264,-0.166681918,-0.234379781,-0.122939669,-0.178535857,-0.14416996,-0.270451679,-0.09729191,-0.134446813,-0.030098895,-0.081730593,-0.245260455,-0.129789164,-0.234621665,-0.079157353,-0.071834471,0.426959531,-0.162145682,-0.134967248,-0.367069585,-0.132231389,-0.119201136,-0.128607861,0.106509368,-0.244087344
1996/06/21,-0.082659443,-0.130485729,-0.165848098,-0.157006422,-0.113390341,-0.492117464,-0.091110617,-0.134672834,-0.136274211,-0.233279447,-0.198122883,-0.191737994,-0.194892727,-0.122599122,-0.15866319,-0.170503902,-0.340562059,-0.139782736,-0.124788757,-0.171017742,-0.197529694,-0.099590588,-0.083501058,-0.181840622,-0.174510259,-0.267696748,-0.237593927,-0.218001746,-0.170086079,-0.235926842,-0.340060754,-0.214293457,-0.155748504,-0.088868321,-0.178347691,-0.195397044,-0.132023669,-0.194382489,-0.231859742,-0.060276398,-0.22647649,-0.117683671,-0.237343458,-0.138204312,-0.126895569,-0.127080841,-0.095800478,-0.357408098,-0.190749795,-0.205364399,-0.112523088,-0.110582073,-0.068291644,-0.132713078,-0.146294863,-0.121793854,-0.262772247,-0.12619813,-0.19553799,-0.284736973,-0.475655131,-0.10921869,-0.159569877,-0.195307925,-0.19255991,-0.189402319,-0.124727662,-0.200075035,-0.332884107,-0.243821637,-0.199571095,-0.222493043,-0.084564295,-0.126852763,-0.469813347,-0.193196458,-0.235560672,-0.122939669,-0.178535857,-0.14416996,-0.279157922,-0.09729191,-0.134446813,-0.190354029,-0.183378896,-0.249964115,-0.129789164,-0.234621665,-0.079157353,-0.071834471,-0.45707922,-0.20793647,-0.134967248,-0.347021257,-0.132231389,-0.156198835,-0.128607861,-0.174589471,-0.244087344
1996/07/07,-0.082659443,-0.130485729,-0.165848098,-0.157006422,0.341088247,-0.492117464,-0.091110617,-0.134672834,-0.136274211,-0.233279447,-0.198122883,-0.191737994,-0.194892727,-0.122599122,-0.15866319,-0.170503902,-0.340562059,-0.139782736,-0.124788757,-0.171017742,-0.197529694,-0.099590588,-0.083501058,-0.181840622,-0.174510259,0.409975376,-0.089462247,-0.218001746,-0.170086079,-0.235926842,-0.340060754,-0.214293457,-0.155748504,-0.088868321,-0.178347691,-0.195397044,-0.132023669,-0.194382489,-0.231859742,-0.060276398,-0.22647649,-0.117683671,-0.237343458,-0.138204312,-0.126895569,-0.127080841,-0.095800478,-0.357408098,-0.190749795,-0.205364399,-0.112523088,-0.110582073,-0.068291644,-0.132713078,-0.146294863,-0.121793854,-0.262772247,-0.12619813,-0.19553799,-0.154213529,-0.475655131,-0.10921869,-0.159569877,-0.195307925,-0.19255991,-0.189402319,-0.124727662,-0.200075035,-0.332884107,-0.243821637,0.047538899,-0.222493043,-0.084564295,-0.126852763,-0.469813347,-0.193196458,-0.235560672,-0.122939669,-0.178535857,-0.14416996,-0.279157922,-0.09729191,-0.134446813,-0.190354029,-0.183378896,-0.249964115,-0.129789164,-0.234621665,-0.079157353,-0.071834471,-0.45707922,-0.20793647,-0.134967248,-0.397216331,-0.132231389,-0.156198835,-0.128607861,-0.174589471,-0.244087344
1996/07/21,-0.082659443,-0.130485729,-0.165848098,-0.157006422,-0.113390341,-0.102005777,-0.091110617,-0.134672834,-0.136274211,-0.233279447,-0.198122883,-0.191737994,-0.194892727,-0.122599122,-0.15866319,-0.170503902,-0.330416261,-0.139782736,-0.124788757,-0.171017742,-0.197529694,-0.099590588,-0.083501058,-0.181840622,-0.174510259,-0.267696748,-0.015396407,-0.218001746,-0.170086079,-0.235926842,-0.340060754,-0.214293457,-0.155748504,-0.088868321,-0.178347691,-0.195397044,-0.132023669,-0.194382489,-0.231859742,-0.060276398,-0.22647649,-0.117683671,-0.237343458,-0.138204312,-0.126895569,-0.127080841,-0.095800478,-0.357408098,-0.190749795,-0.205364399,-0.112523088,-0.110582073,-0.068291644,-0.132713078,-0.146294863,-0.121793854,-0.262772247,-0.12619813,-0.19553799,-0.065457587,-0.475655131,-0.10921869,-0.159569877,-0.195307925,-0.19255991,-0.189402319,7.376514493,-0.200075035,-0.332884107,-0.243821637,-0.218579556,-0.222493043,-0.084564295,-0.126852763,-0.469813347,-0.193196458,-0.235560672,-0.122939669,-0.178535857,-0.14416996,-0.279157922,-0.09729191,-0.134446813,-0.190354029,-0.183378896,-0.239772853,-0.129789164,-0.234621665,-0.079157353,-0.071834471,2.354036807,-0.20793647,-0.134967248,-0.366327055,-0.132231389,-0.156198835,-0.128607861,-0.174589471,-0.244087344
1996/08/07,-0.082659443,0.719822573,-0.165848098,-0.149373531,-0.089043274,-0.113616244,-0.091110617,-0.134672834,-0.12137918,-0.066892881,-0.074111644,0.2028972,-0.020336477,-0.122599122,-0.15866319,-0.170503902,-0.330622935,-0.029635777,-0.074884458,-0.171017742,0.138140008,0.067194138,-0.077611872,-0.149593557,-0.174510259,-0.158785157,-0.219606508,-0.217933638,0.184373275,-0.13882222,0.198760206,-0.214293457,0.307044487,-0.087694178,-0.178347691,-0.011995865,-0.132023669,-0.194382489,-0.201991625,-0.060276398,0.054829739,-0.117683671,-0.142378177,-0.138204312,-0.125436888,-0.123327846,-0.081050113,-0.293263172,-0.018958849,0.457256837,-0.112523088,-0.110582073,-0.068291644,-0.130232326,-0.145456201,-0.121793854,-0.204319133,-0.115888789,-0.091443327,-0.228711339,-0.263779886,-0.10921869,-0.159569877,-0.185931962,-0.09376238,-0.169549981,-0.124727662,0.262903302,-0.025946746,0.096087375,-0.153362432,-0.149294784,-0.084564295,-0.126852763,-0.409655197,-0.143955169,-0.235560672,-0.122939669,-0.176746214,-0.143203282,-0.254904817,-0.09729191,-0.131766853,-0.190354029,-0.183378896,-0.239388658,-0.129789164,-0.143366823,-0.079157353,-0.056507008,-0.245654947,-0.144156444,-0.134967248,-0.363711579,0.070497545,-0.087488823,-0.128607861,-0.044079295,-0.114683942
1996/08/21,-0.082659443,-0.130485729,-0.165848098,-0.157006422,-0.113390341,-0.102005777,-0.091110617,-0.134672834,-0.136274211,-0.233279447,-0.198122883,-0.191737994,-0.194892727,-0.122599122,-0.15866319,-0.170503902,-0.340562059,-0.139782736,-0.124788757,-0.171017742,-0.197529694,0.523072388,-0.083501058,-0.181840622,-0.174510259,-0.267696748,-0.237593927,-0.218001746,-0.170086079,-0.235926842,-0.340060754,-0.214293457,-0.155748504,-0.088868321,-0.178347691,-0.195397044,-0.132023669,-0.194382489,0.604447548,-0.060276398,-0.22647649,-0.117683671,-0.237343458,-0.138204312,-0.126895569,-0.127080841,-0.095800478,-0.357408098,-0.190749795,-0.205364399,-0.112523088,-0.110582073,-0.068291644,-0.132713078,-0.146294863,-0.121793854,-0.262772247,-0.12619813,-0.19553799,-0.180318218,-0.475655131,-0.10921869,-0.159569877,-0.195307925,-0.19255991,-0.189402319,-0.124727662,-0.200075035,-0.332884107,-0.243821637,-0.199571095,-0.222493043,-0.084564295,-0.126852763,-0.469813347,-0.193196458,-0.235560672,-0.122939669,-0.178535857,-0.14416996,-0.279157922,-0.09729191,-0.134446813,-0.190354029,-0.183378896,-0.249964115,-0.129789164,-0.234621665,-0.079157353,-0.071834471,-0.45707922,-0.20793647,-0.134967248,-0.358604735,-0.132231389,-0.156198835,-0.128607861,-0.174589471,-0.244087344
1996/09/07,-0.03167688,0.086520036,-0.139766012,0.240380998,-0.113390341,-0.047146321,-0.08063888,-0.134672834,-0.136274211,-0.233279447,-0.116740508,-0.191737994,0.098831732,-0.122599122,-0.15866319,-0.170503902,0.001080667,0.976837827,-0.008345392,-0.081225639,-0.197529694,-0.050945043,-0.077059761,-0.181840622,-0.046606486,1.151179263,-0.134596118,-0.214664478,0.186588645,-0.165121388,-0.340060754,0.065060889,-0.155748504,-0.088868321,0.205371614,-0.174000239,-0.132023669,-0.194382489,-0.105542495,-0.060276398,0.391774176,0.206593036,0.160643404,0.258875533,-0.109026733,-0.127080841,-0.079447767,-0.273976353,-0.115591256,-0.132890201,-0.112523088,-0.110582073,-0.068291644,-0.124328381,-0.137985439,1.343704058,0.048842383,-0.103924862,0.146022622,0.396133136,0.004842314,-0.10921869,-0.103569749,-0.174495557,0.028362344,-0.189402319,0.080384428,-0.017777315,0.96520515,-0.243821637,-0.111755965,-0.085246307,-0.081861675,-0.126421192,-0.400359927,-0.166267628,-0.233401855,0.313260562,-0.163435745,-0.127857272,-0.270684072,-0.09729191,-0.130426873,-0.190354029,-0.121436962,-0.226573753,-0.050204239,0.321462533,-0.078727622,-0.049481921,-0.327030653,0.015293621,-0.134967248,-0.237028484,-0.065472533,-0.13114831,-0.076800197,-0.060393067,-0.111988037
1996/09/21,-0.082659443,-0.130485729,-0.165848098,-0.157006422,-0.113390341,0.288105911,-0.091110617,-0.134672834,-0.136274211,-0.233279447,-0.198122883,-0.191737994,-0.194892727,-0.122599122,-0.15866319,-0.170503902,-0.340562059,-0.139782736,-0.124788757,-0.171017742,-0.197529694,-0.099590588,-0.083501058,-0.181840622,-0.174510259,-0.267696748,-0.089462247,-0.218001746,-0.170086079,-0.235926842,-0.340060754,-0.214293457,-0.155748504,-0.088868321,-0.178347691,-0.195397044,-0.132023669,-0.194382489,1.440754838,-0.060276398,-0.22647649,-0.117683671,-0.237343458,-0.138204312,-0.126895569,-0.127080841,-0.095800478,-0.357408098,-0.190749795,-0.205364399,-0.112523088,-0.110582073,-0.068291644,-0.132713078,-0.146294863,-0.121793854,-0.262772247,-0.12619813,-0.19553799,-0.008027271,-0.475655131,-0.10921869,-0.159569877,-0.195307925,-0.19255991,-0.189402319,-0.124727662,-0.200075035,-0.332884107,-0.243821637,-0.161554173,-0.222493043,-0.084564295,-0.126852763,-0.469813347,-0.193196458,-0.235560672,-0.122939669,-0.178535857,-0.14416996,-0.279157922,-0.09729191,-0.134446813,-0.190354029,-0.183378896,-0.249964115,-0.129789164,-0.234621665,-0.079157353,-0.071834471,-0.45707922,-0.20793647,-0.134967248,-0.366327055,-0.132231389,-0.156198835,-0.128607861,-0.174589471,-0.244087344
1996/10/07,-0.082659443,-0.130485729,-0.165848098,-0.157006422,-0.113390341,0.288105911,-0.091110617,-0.134672834,-0.136274211,-0.233279447,-0.198122883,-0.191737994,-0.194892727,-0.122599122,-0.15866319,-0.170503902,-0.340562059,-0.139782736,-0.124788757,-0.171017742,-0.197529694,-0.099590588,-0.083501058,-0.181840622,-0.174510259,-0.267696748,-0.237593927,-0.218001746,-0.170086079,-0.235926842,-0.340060754,-0.214293457,-0.155748504,-0.088868321,-0.178347691,-0.195397044,-0.132023669,-0.194382489,-0.231859742,-0.060276398,-0.22647649,-0.117683671,-0.237343458,-0.138204312,-0.126895569,-0.127080841,-0.095800478,-0.357408098,-0.190749795,-0.205364399,-0.112523088,-0.110582073,-0.068291644,-0.132713078,-0.095824973,-0.121793854,-0.262772247,-0.12619813,-0.19553799,0.681136516,-0.475655131,-0.10921869,-0.159569877,0.211185418,-0.19255991,-0.189402319,-0.124727662,-0.200075035,-0.332884107,-0.243821637,-0.161554173,-0.222493043,-0.084564295,-0.126852763,-0.469813347,-0.193196458,-0.235560672,-0.122939669,-0.178535857,-0.14416996,-0.279157922,-0.09729191,-0.134446813,-0.190354029,-0.183378896,-0.182022368,-0.129789164,-0.234621665,-0.079157353,-0.071834471,-0.45707922,-0.20793647,-0.134967248,-0.335437778,-0.132231389,-0.156198835,-0.128607861,-0.174589471,-0.244087344
1996/10/21,-0.082659443,-0.130485729,-0.165848098,-0.157006422,-0.113390341,0.288105911,-0.091110617,-0.134672834,-0.136274211,6.754956318,-0.198122883,-0.191737994,-0.194892727,-0.122599122,-0.15866319,-0.170503902,-0.338307437,-0.139782736,-0.124788757,-0.171017742,-0.197529694,2.391061317,-0.083501058,-0.181840622,-0.174510259,-0.267696748,0.280866953,-0.218001746,-0.170086079,-0.235926842,-0.340060754,-0.214293457,-0.155748504,-0.088868321,-0.178347691,-0.195397044,-0.132023669,-0.194382489,4.785984,-0.060276398,-0.22647649,-0.117683671,-0.237343458,-0.138204312,-0.126895569,-0.127080841,-0.095800478,-0.357408098,-0.190749795,-0.205364399,-0.112523088,-0.110582073,-0.068291644,-0.132713078,-0.146294863,-0.121793854,-0.262772247,-0.12619813,-0.19553799,1.344195614,-0.475655131,-0.10921869,-0.159569877,0.261997086,0.729550369,-0.189402319,-0.124727662,-0.200075035,-0.332884107,-0.243821637,0.009521976,-0.222493043,-0.084564295,-0.126852763,-0.469813347,-0.193196458,-0.235560672,-0.122939669,-0.178535857,-0.14416996,-0.279157922,-0.09729191,-0.134446813,-0.190354029,-0.183378896,-0.249964115,-0.129789164,-0.234621665,-0.079157353,-0.071834471,-0.45707922,-0.20793647,-0.134967248,-0.40493865,-0.132231389,-0.156198835,-0.128607861,-0.174589471,-0.244087344
1996/11/07,-0.082659443,-0.130485729,-0.165848098,-0.157006422,0.189595384,0.288105911,-0.091110617,-0.134672834,-0.136274211,-0.233279447,-0.198122883,-0.191737994,-0.194892727,-0.122599122,-0.15866319,-0.170503902,-0.340562059,-0.139782736,-0.124788757,-0.171017742,-0.197529694,-0.099590588,-0.083501058,-0.181840622,-0.174510259,-0.267696748,-0.237593927,-0.218001746,-0.170086079,-0.235926842,-0.340060754,-0.214293457,-0.155748504,-0.088868321,-0.178347691,-0.195397044,-0.132023669,-0.194382489,-0.231859742,-0.060276398,-0.22647649,-0.117683671,-0.237343458,-0.138204312,-0.126895569,-0.127080841,-0.011512678,-0.357408098,-0.190749795,-0.205364399,-0.112523088,-0.110582073,-0.068291644,-0.132713078,-0.146294863,-0.121793854,-0.262772247,-0.12619813,-0.19553799,-0.0811204,-0.475655131,-0.10921869,-0.159569877,-0.195307925,-0.19255991,-0.189402319,-0.124727662,-0.200075035,-0.332884107,-0.243821637,-0.161554173,-0.222493043,-0.084564295,-0.126852763,0.933876814,-0.193196458,-0.235560672,-0.122939669,-0.178535857,-0.14416996,-0.279157922,-0.09729191,-0.134446813,-0.190354029,-0.183378896,-0.249964115,-0.129789164,-0.234621665,-0.079157353,-0.071834471,-0.45707922,-0.20793647,-0.134967248,-0.381771693,-0.132231389,-0.156198835,-0.128607861,-0.174589471,-0.244087344
1996/11/21,-0.082659443,-0.130485729,-0.165848098,-0.157006422,-0.113390341,0.288105911,-0.091110617,-0.134672834,-0.136274211,-0.233279447,-0.198122883,-0.191737994,-0.194892727,-0.122599122,-0.15866319,-0.170503902,-0.340562059,-0.139782736,-0.124788757,-0.171017742,-0.197529694,-0.099590588,-0.083501058,-0.181840622,-0.174510259,-0.267696748,-0.237593927,-0.218001746,-0.170086079,1.214168853,-0.340060754,-0.214293457,-0.155748504,-0.088868321,-0.178347691,1.85869616,-0.132023669,-0.194382489,-0.231859742,-0.060276398,-0.22647649,-0.117683671,-0.237343458,-0.138204312,-0.126895569,-0.127080841,-0.095800478,-0.357408098,-0.190749795,-0.205364399,-0.112523088,-0.110582073,-0.068291644,-0.132713078,-0.146294863,-0.121793854,-0.262772247,-0.12619813,-0.19553799,0.67069464,-0.475655131,-0.10921869,-0.159569877,-0.195307925,-0.19255991,-0.189402319,-0.124727662,-0.200075035,-0.332884107,-0.243821637,-0.047503407,-0.222493043,-0.084564295,-0.126852763,-0.469813347,-0.193196458,-0.235560672,-0.122939669,-0.178535857,-0.14416996,-0.279157922,-0.09729191,-0.134446813,-0.190354029,-0.183378896,-0.249964115,-0.129789164,-0.234621665,-0.079157353,-0.071834471,-0.45707922,-0.20793647,-0.134967248,-0.40493865,-0.132231389,-0.156198835,-0.128607861,-0.174589471,-0.244087344
1996/12/07,-0.082659443,-0.130485729,-0.165848098,-0.157006422,-0.113390341,-0.492117464,-0.091110617,-0.134672834,-0.136274211,-0.233279447,-0.198122883,-0.191737994,-0.194892727,-0.122599122,-0.15866319,-0.170503902,-0.340562059,-0.139782736,-0.124788757,-0.171017742,-0.197529694,-0.099590588,-0.083501058,-0.181840622,-0.174510259,-0.267696748,-0.237593927,-0.218001746,-0.170086079,0.851644929,-0.340060754,-0.214293457,-0.155748504,-0.088868321,-0.178347691,18.29144179,-0.132023669,-0.194382489,-0.231859742,-0.060276398,-0.22647649,-0.117683671,-0.237343458,-0.138204312,-0.126895569,-0.127080841,-0.011512678,-0.357408098,-0.190749795,-0.205364399,-0.112523088,-0.110582073,-0.068291644,-0.132713078,-0.146294863,-0.121793854,-0.262772247,-0.12619813,-0.19553799,1.130137165,-0.475655131,-0.10921869,-0.159569877,-0.195307925,-0.19255991,-0.189402319,-0.124727662,-0.200075035,-0.332884107,-0.243821637,-0.237588017,-0.222493043,-0.084564295,-0.126852763,2.337566975,-0.193196458,-0.235560672,-0.122939669,-0.178535857,-0.14416996,-0.279157922,-0.09729191,-0.134446813,-0.190354029,-0.183378896,-0.249964115,-0.129789164,-0.234621665,-0.079157353,-0.071834471,-0.45707922,-0.20793647,-0.134967248,-0.343160097,-0.132231389,-0.156198835,-0.128607861,-0.174589471,-0.244087344
1996/12/21,-0.082659443,-0.130485729,-0.165848098,-0.157006422,-0.113390341,2.82383188,-0.091110617,-0.134672834,-0.136274211,-0.233279447,-0.198122883,-0.191737994,-0.194892727,-0.122599122,-0.15866319,0.578394561,3.159738311,-0.139782736,-0.124788757,-0.171017742,-0.197529694,-0.099590588,-0.083501058,-0.181840622,-0.174510259,-0.267696748,-0.237593927,-0.090232069,-0.170086079,-0.05466488,-0.340060754,-0.214293457,-0.155748504,-0.088868321,-0.178347691,-0.195397044,-0.132023669,-0.194382489,-0.231859742,-0.060276398,-0.22647649,-0.117683671,-0.237343458,-0.138204312,-0.126895569,-0.127080841,-0.095800478,-0.357408098,-0.190749795,-0.205364399,-0.112523088,-0.110582073,-0.068291644,-0.132713078,-0.146294863,-0.121793854,-0.262772247,-0.12619813,-0.19553799,2.393604108,-0.475655131,-0.10921869,-0.159569877,8.834651335,-0.19255991,-0.189402319,-0.124727662,-0.200075035,-0.332884107,-0.243821637,-0.161554173,-0.222493043,-0.084564295,-0.126852763,-0.469813347,-0.193196458,-0.235560672,-0.122939669,-0.178535857,1.151178279,1.333673508,-0.09729191,1.527128462,-0.190354029,-0.183378896,-0.246567027,-0.129789164,-0.234621665,-0.079157353,-0.071834471,-0.45707922,-0.20793647,-0.134967248,-0.246631107,-0.132231389,-0.156198835,-0.128607861,-0.174589471,-0.244087344
1997/01/07,-0.082659443,-0.130485729,-0.165848098,-0.157006422,-0.113390341,-0.023983439,-0.091110617,-0.134672834,-0.136274211,-0.233279447,-0.198122883,-0.191737994,-0.194892727,-0.122599122,-0.15866319,-0.170503902,1.871672867,-0.139782736,-0.124788757,-0.171017742,-0.197529694,0.149474602,-0.083501058,-0.181840622,-0.174510259,-0.267696748,0.029043097,0.027621154,-0.170086079,-0.235926842,-0.340060754,-0.214293457,-0.155748504,-0.088868321,-0.178347691,-0.195397044,-0.132023669,-0.194382489,-0.231859742,-0.029156353,-0.22647649,-0.117683671,-0.129907989,-0.138204312,-0.126895569,-0.127080841,-0.095800478,-0.357408098,-0.190749795,-0.205364399,-0.112523088,-0.110582073,-0.068291644,-0.116369304,-0.135920496,-0.121793854,0.028194362,-0.12619813,-0.19553799,0.887885652,-0.475655131,-0.10921869,-0.159569877,4.769717906,-0.19255991,-0.189402319,-0.124727662,-0.200075035,-0.332884107,-0.243821637,-0.20717448,0.363093033,-0.084564295,-0.104756356,1.214614846,-0.193196458,-0.235560672,-0.122939669,-0.178535857,0.273434845,3.580319394,-0.09729191,-0.040112216,0.05964398,-0.183378896,-0.249964115,-0.129789164,-0.234621665,-0.079157353,-0.071834471,-0.45707922,-0.20793647,-0.134967248,-0.329259923,-0.132231389,-0.156198835,-0.128607861,-0.174589471,-0.244087344
1997/01/21,-0.082659443,-0.130485729,-0.165848098,-0.157006422,-0.113390341,-0.492117464,-0.091110617,-0.134672834,-0.136274211,-0.233279447,-0.198122883,-0.191737994,-0.194892727,-0.122599122,-0.15866319,-0.170503902,4.521529888,-0.139782736,-0.124788757,-0.171017742,-0.197529694,-0.099590588,-0.083501058,-0.181840622,-0.174510259,3.120663875,-0.237593927,0.886157098,-0.170086079,-0.235926842,-0.340060754,-0.214293457,-0.155748504,-0.088868321,-0.178347691,-0.195397044,-0.132023669,-0.194382489,-0.231859742,-0.060276398,-0.22647649,-0.117683671,-0.237343458,-0.138204312,-0.126895569,-0.127080841,-0.095800478,-0.357408098,-0.190749795,-0.205364399,-0.112523088,-0.110582073,-0.068291644,-0.132713078,-0.146294863,-0.121793854,-0.262772247,-0.12619813,-0.19553799,0.936962467,-0.375104167,-0.10921869,-0.159569877,1.662947357,-0.19255991,-0.189402319,-0.124727662,-0.200075035,-0.332884107,-0.243821637,-0.237588017,-0.222493043,-0.084564295,-0.126852763,-0.469813347,-0.193196458,-0.235560672,-0.122939669,-0.178535857,-0.00883507,1.390264084,-0.09729191,-0.134446813,-0.190354029,-0.183378896,-0.249964115,-0.129789164,9.620901364,-0.079157353,-0.071834471,-0.45707922,-0.20793647,-0.134967248,-0.31999314,-0.132231389,-0.156198835,-0.128607861,-0.174589471,-0.244087344
1997/02/07,-0.082659443,-0.130485729,-0.165848098,-0.157006422,-0.113390341,-0.492117464,-0.091110617,-0.134672834,-0.136274211,-0.233279447,-0.198122883,-0.191737994,-0.194892727,-0.122599122,-0.15866319,-0.170503902,1.014465652,-0.139782736,-0.124788757,-0.171017742,-0.197529694,-0.099590588,-0.083501058,-0.181840622,-0.174510259,-0.267696748,-0.237593927,1.467795176,-0.170086079,-0.235926842,-0.340060754,-0.214293457,-0.155748504,-0.088868321,-0.178347691,-0.195397044,-0.132023669,-0.194382489,-0.231859742,-0.060276398,-0.22647649,-0.117683671,-0.237343458,-0.138204312,-0.126895569,-0.127080841,-0.095800478,-0.357408098,-0.190749795,-0.205364399,-0.112523088,-0.110582073,-0.068291644,-0.132713078,-0.146294863,-0.121793854,-0.262772247,-0.12619813,-0.19553799,1.495602809,-0.475655131,-0.10921869,-0.159569877,1.198383536,-0.19255991,-0.189402319,-0.124727662,-0.200075035,-0.332884107,-0.243821637,-0.199571095,-0.222493043,-0.084564295,-0.126852763,0.933876814,-0.193196458,-0.235560672,-0.122939669,-0.178535857,-0.14416996,-0.279157922,-0.09729191,-0.091567451,-0.190354029,-0.183378896,-0.236375765,-0.129789164,-0.234621665,-0.079157353,-0.071834471,-0.45707922,-0.20793647,-0.134967248,-0.40493865,-0.132231389,-0.156198835,-0.128607861,-0.174589471,-0.244087344
1997/02/21,-0.082659443,-0.130485729,-0.165848098,-0.157006422,-0.113390341,3.408999411,-0.091110617,-0.134672834,-0.136274211,-0.233279447,-0.198122883,-0.191737994,-0.194892727,-0.122599122,-0.15866319,-0.170503902,-0.333798194,-0.139782736,-0.124788757,-0.171017742,-0.197529694,-0.099590588,-0.083501058,-0.181840622,-0.174510259,0.409975376,1.391854553,0.129074091,-0.170086079,-0.235926842,3.431685969,-0.214293457,-0.155748504,-0.088868321,-0.178347691,-0.195397044,-0.132023669,-0.194382489,0.604447548,0.017523714,-0.22647649,-0.117683671,-0.237343458,-0.138204312,-0.126895569,-0.127080841,-0.095800478,0.128012968,-0.190749795,-0.205364399,-0.112523088,-0.110582073,-0.068291644,-0.132713078,-0.146294863,-0.121793854,-0.262772247,-0.12619813,-0.19553799,2.179545659,-0.475655131,-0.10921869,-0.159569877,1.677464976,-0.19255991,-0.189402319,-0.124727662,-0.200075035,-0.332884107,-0.243821637,-0.199571095,-0.222493043,-0.084564295,-0.126852763,-0.469813347,-0.193196458,-0.235560672,-0.122939669,-0.178535857,-0.14416996,-0.279157922,-0.09729191,-0.07012777,-0.190354029,-0.183378896,-0.215993241,-0.129789164,1.955494563,-0.079157353,0.071221849,-0.45707922,-0.20793647,-0.134967248,-0.327715459,-0.132231389,-0.156198835,-0.128607861,-0.174589471,-0.244087344
1997/03/07,-0.082659443,-0.130485729,-0.165848098,-0.157006422,-0.113390341,1.458440973,-0.091110617,-0.134672834,-0.136274211,-0.233279447,-0.198122883,-0.191737994,-0.194892727,-0.122599122,-0.15866319,-0.170503902,-0.290960379,-0.139782736,-0.124788757,-0.171017742,-0.197529694,0.523072388,-0.083501058,-0.181840622,-0.174510259,-0.267696748,0.725261993,0.981507603,-0.170086079,-0.235926842,3.431685969,-0.214293457,-0.155748504,-0.088868321,-0.178347691,-0.195397044,-0.132023669,-0.194382489,-0.231859742,-0.060276398,-0.22647649,-0.117683671,-0.237343458,-0.138204312,-0.126895569,-0.127080841,-0.095800478,0.128012968,-0.190749795,-0.205364399,-0.112523088,-0.110582073,-0.068291644,-0.132713078,-0.146294863,-0.121793854,-0.262772247,-0.12619813,-0.19553799,2.05946409,-0.475655131,-0.10921869,-0.159569877,17.51618773,-0.19255991,-0.189402319,-0.124727662,-0.200075035,-0.332884107,-0.243821637,-0.237588017,-0.222493043,-0.084564295,-0.126852763,11.46155302,-0.193196458,-0.235560672,-0.122939669,-0.178535857,-0.047502181,-0.279157922,-0.09729191,-0.134446813,-0.190354029,-0.183378896,0.205245592,-0.129789164,0.130397706,-0.079157353,-0.071834471,-0.45707922,-0.20793647,-0.134967248,1.116358226,-0.132231389,-0.156198835,-0.128607861,-0.174589471,3.37920792
1997/03/21,-0.082659443,-0.130485729,-0.165848098,-0.157006422,1.780270442,-0.297061621,-0.091110617,-0.134672834,-0.136274211,-0.233279447,-0.198122883,-0.191737994,-0.194892727,-0.122599122,-0.15866319,-0.170503902,-0.259395674,-0.139782736,-0.124788757,-0.171017742,-0.197529694,-0.099590588,-0.083501058,-0.181840622,-0.174510259,-0.267696748,0.243834033,-0.088325059,17.69466533,-0.235926842,-0.340060754,-0.214293457,-0.155748504,-0.088868321,-0.178347691,-0.195397044,-0.132023669,-0.194382489,-0.231859742,-0.060276398,-0.22647649,-0.117683671,-0.237343458,-0.138204312,-0.126895569,-0.127080841,-0.095800478,-0.114697565,-0.190749795,-0.205364399,-0.112523088,-0.110582073,-0.068291644,-0.132713078,-0.146294863,-0.121793854,-0.262772247,-0.12619813,-0.19553799,0.822101836,-0.475655131,-0.10921869,-0.159569877,6.308585561,0.03796766,-0.189402319,-0.124727662,-0.200075035,-0.332884107,-0.243821637,-0.199571095,-0.222493043,-0.084564295,-0.126852763,0.582954274,-0.193196458,-0.235560672,-0.122939669,-0.178535857,-0.14416996,-0.279157922,-0.09729191,-0.134446813,-0.190354029,-0.183378896,0.38868831,-0.129789164,-0.234621665,-0.079157353,-0.071834471,-0.45707922,-0.20793647,-0.134967248,2.882838737,-0.132231389,-0.156198835,-0.128607861,-0.174589471,-0.244087344
1997/04/07,-0.082659443,-0.130485729,-0.165848098,-0.157006422,-0.113390341,0.580689676,-0.091110617,-0.134672834,-0.136274211,-0.233279447,-0.198122883,-0.191737994,-0.194892727,-0.122599122,-0.15866319,-0.170503902,-0.324216051,-0.139782736,-0.124788757,-0.171017742,-0.197529694,0.056075156,-0.083501058,-0.181840622,-0.174510259,-0.267696748,-0.200561007,0.028956061,-0.170086079,-0.235926842,-0.340060754,-0.214293457,-0.155748504,-0.088868321,-0.178347691,-0.195397044,-0.132023669,-0.194382489,-0.231859742,-0.060276398,-0.22647649,-0.117683671,-0.237343458,-0.138204312,-0.126895569,-0.127080841,-0.095800478,-0.357408098,-0.190749795,-0.205364399,-0.112523088,-0.110582073,-0.068291644,-0.132713078,-0.146294863,-0.121793854,-0.262772247,-0.104815793,-0.19553799,0.446194316,-0.475655131,-0.10921869,-0.159569877,0.134967916,0.03796766,-0.189402319,-0.124727662,-0.200075035,-0.332884107,-0.243821637,0.741347727,-0.222493043,-0.084564295,-0.126852763,0.232031734,-0.193196458,-0.235560672,-0.122939669,-0.178535857,-0.14416996,-0.279157922,-0.09729191,-0.134446813,-0.190354029,-0.183378896,-0.035947611,-0.129789164,-0.234621665,-0.079157353,-0.071834471,-0.45707922,-0.20793647,-0.134967248,1.903069492,-0.132231389,-0.156198835,0.182238124,-0.174589471,-0.244087344
1997/04/21,-0.082659443,-0.130485729,-0.165848098,-0.157006422,-0.113390341,-0.297061621,-0.091110617,-0.134672834,-0.136274211,-0.233279447,-0.198122883,-0.191737994,-0.194892727,-0.122599122,-0.15866319,-0.170503902,-0.328725295,-0.139782736,-0.124788757,-0.171017742,-0.197529694,-0.099590588,-0.083501058,-0.181840622,-0.174510259,-0.267696748,-0.163528087,-0.218001746,-0.170086079,-0.235926842,1.545812607,-0.214293457,-0.155748504,-0.088868321,-0.178347691,-0.195397044,-0.132023669,-0.194382489,-0.231859742,-0.060276398,-0.22647649,-0.117683671,-0.237343458,-0.138204312,-0.126895569,-0.127080841,-0.095800478,-0.357408098,-0.190749795,-0.205364399,-0.112523088,-0.110582073,-0.068291644,-0.132713078,-0.146294863,-0.121793854,-0.262772247,-0.12619813,-0.19553799,-0.005416802,-0.274553203,-0.10921869,-0.159569877,-0.137237447,-0.19255991,-0.189402319,-0.124727662,-0.200075035,-0.332884107,-0.243821637,0.96944926,0.509489552,-0.084564295,-0.126852763,0.933876814,-0.193196458,-0.235560672,-0.122939669,-0.178535857,-0.14416996,-0.279157922,-0.09729191,-0.134446813,-0.190354029,-0.183378896,0.718205784,-0.129789164,-0.234621665,-0.079157353,-0.071834471,-0.45707922,-0.20793647,-0.134967248,-0.101837623,-0.132231389,-0.156198835,-0.128607861,-0.174589471,-0.244087344
1997/05/07,-0.082659443,-0.130485729,-0.165848098,-0.157006422,-0.113390341,-0.492117464,-0.091110617,-0.134672834,-0.136274211,-0.233279447,-0.198122883,-0.191737994,-0.194892727,-0.122599122,-0.15866319,-0.170503902,-0.340562059,-0.139782736,-0.124788757,-0.171017742,-0.197529694,-0.099590588,-0.083501058,-0.181840622,-0.174510259,-0.267696748,-0.237593927,-0.218001746,-0.170086079,-0.235926842,-0.340060754,-0.214293457,-0.155748504,-0.088868321,-0.178347691,-0.195397044,-0.132023669,-0.194382489,-0.231859742,-0.060276398,-0.22647649,-0.117683671,-0.237343458,-0.138204312,-0.126895569,-0.127080841,-0.095800478,-0.357408098,4.619396695,-0.205364399,-0.112523088,-0.110582073,-0.068291644,-0.132713078,-0.146294863,-0.121793854,-0.262772247,0.515271983,-0.19553799,-0.169876342,-0.375104167,-0.10921869,-0.159569877,-0.195307925,-0.19255991,-0.189402319,-0.124727662,-0.200075035,-0.332884107,-0.243821637,-0.218579556,-0.222493043,-0.084564295,-0.126852763,0.232031734,-0.193196458,-0.235560672,-0.122939669,-0.178535857,-0.14416996,-0.279157922,-0.09729191,-0.134446813,-0.190354029,-0.183378896,-0.249964115,-0.129789164,-0.234621665,-0.079157353,-0.071834471,-0.45707922,-0.20793647,-0.134967248,-0.389494012,-0.132231389,-0.156198835,-0.128607861,-0.174589471,-0.244087344
1997/05/21,-0.06849762,-0.068484082,-0.100953383,-0.118046871,-0.113390341,-0.305188948,-0.091110617,-0.134672834,-0.136274211,0.421867656,0.344426286,-0.191737994,0.118413363,-0.122599122,-0.15866319,-0.170503902,-0.320117806,0.535673906,-0.110233336,0.008566464,0.448634483,-0.089861479,-0.083501058,-0.146570394,-0.003971895,0.088787026,-0.235279369,-0.214962448,-0.108055692,-0.132078843,-0.065037556,-0.04668085,-0.155748504,-0.079279483,-0.121500387,-0.152603435,-0.132023669,-0.194382489,-0.136032865,-0.060276398,-0.052269898,-0.117683671,-0.089060128,-0.033419353,-0.126895569,-0.127080841,-0.076923523,-0.253750475,-0.190749795,-0.205364399,-0.112523088,-0.090342432,-0.068291644,-0.13217396,-0.140365819,-0.121793854,-0.224885969,-0.120629813,-0.164487026,-0.168978994,-0.119013431,-0.10921869,-0.131569813,-0.191602908,-0.118118716,-0.189402319,-0.110076798,0.853200682,0.14270894,0.499729328,-0.205511239,-0.039497395,-0.081861675,0.603364434,-0.250486759,-0.092662159,-0.230443477,-0.122939669,-0.176112382,-0.118492581,-0.243788811,-0.020408406,-0.134111818,-0.190354029,-0.183378896,-0.246531641,1.214311784,-0.206104527,-0.079157353,-0.071834471,-0.258992,-0.018810976,-0.134967248,-0.318323992,-0.132231389,-0.156198835,0.221093872,0.434458014,-0.130859367
1997/06/07,-0.082659443,-0.130485729,-0.165848098,-0.157006422,-0.113390341,-0.492117464,-0.091110617,-0.134672834,-0.136274211,-0.233279447,-0.198122883,-0.191737994,-0.194892727,-0.122599122,-0.15866319,-0.170503902,-0.340562059,-0.139782736,-0.124788757,-0.171017742,-0.197529694,-0.099590588,-0.083501058,-0.181840622,-0.174510259,-0.267696748,-0.237593927,-0.218001746,-0.170086079,-0.235926842,-0.340060754,-0.214293457,-0.155748504,-0.088868321,-0.178347691,-0.195397044,-0.132023669,-0.194382489,-0.231859742,-0.060276398,-0.22647649,-0.117683671,-0.237343458,-0.138204312,-0.126895569,-0.127080841,-0.095800478,-0.357408098,-0.190749795,-0.205364399,-0.112523088,-0.110582073,-0.068291644,-0.132713078,-0.146294863,-0.121793854,-0.262772247,-0.12619813,-0.19553799,-0.352609164,-0.475655131,-0.10921869,-0.159569877,-0.195307925,-0.19255991,-0.189402319,-0.124727662,-0.200075035,-0.332884107,-0.243821637,-0.161554173,1.241472147,-0.084564295,-0.126852763,-0.469813347,-0.193196458,-0.235560672,-0.122939669,-0.178535857,-0.14416996,-0.279157922,-0.09729191,-0.134446813,-0.190354029,-0.183378896,-0.249964115,-0.129789164,-0.234621665,-0.079157353,-0.071834471,-0.45707922,-0.20793647,-0.134967248,-0.385632853,-0.132231389,-0.156198835,-0.128607861,-0.174589471,-0.244087344
1997/06/21,-0.082659443,-0.130485729,-0.165848098,-0.157006422,-0.113390341,-0.297061621,-0.091110617,-0.134672834,-0.136274211,-0.233279447,-0.198122883,-0.191737994,-0.194892727,-0.122599122,-0.15866319,-0.170503902,-0.339434748,-0.139782736,-0.124788757,-0.171017742,-0.197529694,-0.099590588,-0.083501058,-0.181840622,-0.174510259,-0.267696748,-0.200561007,-0.218001746,-0.170086079,-0.235926842,-0.340060754,-0.214293457,-0.155748504,-0.088868321,-0.178347691,-0.195397044,-0.132023669,-0.194382489,-0.231859742,-0.060276398,-0.22647649,-0.117683671,-0.237343458,-0.138204312,-0.126895569,-0.127080841,-0.095800478,-0.357408098,-0.190749795,-0.205364399,-0.112523088,-0.110582073,-0.068291644,-0.132713078,-0.146294863,-0.121793854,-0.262772247,-0.12619813,-0.19553799,-0.271684629,-0.475655131,-0.10921869,-0.159569877,-0.166272686,-0.19255991,-0.189402319,-0.124727662,-0.200075035,-0.332884107,-0.243821637,-0.190066865,-0.222493043,-0.084564295,-0.126852763,-0.469813347,-0.193196458,-0.235560672,-0.122939669,-0.178535857,-0.14416996,-0.279157922,-0.09729191,-0.134446813,-0.190354029,-0.183378896,-0.249964115,-0.129789164,-0.234621665,-0.079157353,-0.071834471,-0.45707922,-0.20793647,-0.134967248,-0.397216331,-0.132231389,-0.156198835,-0.128607861,-0.174589471,-0.244087344
1997/07/07,-0.082659443,-0.130485729,-0.165848098,-0.157006422,-0.113390341,-0.492117464,-0.091110617,-0.134672834,-0.136274211,-0.233279447,-0.198122883,-0.191737994,-0.194892727,-0.122599122,-0.15866319,-0.170503902,-0.340562059,-0.139782736,-0.124788757,-0.171017742,-0.197529694,-0.099590588,-0.083501058,-0.181840622,-0.174510259,-0.267696748,-0.126495167,-0.218001746,-0.170086079,-0.235926842,-0.340060754,-0.214293457,-0.155748504,-0.088868321,-0.178347691,-0.195397044,-0.132023669,-0.194382489,-0.231859742,-0.060276398,-0.22647649,-0.117683671,-0.237343458,-0.138204312,-0.126895569,-0.127080841,-0.095800478,-0.357408098,-0.190749795,-0.205364399,-0.112523088,-0.110582073,-0.068291644,-0.132713078,-0.146294863,-0.121793854,-0.262772247,-0.12619813,-0.19553799,-0.17509728,-0.475655131,-0.10921869,-0.159569877,-0.188049115,-0.19255991,-0.189402319,-0.124727662,-0.200075035,-0.332884107,-0.243821637,1.796317316,-0.222493043,-0.084564295,-0.126852763,-0.469813347,-0.193196458,-0.235560672,-0.122939669,-0.178535857,-0.14416996,-0.279157922,-0.09729191,-0.134446813,-0.190354029,-0.183378896,-0.249964115,-0.129789164,-0.234621665,-0.079157353,-0.071834471,-0.45707922,-0.20793647,-0.134967248,-0.377910533,-0.132231389,-0.156198835,-0.128607861,-0.174589471,-0.244087344
1997/07/21,-0.082659443,-0.130485729,-0.165848098,-0.157006422,-0.113390341,-0.492117464,-0.091110617,-0.134672834,-0.136274211,-0.233279447,-0.198122883,-0.191737994,-0.194892727,-0.122599122,-0.15866319,-0.170503902,-0.334925505,-0.139782736,-0.124788757,-0.171017742,-0.197529694,-0.099590588,-0.083501058,-0.181840622,-0.174510259,-0.267696748,-0.237593927,-0.218001746,-0.170086079,-0.235926842,-0.340060754,-0.214293457,-0.155748504,-0.088868321,-0.178347691,-0.195397044,-0.132023669,-0.194382489,-0.231859742,-0.060276398,-0.22647649,-0.117683671,-0.237343458,-0.138204312,-0.126895569,-0.127080841,-0.095800478,-0.357408098,-0.190749795,-0.205364399,-0.112523088,-0.110582073,-0.068291644,-0.132713078,-0.146294863,-0.121793854,-0.262772247,-0.12619813,-0.19553799,-0.310841662,-0.475655131,-0.10921869,-0.159569877,-0.195307925,-0.19255991,-0.189402319,-0.124727662,-0.200075035,-0.332884107,-0.243821637,-0.180562634,-0.222493043,-0.084564295,-0.126852763,-0.469813347,-0.193196458,-0.235560672,-0.122939669,-0.178535857,-0.14416996,-0.279157922,-0.09729191,-0.134446813,-0.190354029,-0.183378896,-0.249964115,-0.129789164,-0.234621665,-0.079157353,-0.071834471,-0.45707922,-0.20793647,-0.134967248,-0.397216331,-0.132231389,-0.156198835,-0.128607861,-0.174589471,-0.244087344
1997/08/07,-0.082659443,0.719822573,-0.165848098,-0.149373531,-0.089043274,-0.113616244,-0.091110617,-0.134672834,-0.12137918,-0.066892881,-0.074111644,0.2028972,-0.020336477,-0.122599122,-0.15866319,-0.170503902,-0.330622935,-0.029635777,-0.074884458,-0.171017742,0.138140008,0.067194138,-0.077611872,-0.149593557,-0.174510259,-0.158785157,-0.219606508,-0.217933638,0.184373275,-0.13882222,0.198760206,-0.214293457,0.307044487,-0.087694178,-0.178347691,-0.011995865,-0.132023669,-0.194382489,-0.201991625,-0.060276398,0.054829739,-0.117683671,-0.142378177,-0.138204312,-0.125436888,-0.123327846,-0.081050113,-0.293263172,-0.018958849,0.457256837,-0.112523088,-0.110582073,-0.068291644,-0.130232326,-0.145456201,-0.121793854,-0.204319133,-0.115888789,-0.091443327,-0.228711339,-0.263779886,-0.10921869,-0.159569877,-0.185931962,-0.09376238,-0.169549981,-0.124727662,0.262903302,-0.025946746,0.096087375,-0.153362432,-0.149294784,-0.084564295,-0.126852763,-0.409655197,-0.143955169,-0.235560672,-0.122939669,-0.176746214,-0.143203282,-0.254904817,-0.09729191,-0.131766853,-0.190354029,-0.183378896,-0.239388658,-0.129789164,-0.143366823,-0.079157353,-0.056507008,-0.245654947,-0.144156444,-0.134967248,-0.363711579,0.070497545,-0.087488823,-0.128607861,-0.044079295,-0.114683942
1997/08/21,-0.079105103,0.219641219,-0.164094681,-0.152815815,-0.106706833,-0.262640001,-0.091110617,-0.134672834,-0.136274211,-0.233279447,0.414638531,0.133255695,-0.128545555,-0.102714855,-0.158240413,-0.170503902,-0.317043259,0.23292226,-0.097390318,-0.171017742,0.217121115,-0.008022503,-0.083501058,-0.137579944,-0.174510259,-0.068381417,-0.211453042,-0.217796088,-0.072783511,-0.140853166,-0.007259573,0.206381322,-0.003299048,-0.057926189,-0.178347691,-0.195397044,-0.132023669,-0.194382489,-0.010484283,-0.060276398,-0.127871689,-0.117683671,-0.100415899,-0.138204312,-0.119687971,-0.127080841,-0.074728528,-0.276504587,0.327991493,0.203901659,-0.112523088,-0.109391506,-0.068023113,-0.132499433,-0.144308779,-8.03E-04,-0.16649653,-0.112781762,-0.156572074,-0.222546391,-0.085280801,-0.10921869,-0.106863874,-0.183885974,-0.011753973,-0.189402319,-0.014415277,0.333711754,-0.016919176,0.036103432,-0.186153358,0.251142753,-0.084564295,-0.122790923,-0.32531583,-0.068162204,-0.232550557,-0.058117344,-0.177132215,-0.13848362,-0.276383874,-0.09729191,-0.133816234,-0.190354029,-0.105647841,-0.244768569,-0.129789164,-0.148734755,-0.079157353,-0.046589238,-0.132844384,0.107211893,-0.134967248,-0.356087411,0.042800233,-0.156198835,-0.128607861,-0.174589471,-0.173042339
1997/09/07,-0.082659443,-0.130485729,-0.165848098,-0.157006422,-0.113390341,-0.492117464,-0.091110617,-0.134672834,-0.136274211,-0.233279447,-0.198122883,-0.191737994,-0.194892727,-0.122599122,-0.15866319,-0.170503902,-0.339810519,-0.139782736,-0.124788757,-0.171017742,-0.197529694,-0.099590588,-0.083501058,-0.181840622,-0.174510259,-0.267696748,-0.064773633,-0.218001746,-0.170086079,-0.235926842,-0.340060754,-0.214293457,-0.155748504,-0.088868321,-0.178347691,-0.195397044,-0.132023669,-0.194382489,-0.231859742,-0.060276398,-0.22647649,-0.117683671,-0.237343458,-0.138204312,-0.126895569,-0.127080841,-0.095800478,-0.357408098,-0.190749795,-0.205364399,-0.112523088,-0.110582073,-0.068291644,-0.132713078,-0.146294863,-0.121793854,-0.14153616,-0.069178564,-0.19553799,-0.236008221,-0.475655131,-0.10921869,-0.159569877,-0.195307925,-0.19255991,-0.189402319,-0.124727662,-0.200075035,-0.332884107,-0.243821637,-0.034831099,-0.222493043,-0.084564295,-0.126852763,-0.469813347,-0.193196458,-0.235560672,-0.122939669,-0.178535857,-0.14416996,-0.147113243,-0.09729191,-0.134446813,-0.190354029,-0.183378896,-0.200140167,-0.129789164,-0.234621665,-0.079157353,-0.071834471,-0.45707922,-0.20793647,-0.134967248,-0.353456523,-0.132231389,-0.156198835,0.700314767,-0.174589471,-0.244087344
1997/09/21,-0.082659443,-0.130485729,-0.165848098,-0.157006422,-0.113390341,0.288105911,-0.091110617,-0.134672834,-0.136274211,-0.233279447,-0.198122883,-0.191737994,-0.194892727,-0.122599122,-0.15866319,-0.170503902,-0.340562059,-0.139782736,-0.124788757,-0.171017742,-0.197529694,-0.099590588,-0.083501058,-0.181840622,-0.174510259,-0.267696748,-0.089462247,-0.218001746,-0.170086079,-0.235926842,-0.340060754,-0.214293457,-0.155748504,-0.088868321,-0.178347691,-0.195397044,-0.132023669,-0.194382489,-0.231859742,-0.060276398,-0.22647649,-0.117683671,-0.237343458,-0.138204312,-0.126895569,-0.127080841,-0.095800478,-0.357408098,-0.190749795,-0.205364399,-0.112523088,-0.110582073,-0.068291644,-0.132713078,-0.137883214,-0.121793854,-0.262772247,-0.12619813,-0.19553799,0.393984938,-0.475655131,-0.10921869,-0.159569877,-0.195307925,-0.19255991,-0.189402319,-0.124727662,-0.200075035,-0.332884107,-0.243821637,-0.123537251,-0.222493043,-0.084564295,-0.126852763,-0.469813347,-0.193196458,-0.235560672,-0.122939669,-0.178535857,-0.14416996,-0.279157922,-0.09729191,-0.113007132,-0.190354029,-0.183378896,-0.249964115,-0.129789164,-0.234621665,-0.079157353,-0.071834471,-0.45707922,-0.20793647,-0.134967248,-0.354743576,-0.132231389,-0.156198835,-0.128607861,-0.174589471,-0.244087344
1997/10/07,-0.082659443,-0.130485729,-0.153653876,0.200004736,-0.082403165,0.035419931,-0.091110617,-0.134672834,-0.136274211,-0.233279447,-0.138935701,-0.191737994,-0.115142086,-0.122599122,0.249374305,-0.078637458,-0.015482436,-0.139782736,-0.10538153,-0.083946612,-0.197529694,-0.085439157,-0.083501058,-0.147639189,-0.14353429,-0.154751394,-0.150622675,-0.125316721,-0.155048409,-0.077322626,-0.340060754,-0.214293457,-0.155748504,-0.067200038,-0.178347691,-0.008661298,-0.109263759,-0.194121921,-0.143160484,-0.060276398,-0.138985576,-0.002385286,-0.114240316,-0.138204312,0.019768121,0.040098026,-0.067864181,-0.140457979,0.246536249,-0.135086389,-0.107472926,0.21110556,-0.068291644,-0.1280083,0.143845935,0.270875443,0.1119437,-0.015560734,-0.140391477,-0.201281074,0.11583439,-0.096083331,-0.118883238,-0.165448151,0.081628184,-0.189402319,-0.09634228,-0.200075035,-0.247429955,-0.027515902,-0.12432927,0.099135673,-0.084564295,-0.122667837,-0.302327589,0.3342822,0.173580024,-0.07284969,0.016562329,-0.083532899,-0.117103089,-0.010312593,-0.107159946,-0.190354029,-0.12331399,-0.165783518,-0.119499396,0.238244338,-0.079157353,-0.060996871,-0.107568805,-0.20793647,0.011088335,0.096559199,-0.132231389,-0.054174879,-0.128607861,-0.174589471,-0.244087344
1997/10/21,-0.082659443,-0.130485729,-0.165848098,-0.157006422,-0.113390341,-0.492117464,-0.091110617,-0.134672834,-0.136274211,-0.233279447,-0.198122883,-0.191737994,-0.194892727,-0.122599122,-0.15866319,-0.170503902,-0.340562059,-0.139782736,-0.124788757,-0.171017742,-0.197529694,-0.099590588,-0.083501058,-0.181840622,-0.174510259,-0.267696748,-0.089462247,-0.218001746,10.747262,-0.235926842,-0.340060754,-0.214293457,-0.155748504,-0.088868321,-0.178347691,-0.195397044,-0.132023669,-0.194382489,-0.231859742,-0.060276398,-0.22647649,-0.117683671,-0.237343458,-0.138204312,-0.126895569,-0.127080841,-0.095800478,-0.357408098,-0.190749795,-0.205364399,-0.112523088,-0.110582073,-0.068291644,-0.132713078,-0.146294863,-0.121793854,-0.262772247,-0.12619813,-0.19553799,0.023298356,-0.475655131,-0.10921869,-0.159569877,-0.195307925,-0.19255991,-0.189402319,-0.124727662,-0.200075035,-0.332884107,-0.243821637,7.955058697,-0.222493043,-0.084564295,-0.126852763,-0.469813347,-0.193196458,-0.235560672,-0.122939669,-0.178535857,-0.14416996,-0.279157922,-0.09729191,0.358665849,-0.190354029,-0.183378896,-0.249964115,-0.129789164,-0.234621665,-0.079157353,-0.071834471,-0.45707922,-0.20793647,-0.134967248,-0.370188214,-0.132231389,-0.156198835,-0.128607861,-0.174589471,-0.244087344
1997/11/07,-0.082659443,-0.130485729,-0.165848098,-0.157006422,-0.113390341,0.678217598,-0.091110617,-0.134672834,-0.136274211,-0.233279447,-0.198122883,-0.191737994,-0.194892727,-0.122599122,-0.15866319,-0.170503902,-0.340562059,-0.139782736,-0.124788757,-0.171017742,-0.197529694,-0.099590588,-0.083501058,3.204101248,-0.174510259,-0.267696748,0.058669433,-0.218001746,-0.170086079,0.398490024,-0.340060754,-0.214293457,-0.155748504,-0.088868321,-0.178347691,1.345172859,-0.132023669,-0.194382489,-0.231859742,-0.060276398,-0.22647649,-0.117683671,-0.237343458,-0.138204312,-0.126895569,-0.127080841,-0.095800478,-0.357408098,-0.190749795,-0.205364399,-0.112523088,-0.110582073,-0.068291644,-0.132713078,-0.145243407,-0.121793854,-0.262772247,0.365595623,-0.19553799,0.122496173,0.07737517,-0.10921869,-0.159569877,-0.195307925,-0.19255991,-0.189402319,-0.124727662,-0.200075035,-0.332884107,-0.243821637,-0.161554173,-0.222493043,-0.084564295,-0.126852763,1.284799354,-0.193196458,-0.235560672,-0.122939669,-0.178535857,-0.14416996,-0.279157922,-0.09729191,0.069230156,-0.190354029,-0.183378896,-0.163338387,-0.129789164,-0.234621665,-0.079157353,-0.071834471,-0.45707922,-0.20793647,-0.134967248,-0.194505453,-0.132231389,-0.156198835,-0.128607861,-0.174589471,-0.244087344
1997/11/21,-0.082659443,-0.130485729,-0.165848098,-0.157006422,-0.113390341,-0.102005777,-0.091110617,-0.134672834,-0.136274211,-0.233279447,-0.198122883,-0.191737994,-0.194892727,-0.122599122,-0.15866319,-0.170503902,0.34146104,-0.139782736,-0.124788757,-0.171017742,-0.197529694,-0.099590588,-0.083501058,-0.181840622,-0.174510259,-0.267696748,-0.089462247,-0.218001746,-0.170086079,-0.235926842,-0.340060754,-0.214293457,-0.155748504,-0.088868321,-0.178347691,-0.195397044,-0.132023669,-0.194382489,2.277062129,-0.060276398,-0.22647649,-0.117683671,0.299833888,-0.138204312,-0.126895569,21.94052964,-0.095800478,-0.357408098,-0.190749795,-0.205364399,-0.112523088,-0.110582073,-0.068291644,-0.132713078,-0.146294863,-0.121793854,0.100936014,-0.040668782,-0.19553799,0.297397589,-0.375104167,-0.10921869,-0.159569877,-0.195307925,-0.19255991,-0.189402319,3.625893416,-0.200075035,-0.332884107,-0.243821637,0.351674275,-0.222493043,-0.084564295,-0.126852763,-0.469813347,-0.193196458,-0.235560672,-0.122939669,-0.178535857,-0.14416996,-0.279157922,-0.09729191,-0.027248408,-0.190354029,-0.183378896,-0.249964115,-0.129789164,-0.234621665,-0.079157353,-0.071834471,-0.45707922,-0.20793647,-0.134967248,-0.377910533,-0.132231389,-0.156198835,-0.128607861,-0.174589471,-0.244087344
1997/12/07,-0.082659443,-0.130485729,-0.165848098,-0.157006422,-0.113390341,-0.102005777,-0.091110617,-0.134672834,-0.136274211,-0.233279447,-0.198122883,-0.191737994,-0.194892727,-0.122599122,-0.15866319,-0.170503902,6.469523137,-0.139782736,-0.124788757,-0.171017742,-0.197529694,-0.099590588,-0.083501058,-0.181840622,-0.174510259,-0.267696748,0.428998633,-0.218001746,-0.170086079,-0.235926842,-0.340060754,-0.214293457,-0.155748504,-0.088868321,-0.178347691,0.831649558,-0.132023669,-0.194382489,-0.231859742,-0.060276398,-0.22647649,-0.117683671,-0.237343458,-0.138204312,-0.126895569,6.177950726,-0.095800478,-0.357408098,-0.190749795,-0.205364399,-0.112523088,-0.110582073,-0.068291644,-0.132713078,-0.146294863,-0.121793854,0.464644275,-0.12619813,-0.19553799,2.049022214,-0.375104167,-0.10921869,-0.159569877,-0.195307925,-0.19255991,-0.189402319,-0.124727662,-0.200075035,-0.332884107,-0.243821637,2.252520381,-0.222493043,-0.084564295,-0.126852763,0.232031734,-0.193196458,-0.235560672,-0.122939669,-0.178535857,-0.14416996,-0.279157922,-0.09729191,0.701700745,-0.190354029,-0.183378896,-0.249964115,-0.129789164,6.700746392,-0.079157353,-0.071834471,-0.45707922,-0.20793647,-0.134967248,-0.200297192,-0.132231389,-0.156198835,-0.128607861,-0.174589471,-0.244087344
1997/12/21,-0.082659443,-0.130485729,-0.165848098,-0.157006422,-0.113390341,0.678217598,-0.091110617,-0.134672834,-0.136274211,-0.233279447,-0.198122883,-0.191737994,-0.194892727,-0.122599122,-0.15866319,-0.170503902,2.34525618,-0.139782736,-0.124788757,-0.171017742,-0.197529694,1.145735364,-0.083501058,-0.181840622,-0.174510259,-0.267696748,1.317788713,-0.218001746,-0.170086079,-0.235926842,-0.340060754,-0.214293457,-0.155748504,-0.088868321,-0.178347691,-0.195397044,-0.132023669,-0.194382489,-0.231859742,-0.060276398,-0.22647649,-0.117683671,-0.237343458,-0.138204312,-0.126895569,4.811860553,-0.095800478,-0.357408098,-0.190749795,-0.205364399,-0.112523088,-0.110582073,-0.068291644,-0.132713078,-0.143841465,-0.121793854,0.464644275,-0.12619813,-0.19553799,1.04660216,-0.475655131,-0.10921869,-0.159569877,-0.195307925,-0.19255991,-0.189402319,-0.124727662,-0.200075035,-0.332884107,-0.243821637,7.46083871,-0.222493043,-0.084564295,-0.126852763,-0.469813347,-0.193196458,-0.235560672,-0.122939669,-0.178535857,-0.14416996,-0.279157922,-0.09729191,-0.08084761,-0.190354029,-0.183378896,-0.249964115,-0.129789164,0.130397706,-0.079157353,-0.071834471,-0.45707922,-0.20793647,-0.134967248,-0.281381544,-0.132231389,-0.156198835,-0.128607861,-0.174589471,-0.244087344
1998/01/07,-0.082659443,-0.130485729,-0.165848098,-0.157006422,-0.113390341,0.288105911,-0.091110617,-0.134672834,-0.136274211,-0.233279447,-0.198122883,-0.191737994,-0.194892727,-0.122599122,-0.15866319,-0.170503902,-0.320270463,-0.139782736,-0.124788757,-0.171017742,-0.197529694,-0.099590588,-0.083501058,-0.181840622,-0.174510259,-0.267696748,0.132735273,-0.218001746,-0.170086079,-0.05466488,-0.340060754,-0.214293457,-0.155748504,-0.088868321,-0.178347691,-0.195397044,-0.132023669,-0.194382489,-0.231859742,-0.060276398,-0.22647649,-0.117683671,-0.237343458,-0.138204312,-0.126895569,0.503422315,-0.095800478,-0.357408098,-0.190749795,-0.205364399,-0.112523088,11.39902732,-0.068291644,-0.100025531,-0.146294863,-0.121793854,-0.262772247,-0.12619813,-0.19553799,0.6237062,-0.475655131,-0.10921869,-0.159569877,-0.195307925,-0.19255991,-0.189402319,-0.124727662,-0.200075035,-0.332884107,-0.243821637,0.579775808,-0.222493043,-0.084564295,-0.126852763,0.232031734,-0.193196458,-0.235560672,-0.122939669,-0.178535857,-0.14416996,-0.279157922,-0.09729191,0.015630954,-0.190354029,-0.183378896,-0.212596154,-0.129789164,-0.234621665,-0.079157353,-0.071834471,-0.45707922,-0.20793647,-0.134967248,-0.350882416,-0.132231389,-0.156198835,-0.128607861,-0.174589471,-0.244087344
1998/01/21,-0.082659443,-0.130485729,-0.165848098,-0.157006422,-0.113390341,-0.492117464,-0.091110617,-0.134672834,-0.136274211,-0.233279447,-0.198122883,-0.191737994,-0.194892727,-0.122599122,-0.15866319,-0.170503902,0.910753049,-0.139782736,-0.124788757,-0.171017742,-0.197529694,-0.099590588,-0.083501058,-0.181840622,-0.174510259,-0.267696748,0.354932793,1.5478896,-0.170086079,-0.235926842,-0.340060754,-0.214293457,-0.155748504,-0.088868321,-0.178347691,-0.195397044,-0.132023669,-0.194382489,-0.231859742,-0.060276398,-0.22647649,-0.117683671,-0.237343458,-0.138204312,-0.126895569,-0.127080841,-0.095800478,-0.357408098,-0.190749795,-0.205364399,-0.112523088,18.22653301,-0.068291644,-0.132713078,-0.146294863,-0.121793854,0.100936014,-0.12619813,-0.19553799,1.114474352,-0.475655131,-0.10921869,-0.159569877,-0.195307925,-0.19255991,-0.189402319,-0.124727662,-0.200075035,-0.332884107,-0.243821637,8.487295607,-0.222493043,-0.084564295,-0.126852763,-0.469813347,-0.193196458,-0.235560672,-0.122939669,-0.178535857,-0.14416996,1.758102831,-0.09729191,2.524073626,1.059636016,-0.183378896,-0.249964115,-0.129789164,0.495417077,-0.079157353,-0.071834471,-0.45707922,-0.20793647,-0.134967248,-0.40493865,-0.132231389,-0.156198835,-0.128607861,-0.174589471,-0.244087344
1998/02/07,-0.082659443,-0.130485729,-0.165848098,-0.157006422,-0.113390341,9.260674725,-0.091110617,-0.134672834,-0.136274211,-0.233279447,-0.198122883,-0.191737994,2.060911119,-0.122599122,-0.15866319,-0.170503902,1.333494639,-0.139782736,-0.124788757,-0.171017742,-0.197529694,-0.099590588,-0.083501058,-0.181840622,-0.174510259,-0.267696748,3.317566393,7.007659495,-0.170086079,-0.235926842,-0.340060754,-0.214293457,-0.155748504,-0.088868321,-0.178347691,-0.195397044,-0.132023669,-0.194382489,1.440754838,0.017523714,-0.22647649,-0.117683671,-0.237343458,-0.138204312,-0.126895569,-0.127080841,-0.095800478,-0.357408098,-0.190749795,-0.205364399,-0.112523088,-0.110582073,-0.068291644,-0.132713078,-0.146294863,-0.121793854,1.919477318,0.130389915,-0.19553799,1.375521241,-0.475655131,-0.10921869,-0.159569877,0.951584007,-0.19255991,-0.189402319,-0.124727662,4.985282342,-0.332884107,-0.243821637,11.01542093,-0.222493043,-0.084564295,-0.099232254,3.741257136,-0.193196458,-0.235560672,-0.122939669,-0.178535857,-0.14416996,-0.279157922,-0.09729191,-0.091567451,-0.190354029,-0.183378896,1.506330053,-0.129789164,-0.234621665,-0.079157353,-0.071834471,0.204359845,-0.20793647,-0.134967248,0.081567457,-0.132231389,-0.156198835,-0.128607861,-0.174589471,-0.244087344
1998/02/21,-2.63E-04,-0.130485729,0.867643027,0.709211127,0.702605305,0.338293833,-0.007336725,0.093774406,0.191170258,-0.193573562,0.393748937,-0.191737994,-0.182464055,0.132276846,0.770123617,0.874098687,0.36002003,-0.139782736,1.097599255,-0.171017742,-0.197529694,-0.042984863,0.063339237,1.229383053,0.688047415,-0.031584952,0.281912649,0.747209786,-0.155048409,-0.12047013,0.38510864,-0.169966156,-0.108627763,0.016396062,-0.155796694,-0.097077844,0.795011576,0.451968695,0.027479993,-0.005462683,-0.094597781,-0.103170588,0.285066444,0.487497261,0.89629229,-0.123896482,-0.068877144,0.223904801,-0.093575118,-0.205364399,-0.078686998,-0.029177455,-0.067604585,-0.056815836,-0.110802428,-0.06037199,0.278122722,-0.082479203,-0.166766187,0.528973747,0.268583585,0.561341364,1.001160057,0.170371111,-0.084440575,0.128038198,-0.103417315,0.153472059,-0.08922263,-0.243821637,0.426307358,-0.101100889,0.012164213,-0.112943592,0.203207104,0.078376712,0.095839044,0.455877863,0.355824957,0.010798077,-0.053160025,-0.09729191,-0.103505455,0.832365099,0.004217761,1.038031967,0.102977861,-0.067195425,-0.063905793,1.100577095,0.768200205,0.76841332,0.091268167,0.996475869,0.247986699,0.543394007,-0.128607861,0.828744953,-0.123310835
1998/03/07,-0.082659443,-0.130485729,-0.165848098,-0.157006422,-0.113390341,-0.102005777,-0.091110617,-0.134672834,-0.136274211,-0.233279447,-0.198122883,-0.191737994,-0.194892727,-0.122599122,-0.15866319,-0.170503902,-0.290960379,-0.139782736,-0.124788757,-0.171017742,-0.197529694,-0.099590588,-0.083501058,-0.181840622,-0.174510259,-0.267696748,-0.237593927,0.983414613,-0.170086079,-0.235926842,-0.340060754,-0.214293457,-0.155748504,-0.088868321,-0.178347691,-0.195397044,-0.132023669,-0.194382489,-0.231859742,-0.060276398,-0.22647649,-0.117683671,-0.237343458,-0.138204312,-0.126895569,-0.127080841,-0.095800478,-0.357408098,-0.190749795,-0.205364399,-0.112523088,-0.110582073,-0.068291644,-0.132713078,-0.146294863,-0.121793854,-0.262772247,-0.12619813,-0.19553799,1.840184703,-0.475655131,-0.10921869,-0.159569877,-0.195307925,-0.19255991,-0.189402319,-0.124727662,-0.200075035,-0.332884107,-0.243821637,1.720283471,-0.222493043,-0.084564295,-0.126852763,-0.469813347,-0.193196458,-0.235560672,-0.122939669,-0.178535857,-0.14416996,-0.279157922,-0.09729191,0.122829359,-0.190354029,-0.183378896,-0.188816542,-0.129789164,-0.234621665,-0.079157353,-0.071834471,-0.45707922,-0.20793647,-0.134967248,-0.153963277,-0.132231389,-0.156198835,-0.128607861,-0.174589471,-0.244087344
1998/03/21,-0.082659443,-0.130485729,-0.165848098,-0.157006422,-0.113390341,0.028031452,-0.091110617,-0.134672834,16.82420033,-0.233279447,-0.198122883,-0.191737994,-0.194892727,-0.122599122,-0.15866319,-0.170503902,-0.094808281,-0.139782736,-0.124788757,-0.171017742,-0.197529694,-0.099590588,-0.083501058,-0.181840622,-0.174510259,-0.267696748,-0.237593927,-0.205924015,-0.170086079,-0.115085534,-0.340060754,-0.214293457,-0.155748504,-0.088868321,-0.178347691,-0.195397044,-0.132023669,-0.194382489,0.604447548,-0.060276398,-0.22647649,-0.117683671,-0.237343458,-0.138204312,-0.126895569,0.153142784,-0.095800478,-0.357408098,-0.190749795,-0.205364399,-0.112523088,-0.110582073,-0.068291644,-0.132713078,-0.146294863,-0.121793854,-0.262772247,-0.12619813,-0.19553799,0.350477123,-0.475655131,-0.10921869,-0.159569877,-0.195307925,-0.19255991,-0.189402319,1.125479364,-0.200075035,-0.332884107,-0.243821637,0.224951202,-0.222493043,-0.084564295,-0.126852763,-0.469813347,-0.193196458,-0.235560672,-0.122939669,-0.178535857,-0.14416996,0.494246623,-0.09729191,-0.098714011,3.490172215,-0.183378896,1.849435877,-0.129789164,-0.234621665,-0.079157353,-0.024149031,-0.45707922,-0.20793647,-0.134967248,-0.359891789,-0.132231389,-0.156198835,-0.128607861,-0.174589471,-0.244087344
1998/04/07,-0.082659443,-0.089151297,-0.091327851,-0.092692243,-0.094453734,-0.232043006,-0.091110617,-0.120335849,-0.095726628,-0.209014739,-0.198122883,-0.191737994,0.557041889,0.137185147,-0.134306535,-0.166169424,-0.266295234,-0.139782736,-0.067645254,-0.011387336,-0.145314407,-0.090942491,1.270602867,-0.119137995,0.204463883,-0.077885806,0.271951621,-0.048957661,-0.170086079,-0.097462844,0.131407586,-0.214293457,-0.155748504,-0.0678642,0.162736135,-0.188264776,-0.132023669,0.053388886,-0.167975158,-0.059195841,-0.200081552,-0.101423643,-0.093101393,-0.138204312,-0.073856326,-0.127080841,0.107309708,0.584218877,0.911575442,0.277796919,-0.044626457,-0.110582073,1.323120855,-0.125644648,-0.056552765,-0.121793854,-0.196260782,-0.119664638,0.062070014,0.14831081,-0.151657581,-0.10921869,0.238653258,-0.100691357,0.146827901,0.091103857,-0.124727662,-0.128056183,0.375842786,0.284925716,-0.091064463,-0.171660919,1.262341796,-0.123783817,-0.154632917,0.095640178,-0.125825262,-0.087227369,-0.12633794,-0.143856685,-0.201869866,-0.028951018,-0.129682439,-0.172993056,0.064388842,0.097576795,-0.122802284,-0.133227396,-0.079157353,-0.046998304,0.043593406,0.122774775,-0.134967248,0.110186515,-0.132231389,-0.138385128,-0.076800197,-0.174589471,1.089486607
1998/04/21,-0.082659443,1.171548858,-0.068971777,0.219231527,-0.113390341,-0.370207562,-0.075403012,-0.024073238,-0.032008998,0.203485289,0.127406618,-0.191737994,0.322062321,-0.069194675,-0.15866319,-0.140687109,-0.2029949,0.594751159,-0.124788757,0.128289269,0.859829868,-0.086618443,0.135503065,-0.134813652,0.081297287,-0.062983294,0.088758681,-0.19696504,-0.170086079,0.215339917,-0.143615612,-0.04668085,1.356041935,-0.065581143,1.072293006,-0.195397044,-0.132023669,0.138460774,-0.162167468,-0.060276398,0.729832422,-0.101054096,0.260664707,0.302995515,0.054345479,-0.06797117,-0.060680561,0.760071647,0.109884361,0.519377578,-0.096783415,-0.110582073,-0.062585366,-0.118100155,-0.142162056,-0.121793854,-0.205942831,1.054285064,1.43981282,0.054950291,0.088896635,-0.105606466,0.28843115,-0.09950676,-0.062888152,0.262238359,-0.124727662,0.124009801,0.002828632,-0.243821637,-0.086114343,1.302470697,0.039756258,0.852812153,0.056570464,-0.135748287,-0.211573819,-0.122939669,-0.101357509,-0.126447534,-0.228756939,-0.046036241,-0.121270342,-0.181673542,0.036859093,0.555570227,0.438506149,-0.128157682,-0.079157353,-0.071834471,0.380054597,-0.009509723,-0.04765141,-0.124159952,-0.11792592,-0.156198835,1.309054822,-0.174589471,0.095596587
1998/05/07,-0.082659443,-0.130485729,-0.165848098,-0.157006422,-0.113390341,-0.102005777,-0.091110617,-0.134672834,-0.136274211,-0.233279447,-0.198122883,-0.191737994,-0.194892727,-0.122599122,-0.15866319,-0.170503902,-0.340562059,-0.139782736,-0.124788757,-0.171017742,-0.197529694,-0.099590588,-0.083501058,-0.181840622,-0.174510259,-0.267696748,-0.237593927,-0.218001746,-0.170086079,-0.235926842,-0.340060754,-0.214293457,-0.155748504,-0.088868321,-0.178347691,-0.195397044,-0.132023669,-0.194382489,-0.231859742,-0.060276398,-0.22647649,-0.117683671,-0.237343458,-0.138204312,-0.126895569,-0.127080841,-0.095800478,-0.357408098,-0.190749795,-0.205364399,-0.112523088,-0.110582073,-0.068291644,-0.132713078,-0.146294863,-0.121793854,-0.262772247,-0.12619813,-0.19553799,-0.394376667,-0.475655131,-0.10921869,-0.159569877,-0.195307925,-0.19255991,-0.189402319,-0.124727662,-0.200075035,-0.332884107,-0.243821637,-0.047503407,-0.222493043,-0.084564295,-0.126852763,-0.469813347,-0.193196458,-0.235560672,-0.122939669,-0.178535857,-0.14416996,-0.279157922,-0.09729191,-0.134446813,-0.190354029,-0.183378896,-0.249964115,-0.129789164,-0.234621665,-0.079157353,-0.071834471,-0.45707922,-0.20793647,-0.134967248,-0.40493865,-0.132231389,-0.156198835,-0.128607861,-0.174589471,-0.244087344
1998/05/21,-0.06849762,-0.068484082,-0.100953383,-0.118046871,-0.113390341,-0.305188948,-0.091110617,-0.134672834,-0.136274211,0.421867656,0.344426286,-0.191737994,0.118413363,-0.122599122,-0.15866319,-0.170503902,-0.320117806,0.535673906,-0.110233336,0.008566464,0.448634483,-0.089861479,-0.083501058,-0.146570394,-0.003971895,0.088787026,-0.235279369,-0.214962448,-0.108055692,-0.132078843,-0.065037556,-0.04668085,-0.155748504,-0.079279483,-0.121500387,-0.152603435,-0.132023669,-0.194382489,-0.136032865,-0.060276398,-0.052269898,-0.117683671,-0.089060128,-0.033419353,-0.126895569,-0.127080841,-0.076923523,-0.253750475,-0.190749795,-0.205364399,-0.112523088,-0.090342432,-0.068291644,-0.13217396,-0.140365819,-0.121793854,-0.224885969,-0.120629813,-0.164487026,-0.168978994,-0.119013431,-0.10921869,-0.131569813,-0.191602908,-0.118118716,-0.189402319,-0.110076798,0.853200682,0.14270894,0.499729328,-0.205511239,-0.039497395,-0.081861675,0.603364434,-0.250486759,-0.092662159,-0.230443477,-0.122939669,-0.176112382,-0.118492581,-0.243788811,-0.020408406,-0.134111818,-0.190354029,-0.183378896,-0.246531641,1.214311784,-0.206104527,-0.079157353,-0.071834471,-0.258992,-0.018810976,-0.134967248,-0.318323992,-0.132231389,-0.156198835,0.221093872,0.434458014,-0.130859367
1998/06/07,-0.082659443,-0.130485729,-0.156676375,-0.157006422,-0.113390341,-0.011980003,-0.091110617,-0.134672834,-0.136274211,0.841833748,-0.198122883,-0.191737994,0.03647177,-0.122599122,-0.15866319,-0.170503902,-0.336009457,-0.139782736,-0.124788757,0.27103569,-0.197529694,-0.075642012,-0.083501058,-0.008202578,-0.174510259,-0.215568123,-0.22050181,-0.218001746,-0.131913533,-0.166210703,-0.340060754,0.198291423,-0.155748504,-0.08254601,-0.178347691,-0.195397044,-0.132023669,-0.194382489,-0.167528412,-0.060276398,-0.091534321,-0.117683671,-0.144370456,-0.138204312,-0.126895569,-0.127080841,-0.087695882,-0.264057893,-0.190749795,-0.205364399,-0.112523088,-0.104354491,-0.068291644,-0.129150973,-0.141145424,-0.121793854,-0.206817129,-0.12619813,-0.093627132,-0.404015321,-0.061849241,-0.10921869,-0.159569877,-0.184698895,-0.19255991,-0.146643438,-0.124727662,-0.200075035,-0.00233618,-0.060793707,-0.190797959,-0.053573983,-0.084564295,-0.124728108,-0.415825264,-0.166681918,-0.234379781,-0.122939669,-0.178535857,-0.14416996,-0.270451679,-0.09729191,-0.134446813,-0.030098895,-0.081730593,-0.245260455,-0.129789164,-0.234621665,-0.079157353,-0.071834471,0.426959531,-0.162145682,-0.134967248,-0.367069585,-0.132231389,-0.119201136,-0.128607861,0.106509368,-0.244087344
1998/06/21,-0.072948478,-0.130485729,-0.159460648,-0.134107747,-0.094453734,-0.231114169,-0.091110617,-0.129406187,-0.136274211,0.5154601,-0.198122883,0.400214797,-0.141183111,-0.122599122,-0.15866319,-0.170503902,-0.334726883,-0.139782736,-0.124788757,0.239460444,-0.197529694,0.078313119,-0.083501058,-0.101222959,-0.174510259,-0.219291596,-0.21378705,-0.218001746,-0.134640143,-0.187158743,-0.340060754,0.551935605,0.769837479,-0.081823461,-0.145863517,-0.195397044,-0.132023669,-0.194382489,-0.231859742,-0.058424015,-0.104514472,-0.117683671,-0.04869189,0.013064201,-0.126895569,-0.127080841,-0.076233668,-0.100828392,-0.190749795,-0.205364399,-0.112523088,-0.110582073,-0.067965571,-0.132713078,-0.14388319,-0.121793854,-0.210813924,-0.118714312,-0.077248601,-0.406583716,-0.156525524,-0.10921869,-0.159569877,-0.188567602,-0.19255991,-0.189402319,-0.124727662,0.216605468,-0.102681086,-0.243821637,-0.203734853,0.138269807,-0.084564295,-0.123893422,-0.194088494,-0.012645065,-0.232271047,-0.122939669,-0.17802453,-0.135884151,-0.275115738,-0.09729191,-0.129086892,-0.175473195,0.005396524,-0.24221552,-0.129789164,-0.182476041,-0.078764456,-0.071834471,-0.076358044,-0.144156444,-0.134967248,-0.380475447,-0.132231389,0.336222912,-0.128607861,-0.174589471,-0.192325983
1998/07/07,-0.082659443,-0.130485729,-0.165848098,-0.148786385,-0.074060464,0.018028589,-0.013780871,-0.117657512,-0.136274211,-0.233279447,-0.198122883,-0.191737994,-0.194892727,-0.122599122,-0.15866319,-0.170503902,-0.3382424,-0.138293785,-0.124788757,-0.171017742,0.308556934,-0.099590588,-0.083501058,0.035206933,-0.174510259,0.097203627,-0.18346889,-0.218001746,-0.074654714,-0.126704891,-0.267527163,0.610876302,-0.155748504,-0.080438573,-0.178347691,-0.116393459,-0.132023669,-0.194382489,-0.135362747,-0.058780242,-0.205110646,-0.117683671,-0.080666732,-0.138204312,-0.126895569,-0.127080841,-0.086074963,-0.26094622,0.27176429,-0.205364399,-0.112523088,-0.110582073,-0.067940488,-0.130827258,-0.145575918,-0.121793854,-0.220805909,-0.125786931,-0.093627132,-0.381926738,-0.011573759,-0.10921869,-0.159569877,-0.191957705,-0.19255991,-0.189402319,0.055590659,0.398235432,-0.084973161,0.579804047,-0.025692416,-0.194339867,-0.084564295,-0.124728108,-0.456316326,-0.193196458,-0.235560672,-0.122939669,-0.17578256,-0.143178496,-0.270451679,-0.09729191,-0.128674591,-0.190354029,-0.183378896,-0.243953883,-0.129789164,-0.227602062,-0.079157353,-0.071834471,-0.304439435,-0.185041076,-0.134967248,-0.3867714,-0.120493568,-0.113034853,0.349616732,-0.174589471,-0.244087344
1998/07/21,-0.082659443,-0.130485729,-0.165848098,-0.157006422,0.795566834,-0.492117464,-0.091110617,-0.134672834,-0.136274211,-0.233279447,-0.198122883,-0.191737994,-0.194892727,-0.122599122,-0.15866319,-0.170503902,-0.338307437,-0.139782736,-0.124788757,-0.171017742,-0.197529694,-0.099590588,-0.083501058,-0.181840622,-0.174510259,-0.267696748,-0.237593927,-0.218001746,-0.170086079,-0.235926842,-0.340060754,-0.214293457,-0.155748504,-0.088868321,-0.178347691,-0.195397044,-0.132023669,-0.194382489,-0.231859742,-0.060276398,-0.22647649,-0.117683671,-0.237343458,-0.138204312,-0.126895569,-0.127080841,-0.095800478,-0.357408098,-0.190749795,-0.205364399,-0.112523088,-0.110582073,-0.068291644,-0.132713078,-0.146294863,-0.121793854,-0.262772247,-0.12619813,-0.19553799,-0.415260418,-0.475655131,-0.10921869,-0.159569877,-0.195307925,-0.19255991,-0.189402319,-0.124727662,-0.200075035,-0.332884107,-0.243821637,-0.161554173,-0.222493043,-0.084564295,-0.126852763,-0.469813347,-0.193196458,-0.235560672,-0.122939669,-0.178535857,-0.14416996,-0.279157922,-0.09729191,-0.134446813,-0.190354029,-0.183378896,-0.249964115,-0.129789164,-0.234621665,-0.079157353,-0.071834471,-0.45707922,-0.20793647,-0.134967248,-0.401077491,-0.132231389,-0.156198835,-0.128607861,-0.174589471,-0.244087344
1998/08/07,-0.082659443,-0.130485729,-0.165848098,-0.157006422,0.019165913,-0.102005777,-0.091110617,-0.134672834,0.072256214,-0.233279447,-0.198122883,-0.191737994,2.248894773,-0.122599122,-0.15866319,-0.170503902,-0.237413111,-0.139782736,-0.124788757,-0.171017742,-0.197529694,-0.099590588,-0.083501058,-0.181840622,-0.174510259,-0.267696748,-0.089462247,-0.218001746,-0.170086079,-0.235926842,-0.340060754,-0.214293457,-0.155748504,-0.088868321,-0.178347691,-0.195397044,-0.132023669,-0.194382489,-0.231859742,-0.060276398,-0.22647649,-0.117683671,-0.237343458,-0.138204312,-0.126895569,-0.074538912,-0.095800478,-0.357408098,-0.190749795,-0.205364399,-0.112523088,-0.110582073,-0.068291644,-0.132713078,-0.142614766,-0.121793854,-0.262772247,-0.099470209,-0.19553799,0.075507733,-0.475655131,-0.10921869,-0.159569877,-0.195307925,-0.19255991,-0.189402319,-0.124727662,-0.200075035,-0.332884107,-0.243821637,0.351674275,-0.222493043,-0.084564295,-0.126852763,-0.469813347,-0.193196458,-0.235560672,-0.122939669,-0.178535857,-0.14416996,-0.279157922,-0.09729191,-0.096927371,-0.190354029,-0.183378896,-0.170981834,-0.129789164,-0.234621665,-0.079157353,-0.071834471,-0.20903957,-0.20793647,-0.134967248,-0.382736983,-0.132231389,-0.156198835,-0.128607861,-0.174589471,-0.244087344
1998/08/21,-0.082659443,-0.130485729,-0.165848098,-0.157006422,-0.113390341,-0.297061621,-0.091110617,-0.134672834,-0.136274211,-0.233279447,-0.198122883,-0.191737994,-0.194892727,-0.122599122,-0.15866319,-0.170503902,-0.290960379,-0.139782736,-0.124788757,-0.171017742,-0.197529694,-0.099590588,-0.083501058,-0.181840622,-0.174510259,-0.267696748,-0.237593927,-0.218001746,-0.170086079,-0.235926842,-0.340060754,-0.214293457,-0.155748504,-0.088868321,-0.178347691,-0.195397044,-0.132023669,-0.194382489,-0.231859742,-0.060276398,-0.22647649,-0.117683671,-0.237343458,-0.138204312,-0.126895569,-0.127080841,-0.095800478,-0.357408098,-0.190749795,-0.205364399,-0.112523088,-0.090342432,-0.068291644,-0.132713078,-0.146294863,-0.121793854,-0.262772247,-0.12619813,-0.19553799,-0.203812438,-0.475655131,-0.10921869,-0.159569877,-0.195307925,-0.19255991,-0.189402319,-0.124727662,-0.200075035,-0.332884107,-0.243821637,-0.009486485,-0.222493043,-0.084564295,-0.126852763,-0.469813347,-0.193196458,-0.235560672,-0.122939669,-0.178535857,-0.14416996,-0.279157922,-0.09729191,-0.123726972,-0.190354029,-0.183378896,-0.249964115,-0.129789164,-0.234621665,-0.079157353,-0.071834471,-0.45707922,-0.20793647,-0.134967248,-0.385632853,-0.132231389,-0.156198835,-0.128607861,-0.174589471,-0.244087344
1998/09/07,-0.082659443,-0.130485729,-0.165848098,-0.157006422,-0.113390341,-0.492117464,-0.091110617,-0.134672834,-0.136274211,-0.233279447,-0.198122883,-0.191737994,-0.194892727,-0.122599122,-0.15866319,-0.170503902,-0.340562059,-0.139782736,-0.124788757,-0.171017742,-0.197529694,-0.099590588,-0.083501058,-0.181840622,-0.174510259,-0.267696748,-0.163528087,-0.218001746,-0.170086079,-0.235926842,-0.340060754,-0.214293457,-0.155748504,-0.088868321,-0.178347691,-0.195397044,-0.132023669,-0.194382489,-0.231859742,-0.060276398,-0.22647649,-0.117683671,-0.237343458,-0.138204312,-0.126895569,-0.127080841,-0.095800478,-0.357408098,-0.190749795,-0.205364399,-0.112523088,-0.110582073,-0.068291644,-0.132713078,-0.146294863,-0.121793854,-0.262772247,-0.12619813,-0.19553799,-0.26907416,-0.475655131,-0.10921869,-0.159569877,-0.195307925,-0.19255991,-0.189402319,-0.124727662,-0.200075035,-0.332884107,-0.243821637,-0.047503407,-0.222493043,-0.084564295,-0.126852763,-0.469813347,-0.193196458,-0.235560672,-0.122939669,-0.178535857,-0.14416996,-0.279157922,-0.09729191,-0.07012777,-0.190354029,-0.183378896,-0.249964115,-0.129789164,-0.234621665,-0.079157353,-0.071834471,-0.45707922,-0.20793647,-0.134967248,-0.389494012,-0.132231389,-0.156198835,-0.128607861,-0.174589471,-0.244087344
1998/09/21,-0.082659443,-0.130485729,-0.165848098,-0.157006422,-0.113390341,-0.492117464,-0.091110617,-0.134672834,-0.136274211,-0.233279447,-0.198122883,-0.191737994,-0.194892727,-0.122599122,-0.15866319,-0.170503902,-0.340562059,-0.139782736,-0.124788757,-0.171017742,-0.197529694,-0.099590588,-0.083501058,-0.181840622,-0.174510259,-0.267696748,-0.237593927,-0.218001746,-0.170086079,-0.05466488,-0.340060754,-0.214293457,-0.155748504,-0.088868321,-0.178347691,-0.195397044,-0.132023669,-0.194382489,-0.231859742,-0.060276398,-0.22647649,-0.117683671,-0.237343458,-0.138204312,-0.126895569,2.605099504,-0.095800478,-0.357408098,-0.190749795,-0.205364399,-0.112523088,-0.110582073,-0.068291644,-0.132713078,-0.146294863,-0.121793854,-0.262772247,-0.12619813,-0.19553799,-0.049794773,-0.475655131,-0.10921869,-0.159569877,-0.195307925,-0.19255991,-0.189402319,-0.124727662,-0.200075035,-0.332884107,-0.243821637,-0.237588017,-0.222493043,-0.084564295,-0.126852763,-0.469813347,-0.193196458,-0.235560672,-0.122939669,-0.178535857,-0.14416996,-0.194272057,-0.09729191,0.101389678,-0.190354029,-0.183378896,-0.249964115,-0.129789164,-0.234621665,-0.079157353,-0.071834471,-0.45707922,-0.20793647,-0.134967248,-0.40493865,-0.132231389,-0.156198835,-0.128607861,-0.174589471,-0.244087344
1998/10/07,-0.082659443,-0.130485729,-0.165848098,-0.157006422,-0.113390341,-0.297061621,-0.091110617,-0.134672834,-0.136274211,-0.233279447,-0.198122883,-0.191737994,-0.194892727,-0.122599122,-0.15866319,-0.170503902,-0.32928895,-0.139782736,-0.124788757,-0.171017742,-0.197529694,-0.099590588,-0.083501058,-0.181840622,-0.174510259,0.071139314,-0.237593927,-0.218001746,-0.170086079,-0.145295861,-0.340060754,-0.214293457,-0.155748504,-0.088868321,-0.178347691,-0.195397044,-0.132023669,-0.194382489,0.604447548,-0.060276398,-0.22647649,-0.117683671,-0.237343458,-0.138204312,-0.126895569,3.550854239,-0.095800478,-0.357408098,-0.190749795,-0.205364399,-0.112523088,-0.110582073,-0.068291644,-0.132713078,-0.142089038,-0.121793854,-0.262772247,0.012787061,-0.19553799,0.383543062,-0.475655131,-0.10921869,-0.159569877,-0.195307925,-0.19255991,-0.189402319,-0.124727662,-0.200075035,-0.332884107,-0.243821637,-0.190066865,-0.222493043,-0.084564295,-0.126852763,-0.469813347,-0.193196458,-0.235560672,-0.122939669,3.552869477,-0.105502849,0.640438946,-0.09729191,0.401545211,-0.190354029,-0.183378896,-0.202404892,-0.129789164,-0.234621665,-0.079157353,-0.071834471,0.535079378,-0.20793647,-0.134967248,-0.198366613,-0.132231389,-0.156198835,-0.128607861,-0.174589471,-0.244087344
1998/10/21,-0.082659443,-0.130485729,-0.165848098,-0.157006422,-0.113390341,-0.297061621,-0.091110617,-0.134672834,-0.136274211,-0.233279447,-0.198122883,-0.191737994,-0.194892727,-0.122599122,-0.15866319,-0.170503902,-0.321397774,-0.139782736,-0.124788757,-0.171017742,-0.197529694,-0.099590588,-0.083501058,-0.181840622,-0.174510259,-0.267696748,-0.015396407,-0.218001746,-0.170086079,-0.145295861,-0.340060754,-0.214293457,-0.155748504,-0.088868321,-0.178347691,-0.195397044,-0.132023669,-0.194382489,-0.231859742,0.017523714,-0.22647649,-0.117683671,-0.237343458,-0.138204312,-0.126895569,6.703370023,-0.095800478,-0.357408098,-0.190749795,-0.205364399,-0.112523088,-0.110582073,-0.068291644,-0.132713078,-0.142089038,-0.121793854,-0.262772247,-0.019286444,-0.19553799,0.156432269,-0.475655131,-0.10921869,-0.159569877,-0.195307925,-0.19255991,-0.189402319,-0.124727662,-0.200075035,-0.332884107,-0.243821637,-0.037999176,-0.222493043,-0.084564295,-0.126852763,-0.469813347,-0.193196458,-0.235560672,-0.122939669,2.622255197,-0.14416996,-0.279157922,-0.09729191,0.36938569,-0.190354029,-0.183378896,-0.226184503,-0.129789164,-0.234621665,-0.079157353,-0.071834471,-0.45707922,-0.20793647,-0.134967248,-0.323854299,-0.132231389,-0.156198835,-0.128607861,-0.174589471,-0.244087344
1998/11/07,-0.082659443,-0.130485729,-0.08519089,-0.062717761,-0.077744962,-0.20756541,-0.066471237,-0.132070491,-0.131367613,-0.233279447,-0.198122883,0.523248122,-0.194892727,-0.122599122,0.091916762,-0.1341508,0.146253894,-0.139782736,-0.100130162,0.167023117,-0.197529694,-0.099590588,-0.083501058,0.017332429,-0.174510259,-0.259724135,0.432919766,-0.168301697,-0.170086079,0.701837249,0.148047645,-0.214293457,-0.094768722,-0.085000555,-0.138220182,-0.014153526,-0.080479168,-0.194382489,-0.12363174,-0.060276398,-0.178664627,-0.042557122,0.035985015,0.086029012,-0.046170476,-0.127080841,-0.070018328,-0.158956545,-0.190749795,-0.150795591,-0.018411822,-0.110105846,-0.068237938,-0.104111474,-0.130415815,-0.07823726,-0.007106734,-0.088464594,-0.051364099,-0.288575898,-0.15330057,-0.10921869,-0.159569877,-0.178548614,-0.187135732,-0.189402319,-0.047508993,-0.161947407,-0.332884107,-0.243821637,-0.154845304,-0.084708084,-0.080494467,-0.126852763,0.673781284,-0.061403596,-0.074820538,-0.122939669,-0.125794029,-0.02089011,-0.120621086,-0.073171595,0.271015389,-0.190354029,-0.183378896,-0.183561048,-0.118692355,-0.183089519,-0.079157353,-0.060053362,0.089094361,-0.172919985,0.522469645,-0.251014659,-0.132231389,-0.156198835,-0.128607861,-0.174589471,0.011674675
1998/11/21,-0.082659443,-0.080467593,-0.146560505,0.004331954,-0.042099582,-0.17358089,-0.091110617,0.099538075,0.035456727,-0.164767331,-0.198122883,-0.191737994,0.866662024,0.042826935,0.168314586,-0.145016251,-0.071504207,-0.139782736,0.466234707,-0.114677599,0.023617404,-0.099590588,-0.083501058,-0.049058588,0.301277445,-0.150954912,-0.194855655,-0.061589526,0.326157016,0.10146412,0.325541609,-0.214293457,-0.003299048,-0.071141058,-0.178347691,0.016053727,-0.089069918,-0.168080432,0.126557668,-0.060276398,-0.13982875,-0.055078213,-0.092892407,-0.138204312,-0.102527024,1.171013893,-0.080631035,-0.120136457,-0.049274898,0.067479639,-0.110780287,-0.054228562,-0.068291644,-0.118158574,-0.094996374,0.178954059,-0.059523513,0.070435519,-0.044313124,-0.062949489,0.010763677,-0.090520121,-0.159569877,-0.139301227,-0.111197238,0.19207397,0.11165602,-0.200075035,-0.332884107,-0.243821637,-0.048728041,-0.099470758,-0.082868533,-0.126852763,-0.002899603,1.381559278,0.85801406,0.078729788,0.02687203,0.099746946,-9.21E-04,0.095670609,0.173696053,-0.178099224,-0.183378896,0.192894277,0.018908072,-0.216728559,-0.079157353,-0.042982776,-0.386673941,0.142228378,-0.104443392,-0.138978301,-0.132231389,-0.156198835,-0.128607861,0.255326401,0.106063039
1998/12/07,-0.082659443,-0.130485729,-0.165848098,-0.157006422,-0.113390341,0.288105911,-0.091110617,-0.134672834,-0.136274211,-0.233279447,-0.198122883,-0.191737994,-0.194892727,-0.122599122,-0.15866319,-0.170503902,0.988537502,-0.139782736,-0.124788757,-0.171017742,-0.197529694,-0.099590588,-0.083501058,0.946806668,-0.174510259,-0.267696748,0.058669433,-0.218001746,-0.170086079,-0.235926842,-0.340060754,-0.214293457,-0.155748504,-0.072430313,-0.178347691,-0.195397044,-0.132023669,-0.194382489,-0.231859742,-0.060276398,-0.22647649,-0.117683671,-0.237343458,-0.138204312,-0.126895569,-0.127080841,-0.095800478,-0.357408098,-0.190749795,-0.205364399,-0.112523088,-0.110582073,-0.068291644,-0.132713078,2.596603459,-0.121793854,-0.262772247,-0.12619813,-0.19553799,1.558254063,-0.425379649,-0.10921869,-0.159569877,-0.195307925,-0.19255991,-0.189402319,-0.124727662,-0.200075035,-0.332884107,-0.243821637,-0.218579556,-0.222493043,0.001919568,-0.126852763,0.933876814,-0.193196458,-0.235560672,-0.122939669,1.763226631,-0.14416996,-0.279157922,-0.09729191,-0.059407929,-0.190354029,-0.183378896,1.773001411,-0.129789164,1.042946135,-0.079157353,-0.071834471,0.121679962,-0.20793647,-0.134967248,0.303584134,-0.132231389,-0.156198835,-0.128607861,-0.174589471,-0.244087344
1998/12/21,-0.082659443,-0.130485729,-0.165848098,-0.157006422,-0.113390341,2.472731361,-0.091110617,-0.134672834,-0.136274211,-0.233279447,-0.198122883,-0.191737994,-0.194892727,-0.122599122,-0.15866319,-0.170503902,1.295166069,-0.139782736,-0.124788757,-0.171017742,-0.197529694,-0.099590588,-0.083501058,-0.181840622,-0.174510259,-0.267696748,-0.222780759,-0.216857539,-0.170086079,-0.235926842,-0.340060754,-0.214293457,-0.155748504,-0.088868321,-0.178347691,-0.195397044,-0.132023669,-0.194382489,-0.231859742,-0.060276398,-0.22647649,-0.117683671,-0.237343458,-0.138204312,-0.126895569,-0.127080841,-0.095800478,-0.357408098,-0.190749795,-0.205364399,-0.112523088,-0.110582073,-0.068291644,-0.132713078,2.88694552,-0.121793854,-0.262772247,-0.12619813,-0.19553799,0.383543062,-0.475655131,-0.10921869,-0.159569877,-0.195307925,-0.19255991,-0.189402319,-0.124727662,-0.200075035,-0.332884107,-0.243821637,-0.237588017,-0.222493043,-0.084564295,-0.126852763,-0.469813347,-0.193196458,-0.235560672,-0.122939669,-0.063998714,-0.14416996,-0.250862633,-0.09729191,0.14426904,-0.190354029,-0.183378896,0.855448114,-0.129789164,1.517471318,-0.079157353,-0.071834471,-0.45707922,-0.20793647,-0.134967248,-0.193347105,-0.132231389,-0.156198835,-0.128607861,-0.174589471,-0.244087344
1999/01/07,-0.082659443,-0.130485729,-0.165848098,-0.157006422,-0.113390341,-0.297061621,-0.091110617,-0.134672834,-0.136274211,-0.233279447,-0.198122883,-0.191737994,-0.194892727,-0.122599122,-0.15866319,-0.170503902,-0.334925505,-0.139782736,-0.124788757,-0.171017742,-0.197529694,-0.099590588,-0.083501058,-0.181840622,-0.174510259,-0.267696748,-0.163528087,-0.218001746,-0.170086079,-0.235926842,-0.340060754,-0.214293457,-0.155748504,-0.088868321,-0.178347691,-0.195397044,-0.132023669,-0.194382489,1.022601193,0.05642377,-0.22647649,-0.117683671,-0.237343458,-0.138204312,-0.126895569,-0.127080841,-0.095800478,-0.357408098,-0.190749795,-0.205364399,-0.112523088,-0.110582073,-0.068291644,-0.132713078,-0.144892921,-0.121793854,-0.262772247,-0.12619813,-0.19553799,-0.015858678,-0.475655131,-0.10921869,-0.159569877,-0.195307925,-0.19255991,-0.189402319,-0.124727662,-0.200075035,-0.332884107,-0.243821637,-0.228083787,-0.222493043,-0.084564295,-0.126852763,-0.118890807,-0.193196458,-0.235560672,-0.122939669,-0.0801055,-0.095836071,0.003794961,-0.09729191,-0.134446813,-0.190354029,-0.183378896,-0.249964115,-0.129789164,-0.234621665,-0.079157353,-0.071834471,-0.45707922,-0.20793647,-0.134967248,-0.40493865,-0.132231389,-0.156198835,-0.128607861,-0.174589471,-0.244087344
1999/01/21,-0.082659443,-0.130485729,-0.165848098,-0.157006422,-0.113390341,-0.492117464,-0.091110617,-0.134672834,-0.136274211,-0.233279447,-0.198122883,-0.191737994,-0.194892727,-0.122599122,-0.15866319,-0.170503902,-0.340562059,-0.139782736,-0.124788757,-0.171017742,-0.197529694,-0.099590588,-0.083501058,-0.181840622,-0.174510259,-0.267696748,-0.237593927,-0.183675564,-0.170086079,-0.235926842,-0.340060754,-0.214293457,-0.155748504,-0.088868321,-0.178347691,-0.195397044,-0.132023669,-0.194382489,-0.231859742,-0.060276398,-0.22647649,-0.117683671,-0.237343458,-0.138204312,-0.126895569,0.713590034,-0.095800478,-0.357408098,-0.190749795,-0.205364399,-0.112523088,-0.043116602,-0.068291644,4.906617028,-0.146294863,-0.121793854,-0.262772247,-0.12619813,-0.19553799,0.070286796,-0.475655131,-0.10921869,-0.159569877,-0.195307925,-0.19255991,-0.189402319,-0.124727662,-0.200075035,-0.332884107,-0.243821637,-0.237588017,-0.222493043,-0.084564295,-0.126852763,-0.469813347,-0.193196458,-0.235560672,-0.122939669,1.521624847,-0.14416996,-0.13768148,-0.09729191,0.14426904,-0.190354029,-0.183378896,-0.249964115,-0.129789164,-0.234621665,-0.079157353,-0.071834471,-0.45707922,-0.20793647,-0.134967248,-0.40493865,-0.132231389,-0.156198835,-0.128607861,-0.174589471,-0.244087344
1999/02/07,-0.082659443,-0.130485729,1.384173035,-0.157006422,-0.113390341,4.189222787,-0.091110617,0.602657805,-0.136274211,-0.233279447,-0.198122883,-0.191737994,-0.194892727,-0.122599122,-0.15866319,-0.170503902,-0.340562059,-0.139782736,-0.124788757,-0.171017742,-0.197529694,-0.099590588,-0.083501058,-0.181840622,-0.174510259,-0.267696748,-0.237593927,-0.218001746,-0.170086079,0.126597082,-0.340060754,-0.214293457,-0.155748504,0.239891836,-0.178347691,-0.195397044,-0.132023669,-0.091197495,-0.231859742,-0.060276398,-0.22647649,-0.117683671,-0.237343458,-0.138204312,-0.126895569,-0.127080841,-0.095800478,-0.357408098,-0.190749795,-0.205364399,-0.112523088,-0.110582073,-0.068291644,8.093652824,-0.146294863,-0.121793854,-0.262772247,-0.12619813,-0.19553799,2.383162232,-0.475655131,-0.10921869,-0.159569877,0.312808754,-0.19255991,-0.189402319,-0.124727662,-0.200075035,-0.332884107,-0.243821637,1.093004257,-0.222493043,-0.084564295,-0.126852763,0.933876814,-0.193196458,-0.235560672,-0.122939669,-0.178535857,-0.14416996,0.060385537,-0.09729191,-0.134446813,0.226309319,18.31661225,1.176812578,-0.129789164,-0.234621665,-0.079157353,0.214278169,-0.45707922,-0.20793647,-0.134967248,-0.289103863,-0.132231389,-0.156198835,-0.128607861,-0.174589471,-0.244087344
1999/02/21,-0.082659443,-0.130485729,-0.165848098,-0.157006422,-0.113390341,-0.492117464,-0.091110617,-0.134672834,-0.136274211,-0.233279447,-0.198122883,-0.191737994,-0.194892727,-0.122599122,-0.15866319,-0.170503902,-0.340562059,-0.139782736,-0.124788757,-0.171017742,-0.197529694,-0.099590588,-0.083501058,-0.181840622,-0.174510259,-0.267696748,-0.237593927,-0.218001746,-0.170086079,-0.235926842,-0.340060754,-0.214293457,-0.155748504,-0.088868321,-0.178347691,-0.195397044,-0.132023669,-0.194382489,-0.231859742,-0.060276398,-0.22647649,-0.117683671,-0.237343458,-0.138204312,-0.126895569,-0.127080841,-0.095800478,-0.357408098,-0.190749795,-0.205364399,-0.112523088,-0.110582073,-0.068291644,-0.132713078,-0.146294863,-0.121793854,-0.262772247,-0.12619813,-0.19553799,2.263080663,-0.475655131,-0.10921869,-0.159569877,-0.195307925,-0.19255991,-0.189402319,-0.124727662,4.985282342,-0.332884107,-0.243821637,-0.218579556,-0.222493043,-0.084564295,-0.126852763,-0.469813347,-0.193196458,-0.235560672,-0.122939669,-0.178535857,-0.14416996,-0.279157922,-0.09729191,0.294346806,-0.190354029,-0.183378896,-0.249964115,-0.129789164,-0.234621665,-0.079157353,-0.071834471,-0.45707922,-0.20793647,-0.134967248,-0.401077491,-0.132231389,-0.156198835,-0.128607861,-0.174589471,-0.244087344
1999/03/07,-0.082659443,-0.130485729,-0.165848098,-0.157006422,-0.113390341,0.483161755,-0.091110617,-0.134672834,-0.136274211,-0.233279447,1.103995121,1.189485186,-0.194892727,-0.122599122,-0.15866319,-0.170503902,-0.25742288,-0.139782736,-0.124788757,-0.171017742,-0.197529694,-0.099590588,-0.083501058,0.382483023,-0.174510259,0.240557345,-0.237593927,0.078538324,-0.170086079,0.217228063,-0.340060754,-0.214293457,-0.155748504,-0.088868321,-0.178347691,-0.195397044,-0.132023669,-0.194382489,-0.231859742,0.075873798,-0.22647649,-0.117683671,0.23268672,-0.138204312,-0.126895569,0.608506175,-0.095800478,0.006657701,-0.190749795,-0.205364399,-0.112523088,-0.110582073,-0.068291644,-0.132713078,-0.146294863,-0.121793854,0.100936014,-0.029977613,0.135672301,0.44749955,-0.475655131,-0.10921869,-0.159569877,-0.195307925,0.03796766,-0.189402319,-0.124727662,-0.200075035,-0.332884107,-0.243821637,-0.052255522,0.143498254,-0.084564295,-0.119947635,-0.469813347,-0.193196458,-0.235560672,-0.122939669,-0.178535857,-0.139336571,-0.279157922,-0.09729191,0.910737634,0.90338726,0.477335073,-0.249964115,-0.129789164,-0.234621665,-0.079157353,-0.036070391,-0.20903957,-0.20793647,-0.134967248,-0.392389882,-0.132231389,-0.156198835,-0.128607861,-0.174589471,-0.244087344
1999/03/21,-0.082659443,-0.130485729,-0.165848098,-0.157006422,-0.113390341,-0.492117464,-0.091110617,-0.134672834,-0.136274211,-0.233279447,-0.198122883,-0.191737994,-0.194892727,-0.122599122,-0.15866319,-0.170503902,-0.293215001,-0.139782736,-0.124788757,-0.171017742,-0.197529694,-0.099590588,-0.083501058,-0.181840622,-0.174510259,0.409975376,-0.237593927,0.382706434,-0.170086079,0.489121005,-0.340060754,-0.214293457,-0.155748504,-0.088868321,-0.178347691,-0.195397044,-0.132023669,-0.194382489,-0.231859742,0.095323827,-0.22647649,-0.117683671,-0.237343458,-0.138204312,-0.126895569,2.289847926,-0.095800478,-0.357408098,-0.190749795,-0.205364399,-0.112523088,-0.110582073,-0.068291644,-0.132713078,-0.146294863,-0.121793854,-0.262772247,-0.12619813,-0.19553799,0.349606967,-0.475655131,-0.10921869,-0.159569877,-0.195307925,-0.19255991,-0.189402319,-0.124727662,-0.200075035,-0.332884107,-0.243821637,-0.209075326,-0.222493043,-0.084564295,-0.099232254,-0.469813347,-0.193196458,-0.235560672,-0.122939669,-0.178535857,-0.14416996,-0.279157922,-0.09729191,0.498023776,-0.190354029,-0.183378896,-0.249964115,-0.129789164,-0.234621665,-0.079157353,-0.071834471,-0.291719453,-0.20793647,-0.134967248,-0.40493865,-0.132231389,-0.156198835,-0.128607861,-0.174589471,-0.244087344
1999/04/07,-0.082659443,-0.130485729,-0.165848098,-0.157006422,-0.113390341,-0.102005777,-0.091110617,-0.134672834,-0.136274211,-0.233279447,-0.198122883,-0.191737994,8.07638804,-0.122599122,-0.15866319,-0.170503902,-0.308997354,-0.139782736,-0.124788757,-0.171017742,-0.197529694,-0.099590588,-0.083501058,-0.181840622,-0.174510259,-0.267696748,-0.237593927,-0.218001746,-0.170086079,-0.235926842,-0.340060754,-0.214293457,-0.155748504,-0.088868321,-0.178347691,-0.195397044,-0.132023669,-0.194382489,-0.231859742,-0.060276398,-0.22647649,-0.117683671,-0.237343458,-0.138204312,-0.126895569,-0.127080841,-0.095800478,-0.357408098,-0.190749795,-0.205364399,-0.112523088,-0.110582073,-0.068291644,-0.132713078,-0.146294863,-0.121793854,-0.262772247,-0.12619813,-0.19553799,-0.274295098,-0.475655131,-0.10921869,-0.159569877,-0.195307925,-0.19255991,-0.189402319,-0.124727662,-0.200075035,-0.332884107,-0.243821637,-0.237588017,-0.222493043,-0.084564295,-0.126852763,-0.469813347,-0.193196458,-0.235560672,-0.122939669,-0.178535857,-0.14416996,-0.279157922,-0.09729191,-0.134446813,-0.190354029,-0.183378896,-0.249964115,-0.129789164,-0.234621665,-0.079157353,-0.071834471,-0.45707922,-0.20793647,-0.134967248,-0.389494012,-0.132231389,-0.156198835,-0.128607861,-0.174589471,-0.244087344
1999/04/21,-0.082659443,1.171548858,-0.068971777,0.219231527,-0.113390341,-0.370207562,-0.075403012,-0.024073238,-0.032008998,0.203485289,0.127406618,-0.191737994,0.322062321,-0.069194675,-0.15866319,-0.140687109,-0.2029949,0.594751159,-0.124788757,0.128289269,0.859829868,-0.086618443,0.135503065,-0.134813652,0.081297287,-0.062983294,0.088758681,-0.19696504,-0.170086079,0.215339917,-0.143615612,-0.04668085,1.356041935,-0.065581143,1.072293006,-0.195397044,-0.132023669,0.138460774,-0.162167468,-0.060276398,0.729832422,-0.101054096,0.260664707,0.302995515,0.054345479,-0.06797117,-0.060680561,0.760071647,0.109884361,0.519377578,-0.096783415,-0.110582073,-0.062585366,-0.118100155,-0.142162056,-0.121793854,-0.205942831,1.054285064,1.43981282,0.054950291,0.088896635,-0.105606466,0.28843115,-0.09950676,-0.062888152,0.262238359,-0.124727662,0.124009801,0.002828632,-0.243821637,-0.086114343,1.302470697,0.039756258,0.852812153,0.056570464,-0.135748287,-0.211573819,-0.122939669,-0.101357509,-0.126447534,-0.228756939,-0.046036241,-0.121270342,-0.181673542,0.036859093,0.555570227,0.438506149,-0.128157682,-0.079157353,-0.071834471,0.380054597,-0.009509723,-0.04765141,-0.124159952,-0.11792592,-0.156198835,1.309054822,-0.174589471,0.095596587
1999/05/07,-0.082659443,-0.130485729,-0.165848098,-0.148786385,-0.113390341,-0.252048734,-0.052445744,-0.134672834,-0.136274211,0.035498852,1.404483892,-0.191737994,0.007551208,-0.064093489,-0.15866319,-0.170503902,-0.306814995,0.160985466,-0.094931484,-0.171017742,0.380855024,-0.099590588,-0.083501058,-0.123961274,0.140329797,-0.015741728,-0.202460131,-0.217561666,0.669709927,-0.061636494,-0.340060754,-0.214293457,-0.155748504,-0.068636927,-0.178347691,0.002111918,-0.132023669,-0.190413835,-0.017421976,-0.060276398,-0.126019542,-0.117683671,-0.082388455,-0.138204312,-0.126895569,-0.127080841,-0.068244851,0.109342927,0.179261473,-0.205364399,-0.112523088,-0.103835526,-0.068291644,-0.131874935,-0.145809575,-0.121793854,-0.150862012,-0.076854275,-0.025686559,0.015466949,0.443483808,-0.10921869,-0.159569877,-0.177440086,0.215296559,-0.011240316,-0.124727662,-0.200075035,-0.084973161,0.854345942,-0.190554261,-0.053573983,-0.031343456,1.058704454,-0.145884848,-0.087138297,-0.209581065,-0.122939669,-0.178076974,-0.140699835,-0.279157922,-0.09729191,-0.129499194,-0.190354029,-0.183378896,-0.227316866,-0.129789164,-0.234621665,-0.079157353,-0.071834471,0.401519567,-0.162145682,-0.134967248,-0.283312124,-0.132231389,-0.156198835,0.062681976,-0.174589471,0.127532683
1999/05/21,-0.06849762,-0.068484082,-0.100953383,-0.118046871,-0.113390341,-0.305188948,-0.091110617,-0.134672834,-0.136274211,0.421867656,0.344426286,-0.191737994,0.118413363,-0.122599122,-0.15866319,-0.170503902,-0.320117806,0.535673906,-0.110233336,0.008566464,0.448634483,-0.089861479,-0.083501058,-0.146570394,-0.003971895,0.088787026,-0.235279369,-0.214962448,-0.108055692,-0.132078843,-0.065037556,-0.04668085,-0.155748504,-0.079279483,-0.121500387,-0.152603435,-0.132023669,-0.194382489,-0.136032865,-0.060276398,-0.052269898,-0.117683671,-0.089060128,-0.033419353,-0.126895569,-0.127080841,-0.076923523,-0.253750475,-0.190749795,-0.205364399,-0.112523088,-0.090342432,-0.068291644,-0.13217396,-0.140365819,-0.121793854,-0.224885969,-0.120629813,-0.164487026,-0.168978994,-0.119013431,-0.10921869,-0.131569813,-0.191602908,-0.118118716,-0.189402319,-0.110076798,0.853200682,0.14270894,0.499729328,-0.205511239,-0.039497395,-0.081861675,0.603364434,-0.250486759,-0.092662159,-0.230443477,-0.122939669,-0.176112382,-0.118492581,-0.243788811,-0.020408406,-0.134111818,-0.190354029,-0.183378896,-0.246531641,1.214311784,-0.206104527,-0.079157353,-0.071834471,-0.258992,-0.018810976,-0.134967248,-0.318323992,-0.132231389,-0.156198835,0.221093872,0.434458014,-0.130859367
1999/06/07,-0.082659443,-0.130485729,-0.165848098,-0.157006422,-0.113390341,-0.492117464,-0.091110617,-0.134672834,-0.136274211,-0.233279447,-0.198122883,-0.191737994,-0.194892727,-0.122599122,-0.15866319,-0.170503902,-0.338307437,-0.139782736,-0.124788757,-0.171017742,-0.197529694,-0.099590588,-0.083501058,-0.181840622,-0.174510259,-0.267696748,-0.237593927,-0.218001746,-0.170086079,-0.235926842,-0.340060754,-0.214293457,-0.155748504,-0.088868321,-0.178347691,-0.195397044,-0.132023669,-0.194382489,-0.231859742,-0.060276398,-0.22647649,-0.117683671,-0.237343458,-0.138204312,-0.126895569,-0.127080841,-0.095800478,-0.357408098,-0.190749795,-0.205364399,-0.112523088,-0.110582073,-0.068291644,-0.132713078,-0.146294863,-0.121793854,-0.262772247,-0.12619813,-0.19553799,-0.326504476,-0.475655131,-0.10921869,-0.159569877,-0.195307925,-0.19255991,-0.189402319,-0.124727662,-0.200075035,-0.332884107,-0.243821637,-0.218579556,-0.222493043,-0.084564295,-0.126852763,-0.469813347,-0.193196458,-0.235560672,-0.122939669,-0.178535857,-0.14416996,-0.279157922,-0.09729191,-0.134446813,-0.190354029,-0.183378896,-0.232978678,-0.129789164,-0.234621665,-0.079157353,-0.071834471,-0.45707922,-0.20793647,-0.134967248,-0.401077491,-0.132231389,-0.156198835,-0.128607861,-0.174589471,-0.244087344
1999/06/21,-0.072948478,-0.130485729,-0.159460648,-0.134107747,-0.094453734,-0.231114169,-0.091110617,-0.129406187,-0.136274211,0.5154601,-0.198122883,0.400214797,-0.141183111,-0.122599122,-0.15866319,-0.170503902,-0.334726883,-0.139782736,-0.124788757,0.239460444,-0.197529694,0.078313119,-0.083501058,-0.101222959,-0.174510259,-0.219291596,-0.21378705,-0.218001746,-0.134640143,-0.187158743,-0.340060754,0.551935605,0.769837479,-0.081823461,-0.145863517,-0.195397044,-0.132023669,-0.194382489,-0.231859742,-0.058424015,-0.104514472,-0.117683671,-0.04869189,0.013064201,-0.126895569,-0.127080841,-0.076233668,-0.100828392,-0.190749795,-0.205364399,-0.112523088,-0.110582073,-0.067965571,-0.132713078,-0.14388319,-0.121793854,-0.210813924,-0.118714312,-0.077248601,-0.406583716,-0.156525524,-0.10921869,-0.159569877,-0.188567602,-0.19255991,-0.189402319,-0.124727662,0.216605468,-0.102681086,-0.243821637,-0.203734853,0.138269807,-0.084564295,-0.123893422,-0.194088494,-0.012645065,-0.232271047,-0.122939669,-0.17802453,-0.135884151,-0.275115738,-0.09729191,-0.129086892,-0.175473195,0.005396524,-0.24221552,-0.129789164,-0.182476041,-0.078764456,-0.071834471,-0.076358044,-0.144156444,-0.134967248,-0.380475447,-0.132231389,0.336222912,-0.128607861,-0.174589471,-0.192325983
1999/07/07,-0.082659443,-0.130485729,-0.165848098,-0.148786385,-0.074060464,0.018028589,-0.013780871,-0.117657512,-0.136274211,-0.233279447,-0.198122883,-0.191737994,-0.194892727,-0.122599122,-0.15866319,-0.170503902,-0.3382424,-0.138293785,-0.124788757,-0.171017742,0.308556934,-0.099590588,-0.083501058,0.035206933,-0.174510259,0.097203627,-0.18346889,-0.218001746,-0.074654714,-0.126704891,-0.267527163,0.610876302,-0.155748504,-0.080438573,-0.178347691,-0.116393459,-0.132023669,-0.194382489,-0.135362747,-0.058780242,-0.205110646,-0.117683671,-0.080666732,-0.138204312,-0.126895569,-0.127080841,-0.086074963,-0.26094622,0.27176429,-0.205364399,-0.112523088,-0.110582073,-0.067940488,-0.130827258,-0.145575918,-0.121793854,-0.220805909,-0.125786931,-0.093627132,-0.381926738,-0.011573759,-0.10921869,-0.159569877,-0.191957705,-0.19255991,-0.189402319,0.055590659,0.398235432,-0.084973161,0.579804047,-0.025692416,-0.194339867,-0.084564295,-0.124728108,-0.456316326,-0.193196458,-0.235560672,-0.122939669,-0.17578256,-0.143178496,-0.270451679,-0.09729191,-0.128674591,-0.190354029,-0.183378896,-0.243953883,-0.129789164,-0.227602062,-0.079157353,-0.071834471,-0.304439435,-0.185041076,-0.134967248,-0.3867714,-0.120493568,-0.113034853,0.349616732,-0.174589471,-0.244087344
1999/07/21,-0.082659443,-0.130485729,-0.150944049,-0.157006422,0.324856868,0.524959435,-0.091110617,-0.134672834,-0.136274211,0.016300402,-0.012106025,-0.191737994,-0.194892727,-0.122599122,-0.158149818,-0.170503902,-0.33293258,-0.127339356,-0.108153991,-0.171017742,0.205273949,0.078313119,-0.068778092,-0.020605295,-0.174510259,0.234506701,-0.184689755,-0.217729316,-0.143501627,-0.119940765,0.468170686,0.36037834,0.214485889,-0.087107106,-0.178347691,-0.195397044,-0.132023669,-0.194382489,-0.14225539,-0.060276398,-0.190799815,-0.117683671,-0.128628995,-0.119295748,-0.122519527,-0.127080841,-0.089779921,-0.212937543,-0.147802059,0.788567455,-0.112523088,-0.110582073,-0.068291644,-0.132583365,-0.142527145,-0.033643604,-0.175092577,-0.118561581,-0.065419662,-0.330233717,-0.085720887,-0.10921869,-0.09556973,-0.183166702,-0.151394273,-0.189402319,0.444563037,-0.200075035,0.10833835,0.096087375,-0.2033049,0.012787076,-0.084564295,-0.126852763,-0.428036854,-0.162420652,-0.233550345,-0.017989237,-0.178216278,-0.141408024,-0.251873179,-0.09729191,-0.132915407,-0.190354029,-0.136185041,-0.191384579,-0.129789164,-0.182476041,-0.078666232,-0.061616162,0.25554263,0.174743685,-0.134967248,-0.285012872,-0.132231389,-0.041682149,-0.128607861,-0.174589471,0.144122863
1999/08/07,-0.082659443,0.719822573,-0.165848098,-0.149373531,-0.089043274,-0.113616244,-0.091110617,-0.134672834,-0.12137918,-0.066892881,-0.074111644,0.2028972,-0.020336477,-0.122599122,-0.15866319,-0.170503902,-0.330622935,-0.029635777,-0.074884458,-0.171017742,0.138140008,0.067194138,-0.077611872,-0.149593557,-0.174510259,-0.158785157,-0.219606508,-0.217933638,0.184373275,-0.13882222,0.198760206,-0.214293457,0.307044487,-0.087694178,-0.178347691,-0.011995865,-0.132023669,-0.194382489,-0.201991625,-0.060276398,0.054829739,-0.117683671,-0.142378177,-0.138204312,-0.125436888,-0.123327846,-0.081050113,-0.293263172,-0.018958849,0.457256837,-0.112523088,-0.110582073,-0.068291644,-0.130232326,-0.145456201,-0.121793854,-0.204319133,-0.115888789,-0.091443327,-0.228711339,-0.263779886,-0.10921869,-0.159569877,-0.185931962,-0.09376238,-0.169549981,-0.124727662,0.262903302,-0.025946746,0.096087375,-0.153362432,-0.149294784,-0.084564295,-0.126852763,-0.409655197,-0.143955169,-0.235560672,-0.122939669,-0.176746214,-0.143203282,-0.254904817,-0.09729191,-0.131766853,-0.190354029,-0.183378896,-0.239388658,-0.129789164,-0.143366823,-0.079157353,-0.056507008,-0.245654947,-0.144156444,-0.134967248,-0.363711579,0.070497545,-0.087488823,-0.128607861,-0.044079295,-0.114683942
1999/08/21,-0.079105103,0.219641219,-0.164094681,-0.152815815,-0.106706833,-0.262640001,-0.091110617,-0.134672834,-0.136274211,-0.233279447,0.414638531,0.133255695,-0.128545555,-0.102714855,-0.158240413,-0.170503902,-0.317043259,0.23292226,-0.097390318,-0.171017742,0.217121115,-0.008022503,-0.083501058,-0.137579944,-0.174510259,-0.068381417,-0.211453042,-0.217796088,-0.072783511,-0.140853166,-0.007259573,0.206381322,-0.003299048,-0.057926189,-0.178347691,-0.195397044,-0.132023669,-0.194382489,-0.010484283,-0.060276398,-0.127871689,-0.117683671,-0.100415899,-0.138204312,-0.119687971,-0.127080841,-0.074728528,-0.276504587,0.327991493,0.203901659,-0.112523088,-0.109391506,-0.068023113,-0.132499433,-0.144308779,-8.03E-04,-0.16649653,-0.112781762,-0.156572074,-0.222546391,-0.085280801,-0.10921869,-0.106863874,-0.183885974,-0.011753973,-0.189402319,-0.014415277,0.333711754,-0.016919176,0.036103432,-0.186153358,0.251142753,-0.084564295,-0.122790923,-0.32531583,-0.068162204,-0.232550557,-0.058117344,-0.177132215,-0.13848362,-0.276383874,-0.09729191,-0.133816234,-0.190354029,-0.105647841,-0.244768569,-0.129789164,-0.148734755,-0.079157353,-0.046589238,-0.132844384,0.107211893,-0.134967248,-0.356087411,0.042800233,-0.156198835,-0.128607861,-0.174589471,-0.173042339
1999/09/07,-0.03167688,0.086520036,-0.139766012,0.240380998,-0.113390341,-0.047146321,-0.08063888,-0.134672834,-0.136274211,-0.233279447,-0.116740508,-0.191737994,0.098831732,-0.122599122,-0.15866319,-0.170503902,0.001080667,0.976837827,-0.008345392,-0.081225639,-0.197529694,-0.050945043,-0.077059761,-0.181840622,-0.046606486,1.151179263,-0.134596118,-0.214664478,0.186588645,-0.165121388,-0.340060754,0.065060889,-0.155748504,-0.088868321,0.205371614,-0.174000239,-0.132023669,-0.194382489,-0.105542495,-0.060276398,0.391774176,0.206593036,0.160643404,0.258875533,-0.109026733,-0.127080841,-0.079447767,-0.273976353,-0.115591256,-0.132890201,-0.112523088,-0.110582073,-0.068291644,-0.124328381,-0.137985439,1.343704058,0.048842383,-0.103924862,0.146022622,0.396133136,0.004842314,-0.10921869,-0.103569749,-0.174495557,0.028362344,-0.189402319,0.080384428,-0.017777315,0.96520515,-0.243821637,-0.111755965,-0.085246307,-0.081861675,-0.126421192,-0.400359927,-0.166267628,-0.233401855,0.313260562,-0.163435745,-0.127857272,-0.270684072,-0.09729191,-0.130426873,-0.190354029,-0.121436962,-0.226573753,-0.050204239,0.321462533,-0.078727622,-0.049481921,-0.327030653,0.015293621,-0.134967248,-0.237028484,-0.065472533,-0.13114831,-0.076800197,-0.060393067,-0.111988037
1999/09/21,-0.082659443,-0.130485729,-0.165848098,-0.157006422,-0.113390341,-0.492117464,-0.091110617,-0.134672834,-0.136274211,-0.233279447,-0.198122883,-0.191737994,-0.194892727,-0.122599122,-0.15866319,-0.170503902,-0.324779706,-0.139782736,-0.124788757,-0.171017742,-0.197529694,0.523072388,-0.083501058,-0.181840622,-0.174510259,-0.267696748,-0.237593927,-0.218001746,-0.170086079,-0.235926842,-0.340060754,-0.214293457,-0.155748504,-0.088868321,-0.178347691,-0.195397044,-0.132023669,-0.194382489,-0.231859742,-0.060276398,-0.22647649,-0.117683671,-0.237343458,-0.138204312,-0.126895569,-0.127080841,-0.095800478,-0.357408098,-0.190749795,-0.205364399,-0.112523088,-0.110582073,-0.068291644,-0.132713078,-0.146294863,-0.121793854,-0.262772247,-0.12619813,-0.19553799,-0.148992591,-0.475655131,-0.10921869,-0.159569877,-0.195307925,-0.19255991,-0.189402319,-0.124727662,-0.200075035,-0.332884107,-0.243821637,-0.142545712,-0.222493043,-0.084564295,-0.126852763,-0.469813347,-0.193196458,-0.235560672,-0.122939669,-0.178535857,-0.14416996,-0.279157922,-0.09729191,-0.134446813,-0.190354029,-0.183378896,-0.236375765,-0.129789164,-0.234621665,-0.079157353,-0.071834471,-0.45707922,-0.20793647,-0.134967248,-0.385632853,-0.132231389,-0.156198835,-0.128607861,-0.174589471,-0.244087344
1999/10/07,-0.082659443,-0.130485729,-0.165848098,-0.157006422,0.568327541,1.848552661,-0.091110617,-0.134672834,-0.136274211,-0.233279447,-0.198122883,-0.191737994,-0.194892727,-0.122599122,-0.15866319,-0.170503902,-0.340562059,-0.139782736,-0.124788757,-0.171017742,-0.197529694,-0.099590588,-0.083501058,-0.181840622,-0.174510259,-0.267696748,-0.163528087,-0.218001746,-0.170086079,-0.235926842,-0.340060754,-0.214293457,-0.155748504,-0.088868321,-0.178347691,-0.195397044,-0.132023669,-0.194382489,-0.231859742,-0.060276398,-0.22647649,-0.117683671,-0.237343458,-0.138204312,-0.126895569,-0.127080841,-0.095800478,-0.357408098,4.619396695,-0.205364399,-0.112523088,-0.110582073,-0.068291644,-0.132713078,-0.146294863,-0.121793854,3.374310362,-0.12619813,-0.19553799,-0.326504476,-0.475655131,-0.10921869,-0.159569877,-0.195307925,-0.19255991,-0.189402319,-0.124727662,-0.200075035,-0.332884107,-0.243821637,-0.085520329,-0.222493043,-0.084564295,-0.126852763,-0.469813347,-0.193196458,-0.235560672,-0.122939669,-0.178535857,-0.124836404,-0.279157922,-0.09729191,-0.134446813,-0.190354029,-0.183378896,-0.249964115,-0.129789164,-0.234621665,-0.079157353,-0.071834471,-0.45707922,-0.20793647,-0.134967248,-0.366327055,-0.132231389,-0.156198835,-0.128607861,-0.174589471,-0.244087344
1999/10/21,-0.082659443,-0.130485729,-0.165848098,-0.157006422,-0.113390341,1.848552661,-0.091110617,-0.134672834,-0.136274211,-0.233279447,-0.198122883,-0.191737994,-0.194892727,-0.122599122,-0.15866319,-0.170503902,-0.298851556,-0.139782736,-0.124788757,-0.171017742,-0.197529694,-0.099590588,-0.083501058,-0.181840622,-0.174510259,-0.267696748,-0.015396407,-0.218001746,-0.170086079,0.126597082,-0.340060754,-0.214293457,-0.155748504,-0.088868321,-0.178347691,-0.195397044,-0.132023669,-0.194382489,-0.231859742,-0.060276398,-0.22647649,-0.117683671,-0.237343458,-0.138204312,-0.126895569,-0.127080841,-0.095800478,-0.357408098,-0.190749795,-0.205364399,-0.112523088,-0.110582073,-0.068291644,-0.132713078,-0.146294863,-0.121793854,-0.262772247,-0.12619813,-0.19553799,-0.169876342,-0.475655131,-0.10921869,-0.159569877,-0.195307925,-0.19255991,-0.189402319,-0.124727662,-0.200075035,-0.332884107,-0.243821637,-0.142545712,-0.222493043,-0.084564295,-0.126852763,-0.469813347,-0.193196458,-0.235560672,-0.122939669,-0.178535857,-0.14416996,-0.279157922,-0.09729191,-0.134446813,-0.190354029,-0.183378896,-0.249964115,-0.129789164,-0.234621665,-0.079157353,-0.071834471,-0.45707922,-0.20793647,-0.134967248,-0.393355172,-0.132231389,-0.156198835,-0.128607861,-0.174589471,-0.244087344
1999/11/07,-0.082659443,-0.130485729,-0.165848098,-0.157006422,-0.113390341,-0.492117464,-0.091110617,-0.134672834,-0.136274211,-0.233279447,-0.198122883,-0.191737994,-0.194892727,-0.122599122,-0.15866319,-0.170503902,-0.340562059,-0.139782736,-0.124788757,-0.171017742,-0.197529694,-0.099590588,-0.083501058,-0.181840622,-0.174510259,-0.267696748,0.428998633,-0.218001746,-0.170086079,-0.235926842,-0.340060754,-0.214293457,-0.155748504,-0.088868321,-0.178347691,-0.195397044,-0.132023669,-0.194382489,-0.231859742,-0.060276398,-0.22647649,-0.117683671,-0.237343458,-0.138204312,-0.126895569,-0.127080841,-0.095800478,-0.357408098,-0.190749795,-0.205364399,1.487368449,-0.110582073,-0.068291644,-0.132713078,-0.13367739,-0.121793854,-0.262772247,-0.12619813,-0.19553799,-0.488353547,-0.475655131,-0.10921869,-0.159569877,-0.195307925,-0.19255991,-0.189402319,-0.124727662,-0.200075035,-0.332884107,-0.243821637,-0.237588017,-0.222493043,-0.084564295,-0.126852763,-0.469813347,-0.193196458,-0.235560672,-0.122939669,0.465735568,0.899842054,-0.222567345,-0.09729191,-0.134446813,-0.190354029,-0.183378896,-0.249964115,-0.129789164,-0.234621665,-0.079157353,-0.071834471,-0.45707922,-0.20793647,-0.134967248,-0.335437778,-0.132231389,-0.156198835,-0.128607861,-0.174589471,-0.244087344
1999/11/21,-0.082659443,-0.130485729,-0.165848098,-0.157006422,-0.113390341,-0.232043006,-0.091110617,-0.134672834,-0.136274211,-0.233279447,-0.198122883,-0.191737994,-0.194892727,-0.122599122,-0.15866319,-0.170503902,-0.139524947,-0.139782736,-0.124788757,-0.171017742,-0.197529694,-0.099590588,-0.083501058,-0.181840622,-0.174510259,-0.267696748,-0.11415086,-0.218001746,-0.170086079,0.609962313,-0.340060754,-0.214293457,-0.155748504,-0.088868321,-0.178347691,-0.195397044,-0.132023669,-0.194382489,-0.231859742,-0.060276398,-0.22647649,-0.117683671,-0.237343458,-0.138204312,-0.126895569,-0.127080841,-0.095800478,-0.357408098,-0.190749795,-0.205364399,-0.112523088,-0.110582073,-0.068291644,-0.132713078,-0.146294863,-0.121793854,-0.262772247,-0.12619813,-0.19553799,0.09987211,-0.475655131,-0.10921869,-0.159569877,-0.195307925,-0.19255991,-0.189402319,-0.124727662,-0.200075035,-0.332884107,-0.243821637,-0.237588017,-0.222493043,-0.084564295,-0.126852763,-0.235864987,-0.193196458,12.67000582,-0.122939669,-0.178535857,-0.14416996,-0.279157922,-0.09729191,-0.134446813,-0.190354029,-0.183378896,-0.249964115,-0.129789164,-0.234621665,-0.079157353,-0.071834471,-0.346839375,-0.20793647,-0.134967248,-0.40493865,-0.132231389,-0.156198835,-0.128607861,-0.174589471,-0.244087344
1999/12/07,-0.082659443,-0.130485729,-0.165848098,-0.157006422,-0.113390341,1.068329286,-0.091110617,-0.134672834,-0.136274211,-0.233279447,-0.198122883,-0.191737994,-0.194892727,-0.122599122,-0.15866319,-0.170503902,-0.340562059,-0.139782736,-0.124788757,11.32237149,-0.197529694,-0.099590588,-0.083501058,-0.181840622,-0.174510259,0.409975376,-0.237593927,-0.218001746,-0.170086079,0.307859044,-0.340060754,-0.214293457,-0.155748504,-0.088868321,-0.178347691,-0.195397044,-0.132023669,-0.194382489,-0.231859742,-0.060276398,-0.22647649,-0.117683671,-0.237343458,-0.138204312,-0.126895569,-0.127080841,-0.095800478,-0.357408098,-0.190749795,-0.205364399,-0.112523088,-0.110582073,-0.068291644,-0.132713078,-0.146294863,-0.121793854,-0.262772247,-0.12619813,-0.19553799,1.579137814,-0.475655131,-0.10921869,-0.159569877,-0.195307925,-0.19255991,-0.189402319,-0.124727662,2.392603653,-0.332884107,-0.243821637,-0.218579556,-0.222493043,-0.084564295,-0.126852763,-0.469813347,-0.193196458,0.286393246,-0.122939669,-0.178535857,-0.14416996,-0.250862633,-0.09729191,-0.134446813,-0.190354029,-0.183378896,-0.249964115,-0.129789164,-0.234621665,-0.079157353,-0.071834471,-0.45707922,-0.20793647,-0.134967248,-0.397216331,-0.132231389,-0.156198835,-0.128607861,-0.174589471,-0.244087344
1999/12/21,-0.064532309,-0.130485729,0.466083595,0.311398694,-0.074570295,0.437973817,-0.091110617,-0.016515599,-0.136274211,-0.029455903,-0.067911082,0.314710505,0.011889293,0.998823839,0.154495515,0.133294437,0.7968566,-0.139782736,-0.012809055,-0.171017742,-0.197529694,-0.006191142,-0.076630341,-0.10659747,-0.148929504,0.428046633,0.037313783,0.254686462,-0.170086079,-0.101188784,0.382857368,-0.214293457,-0.155748504,1.146091814,-0.178347691,0.249656484,0.096428921,0.504624192,0.069210882,-0.044716376,0.201365153,0.933305452,-0.12766975,-0.102908325,0.209651187,0.119866228,-0.070812658,0.47165063,-0.190749795,-0.205364399,0.035059499,-0.058970988,-0.068291644,0.401319715,1.03799045,0.013957532,0.050926128,-0.089313598,-0.067470011,0.186909493,-0.071021294,-0.103439132,-0.159569877,0.451884523,-0.19255991,0.114007572,-0.124727662,-0.200075035,-0.332884107,-0.243821637,0.200224362,-0.010218091,-0.084564295,-0.116495072,0.39550315,-0.055320849,-0.020702435,-0.122939669,0.144494677,0.232342984,0.39857318,-0.051161808,0.05690234,-0.047994052,0.127156669,-0.03517902,-0.119413648,0.263629777,0.054552154,-0.068973344,-0.146685158,-0.20793647,-0.005739808,0.171426294,-0.132231389,0.196512556,0.120068927,0.008124775,0.088048055
2000/01/07,1.12460763,-0.130485729,0.024923734,-0.090218621,-0.098241055,-0.099621761,0.851811079,0.786990465,0.239080554,0.151073521,-0.198122883,-0.122676835,-0.194892727,-0.029288055,-0.119942098,0.042350732,0.291870007,-0.139782736,0.217554735,-0.171017742,-0.103542177,-0.071570754,-0.083501058,-0.125408258,-0.174510259,-0.208400437,0.01937339,0.155543921,-0.170086079,0.763380424,0.055972652,-0.214293457,-0.155748504,-0.071608413,-0.144239308,0.864457991,0.616706222,0.806941894,1.183358039,-0.052885388,0.822385257,0.143068061,0.963247911,-0.127615516,-0.080947134,0.031712546,-0.09105929,0.222670075,-0.190749795,-0.158980912,0.109128552,0.543233305,-0.068245993,0.037057868,1.104403724,-0.097111784,0.747528478,0.141615642,0.120767837,0.212325308,-0.163416457,0.138660121,-0.114769774,0.281192605,0.084073174,0.09779483,-0.124727662,-0.200075035,-0.118027954,0.113082826,0.612913892,-0.1850806,-0.084564295,-0.124090712,0.541818354,0.117023663,0.324601637,-0.045392961,0.160646204,0.134292318,0.86209323,0.240995506,0.063632017,0.331401075,0.086412641,-0.077651576,-0.093946472,-0.135255281,0.921945027,-0.048786508,-0.34592071,-0.193054463,-0.061621944,0.054852523,-0.132231389,-0.156198835,0.064807419,0.556267511,0.553037614
2000/01/21,-0.082659443,-0.130485729,-0.165848098,-0.157006422,-0.113390341,-0.492117464,-0.091110617,-0.134672834,-0.136274211,-0.233279447,-0.198122883,-0.191737994,-0.194892727,-0.122599122,-0.15866319,-0.170503902,-0.208666683,-0.139782736,-0.124788757,-0.171017742,-0.197529694,-0.099590588,-0.083501058,-0.181840622,-0.174510259,-0.267696748,-0.089462247,2.37362497,-0.170086079,-0.235926842,-0.340060754,-0.214293457,-0.155748504,-0.088868321,-0.178347691,-0.195397044,-0.132023669,-0.194382489,-0.231859742,-0.060276398,-0.22647649,-0.117683671,-0.237343458,-0.138204312,-0.126895569,1.764428629,-0.095800478,-0.357408098,-0.190749795,-0.205364399,-0.112523088,-0.110582073,-0.068291644,-0.132713078,-0.144892921,-0.121793854,-0.262772247,-0.12619813,-0.19553799,0.34177556,-0.475655131,-0.10921869,-0.159569877,-0.195307925,0.268495229,-0.189402319,-0.124727662,-0.200075035,-0.332884107,-0.243821637,-0.237588017,-0.222493043,-0.084564295,-0.126852763,-0.469813347,-0.193196458,0.040767873,-0.122939669,1.110006992,1.247846058,0.484814861,-0.09729191,-0.134446813,-0.190354029,-0.183378896,-0.188816542,-0.129789164,0.130397706,-0.079157353,-0.071834471,-0.45707922,-0.20793647,-0.134967248,-0.40493865,-0.132231389,-0.156198835,-0.128607861,-0.174589471,-0.244087344
2000/02/07,-0.082659443,-0.130485729,-0.165848098,-0.157006422,-0.113390341,1.848552661,-0.091110617,-0.134672834,-0.136274211,-0.233279447,-0.198122883,-0.191737994,-0.194892727,-0.122599122,-0.15866319,-0.170503902,-0.253759119,-0.139782736,-0.124788757,-0.171017742,-0.197529694,-0.099590588,-0.083501058,-0.181840622,-0.174510259,-0.267696748,-0.089462247,2.758841009,-0.170086079,-0.235926842,-0.340060754,-0.214293457,-0.155748504,-0.088868321,-0.178347691,-0.195397044,-0.132023669,-0.194382489,-0.231859742,-0.060276398,-0.22647649,-0.117683671,-0.237343458,-0.138204312,-0.126895569,0.503422315,-0.095800478,-0.357408098,-0.190749795,-0.205364399,4.33162007,-0.110582073,-0.068291644,-0.132713078,-0.146294863,-0.121793854,-0.262772247,-0.12619813,-0.19553799,2.513685677,-0.475655131,-0.10921869,-0.159569877,-0.195307925,-0.19255991,-0.189402319,-0.124727662,-0.200075035,-0.332884107,-0.243821637,-0.218579556,-0.222493043,-0.084564295,-0.126852763,0.933876814,-0.193196458,9.4359384,-0.122939669,-0.178535857,-0.047502181,9.62419296,-0.09729191,-0.134446813,-0.190354029,1.138049043,0.514380542,-0.129789164,9.255881992,-0.079157353,-0.071834471,-0.45707922,-0.20793647,-0.134967248,-0.40493865,-0.132231389,-0.156198835,-0.128607861,-0.174589471,-0.244087344
2000/02/21,-2.63E-04,-0.130485729,0.867643027,0.709211127,0.702605305,0.338293833,-0.007336725,0.093774406,0.191170258,-0.193573562,0.393748937,-0.191737994,-0.182464055,0.132276846,0.770123617,0.874098687,0.36002003,-0.139782736,1.097599255,-0.171017742,-0.197529694,-0.042984863,0.063339237,1.229383053,0.688047415,-0.031584952,0.281912649,0.747209786,-0.155048409,-0.12047013,0.38510864,-0.169966156,-0.108627763,0.016396062,-0.155796694,-0.097077844,0.795011576,0.451968695,0.027479993,-0.005462683,-0.094597781,-0.103170588,0.285066444,0.487497261,0.89629229,-0.123896482,-0.068877144,0.223904801,-0.093575118,-0.205364399,-0.078686998,-0.029177455,-0.067604585,-0.056815836,-0.110802428,-0.06037199,0.278122722,-0.082479203,-0.166766187,0.528973747,0.268583585,0.561341364,1.001160057,0.170371111,-0.084440575,0.128038198,-0.103417315,0.153472059,-0.08922263,-0.243821637,0.426307358,-0.101100889,0.012164213,-0.112943592,0.203207104,0.078376712,0.095839044,0.455877863,0.355824957,0.010798077,-0.053160025,-0.09729191,-0.103505455,0.832365099,0.004217761,1.038031967,0.102977861,-0.067195425,-0.063905793,1.100577095,0.768200205,0.76841332,0.091268167,0.996475869,0.247986699,0.543394007,-0.128607861,0.828744953,-0.123310835
2000/03/07,-0.082659443,-0.130485729,-0.165848098,-0.157006422,-0.113390341,0.873273442,-0.091110617,-0.134672834,-0.136274211,-0.233279447,-0.198122883,2.570708366,-0.194892727,-0.122599122,-0.15866319,-0.170503902,0.136290455,-0.139782736,-0.124788757,-0.171017742,-0.197529694,-0.099590588,-0.083501058,-0.181840622,-0.174510259,-0.267696748,0.021636513,-0.193210614,-0.170086079,-0.145295861,-0.340060754,-0.214293457,-0.155748504,-0.088868321,-0.178347691,-0.195397044,-0.132023669,-0.194382489,-0.231859742,-0.060276398,-0.22647649,-0.117683671,-0.237343458,-0.138204312,-0.126895569,0.713590034,-0.095800478,-0.357408098,-0.190749795,-0.205364399,0.131904785,-0.110582073,-0.068291644,-0.11092138,-0.08250653,-0.121793854,-0.262772247,-0.12619813,-0.19553799,0.297397589,-0.425379649,-0.10921869,-0.159569877,-0.195307925,-0.19255991,-0.189402319,-0.124727662,-0.200075035,-0.332884107,-0.243821637,-0.237588017,-0.222493043,-0.084564295,-0.126852763,0.232031734,-0.193196458,-0.005286885,-0.122939669,-0.071157286,4.341214988,-0.279157922,-0.09729191,-0.134446813,-0.190354029,-0.183378896,-0.204103435,-0.129789164,-0.234621665,-0.079157353,-0.071834471,-0.45707922,-0.20793647,-0.134967248,-0.381771693,-0.132231389,-0.156198835,-0.128607861,-0.174589471,-0.244087344
2000/03/21,-0.082659443,-0.130485729,-0.017031165,-0.142045955,-0.011132659,-0.136465643,-0.081686054,-0.133935503,0.711749516,-0.124088263,-0.198122883,-0.019085097,-0.194892727,-0.105697495,-0.154470651,-0.104697825,-0.107579774,-0.128491521,-1.94E-04,0.712536555,-0.034617998,-0.099590588,-0.040215538,-0.136694731,0.343926367,0.196508657,0.515069311,-0.05958165,0.723151491,-0.032762393,0.005682695,0.288544365,-0.155748504,-0.065759222,0.230952901,-0.14661233,-0.083620928,-0.090008001,-0.055538289,0.042030749,-0.184715637,-0.116974143,0.007296058,-0.138204312,-0.037040852,0.007776778,-0.053656578,0.206084856,0.089842084,0.154107622,-0.071785109,-0.1090641,0.151400061,-0.11051619,-0.128877493,-0.121793854,-0.014995994,-0.125022101,-0.08127044,0.400374061,0.024711603,-0.091880017,0.019630534,0.189614655,-0.082675102,0.603169168,-0.015334547,-0.200075035,0.155018407,-0.124853483,-0.171589056,-0.184673943,-0.06287126,-0.045257177,0.251040038,-0.144652754,-0.062612265,-0.088349756,-0.090291551,-0.121718869,0.03204309,-0.012549204,-0.100232655,0.024922034,0.481739833,0.1527521,-0.003144986,-0.166484716,-0.064718377,-0.059078616,0.089986007,0.364524696,0.155619859,0.205217875,0.006245552,-0.156198835,-0.074209814,-0.089322823,-0.01763139
2000/04/07,-0.082659443,-0.089151297,-0.091327851,-0.092692243,-0.094453734,-0.232043006,-0.091110617,-0.120335849,-0.095726628,-0.209014739,-0.198122883,-0.191737994,0.557041889,0.137185147,-0.134306535,-0.166169424,-0.266295234,-0.139782736,-0.067645254,-0.011387336,-0.145314407,-0.090942491,1.270602867,-0.119137995,0.204463883,-0.077885806,0.271951621,-0.048957661,-0.170086079,-0.097462844,0.131407586,-0.214293457,-0.155748504,-0.0678642,0.162736135,-0.188264776,-0.132023669,0.053388886,-0.167975158,-0.059195841,-0.200081552,-0.101423643,-0.093101393,-0.138204312,-0.073856326,-0.127080841,0.107309708,0.584218877,0.911575442,0.277796919,-0.044626457,-0.110582073,1.323120855,-0.125644648,-0.056552765,-0.121793854,-0.196260782,-0.119664638,0.062070014,0.14831081,-0.151657581,-0.10921869,0.238653258,-0.100691357,0.146827901,0.091103857,-0.124727662,-0.128056183,0.375842786,0.284925716,-0.091064463,-0.171660919,1.262341796,-0.123783817,-0.154632917,0.095640178,-0.125825262,-0.087227369,-0.12633794,-0.143856685,-0.201869866,-0.028951018,-0.129682439,-0.172993056,0.064388842,0.097576795,-0.122802284,-0.133227396,-0.079157353,-0.046998304,0.043593406,0.122774775,-0.134967248,0.110186515,-0.132231389,-0.138385128,-0.076800197,-0.174589471,1.089486607
2000/04/21,-0.082659443,-0.130485729,-0.165848098,-0.157006422,-0.113390341,-0.492117464,-0.091110617,-0.134672834,-0.136274211,-0.233279447,-0.198122883,-0.191737994,-0.194892727,-0.122599122,-0.15866319,-0.170503902,0.662744649,-0.139782736,-0.124788757,-0.171017742,-0.197529694,-0.099590588,-0.083501058,-0.181840622,-0.174510259,-0.267696748,-0.237593927,-0.218001746,-0.170086079,-0.235926842,-0.340060754,-0.214293457,-0.155748504,-0.088868321,-0.178347691,-0.195397044,-0.132023669,-0.194382489,-0.231859742,-0.060276398,-0.22647649,-0.117683671,-0.237343458,-0.138204312,-0.126895569,-0.127080841,-0.095800478,-0.357408098,4.619396695,-0.205364399,-0.112523088,-0.110582073,-0.068291644,-0.132713078,-0.146294863,-0.121793854,-0.262772247,-0.12619813,-0.19553799,0.242577742,-0.475655131,-0.10921869,-0.159569877,-0.195307925,-0.19255991,0.92232858,-0.124727662,-0.200075035,-0.332884107,-0.243821637,-0.237588017,-0.222493043,-0.084564295,-0.126852763,-0.469813347,-0.193196458,-0.235560672,-0.122939669,0.644699853,-0.028168625,-0.279157922,-0.09729191,-0.134446813,-0.190354029,-0.183378896,7.505586339,-0.129789164,-0.234621665,-0.079157353,-0.071834471,-0.45707922,-0.20793647,-0.134967248,0.24759732,-0.132231389,-0.156198835,-0.128607861,-0.174589471,-0.244087344
2000/05/07,-0.082659443,-0.130485729,-0.165848098,-0.148786385,-0.113390341,-0.252048734,-0.052445744,-0.134672834,-0.136274211,0.035498852,1.404483892,-0.191737994,0.007551208,-0.064093489,-0.15866319,-0.170503902,-0.306814995,0.160985466,-0.094931484,-0.171017742,0.380855024,-0.099590588,-0.083501058,-0.123961274,0.140329797,-0.015741728,-0.202460131,-0.217561666,0.669709927,-0.061636494,-0.340060754,-0.214293457,-0.155748504,-0.068636927,-0.178347691,0.002111918,-0.132023669,-0.190413835,-0.017421976,-0.060276398,-0.126019542,-0.117683671,-0.082388455,-0.138204312,-0.126895569,-0.127080841,-0.068244851,0.109342927,0.179261473,-0.205364399,-0.112523088,-0.103835526,-0.068291644,-0.131874935,-0.145809575,-0.121793854,-0.150862012,-0.076854275,-0.025686559,0.015466949,0.443483808,-0.10921869,-0.159569877,-0.177440086,0.215296559,-0.011240316,-0.124727662,-0.200075035,-0.084973161,0.854345942,-0.190554261,-0.053573983,-0.031343456,1.058704454,-0.145884848,-0.087138297,-0.209581065,-0.122939669,-0.178076974,-0.140699835,-0.279157922,-0.09729191,-0.129499194,-0.190354029,-0.183378896,-0.227316866,-0.129789164,-0.234621665,-0.079157353,-0.071834471,0.401519567,-0.162145682,-0.134967248,-0.283312124,-0.132231389,-0.156198835,0.062681976,-0.174589471,0.127532683
2000/05/21,-0.082659443,-0.130485729,-0.165848098,-0.157006422,-0.113390341,-0.492117464,-0.091110617,-0.134672834,-0.136274211,-0.233279447,-0.198122883,-0.191737994,-0.194892727,-0.122599122,-0.15866319,-0.170503902,-0.340562059,-0.139782736,-0.124788757,-0.171017742,-0.197529694,-0.099590588,-0.083501058,-0.181840622,-0.174510259,-0.267696748,-0.237593927,-0.218001746,-0.170086079,-0.235926842,-0.340060754,-0.214293457,-0.155748504,-0.088868321,-0.178347691,-0.195397044,-0.132023669,-0.194382489,-0.231859742,-0.060276398,-0.22647649,-0.117683671,-0.237343458,-0.138204312,-0.126895569,-0.127080841,-0.095800478,-0.357408098,-0.190749795,-0.205364399,-0.112523088,-0.110582073,-0.068291644,-0.132713078,-0.144892921,-0.121793854,-0.262772247,-0.12619813,-0.19553799,-0.472690733,-0.475655131,-0.10921869,-0.159569877,-0.195307925,-0.19255991,-0.189402319,-0.124727662,-0.200075035,-0.332884107,-0.243821637,-0.237588017,-0.222493043,-0.084564295,-0.126852763,-0.469813347,-0.193196458,-0.235560672,-0.122939669,-0.178535857,-0.14416996,-0.279157922,-0.09729191,-0.134446813,-0.190354029,-0.183378896,-0.249964115,-0.129789164,-0.234621665,-0.079157353,-0.071834471,-0.45707922,-0.20793647,-0.134967248,-0.389494012,-0.132231389,-0.156198835,-0.128607861,-0.174589471,-0.244087344
2000/06/07,-0.082659443,-0.130485729,-0.165848098,-0.157006422,-0.113390341,0.288105911,-0.091110617,-0.134672834,-0.136274211,-0.233279447,-0.198122883,-0.191737994,-0.194892727,-0.122599122,-0.15866319,-0.170503902,-0.340562059,-0.139782736,-0.124788757,-0.171017742,-0.197529694,-0.099590588,-0.083501058,-0.181840622,-0.174510259,-0.267696748,-0.237593927,-0.218001746,-0.170086079,-0.235926842,-0.340060754,-0.214293457,-0.155748504,-0.088868321,-0.178347691,-0.195397044,-0.132023669,-0.194382489,-0.231859742,-0.060276398,-0.22647649,-0.117683671,-0.237343458,-0.138204312,-0.126895569,-0.127080841,-0.095800478,-0.357408098,-0.190749795,-0.205364399,-0.112523088,-0.110582073,-0.068291644,-0.132713078,-0.146294863,-0.121793854,-0.262772247,-0.12619813,-0.19553799,-0.373492916,-0.475655131,-0.10921869,-0.159569877,-0.195307925,-0.19255991,-0.189402319,-0.124727662,-0.200075035,-0.332884107,-0.243821637,-0.066511868,-0.222493043,-0.084564295,-0.126852763,-0.469813347,-0.193196458,-0.235560672,-0.122939669,-0.178535857,-0.14416996,-0.279157922,-0.09729191,-0.134446813,-0.190354029,-0.183378896,-0.249964115,-0.129789164,-0.234621665,-0.079157353,-0.071834471,-0.45707922,-0.20793647,-0.134967248,-0.401077491,-0.132231389,-0.156198835,-0.128607861,-0.174589471,-0.244087344
2000/06/21,-0.082659443,-0.130485729,-0.165848098,-0.157006422,-0.113390341,-0.492117464,-0.091110617,-0.134672834,-0.136274211,-0.233279447,-0.198122883,-0.191737994,-0.194892727,-0.122599122,-0.15866319,-0.170503902,-0.340562059,-0.139782736,-0.124788757,-0.171017742,-0.197529694,-0.099590588,-0.083501058,-0.181840622,-0.174510259,-0.267696748,-0.163528087,-0.218001746,-0.170086079,-0.235926842,-0.340060754,-0.214293457,-0.155748504,-0.088868321,-0.178347691,-0.195397044,-0.132023669,-0.194382489,-0.231859742,-0.060276398,-0.22647649,-0.117683671,-0.237343458,-0.138204312,-0.126895569,-0.127080841,-0.095800478,-0.357408098,-0.190749795,-0.205364399,-0.112523088,-0.110582073,-0.068291644,-0.132713078,-0.146294863,-0.121793854,-0.262772247,-0.12619813,-0.19553799,-0.383934791,-0.475655131,-0.10921869,-0.159569877,-0.195307925,-0.19255991,-0.189402319,-0.124727662,-0.200075035,-0.332884107,-0.243821637,-0.180562634,-0.222493043,-0.084564295,-0.126852763,-0.469813347,-0.193196458,-0.235560672,-0.122939669,-0.178535857,-0.14416996,-0.279157922,-0.09729191,-0.134446813,-0.190354029,-0.183378896,-0.202404892,-0.129789164,-0.234621665,-0.079157353,-0.071834471,-0.45707922,-0.20793647,-0.134967248,-0.401077491,-0.132231389,-0.156198835,-0.128607861,-0.174589471,-0.244087344
2000/07/07,-0.082659443,-0.130485729,-0.165848098,-0.148786385,-0.074060464,0.018028589,-0.013780871,-0.117657512,-0.136274211,-0.233279447,-0.198122883,-0.191737994,-0.194892727,-0.122599122,-0.15866319,-0.170503902,-0.3382424,-0.138293785,-0.124788757,-0.171017742,0.308556934,-0.099590588,-0.083501058,0.035206933,-0.174510259,0.097203627,-0.18346889,-0.218001746,-0.074654714,-0.126704891,-0.267527163,0.610876302,-0.155748504,-0.080438573,-0.178347691,-0.116393459,-0.132023669,-0.194382489,-0.135362747,-0.058780242,-0.205110646,-0.117683671,-0.080666732,-0.138204312,-0.126895569,-0.127080841,-0.086074963,-0.26094622,0.27176429,-0.205364399,-0.112523088,-0.110582073,-0.067940488,-0.130827258,-0.145575918,-0.121793854,-0.220805909,-0.125786931,-0.093627132,-0.381926738,-0.011573759,-0.10921869,-0.159569877,-0.191957705,-0.19255991,-0.189402319,0.055590659,0.398235432,-0.084973161,0.579804047,-0.025692416,-0.194339867,-0.084564295,-0.124728108,-0.456316326,-0.193196458,-0.235560672,-0.122939669,-0.17578256,-0.143178496,-0.270451679,-0.09729191,-0.128674591,-0.190354029,-0.183378896,-0.243953883,-0.129789164,-0.227602062,-0.079157353,-0.071834471,-0.304439435,-0.185041076,-0.134967248,-0.3867714,-0.120493568,-0.113034853,0.349616732,-0.174589471,-0.244087344
2000/07/21,-0.082659443,-0.130485729,-0.150944049,-0.157006422,0.324856868,0.524959435,-0.091110617,-0.134672834,-0.136274211,0.016300402,-0.012106025,-0.191737994,-0.194892727,-0.122599122,-0.158149818,-0.170503902,-0.33293258,-0.127339356,-0.108153991,-0.171017742,0.205273949,0.078313119,-0.068778092,-0.020605295,-0.174510259,0.234506701,-0.184689755,-0.217729316,-0.143501627,-0.119940765,0.468170686,0.36037834,0.214485889,-0.087107106,-0.178347691,-0.195397044,-0.132023669,-0.194382489,-0.14225539,-0.060276398,-0.190799815,-0.117683671,-0.128628995,-0.119295748,-0.122519527,-0.127080841,-0.089779921,-0.212937543,-0.147802059,0.788567455,-0.112523088,-0.110582073,-0.068291644,-0.132583365,-0.142527145,-0.033643604,-0.175092577,-0.118561581,-0.065419662,-0.330233717,-0.085720887,-0.10921869,-0.09556973,-0.183166702,-0.151394273,-0.189402319,0.444563037,-0.200075035,0.10833835,0.096087375,-0.2033049,0.012787076,-0.084564295,-0.126852763,-0.428036854,-0.162420652,-0.233550345,-0.017989237,-0.178216278,-0.141408024,-0.251873179,-0.09729191,-0.132915407,-0.190354029,-0.136185041,-0.191384579,-0.129789164,-0.182476041,-0.078666232,-0.061616162,0.25554263,0.174743685,-0.134967248,-0.285012872,-0.132231389,-0.041682149,-0.128607861,-0.174589471,0.144122863
2000/08/07,-0.082659443,0.719822573,-0.165848098,-0.149373531,-0.089043274,-0.113616244,-0.091110617,-0.134672834,-0.12137918,-0.066892881,-0.074111644,0.2028972,-0.020336477,-0.122599122,-0.15866319,-0.170503902,-0.330622935,-0.029635777,-0.074884458,-0.171017742,0.138140008,0.067194138,-0.077611872,-0.149593557,-0.174510259,-0.158785157,-0.219606508,-0.217933638,0.184373275,-0.13882222,0.198760206,-0.214293457,0.307044487,-0.087694178,-0.178347691,-0.011995865,-0.132023669,-0.194382489,-0.201991625,-0.060276398,0.054829739,-0.117683671,-0.142378177,-0.138204312,-0.125436888,-0.123327846,-0.081050113,-0.293263172,-0.018958849,0.457256837,-0.112523088,-0.110582073,-0.068291644,-0.130232326,-0.145456201,-0.121793854,-0.204319133,-0.115888789,-0.091443327,-0.228711339,-0.263779886,-0.10921869,-0.159569877,-0.185931962,-0.09376238,-0.169549981,-0.124727662,0.262903302,-0.025946746,0.096087375,-0.153362432,-0.149294784,-0.084564295,-0.126852763,-0.409655197,-0.143955169,-0.235560672,-0.122939669,-0.176746214,-0.143203282,-0.254904817,-0.09729191,-0.131766853,-0.190354029,-0.183378896,-0.239388658,-0.129789164,-0.143366823,-0.079157353,-0.056507008,-0.245654947,-0.144156444,-0.134967248,-0.363711579,0.070497545,-0.087488823,-0.128607861,-0.044079295,-0.114683942
2000/08/21,-0.079105103,0.219641219,-0.164094681,-0.152815815,-0.106706833,-0.262640001,-0.091110617,-0.134672834,-0.136274211,-0.233279447,0.414638531,0.133255695,-0.128545555,-0.102714855,-0.158240413,-0.170503902,-0.317043259,0.23292226,-0.097390318,-0.171017742,0.217121115,-0.008022503,-0.083501058,-0.137579944,-0.174510259,-0.068381417,-0.211453042,-0.217796088,-0.072783511,-0.140853166,-0.007259573,0.206381322,-0.003299048,-0.057926189,-0.178347691,-0.195397044,-0.132023669,-0.194382489,-0.010484283,-0.060276398,-0.127871689,-0.117683671,-0.100415899,-0.138204312,-0.119687971,-0.127080841,-0.074728528,-0.276504587,0.327991493,0.203901659,-0.112523088,-0.109391506,-0.068023113,-0.132499433,-0.144308779,-8.03E-04,-0.16649653,-0.112781762,-0.156572074,-0.222546391,-0.085280801,-0.10921869,-0.106863874,-0.183885974,-0.011753973,-0.189402319,-0.014415277,0.333711754,-0.016919176,0.036103432,-0.186153358,0.251142753,-0.084564295,-0.122790923,-0.32531583,-0.068162204,-0.232550557,-0.058117344,-0.177132215,-0.13848362,-0.276383874,-0.09729191,-0.133816234,-0.190354029,-0.105647841,-0.244768569,-0.129789164,-0.148734755,-0.079157353,-0.046589238,-0.132844384,0.107211893,-0.134967248,-0.356087411,0.042800233,-0.156198835,-0.128607861,-0.174589471,-0.173042339
2000/09/07,-0.03167688,0.086520036,-0.139766012,0.240380998,-0.113390341,-0.047146321,-0.08063888,-0.134672834,-0.136274211,-0.233279447,-0.116740508,-0.191737994,0.098831732,-0.122599122,-0.15866319,-0.170503902,0.001080667,0.976837827,-0.008345392,-0.081225639,-0.197529694,-0.050945043,-0.077059761,-0.181840622,-0.046606486,1.151179263,-0.134596118,-0.214664478,0.186588645,-0.165121388,-0.340060754,0.065060889,-0.155748504,-0.088868321,0.205371614,-0.174000239,-0.132023669,-0.194382489,-0.105542495,-0.060276398,0.391774176,0.206593036,0.160643404,0.258875533,-0.109026733,-0.127080841,-0.079447767,-0.273976353,-0.115591256,-0.132890201,-0.112523088,-0.110582073,-0.068291644,-0.124328381,-0.137985439,1.343704058,0.048842383,-0.103924862,0.146022622,0.396133136,0.004842314,-0.10921869,-0.103569749,-0.174495557,0.028362344,-0.189402319,0.080384428,-0.017777315,0.96520515,-0.243821637,-0.111755965,-0.085246307,-0.081861675,-0.126421192,-0.400359927,-0.166267628,-0.233401855,0.313260562,-0.163435745,-0.127857272,-0.270684072,-0.09729191,-0.130426873,-0.190354029,-0.121436962,-0.226573753,-0.050204239,0.321462533,-0.078727622,-0.049481921,-0.327030653,0.015293621,-0.134967248,-0.237028484,-0.065472533,-0.13114831,-0.076800197,-0.060393067,-0.111988037
2000/09/21,-0.004971729,-0.130485729,-0.026743637,0.195378741,-0.113390341,-0.306349994,-0.091110617,-0.134672834,-0.136274211,-0.233279447,-0.115448724,0.071352135,-0.194892727,-0.056423439,0.126486502,-0.124761155,-0.257897066,-0.139782736,-0.065642921,-0.171017742,-0.197529694,1.234687218,-0.083501058,-0.14601055,-0.174510259,-0.04718439,-0.163528087,-0.212280715,0.042589533,-0.166874666,-0.250257261,-0.214293457,-0.155748504,-0.037206011,0.178978222,-0.16279239,-0.132023669,-0.190287846,-0.125661991,-0.060276398,-0.125769649,0.434734964,0.233752548,0.819829599,-0.109391403,0.003022985,-0.086100692,0.008583975,-0.076222498,-0.205364399,-0.112523088,-0.110582073,-0.068291644,-0.131578093,-0.117532811,-0.06302702,1.005876806,-0.110161377,-0.153479541,-0.102749999,0.470002743,-0.10921869,0.09643071,-0.181366402,0.850302905,-0.154109274,-0.124727662,-0.200075035,0.374777031,0.096087375,-0.072244578,0.265495353,-0.084564295,-0.122249344,-0.288781878,-0.029058828,-0.232636561,0.226895103,-0.079750412,-0.108801828,-0.148797487,-0.090783253,-0.111475726,-0.170512917,0.005396524,-0.20902382,-0.129789164,-0.11729401,-0.069553196,-0.034367339,-0.169668197,0.366083763,-0.134967248,-0.134596191,-0.124965119,-0.156198835,-0.099003482,-0.174589471,-0.244087344
2000/10/07,-0.082659443,-0.130485729,-0.165848098,-0.157006422,-0.113390341,-0.492117464,-0.091110617,-0.134672834,-0.136274211,-0.233279447,-0.198122883,-0.191737994,-0.194892727,-0.122599122,-0.15866319,-0.170503902,-0.257141052,-0.139782736,-0.124788757,-0.171017742,-0.197529694,0.2117409,-0.083501058,-0.181840622,-0.174510259,-0.267696748,-0.015396407,-0.196071129,-0.170086079,0.035966101,-0.340060754,-0.214293457,-0.155748504,-0.072430313,-0.178347691,0.831649558,-0.132023669,-0.194382489,-0.231859742,-0.060276398,-0.22647649,-0.117683671,-0.237343458,-0.138204312,-0.126895569,-0.127080841,-0.095800478,-0.357408098,-0.190749795,-0.205364399,-0.090302373,-0.110582073,-0.068291644,-0.132713078,5.904834645,-0.121793854,-0.262772247,-0.12619813,-0.19553799,0.112054298,-0.475655131,-0.10921869,-0.159569877,-0.195307925,-0.19255991,-0.189402319,-0.124727662,-0.200075035,-0.332884107,-0.243821637,-0.237588017,-0.222493043,-0.084564295,-0.126852763,-0.469813347,-0.193196458,5.521284014,-0.122939669,-0.178535857,0.010498486,-0.265010277,-0.09729191,-0.134446813,-0.190354029,-0.183378896,0.962796074,-0.129789164,-0.234621665,-0.079157353,-0.071834471,-0.45707922,-0.20793647,-0.134967248,-0.31613198,-0.132231389,-0.156198835,-0.128607861,-0.174589471,-0.244087344
2000/10/21,-0.082659443,-0.130485729,-0.165848098,-0.0269154,-0.105157034,-0.11472681,0.144427572,-0.134672834,-0.136274211,0.146515975,-0.08489523,0.048474733,-0.17309752,-0.080855369,-0.11418582,-0.126657371,-0.201878311,-0.139221682,-0.104537737,-0.139785706,-0.013641074,0.013210676,-0.083501058,-0.132769001,0.300031275,-0.070042379,-0.121396431,-0.185789858,0.304581229,0.43165571,-0.319562131,-0.097693382,-0.155748504,-0.081900035,0.128133428,0.007407448,-0.130209473,-0.183914446,0.240835683,-0.053511171,-0.211434023,-0.117683671,-0.13710928,-0.007762624,-0.026267757,0.169895283,-0.079462082,-0.140199759,0.175239612,0.063525378,-0.086196371,-0.091222416,-0.068291644,-0.126870376,-0.140937262,-0.06813718,-0.019641181,-0.103111404,-0.116335529,-0.058628751,-0.294408375,-0.10921869,-0.042700044,-0.132293041,-0.125740325,-0.181346298,0.05872663,0.194463026,-0.14605267,0.169980639,0.176259238,-0.020932619,-0.084564295,-0.125251574,-0.258751239,-0.07205575,-0.164921129,-0.075027515,-0.019867159,-0.010726396,-0.189197358,1.097188029,0.012368394,-0.190354029,-0.164227767,-0.218227195,-0.129789164,0.414742506,-0.054444681,-0.059394791,-0.030498953,0.050881027,1.075812363,0.233677559,-0.012811821,-0.044669541,-0.128607861,-0.174589471,-0.034041242
2000/11/07,-0.082659443,-0.130485729,-0.08519089,-0.062717761,-0.077744962,-0.20756541,-0.066471237,-0.132070491,-0.131367613,-0.233279447,-0.198122883,0.523248122,-0.194892727,-0.122599122,0.091916762,-0.1341508,0.146253894,-0.139782736,-0.100130162,0.167023117,-0.197529694,-0.099590588,-0.083501058,0.017332429,-0.174510259,-0.259724135,0.432919766,-0.168301697,-0.170086079,0.701837249,0.148047645,-0.214293457,-0.094768722,-0.085000555,-0.138220182,-0.014153526,-0.080479168,-0.194382489,-0.12363174,-0.060276398,-0.178664627,-0.042557122,0.035985015,0.086029012,-0.046170476,-0.127080841,-0.070018328,-0.158956545,-0.190749795,-0.150795591,-0.018411822,-0.110105846,-0.068237938,-0.104111474,-0.130415815,-0.07823726,-0.007106734,-0.088464594,-0.051364099,-0.288575898,-0.15330057,-0.10921869,-0.159569877,-0.178548614,-0.187135732,-0.189402319,-0.047508993,-0.161947407,-0.332884107,-0.243821637,-0.154845304,-0.084708084,-0.080494467,-0.126852763,0.673781284,-0.061403596,-0.074820538,-0.122939669,-0.125794029,-0.02089011,-0.120621086,-0.073171595,0.271015389,-0.190354029,-0.183378896,-0.183561048,-0.118692355,-0.183089519,-0.079157353,-0.060053362,0.089094361,-0.172919985,0.522469645,-0.251014659,-0.132231389,-0.156198835,-0.128607861,-0.174589471,0.011674675
2000/11/21,-0.082659443,-0.080467593,-0.146560505,0.004331954,-0.042099582,-0.17358089,-0.091110617,0.099538075,0.035456727,-0.164767331,-0.198122883,-0.191737994,0.866662024,0.042826935,0.168314586,-0.145016251,-0.071504207,-0.139782736,0.466234707,-0.114677599,0.023617404,-0.099590588,-0.083501058,-0.049058588,0.301277445,-0.150954912,-0.194855655,-0.061589526,0.326157016,0.10146412,0.325541609,-0.214293457,-0.003299048,-0.071141058,-0.178347691,0.016053727,-0.089069918,-0.168080432,0.126557668,-0.060276398,-0.13982875,-0.055078213,-0.092892407,-0.138204312,-0.102527024,1.171013893,-0.080631035,-0.120136457,-0.049274898,0.067479639,-0.110780287,-0.054228562,-0.068291644,-0.118158574,-0.094996374,0.178954059,-0.059523513,0.070435519,-0.044313124,-0.062949489,0.010763677,-0.090520121,-0.159569877,-0.139301227,-0.111197238,0.19207397,0.11165602,-0.200075035,-0.332884107,-0.243821637,-0.048728041,-0.099470758,-0.082868533,-0.126852763,-0.002899603,1.381559278,0.85801406,0.078729788,0.02687203,0.099746946,-9.21E-04,0.095670609,0.173696053,-0.178099224,-0.183378896,0.192894277,0.018908072,-0.216728559,-0.079157353,-0.042982776,-0.386673941,0.142228378,-0.104443392,-0.138978301,-0.132231389,-0.156198835,-0.128607861,0.255326401,0.106063039
2000/12/07,-0.082659443,-0.130485729,-0.165848098,-0.157006422,-0.113390341,-0.492117464,-0.091110617,-0.134672834,-0.136274211,-0.233279447,-0.198122883,-0.191737994,-0.194892727,-0.122599122,-0.15866319,-0.170503902,-0.037315425,-0.139782736,-0.124788757,-0.171017742,-0.197529694,-0.099590588,-0.083501058,-0.181840622,-0.174510259,-0.267696748,-0.163528087,-0.218001746,-0.170086079,-0.235926842,-0.340060754,-0.214293457,-0.155748504,-0.088868321,-0.178347691,-0.195397044,-0.132023669,-0.194382489,-0.231859742,-0.060276398,-0.22647649,-0.117683671,-0.237343458,-0.138204312,-0.126895569,-0.127080841,-0.095800478,-0.357408098,-0.190749795,-0.205364399,-0.112523088,-0.110582073,-0.068291644,-0.105473455,-0.146294863,-0.121793854,-0.262772247,-0.12619813,-0.19553799,1.746207823,-0.475655131,-0.10921869,-0.159569877,-0.035614112,-0.19255991,-0.189402319,-0.124727662,-0.200075035,-0.332884107,-0.243821637,-0.237588017,-0.222493043,-0.084564295,-0.126852763,-0.469813347,-0.193196458,-0.235560672,-0.122939669,-0.178535857,0.281168268,3.172867243,-0.09729191,-0.091567451,-0.190354029,-0.183378896,-0.249964115,-0.129789164,-0.234621665,-0.079157353,-0.071834471,-0.45707922,-0.20793647,-0.134967248,-0.381771693,-0.132231389,-0.156198835,-0.128607861,-0.174589471,-0.244087344
2000/12/21,-0.082659443,-0.130485729,-0.165848098,-0.157006422,-0.113390341,-0.492117464,-0.091110617,-0.134672834,-0.136274211,-0.233279447,-0.198122883,-0.191737994,-0.194892727,-0.122599122,-0.15866319,-0.170503902,5.261045844,-0.139782736,-0.124788757,-0.171017742,-0.197529694,-0.099590588,-0.083501058,-0.181840622,-0.174510259,-0.267696748,-0.237593927,-0.218001746,-0.170086079,0.851644929,-0.340060754,-0.214293457,-0.155748504,-0.088868321,-0.178347691,-0.195397044,-0.132023669,-0.194382489,-0.231859742,-0.060276398,-0.22647649,-0.117683671,-0.237343458,-0.138204312,-0.126895569,-0.127080841,-0.095800478,-0.357408098,-0.190749795,-0.205364399,-0.112523088,-0.110582073,-0.068291644,9.354847332,0.841372844,-0.121793854,-0.262772247,-0.12619813,-0.19553799,3.369919472,-0.475655131,-0.10921869,-0.159569877,0.116820892,-0.19255991,-0.189402319,-0.124727662,-0.200075035,-0.332884107,-0.243821637,-0.237588017,1.241472147,-0.084564295,-0.126852763,-0.469813347,-0.193196458,-0.235560672,-0.122939669,-0.178535857,-0.14416996,0.286747843,-0.09729191,-0.134446813,-0.190354029,-0.183378896,-0.195610717,-0.129789164,-0.234621665,-0.079157353,-0.071834471,-0.45707922,-0.20793647,-0.134967248,0.506295012,-0.132231389,-0.156198835,-0.128607861,-0.174589471,-0.244087344
2001/01/07,-0.082659443,-0.130485729,-0.165848098,-0.157006422,-0.113390341,-0.102005777,-0.091110617,-0.134672834,-0.136274211,-0.233279447,-0.198122883,-0.191737994,-0.194892727,-0.122599122,-0.15866319,-0.170503902,-0.340562059,-0.139782736,-0.124788757,-0.171017742,-0.197529694,-0.099590588,-0.083501058,-0.181840622,-0.174510259,-0.267696748,0.058669433,-0.218001746,-0.170086079,-0.235926842,-0.340060754,-0.214293457,-0.155748504,-0.088868321,-0.178347691,-0.195397044,-0.132023669,-0.194382489,-0.231859742,-0.060276398,-0.22647649,-0.117683671,-0.237343458,-0.138204312,-0.126895569,-0.127080841,-0.095800478,-0.357408098,-0.190749795,-0.205364399,-0.112523088,0.699003582,-0.068291644,0.248641633,0.01843325,-0.121793854,-0.262772247,-0.12619813,-0.19553799,2.116894405,-0.475655131,4.658916466,-0.159569877,0.893513529,-0.19255991,-0.189402319,-0.124727662,-0.200075035,-0.332884107,-0.243821637,-0.237588017,-0.222493043,-0.084564295,-0.099232254,-0.469813347,-0.193196458,-0.235560672,-0.122939669,-0.178535857,-0.124836404,-0.279157922,-0.09729191,-0.134446813,1.476299364,-0.183378896,0.055773748,-0.129789164,-0.234621665,-0.079157353,-0.071834471,-0.45707922,-0.20793647,-0.134967248,-0.385632853,-0.132231389,-0.156198835,-0.128607861,-0.174589471,-0.244087344
2001/01/21,-0.082659443,-0.130485729,-0.165848098,-0.157006422,-0.113390341,0.093050067,16.24479833,-0.134672834,-0.136274211,-0.233279447,-0.198122883,-0.191737994,-0.194892727,-0.122599122,-0.15866319,-0.170503902,-0.218248826,-0.139782736,-0.124788757,-0.171017742,-0.197529694,-0.099590588,-0.083501058,-0.181840622,-0.174510259,-0.267696748,-0.200561007,-0.218001746,-0.170086079,-0.235926842,-0.340060754,-0.214293457,-0.155748504,-0.088868321,-0.178347691,-0.195397044,-0.132023669,-0.194382489,-0.231859742,-0.060276398,-0.22647649,-0.117683671,-0.237343458,-0.138204312,-0.126895569,-0.127080841,-0.095800478,0.128012968,-0.190749795,-0.205364399,-0.112523088,0.665270846,-0.068291644,0.215954086,0.257464257,-0.121793854,-0.262772247,-0.12619813,0.466882591,-0.088951807,-0.475655131,19.68576665,-0.159569877,-0.140866852,-0.19255991,0.92232858,-0.124727662,-0.200075035,-0.332884107,-0.243821637,-0.180562634,-0.222493043,-0.084564295,-0.113042508,-0.469813347,-0.193196458,-0.235560672,-0.122939669,-0.178535857,0.909508831,0.640438946,-0.09729191,-0.134446813,-0.190354029,-0.183378896,2.435433447,-0.129789164,-0.234621665,-0.079157353,-0.071834471,-0.45707922,-0.20793647,-0.134967248,1.651128829,-0.132231389,-0.156198835,-0.128607861,-0.174589471,-0.244087344
2001/02/07,-0.082659443,-0.130485729,-0.165848098,-0.157006422,-0.113390341,-0.102005777,-0.091110617,-0.134672834,-0.136274211,-0.233279447,-0.198122883,-0.191737994,-0.194892727,-0.122599122,-0.15866319,-0.170503902,-0.299978866,-0.139782736,-0.124788757,-0.171017742,-0.197529694,-0.099590588,-0.083501058,-0.181840622,-0.174510259,-0.267696748,-0.237593927,-0.168419483,-0.170086079,-0.05466488,3.431685969,-0.214293457,-0.155748504,-0.088868321,-0.178347691,-0.195397044,-0.132023669,-0.194382489,-0.231859742,0.017523714,-0.22647649,-0.117683671,-0.237343458,-0.138204312,-0.126895569,-0.127080841,-0.095800478,-0.357408098,-0.190749795,-0.205364399,-0.112523088,0.388662414,-0.068291644,-0.132713078,-0.127368654,-0.121793854,-0.262772247,-0.12619813,-0.19553799,0.164263676,-0.475655131,4.225449633,-0.159569877,-0.195307925,-0.19255991,-0.189402319,-0.124727662,-0.200075035,-0.332884107,-0.243821637,-0.199571095,-0.222493043,-0.084564295,-0.126852763,-0.469813347,-0.193196458,-0.235560672,-0.122939669,-0.178535857,-0.14416996,0.230157267,-0.09729191,-0.134446813,-0.190354029,-0.183378896,0.381894135,-0.129789164,-0.234621665,-0.079157353,-0.071834471,-0.45707922,-0.20793647,-0.134967248,3.070104977,-0.132231389,-0.156198835,-0.128607861,-0.174589471,-0.244087344
2001/02/21,-0.082659443,-0.130485729,-0.165848098,-0.157006422,-0.113390341,-0.102005777,-0.091110617,-0.134672834,-0.136274211,-0.233279447,-0.198122883,-0.191737994,-0.194892727,-0.122599122,-0.15866319,-0.170503902,-0.209418224,-0.139782736,-0.124788757,-0.171017742,-0.197529694,-0.099590588,-0.083501058,-0.181840622,-0.174510259,-0.267696748,-0.163528087,-0.166512473,-0.170086079,-0.235926842,0.917188154,-0.214293457,-0.155748504,-0.077909649,-0.178347691,-0.195397044,-0.132023669,-0.194382489,-0.231859742,-0.060276398,-0.22647649,-0.117683671,-0.237343458,-0.138204312,-0.126895569,-0.057024935,-0.095800478,-0.195601076,-0.190749795,-0.205364399,-0.112523088,-0.110582073,-0.068291644,-0.109105405,-0.111246328,-0.121793854,-0.262772247,-0.12619813,-0.19553799,0.411388064,-0.475655131,-0.003260131,-0.159569877,-0.050131731,-0.19255991,-0.189402319,-0.124727662,-0.200075035,-0.332884107,-0.243821637,-0.231251864,-0.222493043,-0.084564295,-0.043991237,-0.235864987,-0.193196458,-0.235560672,-0.122939669,-0.178535857,-0.131280923,-0.269726159,-0.09729191,-0.07727433,-0.190354029,-0.183378896,0.19958378,-0.129789164,-0.234621665,-0.079157353,-0.071834471,-0.45707922,-0.20793647,-0.134967248,-0.253066373,-0.132231389,-0.156198835,-0.128607861,-0.174589471,-0.244087344
2001/03/07,-0.082659443,-0.130485729,-0.165848098,-0.157006422,-0.113390341,-0.232043006,-0.091110617,-0.134672834,-0.136274211,-0.233279447,-0.198122883,-0.191737994,-0.194892727,-0.122599122,-0.15866319,-0.170503902,0.020177431,-0.139782736,-0.124788757,-0.171017742,-0.197529694,-0.099590588,-0.083501058,-0.181840622,-0.174510259,-0.267696748,0.083358047,0.09347657,-0.170086079,-0.235926842,-0.340060754,-0.214293457,-0.155748504,-0.088868321,-0.178347691,-0.195397044,-0.132023669,-0.194382489,-0.231859742,-0.060276398,-0.22647649,-0.117683671,-0.237343458,-0.138204312,-0.126895569,-0.127080841,-0.095800478,-0.357408098,-0.190749795,-0.205364399,-0.112523088,-0.110582073,-0.068291644,-0.132713078,-0.008203636,-0.121793854,-0.262772247,-0.12619813,-0.19553799,0.014596793,-0.475655131,-0.041790516,-0.159569877,-0.166272686,-0.19255991,-0.189402319,-0.124727662,-0.200075035,-0.332884107,-0.243821637,-0.237588017,-0.222493043,-0.084564295,-0.126852763,-0.469813347,-0.193196458,-0.235560672,-0.122939669,-0.178535857,-0.14416996,-0.279157922,-0.09729191,-0.134446813,-0.190354029,-0.183378896,0.681970186,-0.129789164,-0.234621665,-0.079157353,-0.071834471,-0.45707922,-0.20793647,-0.134967248,-0.347021257,-0.132231389,-0.156198835,-0.128607861,-0.174589471,-0.244087344
2001/03/21,-0.082659443,-0.130485729,-0.165848098,-0.157006422,-0.113390341,-0.102005777,-0.091110617,-0.134672834,-0.136274211,-0.233279447,-0.198122883,-0.191737994,-0.194892727,-0.122599122,-0.15866319,-0.170503902,-0.340562059,-0.139782736,-0.124788757,-0.171017742,-0.197529694,-0.099590588,-0.083501058,-0.181840622,-0.174510259,-0.267696748,-0.089462247,-0.218001746,-0.170086079,-0.235926842,-0.340060754,-0.214293457,-0.155748504,-0.088868321,-0.178347691,-0.195397044,-0.132023669,-0.194382489,-0.231859742,-0.060276398,-0.22647649,-0.117683671,-0.237343458,-0.138204312,-0.126895569,-0.127080841,-0.095800478,-0.357408098,-0.190749795,-0.205364399,-0.112523088,-0.110582073,-0.068291644,-0.132713078,-0.146294863,-0.121793854,-0.262772247,-0.12619813,-0.19553799,-0.357830102,-0.475655131,-0.10921869,-0.159569877,-0.195307925,-0.19255991,-0.189402319,-0.124727662,-0.200075035,-0.332884107,-0.243821637,-0.180562634,-0.222493043,-0.084564295,-0.126852763,-0.469813347,-0.193196458,-0.235560672,-0.122939669,-0.178535857,-0.14416996,-0.279157922,-0.09729191,-0.134446813,-0.190354029,-0.183378896,-0.249964115,-0.129789164,-0.234621665,-0.079157353,-0.071834471,-0.45707922,-0.20793647,-0.134967248,-0.40493865,-0.132231389,-0.156198835,-0.128607861,-0.174589471,-0.244087344
2001/04/07,-0.082659443,-0.130485729,-0.165848098,-0.157006422,-0.113390341,-0.492117464,-0.091110617,-0.134672834,-0.136274211,-0.233279447,-0.198122883,-0.191737994,-0.194892727,-0.122599122,-0.15866319,-0.170503902,-0.337180126,-0.139782736,-0.124788757,-0.171017742,-0.197529694,-0.099590588,-0.083501058,-0.181840622,-0.174510259,-0.267696748,-0.237593927,-0.218001746,-0.170086079,-0.235926842,-0.340060754,-0.214293457,-0.155748504,-0.088868321,-0.178347691,-0.195397044,-0.132023669,-0.194382489,-0.231859742,-0.060276398,-0.22647649,-0.117683671,-0.237343458,-0.138204312,-0.126895569,-0.127080841,-0.095800478,-0.357408098,-0.190749795,-0.205364399,-0.112523088,-0.110582073,-0.068291644,-0.132713078,-0.146294863,-0.121793854,-0.262772247,-0.12619813,-0.19553799,-0.347388227,-0.475655131,-0.10921869,-0.159569877,-0.195307925,-0.19255991,-0.189402319,-0.124727662,-0.200075035,-0.332884107,-0.243821637,-0.218579556,-0.222493043,-0.084564295,-0.126852763,-0.469813347,-0.193196458,-0.235560672,-0.122939669,-0.178535857,-0.14416996,-0.279157922,-0.09729191,-0.134446813,-0.190354029,-0.183378896,-0.249964115,-0.129789164,-0.234621665,-0.079157353,-0.071834471,-0.45707922,-0.20793647,-0.134967248,-0.40493865,-0.132231389,-0.156198835,-0.128607861,-0.174589471,-0.244087344
2001/04/21,-0.082659443,-0.130485729,-0.165848098,-0.157006422,-0.113390341,-0.492117464,-0.091110617,-0.134672834,-0.136274211,-0.233279447,-0.198122883,-0.191737994,5.820584195,-0.122599122,-0.15866319,-0.170503902,-0.297160589,-0.139782736,-0.124788757,2.702329565,-0.197529694,-0.099590588,-0.083501058,-0.181840622,-0.174510259,0.409975376,-0.089462247,-0.218001746,-0.170086079,-0.235926842,-0.340060754,-0.214293457,-0.155748504,-0.039554297,-0.178347691,-0.195397044,-0.132023669,-0.194382489,-0.231859742,-0.060276398,-0.22647649,-0.117683671,-0.237343458,-0.138204312,-0.126895569,-0.127080841,-0.095800478,-0.357408098,-0.190749795,-0.205364399,-0.112523088,-0.110582073,-0.068291644,-0.132713078,-0.128770595,-0.121793854,-0.262772247,-0.12619813,-0.19553799,0.070286796,-0.475655131,-0.10921869,-0.159569877,0.095044463,-0.19255991,-0.189402319,-0.124727662,-0.200075035,-0.332884107,-0.243821637,-0.199571095,0.509489552,-0.084564295,-0.126852763,-0.469813347,-0.193196458,-0.235560672,-0.122939669,-0.178535857,-0.134503182,-0.222567345,-0.09729191,-0.134446813,-0.190354029,-0.183378896,-0.137860232,-0.129789164,0.495417077,-0.079157353,-0.071834471,-0.45707922,-0.20793647,-0.134967248,0.039094702,-0.132231389,-0.156198835,-0.128607861,-0.174589471,1.567560288
2001/05/07,-0.082659443,-0.130485729,-0.165848098,-0.157006422,-0.113390341,-0.102005777,-0.091110617,-0.134672834,-0.136274211,-0.233279447,-0.198122883,-0.191737994,-0.194892727,-0.122599122,-0.15866319,-0.170503902,-0.308997354,-0.139782736,-0.124788757,-0.171017742,-0.197529694,-0.099590588,-0.083501058,-0.181840622,-0.174510259,-0.267696748,-0.163528087,-0.218001746,-0.170086079,-0.235926842,-0.340060754,-0.214293457,-0.155748504,-0.055992305,-0.178347691,-0.195397044,-0.132023669,-0.194382489,-0.231859742,-0.060276398,-0.22647649,-0.117683671,-0.237343458,-0.138204312,-0.126895569,-0.127080841,-0.095800478,-0.357408098,-0.190749795,-0.205364399,-0.112523088,-0.110582073,-0.068291644,-0.132713078,-0.146294863,-0.121793854,-0.262772247,-0.12619813,-0.19553799,-0.284736973,-0.475655131,-0.10921869,-0.159569877,-0.166272686,-0.19255991,-0.189402319,-0.124727662,-0.200075035,-0.332884107,-0.243821637,-0.180562634,-0.222493043,-0.084564295,-0.126852763,-0.469813347,-0.193196458,-0.235560672,-0.122939669,-0.178535857,-0.124836404,-0.279157922,-0.09729191,-0.134446813,-0.190354029,-0.183378896,-0.249964115,-0.129789164,-0.234621665,-0.079157353,-0.071834471,-0.45707922,-0.20793647,-0.134967248,0.116317894,-0.132231389,-0.156198835,-0.128607861,-0.174589471,-0.244087344
2001/05/21,-0.082659443,-0.130485729,-0.165848098,-0.157006422,-0.113390341,-0.232043006,-0.091110617,-0.134672834,-0.136274211,-0.233279447,-0.198122883,-0.191737994,-0.194892727,-0.122599122,-0.15866319,-0.170503902,-0.338683208,-0.139782736,-0.124788757,-0.171017742,-0.197529694,-0.099590588,-0.083501058,-0.181840622,-0.174510259,-0.267696748,-0.237593927,-0.218001746,-0.170086079,-0.235926842,-0.340060754,-0.214293457,-0.155748504,-0.088868321,-0.178347691,-0.195397044,-0.132023669,-0.194382489,-0.231859742,-0.060276398,-0.22647649,-0.117683671,-0.237343458,-0.138204312,-0.126895569,-0.127080841,-0.095800478,-0.357408098,-0.190749795,-0.205364399,-0.112523088,-0.110582073,-0.068291644,-0.132713078,-0.146294863,-0.121793854,-0.262772247,-0.12619813,-0.19553799,-0.300399787,-0.475655131,-0.10921869,-0.159569877,-0.195307925,-0.19255991,-0.189402319,-0.124727662,-0.200075035,-0.332884107,-0.243821637,-0.17422648,-0.222493043,-0.084564295,-0.126852763,-0.469813347,-0.193196458,-0.235560672,-0.122939669,-0.178535857,-0.14416996,-0.279157922,-0.09729191,-0.134446813,-0.190354029,-0.183378896,-0.23411104,-0.129789164,-0.234621665,-0.079157353,-0.071834471,-0.45707922,-0.20793647,-0.134967248,-0.401077491,-0.132231389,-0.156198835,-0.128607861,-0.174589471,-0.244087344
2001/06/07,-0.082659443,-0.130485729,-0.165848098,-0.157006422,-0.113390341,-0.492117464,-0.091110617,-0.134672834,-0.136274211,-0.233279447,-0.198122883,-0.191737994,-0.194892727,-0.122599122,-0.15866319,-0.170503902,-0.339434748,-0.139782736,-0.124788757,-0.171017742,-0.197529694,-0.099590588,-0.083501058,-0.181840622,-0.174510259,-0.267696748,-0.237593927,-0.218001746,-0.170086079,-0.235926842,-0.340060754,-0.214293457,-0.155748504,-0.088868321,-0.178347691,-0.195397044,-0.132023669,-0.194382489,-0.231859742,-0.060276398,-0.22647649,-0.117683671,-0.237343458,-0.138204312,-0.126895569,-0.127080841,-0.095800478,-0.357408098,-0.190749795,-0.205364399,-0.112523088,-0.110582073,-0.068291644,-0.127265153,-0.146294863,-0.121793854,-0.262772247,-0.12619813,-0.19553799,-0.41003948,-0.475655131,-0.10921869,-0.159569877,-0.180790306,-0.19255991,-0.189402319,-0.124727662,-0.200075035,-0.332884107,-0.243821637,-0.218579556,-0.222493043,-0.084564295,-0.126852763,-0.469813347,-0.193196458,-0.235560672,-0.122939669,-0.178535857,-0.14416996,-0.279157922,-0.09729191,-0.134446813,-0.190354029,-0.183378896,-0.232978678,-0.129789164,-0.234621665,-0.079157353,-0.071834471,-0.45707922,-0.20793647,-0.134967248,-0.401077491,-0.132231389,-0.156198835,-0.128607861,-0.174589471,-0.244087344
2001/06/21,-0.082659443,-0.130485729,-0.165848098,-0.157006422,-0.113390341,-0.232043006,-0.091110617,-0.134672834,-0.136274211,-0.233279447,-0.198122883,-0.191737994,-0.194892727,-0.122599122,-0.15866319,-0.170503902,-0.339058978,-0.139782736,-0.124788757,-0.171017742,-0.197529694,-0.099590588,-0.083501058,-0.181840622,-0.174510259,-0.267696748,-0.237593927,-0.218001746,-0.170086079,-0.235926842,-0.340060754,-0.214293457,-0.155748504,-0.088868321,-0.178347691,-0.195397044,-0.132023669,-0.194382489,-0.231859742,-0.034343028,-0.22647649,-0.117683671,-0.237343458,-0.138204312,-0.126895569,-0.127080841,-0.095800478,-0.357408098,-0.190749795,-0.205364399,-0.112523088,-0.110582073,-0.068291644,-0.132713078,-0.144659264,-0.121793854,-0.262772247,-0.12619813,-0.19553799,-0.338686664,-0.475655131,-0.10921869,-0.159569877,-0.195307925,-0.19255991,-0.189402319,-0.124727662,1.096264309,-0.332884107,-0.243821637,-0.17422648,-0.222493043,-0.084564295,-0.126852763,-0.469813347,-0.193196458,-0.235560672,-0.122939669,-0.178535857,-0.14416996,-0.279157922,-0.09729191,-0.134446813,-0.190354029,-0.183378896,-0.226184503,-0.129789164,-0.234621665,-0.079157353,-0.071834471,-0.45707922,-0.20793647,-0.134967248,-0.395929278,-0.132231389,-0.156198835,-0.128607861,-0.174589471,-0.244087344
2001/07/07,-0.082659443,-0.130485729,-0.165848098,-0.148786385,-0.074060464,0.018028589,-0.013780871,-0.117657512,-0.136274211,-0.233279447,-0.198122883,-0.191737994,-0.194892727,-0.122599122,-0.15866319,-0.170503902,-0.3382424,-0.138293785,-0.124788757,-0.171017742,0.308556934,-0.099590588,-0.083501058,0.035206933,-0.174510259,0.097203627,-0.18346889,-0.218001746,-0.074654714,-0.126704891,-0.267527163,0.610876302,-0.155748504,-0.080438573,-0.178347691,-0.116393459,-0.132023669,-0.194382489,-0.135362747,-0.058780242,-0.205110646,-0.117683671,-0.080666732,-0.138204312,-0.126895569,-0.127080841,-0.086074963,-0.26094622,0.27176429,-0.205364399,-0.112523088,-0.110582073,-0.067940488,-0.130827258,-0.145575918,-0.121793854,-0.220805909,-0.125786931,-0.093627132,-0.381926738,-0.011573759,-0.10921869,-0.159569877,-0.191957705,-0.19255991,-0.189402319,0.055590659,0.398235432,-0.084973161,0.579804047,-0.025692416,-0.194339867,-0.084564295,-0.124728108,-0.456316326,-0.193196458,-0.235560672,-0.122939669,-0.17578256,-0.143178496,-0.270451679,-0.09729191,-0.128674591,-0.190354029,-0.183378896,-0.243953883,-0.129789164,-0.227602062,-0.079157353,-0.071834471,-0.304439435,-0.185041076,-0.134967248,-0.3867714,-0.120493568,-0.113034853,0.349616732,-0.174589471,-0.244087344
2001/07/21,-0.082659443,-0.130485729,-0.150944049,-0.157006422,0.324856868,0.524959435,-0.091110617,-0.134672834,-0.136274211,0.016300402,-0.012106025,-0.191737994,-0.194892727,-0.122599122,-0.158149818,-0.170503902,-0.33293258,-0.127339356,-0.108153991,-0.171017742,0.205273949,0.078313119,-0.068778092,-0.020605295,-0.174510259,0.234506701,-0.184689755,-0.217729316,-0.143501627,-0.119940765,0.468170686,0.36037834,0.214485889,-0.087107106,-0.178347691,-0.195397044,-0.132023669,-0.194382489,-0.14225539,-0.060276398,-0.190799815,-0.117683671,-0.128628995,-0.119295748,-0.122519527,-0.127080841,-0.089779921,-0.212937543,-0.147802059,0.788567455,-0.112523088,-0.110582073,-0.068291644,-0.132583365,-0.142527145,-0.033643604,-0.175092577,-0.118561581,-0.065419662,-0.330233717,-0.085720887,-0.10921869,-0.09556973,-0.183166702,-0.151394273,-0.189402319,0.444563037,-0.200075035,0.10833835,0.096087375,-0.2033049,0.012787076,-0.084564295,-0.126852763,-0.428036854,-0.162420652,-0.233550345,-0.017989237,-0.178216278,-0.141408024,-0.251873179,-0.09729191,-0.132915407,-0.190354029,-0.136185041,-0.191384579,-0.129789164,-0.182476041,-0.078666232,-0.061616162,0.25554263,0.174743685,-0.134967248,-0.285012872,-0.132231389,-0.041682149,-0.128607861,-0.174589471,0.144122863
2001/08/07,-0.082659443,-0.130485729,-0.165848098,-0.157006422,-0.113390341,0.028031452,-0.091110617,-0.134672834,-0.136274211,2.096132475,1.538034456,-0.191737994,-0.194892727,-0.122599122,-0.15866319,-0.170503902,-0.333422423,-0.139782736,-0.124788757,-0.171017742,-0.197529694,-0.099590588,-0.083501058,-0.181840622,-0.174510259,-0.267696748,-0.163528087,-0.218001746,-0.170086079,-0.05466488,-0.340060754,-0.214293457,-0.155748504,-0.088868321,-0.178347691,-0.195397044,-0.132023669,-0.194382489,-0.231859742,-0.060276398,-0.22647649,-0.117683671,-0.237343458,-0.138204312,-0.126895569,-0.127080841,-0.095800478,-0.357408098,-0.190749795,-0.205364399,-0.112523088,-0.110582073,-0.068291644,-0.132713078,-0.146294863,-0.121793854,-0.262772247,-0.12619813,-0.19553799,-0.288217599,-0.475655131,-0.10921869,-0.159569877,-0.185629512,-0.19255991,-0.189402319,-0.124727662,-0.200075035,-0.332884107,-0.243821637,-0.212243403,-0.222493043,-0.084564295,-0.126852763,-0.469813347,-0.193196458,-0.235560672,-0.122939669,-0.178535857,-0.14416996,-0.279157922,-0.09729191,-0.134446813,-0.190354029,-0.183378896,-0.231846316,-0.129789164,-0.234621665,-0.079157353,-0.071834471,-0.45707922,-0.20793647,-0.134967248,-0.38048464,-0.132231389,-0.156198835,-0.128607861,-0.174589471,-0.244087344
2001/08/21,-0.082659443,-0.130485729,-0.165848098,-0.157006422,-0.113390341,-0.492117464,-0.091110617,-0.134672834,-0.136274211,-0.233279447,-0.198122883,-0.191737994,-0.194892727,-0.122599122,-0.15866319,-0.170503902,-0.315197564,-0.139782736,-0.124788757,-0.171017742,-0.197529694,0.2117409,-0.083501058,-0.181840622,-0.174510259,-0.267696748,-0.200561007,-0.218001746,-0.170086079,-0.235926842,-0.340060754,-0.214293457,-0.155748504,-0.088868321,-0.178347691,-0.195397044,-0.132023669,-0.194382489,-0.231859742,-0.060276398,-0.22647649,-0.117683671,-0.103049122,-0.138204312,-0.126895569,-0.127080841,-0.095800478,-0.357408098,-0.190749795,-0.205364399,-0.112523088,-0.110582073,-0.068291644,-0.132713078,-0.145593892,-0.121793854,-0.262772247,-0.12619813,-0.19553799,-0.154213529,-0.425379649,-0.10921869,-0.159569877,-0.166272686,-0.19255991,-0.189402319,-0.124727662,2.392603653,-0.332884107,-0.243821637,-0.209075326,-0.222493043,-0.084564295,-0.126852763,-0.469813347,-0.193196458,-0.235560672,-0.122939669,-0.178535857,-0.14416996,-0.279157922,-0.09729191,-0.134446813,-0.190354029,-0.183378896,-0.239772853,-0.129789164,-0.234621665,-0.079157353,-0.071834471,-0.45707922,-0.20793647,-0.134967248,-0.354743576,-0.132231389,-0.156198835,-0.128607861,-0.174589471,-0.244087344
2001/09/07,-0.082659443,-0.130485729,-0.165848098,-0.157006422,-0.113390341,0.093050067,-0.091110617,-0.134672834,-0.136274211,-0.233279447,-0.198122883,-0.191737994,-0.194892727,-0.122599122,-0.15866319,-0.170503902,-0.332107227,-0.139782736,-0.124788757,-0.171017742,-0.197529694,-0.099590588,-0.083501058,-0.181840622,-0.174510259,-0.267696748,-0.237593927,-0.218001746,-0.170086079,-0.235926842,-0.340060754,-0.214293457,-0.155748504,-0.088868321,-0.178347691,-0.195397044,-0.132023669,-0.194382489,-0.231859742,-0.060276398,-0.22647649,-0.117683671,-0.237343458,-0.138204312,-0.126895569,-0.127080841,-0.095800478,-0.357408098,-0.190749795,-0.205364399,-0.112523088,-0.110582073,-0.068291644,-0.132713078,-0.146294863,-0.121793854,-0.262772247,-0.12619813,-0.19553799,-0.349998696,-0.475655131,-0.10921869,-0.159569877,-0.195307925,-0.19255991,-0.189402319,-0.124727662,-0.200075035,-0.332884107,-0.243821637,-0.209075326,-0.222493043,-0.084564295,-0.126852763,-0.469813347,-0.193196458,-0.235560672,-0.122939669,-0.178535857,-0.14416996,-0.279157922,-0.09729191,-0.134446813,-0.190354029,-0.183378896,-0.249964115,-0.129789164,-0.234621665,-0.079157353,-0.071834471,-0.291719453,-0.20793647,-0.134967248,-0.377910533,-0.132231389,-0.156198835,-0.128607861,-0.174589471,-0.244087344
2001/09/21,-0.082659443,-0.130485729,-0.165848098,-0.157006422,-0.113390341,-0.492117464,-0.091110617,-0.134672834,-0.136274211,-0.233279447,-0.198122883,-0.191737994,-0.194892727,-0.122599122,-0.15866319,-0.170503902,-0.318015841,-0.139782736,-0.124788757,-0.171017742,-0.197529694,-0.099590588,-0.083501058,-0.181840622,-0.174510259,-0.267696748,-0.089462247,-0.218001746,-0.170086079,-0.235926842,-0.340060754,-0.214293457,-0.155748504,-0.088868321,-0.178347691,-0.195397044,-0.132023669,-0.194382489,-0.231859742,-0.060276398,-0.22647649,-0.117683671,-0.237343458,-0.138204312,-0.126895569,-0.127080841,-0.095800478,-0.357408098,-0.190749795,-0.205364399,-0.112523088,-0.110582073,-0.068291644,-0.132713078,-0.146294863,-0.121793854,-0.262772247,-0.12619813,-0.19553799,-0.065457587,-0.475655131,-0.10921869,-0.159569877,-0.195307925,-0.19255991,-0.189402319,-0.124727662,-0.200075035,-0.332884107,-0.243821637,-0.161554173,-0.222493043,-0.084564295,-0.126852763,-0.469813347,-0.193196458,-0.235560672,-0.122939669,-0.178535857,-0.14416996,-0.279157922,-0.09729191,-0.134446813,-0.190354029,-0.183378896,-0.236375765,-0.129789164,-0.234621665,-0.079157353,-0.071834471,-0.45707922,-0.20793647,-0.134967248,-0.401077491,-0.132231389,-0.156198835,-0.128607861,-0.174589471,-0.244087344
2001/10/07,-0.082659443,-0.130485729,-0.165848098,-0.157006422,-0.113390341,0.288105911,-0.091110617,-0.134672834,-0.136274211,-0.233279447,-0.198122883,-0.191737994,-0.194892727,-0.122599122,-0.15866319,-0.170503902,4.602696273,-0.139782736,-0.124788757,-0.171017742,-0.197529694,-0.099590588,-0.083501058,-0.181840622,-0.174510259,-0.267696748,-0.015396407,-0.218001746,-0.170086079,-0.235926842,-0.340060754,-0.214293457,-0.155748504,-0.088868321,-0.178347691,-0.195397044,-0.132023669,-0.194382489,-0.231859742,-0.060276398,-0.22647649,-0.117683671,-0.237343458,-0.138204312,-0.126895569,-0.127080841,-0.095800478,-0.357408098,-0.190749795,-0.205364399,-0.112523088,-0.110582073,-0.068291644,-0.132713078,-0.146294863,-0.121793854,-0.262772247,-0.12619813,-0.19553799,0.300008058,-0.375104167,-0.10921869,-0.159569877,-0.195307925,-0.19255991,-0.189402319,-0.124727662,-0.200075035,-0.332884107,-0.243821637,-0.047503407,-0.222493043,-0.084564295,-0.126852763,1.635721894,-0.193196458,-0.235560672,-0.122939669,-0.178535857,-0.14416996,-0.279157922,-0.09729191,-0.091567451,-0.190354029,-0.183378896,-0.141257319,-0.129789164,-0.234621665,-0.079157353,-0.071834471,-0.45707922,-0.20793647,-0.134967248,-0.40493865,-0.132231389,-0.156198835,-0.128607861,-0.174589471,-0.244087344
2001/10/21,-0.082659443,-0.130485729,-0.165848098,-0.157006422,0.075975737,-0.394589543,3.678714524,-0.134672834,-0.136274211,-0.233279447,-0.198122883,-0.191737994,-0.194892727,-0.122599122,-0.15866319,-0.170503902,0.033423335,-0.139782736,-0.124788757,-0.171017742,-0.197529694,-0.099590588,-0.083501058,-0.181840622,-0.174510259,-0.267696748,-0.145011627,-0.218001746,-0.170086079,0.217228063,-0.340060754,-0.214293457,-0.155748504,-0.088868321,-0.178347691,-0.195397044,-0.132023669,-0.194382489,-0.231859742,-0.060276398,-0.22647649,-0.117683671,-0.237343458,-0.138204312,-0.126895569,-0.127080841,-0.095800478,-0.357408098,-0.190749795,-0.205364399,-0.112523088,-0.083595885,-0.068291644,-0.132713078,-0.146294863,-0.121793854,-0.262772247,-0.12619813,-0.19553799,-0.158129232,-0.475655131,-0.10921869,-0.159569877,-0.180790306,-0.19255991,-0.189402319,-0.124727662,-0.200075035,-0.332884107,-0.243821637,-0.232835902,-0.222493043,-0.084564295,-0.126852763,-0.469813347,-0.193196458,-0.235560672,-0.122939669,-0.178535857,-0.120003015,-0.243788811,-0.09729191,0.36938569,-0.190354029,-0.183378896,-0.24316994,-0.129789164,-0.234621665,-0.079157353,-0.071834471,-0.45707922,-0.20793647,-0.134967248,-0.367292345,-0.132231389,-0.156198835,-0.128607861,-0.174589471,-0.244087344
2001/11/07,-0.082659443,-0.130485729,-0.165848098,-0.157006422,0.189595384,-0.492117464,-0.091110617,-0.134672834,-0.136274211,-0.233279447,-0.198122883,-0.191737994,-0.194892727,-0.122599122,-0.15866319,-0.170503902,-0.236849456,-0.139782736,-0.124788757,5.575676873,-0.197529694,-0.099590588,-0.083501058,-0.181840622,-0.174510259,-0.267696748,-0.163528087,-0.218001746,-0.170086079,0.126597082,-0.340060754,-0.214293457,-0.155748504,-0.088868321,-0.178347691,-0.195397044,-0.132023669,-0.194382489,-0.231859742,-0.060276398,-0.22647649,-0.117683671,-0.237343458,-0.138204312,-0.126895569,-0.127080841,-0.095800478,-0.357408098,-0.190749795,-0.205364399,-0.112523088,-0.110582073,-0.068291644,-0.132713078,-0.144892921,-0.121793854,-0.262772247,-0.12619813,-0.19553799,0.070286796,-0.475655131,-0.10921869,-0.159569877,-0.122719828,-0.19255991,-0.189402319,-0.124727662,-0.200075035,-0.332884107,-0.243821637,-0.237588017,-0.222493043,-0.084564295,-0.126852763,-0.469813347,-0.193196458,-0.235560672,-0.122939669,-0.178535857,0.068499154,0.145271402,-0.09729191,5.204033746,-0.190354029,-0.183378896,-0.008770912,-0.129789164,-0.234621665,-0.079157353,-0.071834471,-0.45707922,-0.20793647,-0.134967248,-0.123074001,-0.132231389,-0.156198835,-0.128607861,-0.174589471,-0.244087344
2001/11/21,-0.082659443,-0.130485729,-0.165848098,-0.157006422,-0.113390341,-0.492117464,-0.091110617,-0.134672834,-0.136274211,-0.233279447,-0.198122883,-0.191737994,-0.194892727,-0.122599122,-0.15866319,-0.170503902,-0.257704707,-0.139782736,-0.124788757,-0.171017742,-0.197529694,-0.099590588,-0.083501058,-0.181840622,-0.174510259,-0.267696748,-0.052429327,0.401776535,-0.170086079,-0.145295861,-0.340060754,-0.214293457,-0.155748504,-0.039554297,-0.178347691,-0.195397044,-0.132023669,-0.194382489,-0.231859742,-0.060276398,-0.22647649,-0.117683671,-0.237343458,-0.138204312,-0.126895569,-0.127080841,-0.095800478,-0.357408098,-0.190749795,-0.205364399,-0.112523088,0.847427619,-0.068291644,-0.132713078,-0.146294863,-0.121793854,-0.262772247,-0.12619813,-0.19553799,0.373101187,-0.475655131,0.035270254,-0.159569877,6.80E-04,-0.19255991,-0.189402319,-0.124727662,-0.200075035,-0.332884107,-0.243821637,-0.237588017,-0.222493043,-0.084564295,-0.126852763,0.582954274,-0.193196458,-0.235560672,-0.122939669,-0.178535857,0.706506495,1.899579272,-0.09729191,-0.091567451,-0.190354029,-0.183378896,4.00998344,-0.129789164,-0.234621665,-0.079157353,-0.071834471,-0.374399337,5.744865941,-0.134967248,0.863452274,-0.132231389,-0.156198835,-0.128607861,-0.174589471,-0.244087344
2001/12/07,-0.082659443,-0.130485729,-0.165848098,-0.157006422,-0.113390341,-0.492117464,-0.091110617,-0.134672834,-0.136274211,-0.233279447,-0.198122883,-0.191737994,-0.194892727,-0.122599122,-0.15866319,-0.170503902,0.311023646,-0.139782736,-0.124788757,-0.171017742,-0.197529694,-0.099590588,-0.083501058,-0.181840622,-0.174510259,-0.267696748,-0.237593927,4.576221627,-0.170086079,-0.235926842,-0.340060754,-0.214293457,-0.155748504,0.207015821,-0.178347691,-0.195397044,-0.132023669,-0.194382489,-0.231859742,-0.060276398,-0.22647649,-0.117683671,-0.237343458,-0.138204312,-0.126895569,-0.127080841,-0.095800478,-0.357408098,-0.190749795,-0.205364399,-0.112523088,-0.056609696,-0.068291644,-0.132713078,-0.13367739,-0.121793854,-0.262772247,-0.12619813,-0.19553799,1.161462792,-0.475655131,0.613226031,-0.159569877,-0.195307925,-0.19255991,-0.189402319,-0.124727662,-0.200075035,-0.332884107,-0.243821637,-0.237588017,-0.222493043,-0.084564295,-0.126852763,-0.469813347,-0.193196458,-0.235560672,-0.122939669,-0.178535857,-0.14416996,-0.279157922,-0.09729191,-0.134446813,-0.190354029,-0.183378896,-0.249964115,-0.129789164,-0.234621665,-0.079157353,-0.071834471,-0.45707922,-0.20793647,-0.134967248,-0.265936905,-0.132231389,-0.156198835,-0.128607861,-0.174589471,-0.244087344
2001/12/21,-0.082659443,-0.130485729,-0.165848098,-0.157006422,0.360024854,1.068329286,-0.091110617,-0.134672834,-0.136274211,-0.233279447,-0.198122883,-0.191737994,0.933009196,-0.122599122,-0.15866319,-0.170503902,1.661542114,-0.139782736,-0.124788757,-0.171017742,-0.197529694,-0.099590588,-0.083501058,-0.181840622,-0.174510259,-0.267696748,0.466031553,0.802248654,-0.170086079,-0.05466488,-0.340060754,-0.214293457,-0.155748504,0.001540722,-0.178347691,-0.195397044,-0.132023669,0.016286875,-0.231859742,-0.060276398,-0.22647649,-0.117683671,-0.237343458,-0.138204312,-0.126895569,-0.127080841,-0.095800478,-0.357408098,-0.190749795,-0.205364399,-0.112523088,0.024348869,-0.068291644,-0.07414789,16.91813569,-0.121793854,-0.262772247,-0.12619813,-0.19553799,-0.132024543,-0.475655131,0.006372465,-0.159569877,0.793704896,-0.19255991,2.173025841,-0.124727662,-0.200075035,-0.332884107,-0.243821637,-0.218579556,-0.222493043,-0.084564295,-0.113042508,3.214873325,-0.193196458,-0.028314263,-0.122939669,-0.178535857,0.228000989,0.124049936,-0.09729191,-0.134446813,-0.190354029,-0.183378896,0.157686369,-0.129789164,4.510630163,-0.079157353,-0.071834471,-0.45707922,-0.20793647,-0.134967248,-0.050677258,-0.132231389,-0.156198835,4.844927907,-0.174589471,-0.244087344
2002/01/07,-0.082659443,-0.130485729,-0.165848098,-0.157006422,0.189595384,0.374797397,18.7673233,-0.134672834,-0.136274211,-0.233279447,-0.198122883,-0.191737994,-0.194892727,-0.122599122,-0.15866319,-0.170503902,0.998558043,-0.139782736,-0.124788757,-0.171017742,-0.197529694,-0.099590588,-0.083501058,-0.181840622,-0.174510259,-0.267696748,0.494834935,-0.087265609,-0.170086079,0.1467373,-0.340060754,-0.214293457,-0.155748504,-0.088868321,-0.178347691,9.960952686,-0.132023669,-0.194382489,21.04751465,-0.060276398,17.30950824,-0.117683671,-0.237343458,-0.138204312,-0.126895569,-0.103728873,-0.095800478,0.613434033,-0.190749795,-0.205364399,-0.112523088,0.187765233,-0.068291644,-0.132713078,5.509915545,-0.121793854,-0.060712102,-0.12619813,-0.19553799,-0.174517176,-0.419793484,0.022426793,-0.159569877,0.798342469,-0.19255991,2.219347962,-0.124727662,-0.200075035,-0.332884107,-0.243821637,-0.205907249,-0.059830244,-0.084564295,-0.126852763,0.07606616,-0.193196458,-0.208268964,-0.041311556,-0.178535857,-0.142021787,0.20814982,-0.09729191,-0.117771505,1.036488052,0.257097083,-0.096340275,-0.129789164,1.387686652,-0.079157353,-0.040044178,-0.38358599,-0.20793647,-0.134967248,-0.214883795,-0.132231389,-0.156198835,3.739697736,-0.174589471,-0.244087344
2002/01/21,-0.082659443,-0.130485729,-0.165848098,-0.157006422,-0.113390341,-0.362080235,-0.091110617,-0.134672834,-0.136274211,-0.233279447,-0.198122883,-0.191737994,-0.194892727,-0.122599122,-0.15866319,-0.170503902,3.282239429,-0.139782736,-0.124788757,-0.171017742,-0.197529694,-0.099590588,-0.083501058,-0.181840622,-0.174510259,-0.267696748,0.898082286,-0.153163402,-0.170086079,-0.235926842,-0.340060754,-0.214293457,-0.155748504,-0.088868321,-0.178347691,-0.195397044,-0.132023669,-0.194382489,-0.231859742,-0.008409657,-0.22647649,-0.117683671,-0.237343458,-0.138204312,-0.126895569,-0.127080841,-0.095800478,-0.357408098,-0.190749795,-0.205364399,-0.112523088,-0.092591281,-0.068291644,0.243193709,-0.119891633,-0.121793854,-0.262772247,-0.12619813,0.02526887,0.688097766,-0.475655131,-0.10921869,-0.159569877,3.075995644,-0.19255991,-0.189402319,-0.124727662,-0.200075035,-0.332884107,-0.243821637,-0.237588017,-0.222493043,-0.084564295,-0.126852763,-0.235864987,-0.193196458,-0.235560672,-0.122939669,-0.178535857,-0.137725442,-0.269726159,-0.09729191,-0.134446813,6.615147327,-0.183378896,-0.249964115,-0.129789164,-0.234621665,-0.079157353,-0.071834471,-0.45707922,-0.20793647,-0.134967248,-0.282668597,-0.132231389,-0.156198835,-0.128607861,-0.174589471,-0.244087344
2002/02/07,-0.082659443,-0.130485729,-0.165848098,-0.157006422,-0.113390341,1.068329286,-0.091110617,-0.134672834,-0.136274211,-0.233279447,-0.198122883,-0.191737994,-0.194892727,-0.122599122,-0.15866319,-0.170503902,16.26134569,-0.139782736,-0.124788757,-0.171017742,-0.197529694,-0.099590588,-0.083501058,-0.181840622,-0.174510259,-0.267696748,0.354932793,0.182470374,-0.170086079,-0.235926842,-0.340060754,-0.214293457,-0.155748504,-0.088868321,-0.178347691,-0.195397044,-0.132023669,-0.194382489,-0.231859742,-0.060276398,-0.22647649,-0.117683671,-0.237343458,-0.138204312,-0.126895569,-0.127080841,-0.095800478,-0.357408098,-0.190749795,-0.205364399,-0.112523088,0.010855775,-0.068291644,-0.06189006,-0.146294863,-0.121793854,0.464644275,-0.12619813,-0.19553799,-0.488353547,-0.475655131,-0.10921869,-0.159569877,4.21078956,-0.19255991,2.034059478,-0.124727662,-0.200075035,-0.332884107,-0.243821637,-0.142545712,-0.222493043,-0.084564295,-0.126852763,5.144947296,-0.193196458,-0.235560672,-0.122939669,-0.178535857,-0.105502849,-0.279157922,-0.09729191,-0.134446813,3.142952758,2.459476982,-0.249964115,-0.129789164,-0.234621665,-0.079157353,-0.071834471,-0.45707922,-0.20793647,-0.134967248,-0.296826182,-0.132231389,-0.156198835,-0.128607861,-0.174589471,-0.244087344
2002/02/21,-0.082659443,-0.130485729,-0.165848098,-0.157006422,-0.113390341,-0.492117464,-0.091110617,-0.134672834,-0.136274211,-0.233279447,-0.198122883,-0.191737994,-0.194892727,-0.122599122,-0.15866319,-0.170503902,2.319891684,-0.139782736,-0.124788757,-0.171017742,-0.197529694,-0.099590588,-0.083501058,-0.181840622,-0.174510259,-0.267696748,-0.089462247,-0.218001746,-0.170086079,-0.235926842,-0.340060754,-0.214293457,-0.155748504,-0.088868321,-0.178347691,-0.195397044,-0.132023669,-0.194382489,-0.231859742,-0.060276398,-0.22647649,-0.117683671,-0.237343458,-0.138204312,-0.126895569,-0.127080841,-0.095800478,-0.357408098,-0.190749795,-0.205364399,-0.112523088,-0.110582073,-0.068291644,-0.108197418,-0.146294863,-0.121793854,-0.262772247,-0.12619813,-0.19553799,6.037818678,-0.475655131,-0.10921869,-0.159569877,0.095044463,-0.19255991,-0.189402319,-0.124727662,-0.200075035,-0.332884107,-0.243821637,-0.237588017,-0.222493043,-0.084564295,-0.126852763,-0.469813347,-0.193196458,-0.235560672,-0.122939669,-0.178535857,-0.14416996,-0.279157922,-0.09729191,-0.134446813,-0.190354029,-0.183378896,-0.249964115,-0.129789164,-0.234621665,-0.079157353,-0.071834471,-0.45707922,-0.20793647,-0.134967248,-0.40493865,-0.132231389,-0.156198835,-0.128607861,-0.174589471,-0.244087344
2002/03/07,-0.080757995,-0.062847568,0.063288633,-0.011287582,-0.044529949,0.460346781,-0.082323146,-0.076620016,-0.090235026,-0.135541883,-0.066089938,0.015928428,-0.194892727,-0.091228677,-0.084101724,-0.048902048,0.121646548,-0.121012924,-0.07491354,-0.171017742,-0.112086497,-0.071287726,-0.083501058,0.073824486,-0.014023607,-0.064987482,0.565346495,0.673261909,-0.170086079,-0.20459985,0.259518864,-0.048187856,-0.155748504,0.03681429,0.248262649,-0.148713107,-0.118936721,-0.121160829,-0.160802864,0.039979656,-0.167698514,0.018169156,-0.097642467,-0.045644907,0.218480182,-0.055432755,0.758626579,-0.073090045,-0.093922171,-0.205364399,-0.064647546,-0.09905953,-0.065712702,-0.02392834,-0.104331,-0.121793854,0.030719609,-0.078715884,-0.11112238,0.228299269,0.292564027,0.239306157,0.141812632,0.845506401,0.247538178,0.668447726,-0.023562058,-0.200075035,0.203786747,-0.243821637,0.042444498,-0.1409768,-0.084564295,-0.114722227,0.841790322,-0.034315823,0.273110137,-0.122939669,0.090770529,0.195271075,0.103857389,-0.09729191,-0.067162947,0.242881157,-0.063249084,0.61702647,0.280601084,-0.120393575,-0.058440949,-0.022136334,0.558423436,0.09240947,0.003263929,1.016302939,0.308851526,0.375783222,-0.128607861,0.033040354,-0.008808431
2002/03/21,-0.082659443,-0.130485729,-0.165848098,-0.157006422,-0.113390341,0.190577989,-0.091110617,-0.134672834,-0.136274211,-0.233279447,-0.198122883,-0.191737994,-0.194892727,-0.122599122,-0.15866319,-0.170503902,-0.332811797,-0.139782736,-0.124788757,16.35072928,-0.197529694,-0.099590588,-0.083501058,-0.181840622,-0.174510259,-0.182987733,-0.209819237,-0.216094735,-0.170086079,-0.213269097,-0.340060754,-0.214293457,-0.155748504,-0.088868321,-0.178347691,-0.195397044,-0.132023669,-0.194382489,-0.02278292,-0.060276398,-0.22647649,-0.117683671,0.098392383,-0.138204312,-0.126895569,-0.127080841,-0.090532491,1.098855099,-0.190749795,-0.205364399,-0.112523088,-0.110582073,-0.068291644,-0.132713078,-0.146294863,-0.121793854,-0.262772247,-0.12619813,-0.19553799,-0.481174757,-0.45051739,-0.10921869,-0.159569877,-0.195307925,-0.19255991,-0.189402319,-0.124727662,-0.200075035,-0.332884107,-0.243821637,-0.230459844,-0.222493043,0.153266328,-0.119947635,1.109338084,-0.193196458,-0.231722776,0.519881725,-0.178535857,-0.14416996,-0.279157922,-0.09729191,-0.134446813,-0.190354029,-0.183378896,-0.240622125,-0.129789164,0.221652549,-0.079157353,-3.06E-04,-0.312389424,-0.20793647,-0.134967248,-0.389011367,-0.132231389,-0.156198835,0.959353088,-0.174589471,-0.244087344
2002/04/07,-0.082659443,-0.130485729,-0.165848098,-0.157006422,0.2274686,0.678217598,-0.091110617,-0.134672834,-0.136274211,-0.233279447,-0.198122883,-0.191737994,-0.194892727,-0.122599122,-0.15866319,-0.170503902,-0.327316156,-0.139782736,-0.124788757,1.265655911,-0.197529694,-0.099590588,-0.083501058,-0.181840622,-0.174510259,-0.267696748,-0.070945787,-0.218001746,-0.170086079,0.217228063,0.602875927,-0.214293457,-0.155748504,-0.088868321,-0.178347691,-0.195397044,-0.132023669,-0.194382489,-0.231859742,-0.04082637,-0.211857755,-0.117683671,-0.237343458,-0.138204312,-0.126895569,-0.127080841,-0.064192553,0.492078767,-0.190749795,-0.205364399,-0.112523088,-0.110582073,-0.068291644,-0.132713078,-0.146294863,-0.121793854,-0.262772247,-0.12619813,-0.19553799,-0.488353547,-0.45051739,-0.10921869,-0.159569877,-0.129978638,0.153231444,1.895093116,-0.124727662,1.096264309,-0.332884107,-0.243821637,-0.028494946,0.143498254,0.477580816,-0.126852763,0.232031734,-0.193196458,-0.235560672,-0.122939669,-0.178535857,-0.14416996,-0.279157922,-0.09729191,-0.134446813,-0.190354029,-0.183378896,0.64262059,-0.129789164,0.130397706,-0.079157353,-0.071834471,3.015475872,-0.20793647,-0.134967248,0.039094702,-0.132231389,-0.156198835,0.49308411,-0.174589471,-0.244087344
2002/04/21,-0.082659443,-0.130485729,-0.165848098,-0.157006422,-0.113390341,-0.297061621,-0.091110617,-0.134672834,-0.136274211,-0.233279447,-0.198122883,-0.191737994,-0.194892727,-0.122599122,-0.15866319,-0.170503902,-0.324216051,-0.139782736,-0.124788757,-0.171017742,-0.197529694,-0.099590588,-0.083501058,-0.181840622,-0.174510259,-0.267696748,1.206689953,-0.210373705,-0.170086079,0.126597082,-0.340060754,-0.214293457,-0.155748504,-0.088868321,-0.178347691,-0.195397044,-0.132023669,-0.194382489,-0.231859742,-0.060276398,-0.22647649,-0.117683671,-0.237343458,-0.138204312,-0.126895569,-0.127080841,-0.032584628,3.525960428,-0.190749795,-0.205364399,-0.112523088,-0.110582073,-0.068291644,-0.132713078,-0.146294863,-0.121793854,-0.262772247,-0.12619813,-0.19553799,-0.488353547,-0.475655131,-0.10921869,-0.159569877,0.098673868,-0.19255991,3.701655826,-0.124727662,4.985282342,-0.332884107,-0.243821637,0.313657353,0.509489552,0.001919568,-0.126852763,-0.469813347,-0.193196458,-0.235560672,-0.122939669,-0.178535857,-0.134503182,-0.279157922,-0.09729191,-0.134446813,-0.190354029,-0.183378896,2.498279563,-0.129789164,-0.234621665,-0.079157353,-0.071834471,6.570710847,-0.20793647,-0.134967248,0.160721229,-0.132231389,-0.156198835,22.87399507,-0.174589471,-0.244087344
2002/05/07,-0.082659443,-0.130485729,-0.165848098,-0.157006422,-0.113390341,-0.297061621,-0.091110617,-0.134672834,-0.136274211,-0.233279447,-0.198122883,-0.191737994,2.436878427,-0.122599122,-0.15866319,-0.170503902,-0.052534122,-0.139782736,-0.124788757,-0.171017742,-0.197529694,-0.099590588,-0.083501058,-0.181840622,-0.174510259,0.409975376,-0.089462247,-0.218001746,-0.170086079,-0.05466488,-0.340060754,-0.214293457,-0.155748504,-0.088868321,-0.178347691,-0.195397044,-0.132023669,-0.194382489,-0.231859742,-0.060276398,-0.22647649,-0.117683671,-0.237343458,-0.138204312,-0.126895569,-0.127080841,-0.095800478,0.613434033,-0.190749795,-0.205364399,-0.112523088,-0.02287696,-0.068291644,-0.132713078,-0.146294863,-0.121793854,-0.262772247,-0.12619813,-0.19553799,-0.488353547,-0.425379649,-0.10921869,-0.159569877,-0.162643281,-0.19255991,1.756126754,-0.124727662,-0.200075035,-0.332884107,-0.243821637,-0.199571095,-0.222493043,-0.084564295,-0.126852763,-0.469813347,-0.193196458,-0.235560672,-0.122939669,-0.178535857,-0.14416996,-0.279157922,-0.09729191,-0.134446813,-0.190354029,-0.183378896,-0.107286446,-0.129789164,-0.234621665,-0.079157353,-0.071834471,5.165152833,-0.20793647,-0.134967248,-0.005308633,-0.132231389,-0.156198835,2.358160023,-0.174589471,-0.244087344
2002/05/21,-0.06849762,-0.068484082,-0.100953383,-0.118046871,-0.113390341,-0.305188948,-0.091110617,-0.134672834,-0.136274211,0.421867656,0.344426286,-0.191737994,0.118413363,-0.122599122,-0.15866319,-0.170503902,-0.320117806,0.535673906,-0.110233336,0.008566464,0.448634483,-0.089861479,-0.083501058,-0.146570394,-0.003971895,0.088787026,-0.235279369,-0.214962448,-0.108055692,-0.132078843,-0.065037556,-0.04668085,-0.155748504,-0.079279483,-0.121500387,-0.152603435,-0.132023669,-0.194382489,-0.136032865,-0.060276398,-0.052269898,-0.117683671,-0.089060128,-0.033419353,-0.126895569,-0.127080841,-0.076923523,-0.253750475,-0.190749795,-0.205364399,-0.112523088,-0.090342432,-0.068291644,-0.13217396,-0.140365819,-0.121793854,-0.224885969,-0.120629813,-0.164487026,-0.168978994,-0.119013431,-0.10921869,-0.131569813,-0.191602908,-0.118118716,-0.189402319,-0.110076798,0.853200682,0.14270894,0.499729328,-0.205511239,-0.039497395,-0.081861675,0.603364434,-0.250486759,-0.092662159,-0.230443477,-0.122939669,-0.176112382,-0.118492581,-0.243788811,-0.020408406,-0.134111818,-0.190354029,-0.183378896,-0.246531641,1.214311784,-0.206104527,-0.079157353,-0.071834471,-0.258992,-0.018810976,-0.134967248,-0.318323992,-0.132231389,-0.156198835,0.221093872,0.434458014,-0.130859367
2002/06/07,-0.082659443,-0.130485729,-0.165848098,-0.157006422,-0.113390341,0.288105911,-0.091110617,-0.134672834,-0.136274211,-0.233279447,-0.198122883,-0.191737994,1.308976504,-0.122599122,-0.15866319,-0.170503902,-0.327034328,-0.139782736,-0.124788757,-0.171017742,-0.197529694,-0.099590588,-0.083501058,-0.181840622,-0.174510259,-0.267696748,-0.237593927,-0.218001746,-0.170086079,-0.235926842,-0.340060754,-0.214293457,-0.155748504,-0.088868321,-0.178347691,-0.195397044,-0.132023669,-0.194382489,-0.231859742,-0.060276398,0.182848089,-0.117683671,-0.237343458,-0.138204312,-0.126895569,-0.127080841,-0.095800478,-0.357408098,-0.190749795,-0.205364399,-0.112523088,-0.110582073,-0.068291644,-0.132713078,-0.146294863,-0.121793854,-0.262772247,-0.12619813,-0.19553799,-0.488353547,-0.375104167,-0.10921869,-0.159569877,-0.195307925,-0.19255991,0.366463131,-0.124727662,-0.200075035,-0.332884107,-0.243821637,-0.180562634,-0.222493043,-0.084564295,-0.126852763,-0.469813347,-0.193196458,-0.235560672,-0.122939669,-0.178535857,-0.14416996,-0.279157922,-0.09729191,-0.134446813,-0.190354029,-0.183378896,-0.249964115,-0.129789164,-0.234621665,-0.079157353,-0.071834471,-0.45707922,-0.20793647,-0.134967248,-0.331576618,-0.132231389,-0.156198835,-0.128607861,-0.174589471,-0.244087344
2002/06/21,-0.082659443,-0.130485729,-0.165848098,-0.157006422,-0.113390341,-0.492117464,-0.091110617,-0.134672834,-0.136274211,-0.233279447,-0.198122883,-0.191737994,-0.194892727,-0.122599122,-0.15866319,-0.170503902,-0.324779706,-0.139782736,-0.124788757,-0.171017742,-0.197529694,-0.099590588,-0.083501058,-0.181840622,-0.174510259,-0.267696748,-0.237593927,-0.218001746,-0.170086079,-0.235926842,-0.340060754,-0.214293457,-0.155748504,-0.088868321,-0.178347691,-0.195397044,-0.132023669,-0.194382489,-0.231859742,-0.060276398,-0.22647649,-0.117683671,-0.237343458,-0.138204312,-0.126895569,-0.127080841,-0.095800478,0.128012968,-0.190749795,-0.205364399,-0.112523088,-0.110582073,-0.068291644,-0.132713078,-0.146294863,-0.121793854,-0.262772247,-0.12619813,-0.19553799,-0.488353547,-0.475655131,-0.10921869,-0.159569877,-0.180790306,-0.19255991,-0.189402319,-0.124727662,-0.200075035,-0.332884107,-0.243821637,-0.218579556,2.705437337,-0.084564295,-0.126852763,0.933876814,-0.193196458,-0.235560672,-0.122939669,-0.178535857,-0.14416996,-0.279157922,-0.09729191,-0.134446813,-0.190354029,-0.183378896,-0.239772853,-0.129789164,0.495417077,-0.079157353,-0.071834471,-0.45707922,-0.20793647,-0.134967248,-0.385632853,-0.132231389,-0.156198835,-0.128607861,-0.174589471,-0.244087344
2002/07/07,-0.082659443,-0.130485729,-0.165848098,-0.148786385,-0.074060464,0.018028589,-0.013780871,-0.117657512,-0.136274211,-0.233279447,-0.198122883,-0.191737994,-0.194892727,-0.122599122,-0.15866319,-0.170503902,-0.3382424,-0.138293785,-0.124788757,-0.171017742,0.308556934,-0.099590588,-0.083501058,0.035206933,-0.174510259,0.097203627,-0.18346889,-0.218001746,-0.074654714,-0.126704891,-0.267527163,0.610876302,-0.155748504,-0.080438573,-0.178347691,-0.116393459,-0.132023669,-0.194382489,-0.135362747,-0.058780242,-0.205110646,-0.117683671,-0.080666732,-0.138204312,-0.126895569,-0.127080841,-0.086074963,-0.26094622,0.27176429,-0.205364399,-0.112523088,-0.110582073,-0.067940488,-0.130827258,-0.145575918,-0.121793854,-0.220805909,-0.125786931,-0.093627132,-0.381926738,-0.011573759,-0.10921869,-0.159569877,-0.191957705,-0.19255991,-0.189402319,0.055590659,0.398235432,-0.084973161,0.579804047,-0.025692416,-0.194339867,-0.084564295,-0.124728108,-0.456316326,-0.193196458,-0.235560672,-0.122939669,-0.17578256,-0.143178496,-0.270451679,-0.09729191,-0.128674591,-0.190354029,-0.183378896,-0.243953883,-0.129789164,-0.227602062,-0.079157353,-0.071834471,-0.304439435,-0.185041076,-0.134967248,-0.3867714,-0.120493568,-0.113034853,0.349616732,-0.174589471,-0.244087344
2002/07/21,-0.082659443,-0.130485729,-0.165848098,-0.157006422,0.038102521,5.749669537,-0.091110617,-0.134672834,-0.136274211,-0.233279447,-0.198122883,-0.191737994,-0.194892727,-0.122599122,-0.15866319,-0.170503902,-0.340562059,-0.139782736,-0.124788757,-0.171017742,-0.197529694,1.145735364,-0.083501058,-0.181840622,-0.174510259,1.087647501,-0.163528087,-0.218001746,-0.170086079,-0.235926842,-0.340060754,-0.214293457,-0.155748504,-0.088868321,-0.178347691,-0.195397044,-0.132023669,-0.194382489,-0.231859742,-0.060276398,-0.22647649,-0.117683671,-0.237343458,-0.138204312,-0.126895569,-0.127080841,-0.095800478,-0.357408098,-0.190749795,13.70968156,-0.112523088,-0.110582073,-0.068291644,-0.132713078,-0.142089038,-0.121793854,-0.262772247,-0.12619813,-0.19553799,-0.488353547,-0.475655131,-0.10921869,-0.159569877,-0.195307925,-0.19255991,-0.189402319,-0.124727662,-0.200075035,-0.332884107,-0.243821637,-0.085520329,-0.222493043,-0.084564295,-0.126852763,-0.469813347,-0.193196458,-0.235560672,1.346366374,-0.178535857,-0.14416996,-0.279157922,-0.09729191,-0.134446813,-0.190354029,-0.183378896,-0.249964115,-0.129789164,0.495417077,-0.079157353,-0.071834471,-0.291719453,-0.20793647,-0.134967248,-0.308409661,-0.132231389,-0.156198835,-0.128607861,-0.174589471,-0.244087344
2002/08/07,-0.082659443,-0.130485729,-0.165848098,-0.157006422,-0.113390341,1.848552661,-0.091110617,-0.134672834,-0.136274211,-0.233279447,-0.198122883,-0.191737994,-0.194892727,-0.122599122,-0.15866319,-0.170503902,-0.338307437,-0.139782736,-0.124788757,-0.171017742,-0.197529694,-0.099590588,-0.083501058,-0.181840622,-0.174510259,-0.267696748,-0.237593927,-0.218001746,-0.170086079,-0.235926842,-0.340060754,-0.214293457,-0.155748504,-0.088868321,-0.178347691,-0.195397044,-0.132023669,-0.194382489,-0.231859742,-0.060276398,-0.22647649,-0.117683671,0.031245215,-0.138204312,-0.126895569,-0.127080841,-0.095800478,-0.357408098,-0.190749795,-0.205364399,-0.112523088,-0.110582073,-0.068291644,-0.132713078,-0.146294863,-0.121793854,-0.262772247,-0.12619813,-0.19553799,-0.488353547,-0.475655131,-0.10921869,-0.159569877,-0.195307925,0.268495229,-0.189402319,-0.124727662,6.281621686,-0.332884107,-0.243821637,-0.085520329,-0.222493043,-0.084564295,-0.126852763,-0.469813347,-0.193196458,-0.235560672,-0.122939669,-0.178535857,-0.14416996,-0.279157922,-0.09729191,-0.134446813,-0.190354029,-0.183378896,-0.249964115,-0.129789164,-0.234621665,-0.079157353,-0.071834471,-0.45707922,-0.20793647,-0.134967248,-0.362465895,-0.132231389,0.805741323,-0.128607861,-0.174589471,-0.244087344
2002/08/21,-0.079105103,0.219641219,-0.164094681,-0.152815815,-0.106706833,-0.262640001,-0.091110617,-0.134672834,-0.136274211,-0.233279447,0.414638531,0.133255695,-0.128545555,-0.102714855,-0.158240413,-0.170503902,-0.317043259,0.23292226,-0.097390318,-0.171017742,0.217121115,-0.008022503,-0.083501058,-0.137579944,-0.174510259,-0.068381417,-0.211453042,-0.217796088,-0.072783511,-0.140853166,-0.007259573,0.206381322,-0.003299048,-0.057926189,-0.178347691,-0.195397044,-0.132023669,-0.194382489,-0.010484283,-0.060276398,-0.127871689,-0.117683671,-0.100415899,-0.138204312,-0.119687971,-0.127080841,-0.074728528,-0.276504587,0.327991493,0.203901659,-0.112523088,-0.109391506,-0.068023113,-0.132499433,-0.144308779,-8.03E-04,-0.16649653,-0.112781762,-0.156572074,-0.222546391,-0.085280801,-0.10921869,-0.106863874,-0.183885974,-0.011753973,-0.189402319,-0.014415277,0.333711754,-0.016919176,0.036103432,-0.186153358,0.251142753,-0.084564295,-0.122790923,-0.32531583,-0.068162204,-0.232550557,-0.058117344,-0.177132215,-0.13848362,-0.276383874,-0.09729191,-0.133816234,-0.190354029,-0.105647841,-0.244768569,-0.129789164,-0.148734755,-0.079157353,-0.046589238,-0.132844384,0.107211893,-0.134967248,-0.356087411,0.042800233,-0.156198835,-0.128607861,-0.174589471,-0.173042339
2002/09/07,-0.082659443,-0.130485729,-0.106231901,-0.157006422,-0.113390341,2.82383188,-0.091110617,-0.134672834,-0.136274211,-0.233279447,-0.198122883,-0.191737994,-0.194892727,-0.122599122,-0.15866319,-0.170503902,-0.339434748,-0.139782736,-0.124788757,1.265655911,-0.197529694,0.056075156,-0.083501058,-0.181840622,-0.174510259,0.409975376,-0.182044547,-0.218001746,-0.170086079,-0.099980371,-0.340060754,-0.214293457,-0.155748504,-0.088868321,-0.178347691,-0.195397044,-0.132023669,-0.194382489,-0.231859742,-0.060276398,0.358272909,-0.117683671,-0.17019629,-0.138204312,-0.126895569,-0.127080841,-0.095800478,-0.236052832,-0.190749795,-0.205364399,-0.112523088,-0.110582073,-0.068291644,-0.132713078,-0.14611962,-0.121793854,-0.171845181,-0.094124624,3.282170063,-0.296484083,-0.475655131,-0.10921869,-0.159569877,-0.195307925,-0.077296125,-0.189402319,-0.124727662,2.716688489,-0.332884107,-0.243821637,-0.071263983,0.143498254,-0.084564295,-0.126852763,-0.469813347,-0.193196458,-0.235560672,0.428050097,-0.178535857,-0.14416996,-0.279157922,-0.09729191,-0.134446813,-0.190354029,-0.183378896,-0.249964115,-0.129789164,-0.234621665,-0.079157353,-0.036070391,-0.167699629,-0.20793647,-0.134967248,-0.378875823,-0.132231389,0.244609564,-0.128607861,-0.174589471,-0.244087344
2002/09/21,-0.082659443,-0.130485729,-0.165848098,-0.157006422,-0.113390341,-0.492117464,-0.091110617,-0.134672834,-0.136274211,-0.233279447,-0.198122883,-0.191737994,-0.194892727,-0.122599122,-0.15866319,-0.170503902,-0.337743782,-0.139782736,-0.124788757,-0.171017742,-0.197529694,-0.099590588,-0.083501058,-0.181840622,-0.174510259,0.748811439,-0.052429327,-0.218001746,-0.170086079,-0.235926842,-0.340060754,-0.214293457,-0.155748504,-0.088868321,-0.178347691,-0.195397044,-0.132023669,-0.194382489,-0.231859742,-0.060276398,-0.22647649,-0.117683671,-0.237343458,-0.138204312,-0.126895569,-0.127080841,-0.095800478,-0.357408098,-0.190749795,-0.205364399,-0.112523088,-0.110582073,-0.068291644,-0.132713078,-0.142439524,-0.121793854,2.82874797,-0.12619813,-0.19553799,0.83515418,-0.475655131,-0.10921869,-0.159569877,-0.195307925,-0.19255991,-0.189402319,-0.124727662,-0.200075035,-0.332884107,-0.243821637,0.123572743,-0.222493043,-0.084564295,-0.126852763,-0.469813347,-0.193196458,-0.235560672,1.346366374,-0.178535857,-0.134503182,-0.279157922,-0.09729191,-0.134446813,-0.190354029,-0.183378896,-0.249964115,-0.129789164,0.130397706,-0.079157353,-3.06E-04,0.121679962,-0.20793647,-0.134967248,-0.354743576,-0.132231389,-0.156198835,0.49308411,-0.174589471,-0.244087344
2002/10/07,-0.082659443,-0.130485729,-0.136039999,-0.157006422,-0.113390341,1.458440973,-0.091110617,-0.134672834,-0.136274211,-0.233279447,-0.198122883,-0.191737994,-0.194892727,-0.122599122,-0.15866319,-0.170503902,-0.340562059,-0.139782736,-0.124788757,-0.171017742,-0.197529694,-0.099590588,-0.083501058,-0.181840622,-0.174510259,0.409975376,-0.126495167,-0.189396594,-0.170086079,-0.145295861,-0.340060754,-0.214293457,-0.155748504,-0.088868321,-0.178347691,0.318126257,-0.132023669,-0.194382489,-0.231859742,-0.060276398,-0.22647649,-0.117683671,-0.237343458,-0.138204312,-0.126895569,-0.127080841,-0.095800478,-0.114697565,-0.190749795,-0.205364399,-0.112523088,-0.110582073,-0.068291644,-0.132713078,-0.145593892,-0.121793854,-0.262772247,-0.12619813,-0.19553799,0.229525398,-0.475655131,-0.10921869,-0.159569877,-0.195307925,-0.19255991,-0.189402319,-0.124727662,-0.200075035,-0.332884107,-0.243821637,0.294648892,1.973454742,-0.084564295,-0.126852763,-0.469813347,-0.193196458,-0.235560672,0.979039863,-0.178535857,0.020165264,-0.250862633,-0.09729191,-0.134446813,-0.190354029,-0.183378896,-0.236375765,-0.129789164,-0.234621665,-0.079157353,-0.071834471,0.039000079,-0.20793647,-0.134967248,-0.31227082,-0.132231389,0.164447884,-0.128607861,-0.174589471,-0.244087344
2002/10/21,-0.082659443,-0.130485729,-0.165848098,-0.157006422,-0.113390341,0.093050067,-0.091110617,-0.134672834,-0.136274211,-0.233279447,-0.198122883,-0.191737994,-0.194892727,-0.122599122,-0.15866319,-0.170503902,-0.332670883,-0.139782736,-0.124788757,-0.171017742,-0.197529694,-0.099590588,-0.083501058,-0.181840622,-0.174510259,-0.267696748,-0.163528087,-0.218001746,-0.170086079,-0.235926842,-0.340060754,-0.214293457,-0.155748504,-0.088868321,-0.178347691,0.831649558,-0.132023669,-0.194382489,0.186293903,-0.060276398,-0.19723902,-0.117683671,-0.237343458,-0.138204312,-0.126895569,-0.127080841,-0.095800478,-0.114697565,-0.190749795,-0.205364399,-0.112523088,-0.110582073,-0.068291644,-0.132713078,-0.146294863,-0.121793854,-0.080918116,-0.12619813,-0.19553799,-0.287347442,-0.475655131,-0.10921869,-0.159569877,-0.195307925,-0.19255991,-0.189402319,-0.124727662,-0.200075035,-0.332884107,-0.243821637,-0.076016098,0.509489552,-0.084564295,-0.126852763,-0.469813347,-0.193196458,-0.235560672,-0.122939669,-0.178535857,-0.14416996,-0.279157922,-0.09729191,-0.134446813,-0.190354029,-0.183378896,-0.249964115,-0.129789164,-0.234621665,-0.079157353,-0.071834471,-0.291719453,-0.20793647,-0.134967248,-0.401077491,-0.132231389,-0.156198835,-0.128607861,-0.174589471,-0.244087344
2002/11/07,-0.082659443,-0.130485729,-0.165848098,-0.157006422,-0.113390341,1.068329286,-0.091110617,-0.134672834,-0.136274211,-0.233279447,-0.198122883,-0.191737994,-0.194892727,-0.122599122,-0.15866319,-0.170503902,-0.340562059,-0.139782736,-0.124788757,-0.171017742,-0.197529694,-0.099590588,-0.083501058,-0.181840622,-0.174510259,-0.267696748,-0.015396407,-0.218001746,-0.170086079,-0.05466488,-0.340060754,-0.214293457,-0.155748504,-0.088868321,-0.178347691,-0.195397044,-0.132023669,-0.194382489,-0.231859742,-0.060276398,-0.22647649,-0.117683671,-0.237343458,-0.138204312,-0.126895569,-0.127080841,-0.095800478,0.128012968,-0.190749795,-0.205364399,-0.112523088,-0.110582073,-0.068291644,-0.132713078,-0.141388068,-0.121793854,0.464644275,-0.12619813,-0.19553799,-0.488353547,-0.475655131,-0.10921869,-0.159569877,-0.188049115,-0.19255991,-0.189402319,-0.124727662,-0.200075035,-0.332884107,-0.243821637,-0.218579556,-0.222493043,-0.084564295,-0.126852763,-0.469813347,-0.193196458,-0.235560672,-0.122939669,-0.178535857,-0.14416996,-0.279157922,-0.09729191,-0.134446813,-0.190354029,-0.183378896,-0.229581591,-0.129789164,-0.234621665,-0.079157353,-0.071834471,-0.45707922,-0.20793647,-0.134967248,-0.374049374,-0.132231389,-0.156198835,-0.128607861,-0.174589471,-0.244087344
2002/11/21,-0.082659443,-0.080467593,-0.146560505,0.004331954,-0.042099582,-0.17358089,-0.091110617,0.099538075,0.035456727,-0.164767331,-0.198122883,-0.191737994,0.866662024,0.042826935,0.168314586,-0.145016251,-0.071504207,-0.139782736,0.466234707,-0.114677599,0.023617404,-0.099590588,-0.083501058,-0.049058588,0.301277445,-0.150954912,-0.194855655,-0.061589526,0.326157016,0.10146412,0.325541609,-0.214293457,-0.003299048,-0.071141058,-0.178347691,0.016053727,-0.089069918,-0.168080432,0.126557668,-0.060276398,-0.13982875,-0.055078213,-0.092892407,-0.138204312,-0.102527024,1.171013893,-0.080631035,-0.120136457,-0.049274898,0.067479639,-0.110780287,-0.054228562,-0.068291644,-0.118158574,-0.094996374,0.178954059,-0.059523513,0.070435519,-0.044313124,-0.062949489,0.010763677,-0.090520121,-0.159569877,-0.139301227,-0.111197238,0.19207397,0.11165602,-0.200075035,-0.332884107,-0.243821637,-0.048728041,-0.099470758,-0.082868533,-0.126852763,-0.002899603,1.381559278,0.85801406,0.078729788,0.02687203,0.099746946,-9.21E-04,0.095670609,0.173696053,-0.178099224,-0.183378896,0.192894277,0.018908072,-0.216728559,-0.079157353,-0.042982776,-0.386673941,0.142228378,-0.104443392,-0.138978301,-0.132231389,-0.156198835,-0.128607861,0.255326401,0.106063039
2002/12/07,-0.082659443,-0.130485729,-0.165848098,-0.157006422,-0.113390341,0.288105911,-0.091110617,-0.134672834,-0.136274211,-0.233279447,-0.198122883,-0.191737994,-0.194892727,-0.122599122,-0.15866319,-0.170503902,1.530774048,-0.139782736,-0.124788757,-0.171017742,-0.197529694,-0.099590588,-0.083501058,-0.181840622,-0.174510259,-0.267696748,-0.163528087,-0.004416615,-0.170086079,-0.235926842,-0.340060754,-0.214293457,-0.155748504,-0.088868321,-0.178347691,-0.195397044,-0.132023669,-0.194382489,-0.231859742,-0.060276398,-0.22647649,-0.117683671,-0.237343458,-0.138204312,-0.126895569,-0.127080841,-0.095800478,0.613434033,-0.190749795,-0.205364399,-0.112523088,-0.110582073,-0.068291644,-0.132713078,-0.118256035,-0.121793854,-0.262772247,-0.12619813,-0.19553799,-0.488353547,-0.475655131,0.815510552,-0.159569877,-0.195307925,-0.19255991,-0.189402319,-0.124727662,-0.200075035,-0.332884107,-0.243821637,-0.237588017,1.241472147,-0.084564295,-0.126852763,-0.469813347,-0.193196458,-0.235560672,-0.122939669,-0.178535857,-0.14416996,-0.109386192,-0.09729191,0.165708721,-0.190354029,-0.183378896,0.055773748,-0.129789164,6.335727021,-0.079157353,-0.071834471,-0.45707922,-0.20793647,-0.134967248,0.359570948,-0.132231389,-0.156198835,-0.128607861,-0.174589471,-0.244087344
2002/12/21,-0.082659443,-0.130485729,-0.165848098,-0.157006422,-0.113390341,-0.492117464,-0.091110617,-0.134672834,-0.136274211,-0.233279447,-0.198122883,-0.191737994,-0.194892727,-0.122599122,-0.15866319,-0.170503902,0.069779111,-0.139782736,-0.124788757,-0.171017742,-0.197529694,-0.099590588,-0.083501058,-0.181840622,-0.174510259,-0.267696748,-0.237593927,0.003211425,-0.170086079,-0.235926842,-0.340060754,-0.214293457,-0.155748504,-0.088868321,-0.178347691,-0.195397044,-0.132023669,-0.194382489,-0.231859742,-0.060276398,-0.22647649,-0.117683671,-0.237343458,-0.138204312,-0.126895569,-0.127080841,-0.095800478,-0.357408098,-0.190749795,-0.205364399,-0.112523088,-0.110582073,-0.068291644,-0.132713078,-0.146294863,-0.121793854,-0.262772247,-0.12619813,-0.19553799,0.085949609,-0.475655131,-0.10921869,-0.159569877,-0.195307925,-0.19255991,-0.189402319,-0.124727662,-0.200075035,-0.332884107,-0.243821637,-0.237588017,-0.222493043,-0.084564295,-0.126852763,-0.469813347,-0.193196458,-0.235560672,-0.122939669,-0.178535857,-0.14416996,-0.109386192,-0.09729191,-0.134446813,-0.190354029,-0.183378896,-0.249964115,-0.129789164,1.22545582,-0.079157353,-0.071834471,-0.45707922,-0.20793647,-0.134967248,-0.041989649,-0.132231389,-0.156198835,-0.128607861,-0.174589471,-0.244087344
2003/01/07,-0.082659443,-0.130485729,-0.165848098,-0.157006422,-0.113390341,-0.102005777,-0.091110617,-0.134672834,-0.136274211,-0.233279447,-0.198122883,-0.191737994,-0.194892727,-0.122599122,-0.15866319,-0.170503902,-0.299978866,-0.139782736,-0.124788757,-0.171017742,-0.197529694,-0.099590588,-0.083501058,-0.181840622,-0.174510259,-0.267696748,-0.237593927,-0.218001746,-0.170086079,0.126597082,-0.340060754,-0.214293457,-0.155748504,-0.088868321,-0.178347691,-0.195397044,-0.132023669,-0.194382489,-0.231859742,-0.060276398,-0.22647649,-0.117683671,-0.237343458,-0.138204312,-0.126895569,-0.127080841,-0.095800478,1.098855099,-0.190749795,-0.205364399,-0.112523088,-0.110582073,-0.068291644,-0.132713078,-0.129471566,-0.121793854,-0.262772247,-0.12619813,-0.19553799,-0.488353547,-0.475655131,-0.10921869,-0.159569877,-0.100943399,-0.19255991,-0.189402319,-0.124727662,-0.200075035,-0.332884107,-0.243821637,3.355011122,-0.222493043,-0.084564295,-0.126852763,-0.469813347,-0.193196458,-0.235560672,-0.122939669,-0.178535857,-0.14416996,-0.279157922,-0.09729191,-0.134446813,-0.190354029,-0.183378896,1.149635879,-0.129789164,-0.234621665,-0.079157353,-0.071834471,-0.45707922,-0.20793647,-0.134967248,0.537184289,-0.132231389,-0.156198835,-0.128607861,-0.174589471,-0.244087344
2003/01/21,-0.082659443,-0.130485729,-0.165848098,-0.157006422,-0.113390341,-0.492117464,-0.091110617,-0.134672834,-0.136274211,-0.233279447,-0.198122883,-0.191737994,-0.194892727,-0.122599122,-0.15866319,-0.170503902,-0.340562059,-0.139782736,-0.124788757,-0.171017742,-0.197529694,-0.099590588,-0.083501058,-0.181840622,-0.174510259,-0.267696748,-0.237593927,-0.218001746,-0.170086079,-0.235926842,-0.340060754,-0.214293457,-0.155748504,-0.088868321,-0.178347691,-0.195397044,-0.132023669,-0.194382489,-0.231859742,-0.060276398,-0.22647649,-0.117683671,-0.237343458,-0.138204312,-0.126895569,-0.127080841,-0.095800478,-0.357408098,-0.190749795,-0.205364399,-0.112523088,-0.110582073,-0.068291644,-0.132713078,-0.146294863,-0.121793854,-0.262772247,-0.12619813,-0.19553799,-0.394376667,-0.475655131,-0.10921869,-0.159569877,-0.195307925,-0.19255991,-0.189402319,-0.124727662,-0.200075035,-0.332884107,-0.243821637,-0.218579556,-0.222493043,-0.084564295,-0.126852763,-0.469813347,-0.193196458,-0.235560672,-0.122939669,-0.178535857,-0.14416996,-0.279157922,-0.09729191,-0.134446813,-0.190354029,-0.183378896,-0.249964115,-0.129789164,-0.234621665,-0.079157353,-0.071834471,-0.45707922,-0.20793647,-0.134967248,-0.40493865,-0.132231389,-0.156198835,-0.128607861,-0.174589471,-0.244087344
2003/02/07,-0.082659443,-0.130485729,-0.165848098,-0.157006422,1.325791854,1.068329286,-0.091110617,-0.134672834,-0.136274211,-0.233279447,-0.198122883,-0.191737994,-0.194892727,-0.122599122,-0.15866319,-0.170503902,-0.340562059,-0.139782736,-0.124788757,-0.171017742,-0.197529694,-0.099590588,-0.083501058,-0.181840622,-0.174510259,-0.267696748,-0.200561007,0.003211425,-0.170086079,-0.235926842,-0.340060754,-0.214293457,-0.155748504,-0.088868321,-0.178347691,-0.195397044,-0.132023669,-0.194382489,-0.231859742,-0.060276398,0.796834957,-0.117683671,-0.103049122,-0.138204312,-0.126895569,-0.127080841,-0.095800478,-0.357408098,-0.190749795,-0.205364399,-0.112523088,-0.110582073,-0.068291644,-0.132713078,-0.146294863,-0.121793854,-0.262772247,-0.12619813,-0.19553799,-0.488353547,-0.475655131,-0.10921869,-0.159569877,-0.108202209,-0.19255991,-0.189402319,-0.124727662,-0.200075035,-0.332884107,-0.243821637,0.503741964,-0.222493043,-0.084564295,-0.126852763,-0.469813347,-0.193196458,-0.235560672,21.18199795,-0.178535857,-0.14416996,-0.279157922,-0.09729191,-0.134446813,-0.190354029,-0.183378896,0.300364038,-0.129789164,0.495417077,-0.079157353,-0.071834471,-0.45707922,-0.20793647,-0.134967248,-0.277520384,-0.132231389,-0.156198835,-0.128607861,-0.174589471,-0.244087344
2003/02/21,-0.082659443,-0.130485729,-0.165848098,-0.157006422,1.250045422,-0.492117464,-0.091110617,-0.134672834,-0.136274211,-0.233279447,-0.198122883,-0.191737994,-0.194892727,-0.122599122,-0.15866319,-0.170503902,-0.284196514,-0.139782736,-0.124788757,-0.171017742,-0.197529694,-0.099590588,-0.083501058,-0.181840622,-0.174510259,-0.267696748,-0.163528087,0.72978227,-0.170086079,-0.05466488,-0.340060754,-0.214293457,-0.155748504,-0.088868321,-0.178347691,-0.195397044,-0.132023669,-0.194382489,1.440754838,-0.060276398,-0.22647649,-0.117683671,-0.237343458,-0.138204312,-0.126895569,-0.127080841,-0.095800478,-0.357408098,-0.190749795,-0.205364399,-0.112523088,-0.110582073,-0.068291644,-0.127265153,-0.137883214,-0.121793854,-0.262772247,-0.12619813,-0.19553799,-0.488353547,-0.475655131,-0.10921869,-0.159569877,0.443467328,-0.19255991,-0.189402319,-0.124727662,-0.200075035,-0.332884107,-0.243821637,12.28898782,-0.222493043,-0.084564295,-0.126852763,-0.469813347,-0.193196458,-0.235560672,-0.122939669,-0.178535857,-0.14416996,-0.279157922,-0.09729191,-0.134446813,-0.190354029,-0.183378896,-0.117477708,-0.129789164,-0.234621665,-0.079157353,-0.071834471,-0.45707922,-0.20793647,-0.134967248,-0.204158352,-0.132231389,-0.156198835,-0.128607861,-0.174589471,-0.244087344
2003/03/07,-0.082659443,-0.130485729,-0.165848098,-0.157006422,0.341088247,-0.297061621,-0.091110617,-0.134672834,-0.136274211,-0.233279447,-0.198122883,-0.191737994,-0.194892727,-0.122599122,-0.15866319,-0.170503902,-0.107208701,-0.139782736,-0.124788757,-0.171017742,-0.197529694,-0.099590588,-0.083501058,-0.181840622,-0.174510259,-0.267696748,-0.163528087,-0.202745665,-0.170086079,-0.235926842,-0.340060754,-0.214293457,-0.155748504,-0.088868321,-0.178347691,-0.195397044,-0.132023669,-0.194382489,-0.231859742,-0.060276398,-0.22647649,-0.117683671,-0.237343458,-0.138204312,-0.126895569,-0.127080841,-0.095800478,-0.357408098,-0.190749795,-0.205364399,-0.112523088,-0.110582073,-0.068291644,-0.132713078,-0.146294863,-0.121793854,-0.262772247,-0.12619813,-0.19553799,0.232135867,-0.475655131,-0.10921869,-0.159569877,2.631998451,-0.19255991,-0.189402319,-0.124727662,-0.200075035,-0.332884107,-0.243821637,1.387635403,-0.222493043,-0.084564295,-0.126852763,-0.469813347,-0.193196458,-0.235560672,-0.122939669,-0.178535857,0.397169602,4.785698672,-0.09729191,-0.134446813,-0.190354029,-0.183378896,9.010496041,-0.129789164,0.495417077,-0.079157353,-0.071834471,-0.45707922,-0.20793647,-0.134967248,0.035233542,-0.132231389,-0.156198835,-0.128607861,-0.174589471,-0.244087344
2003/03/21,-0.082659443,-0.130485729,-0.165848098,-0.157006422,0.038102521,-0.492117464,-0.091110617,-0.134672834,-0.136274211,-0.233279447,-0.198122883,-0.191737994,-0.194892727,-0.122599122,-0.15866319,-0.170503902,-0.332295113,-0.139782736,-0.124788757,-0.171017742,-0.197529694,-0.099590588,-0.083501058,-0.181840622,-0.174510259,-0.267696748,-0.237593927,-0.191303604,-0.170086079,-0.115085534,0.917188154,-0.214293457,-0.155748504,-0.045033633,-0.178347691,-0.195397044,-0.132023669,-0.194382489,-0.231859742,-0.060276398,-0.22647649,-0.117683671,-0.237343458,-0.138204312,-0.126895569,-0.127080841,0.058727156,-0.357408098,-0.190749795,-0.205364399,-0.112523088,-0.110582073,-0.068291644,-0.132713078,-0.050028221,-0.121793854,-0.262772247,-0.12619813,-0.19553799,-0.470950421,-0.475655131,-0.10921869,-0.159569877,-0.100943399,-0.19255991,-0.189402319,-0.124727662,-0.200075035,-0.332884107,-0.243821637,-0.091856483,-0.222493043,-0.084564295,-0.126852763,-0.469813347,-0.193196458,-0.235560672,-0.122939669,-0.178535857,-0.131280923,0.013226723,-0.09729191,-0.134446813,-0.190354029,-0.183378896,0.265260802,-0.129789164,-0.234621665,-0.079157353,-0.071834471,-0.45707922,-0.20793647,-0.134967248,-0.19128782,-0.132231389,-0.156198835,-0.128607861,-0.174589471,-0.244087344
2003/04/07,-0.082659443,-0.130485729,-0.165848098,-0.157006422,-0.113390341,-0.492117464,-0.091110617,-0.134672834,-0.136274211,-0.233279447,-0.198122883,-0.191737994,-0.194892727,-0.122599122,-0.15866319,-0.170503902,-0.257141052,-0.139782736,-0.124788757,-0.171017742,-0.197529694,-0.099590588,-0.083501058,-0.181840622,-0.174510259,-0.267696748,-0.237593927,-0.177001029,-0.170086079,-0.235926842,-0.340060754,-0.214293457,-0.155748504,-0.088868321,-0.178347691,-0.195397044,-0.132023669,-0.194382489,-0.231859742,-0.060276398,-0.22647649,-0.117683671,-0.237343458,-0.138204312,-0.126895569,-0.127080841,3.022848151,-0.357408098,-0.190749795,-0.205364399,-0.112523088,-0.110582073,-0.068291644,-0.132713078,1.431239682,-0.121793854,-0.262772247,-0.12619813,-0.19553799,-0.488353547,-0.475655131,-0.10921869,-0.159569877,-0.195307925,-0.19255991,-0.189402319,-0.124727662,-0.200075035,-0.332884107,-0.243821637,-0.237588017,-0.222493043,-0.084564295,-0.126852763,-0.469813347,-0.193196458,-0.235560672,-0.122939669,-0.178535857,-0.14416996,-0.222567345,-0.09729191,-0.134446813,-0.190354029,-0.183378896,4.339500915,-0.129789164,-0.234621665,-0.079157353,-0.071834471,-0.45707922,-0.20793647,-0.134967248,1.091260689,-0.132231389,-0.156198835,-0.128607861,-0.174589471,-0.244087344
2003/04/21,-0.082659443,-0.130485729,-0.165848098,-0.157006422,-0.113390341,-0.492117464,-0.091110617,-0.134672834,-0.136274211,-0.233279447,-0.198122883,-0.191737994,-0.194892727,-0.122599122,-0.15866319,-0.170503902,-0.340562059,-0.139782736,-0.124788757,-0.171017742,-0.197529694,-0.099590588,-0.083501058,-0.181840622,-0.174510259,-0.267696748,-0.089462247,-0.218001746,-0.170086079,-0.235926842,-0.340060754,-0.214293457,-0.155748504,-0.088868321,-0.178347691,-0.195397044,-0.132023669,-0.194382489,-0.231859742,-0.060276398,5.679492433,-0.117683671,-0.237343458,-0.138204312,-0.126895569,-0.127080841,-0.095800478,-0.357408098,-0.190749795,-0.205364399,-0.112523088,-0.110582073,-0.068291644,-0.132713078,-0.139285156,-0.121793854,-0.262772247,-0.12619813,-0.19553799,-0.488353547,-0.475655131,-0.10921869,-0.159569877,-0.180790306,-0.19255991,2.034059478,-0.124727662,-0.200075035,-0.332884107,-0.243821637,-0.218579556,-0.222493043,-0.084564295,-0.126852763,-0.469813347,-0.193196458,-0.235560672,-0.122939669,-0.178535857,-0.14416996,-0.279157922,-0.09729191,-0.134446813,-0.190354029,2.459476982,-0.236375765,-0.129789164,-0.234621665,-0.079157353,-0.071834471,-0.45707922,-0.20793647,-0.134967248,-0.40493865,-0.132231389,-0.156198835,-0.128607861,-0.174589471,-0.244087344
2003/05/07,-0.082659443,-0.130485729,-0.165848098,-0.148786385,-0.113390341,-0.252048734,-0.052445744,-0.134672834,-0.136274211,0.035498852,1.404483892,-0.191737994,0.007551208,-0.064093489,-0.15866319,-0.170503902,-0.306814995,0.160985466,-0.094931484,-0.171017742,0.380855024,-0.099590588,-0.083501058,-0.123961274,0.140329797,-0.015741728,-0.202460131,-0.217561666,0.669709927,-0.061636494,-0.340060754,-0.214293457,-0.155748504,-0.068636927,-0.178347691,0.002111918,-0.132023669,-0.190413835,-0.017421976,-0.060276398,-0.126019542,-0.117683671,-0.082388455,-0.138204312,-0.126895569,-0.127080841,-0.068244851,0.109342927,0.179261473,-0.205364399,-0.112523088,-0.103835526,-0.068291644,-0.131874935,-0.145809575,-0.121793854,-0.150862012,-0.076854275,-0.025686559,0.015466949,0.443483808,-0.10921869,-0.159569877,-0.177440086,0.215296559,-0.011240316,-0.124727662,-0.200075035,-0.084973161,0.854345942,-0.190554261,-0.053573983,-0.031343456,1.058704454,-0.145884848,-0.087138297,-0.209581065,-0.122939669,-0.178076974,-0.140699835,-0.279157922,-0.09729191,-0.129499194,-0.190354029,-0.183378896,-0.227316866,-0.129789164,-0.234621665,-0.079157353,-0.071834471,0.401519567,-0.162145682,-0.134967248,-0.283312124,-0.132231389,-0.156198835,0.062681976,-0.174589471,0.127532683
2003/05/21,-0.082659443,-0.130485729,0.728394863,-0.157006422,-0.113390341,1.458440973,-0.091110617,-0.134672834,-0.136274211,-0.233279447,-0.198122883,-0.191737994,4.316714965,-0.122599122,-0.15866319,-0.170503902,-0.108336012,-0.139782736,-0.124788757,-0.171017742,-0.197529694,-0.099590588,-0.083501058,-0.181840622,-0.174510259,2.44299175,-0.237593927,-0.218001746,-0.170086079,-0.235926842,3.431685969,-0.214293457,-0.155748504,0.009759726,-0.178347691,-0.195397044,-0.132023669,-0.194382489,-0.231859742,-0.060276398,-0.22647649,-0.117683671,-0.237343458,-0.138204312,-0.126895569,-0.127080841,-0.095800478,-0.357408098,-0.190749795,-0.205364399,-0.112523088,0.213252189,-0.068291644,-0.132713078,-0.060075467,-0.121793854,0.100936014,-0.12619813,-0.19553799,-0.488353547,-0.475655131,-0.10921869,-0.159569877,-0.195307925,-0.19255991,-0.189402319,-0.124727662,16.65233644,-0.332884107,-0.243821637,0.085555821,-0.222493043,-0.084564295,-0.126852763,-0.469813347,-0.193196458,-0.235560672,-0.122939669,-0.178535857,0.203834044,0.286747843,-0.09729191,-0.134446813,-0.190354029,-0.183378896,-0.249964115,21.375826,0.130397706,-0.079157353,-0.071834471,-0.45707922,-0.20793647,-0.134967248,0.699352991,-0.132231389,-0.156198835,-0.128607861,-0.174589471,-0.244087344
2003/06/07,-0.082659443,-0.130485729,-0.156676375,-0.157006422,-0.113390341,-0.011980003,-0.091110617,-0.134672834,-0.136274211,0.841833748,-0.198122883,-0.191737994,0.03647177,-0.122599122,-0.15866319,-0.170503902,-0.336009457,-0.139782736,-0.124788757,0.27103569,-0.197529694,-0.075642012,-0.083501058,-0.008202578,-0.174510259,-0.215568123,-0.22050181,-0.218001746,-0.131913533,-0.166210703,-0.340060754,0.198291423,-0.155748504,-0.08254601,-0.178347691,-0.195397044,-0.132023669,-0.194382489,-0.167528412,-0.060276398,-0.091534321,-0.117683671,-0.144370456,-0.138204312,-0.126895569,-0.127080841,-0.087695882,-0.264057893,-0.190749795,-0.205364399,-0.112523088,-0.104354491,-0.068291644,-0.129150973,-0.141145424,-0.121793854,-0.206817129,-0.12619813,-0.093627132,-0.404015321,-0.061849241,-0.10921869,-0.159569877,-0.184698895,-0.19255991,-0.146643438,-0.124727662,-0.200075035,-0.00233618,-0.060793707,-0.190797959,-0.053573983,-0.084564295,-0.124728108,-0.415825264,-0.166681918,-0.234379781,-0.122939669,-0.178535857,-0.14416996,-0.270451679,-0.09729191,-0.134446813,-0.030098895,-0.081730593,-0.245260455,-0.129789164,-0.234621665,-0.079157353,-0.071834471,0.426959531,-0.162145682,-0.134967248,-0.367069585,-0.132231389,-0.119201136,-0.128607861,0.106509368,-0.244087344
2003/06/21,-0.072948478,-0.130485729,-0.159460648,-0.134107747,-0.094453734,-0.231114169,-0.091110617,-0.129406187,-0.136274211,0.5154601,-0.198122883,0.400214797,-0.141183111,-0.122599122,-0.15866319,-0.170503902,-0.334726883,-0.139782736,-0.124788757,0.239460444,-0.197529694,0.078313119,-0.083501058,-0.101222959,-0.174510259,-0.219291596,-0.21378705,-0.218001746,-0.134640143,-0.187158743,-0.340060754,0.551935605,0.769837479,-0.081823461,-0.145863517,-0.195397044,-0.132023669,-0.194382489,-0.231859742,-0.058424015,-0.104514472,-0.117683671,-0.04869189,0.013064201,-0.126895569,-0.127080841,-0.076233668,-0.100828392,-0.190749795,-0.205364399,-0.112523088,-0.110582073,-0.067965571,-0.132713078,-0.14388319,-0.121793854,-0.210813924,-0.118714312,-0.077248601,-0.406583716,-0.156525524,-0.10921869,-0.159569877,-0.188567602,-0.19255991,-0.189402319,-0.124727662,0.216605468,-0.102681086,-0.243821637,-0.203734853,0.138269807,-0.084564295,-0.123893422,-0.194088494,-0.012645065,-0.232271047,-0.122939669,-0.17802453,-0.135884151,-0.275115738,-0.09729191,-0.129086892,-0.175473195,0.005396524,-0.24221552,-0.129789164,-0.182476041,-0.078764456,-0.071834471,-0.076358044,-0.144156444,-0.134967248,-0.380475447,-0.132231389,0.336222912,-0.128607861,-0.174589471,-0.192325983
2003/07/07,-0.082659443,-0.130485729,-0.165848098,-0.157006422,-0.113390341,-0.102005777,-0.091110617,-0.134672834,-0.136274211,-0.233279447,-0.198122883,-0.191737994,-0.194892727,-0.122599122,-0.15866319,-0.170503902,-0.340562059,-0.139782736,-0.124788757,-0.171017742,-0.197529694,-0.099590588,-0.083501058,-0.181840622,-0.174510259,-0.267696748,-0.163528087,-0.218001746,-0.170086079,-0.235926842,-0.340060754,-0.214293457,-0.155748504,-0.088868321,-0.178347691,-0.195397044,-0.132023669,-0.194382489,-0.231859742,-0.060276398,-0.22647649,-0.117683671,-0.237343458,-0.138204312,-0.126895569,-0.127080841,-0.095800478,-0.357408098,-0.190749795,-0.205364399,-0.112523088,-0.110582073,-0.068291644,-0.132713078,-0.146294863,-0.121793854,-0.262772247,-0.12619813,-0.19553799,-0.336946351,-0.475655131,-0.10921869,-0.159569877,-0.188049115,-0.19255991,-0.189402319,-0.124727662,-0.200075035,-0.332884107,-0.243821637,-0.237588017,-0.222493043,-0.084564295,-0.126852763,-0.469813347,-0.193196458,-0.235560672,-0.122939669,-0.178535857,-0.14416996,-0.279157922,-0.09729191,-0.134446813,-0.190354029,-0.183378896,-0.249964115,-0.129789164,-0.234621665,-0.079157353,-0.071834471,-0.45707922,-0.20793647,-0.134967248,-0.389494012,-0.132231389,-0.156198835,4.844927907,-0.174589471,-0.244087344
2003/07/21,-0.082659443,-0.130485729,-0.165848098,-0.157006422,1.856016873,4.969446162,-0.091110617,-0.134672834,-0.136274211,-0.233279447,-0.198122883,-0.191737994,-0.194892727,-0.122599122,-0.15866319,-0.170503902,-0.302233488,-0.139782736,-0.124788757,-0.171017742,-0.197529694,0.523072388,-0.083501058,2.075453958,-0.174510259,-0.267696748,-0.163528087,-0.218001746,-0.170086079,0.489121005,-0.340060754,-0.214293457,5.027533003,-0.088868321,-0.178347691,-0.195397044,-0.132023669,-0.194382489,0.604447548,-0.060276398,-0.22647649,-0.117683671,-0.237343458,-0.138204312,-0.126895569,-0.127080841,-0.095800478,0.128012968,-0.190749795,-0.205364399,-0.112523088,-0.110582073,-0.068291644,-0.132713078,-0.137883214,-0.121793854,-0.262772247,-0.12619813,-0.19553799,-0.394376667,-0.475655131,-0.10921869,-0.159569877,-0.195307925,-0.19255991,-0.189402319,-0.124727662,-0.200075035,-0.332884107,-0.243821637,-0.218579556,-0.222493043,-0.084564295,-0.126852763,-0.469813347,-0.193196458,-0.235560672,-0.122939669,-0.178535857,-0.105502849,-0.024500327,-0.09729191,-0.134446813,-0.190354029,-0.183378896,0.395482484,-0.129789164,-0.234621665,-0.079157353,-0.071834471,-0.45707922,5.1495857,-0.134967248,0.61440748,-0.132231389,-0.156198835,-0.128607861,-0.174589471,-0.244087344
2003/08/07,-0.082659443,-0.130485729,-0.165848098,-0.157006422,-0.113390341,0.678217598,-0.091110617,-0.134672834,-0.136274211,-0.233279447,-0.198122883,-0.191737994,-0.194892727,-0.122599122,-0.15866319,-0.170503902,-0.340562059,-0.139782736,-0.124788757,-0.171017742,-0.197529694,-0.099590588,-0.083501058,-0.181840622,-0.174510259,-0.267696748,-0.237593927,-0.218001746,-0.170086079,-0.235926842,-0.340060754,-0.214293457,-0.155748504,-0.088868321,-0.178347691,0.831649558,-0.132023669,-0.194382489,-0.231859742,-0.060276398,-0.22647649,-0.117683671,-0.237343458,-0.138204312,-0.126895569,-0.127080841,-0.095800478,-0.357408098,-0.190749795,-0.205364399,-0.112523088,-0.110582073,-0.068291644,-0.132713078,-0.146294863,-0.121793854,-0.262772247,-0.12619813,-0.19553799,-0.488353547,-0.475655131,-0.10921869,-0.159569877,-0.151755067,-0.19255991,-0.189402319,-0.124727662,-0.200075035,-0.332884107,-0.243821637,-0.218579556,-0.222493043,-0.084564295,-0.126852763,-0.469813347,-0.193196458,-0.235560672,-0.122939669,-0.178535857,-0.14416996,-0.279157922,-0.09729191,-0.134446813,-0.190354029,-0.183378896,-0.212596154,-0.129789164,-0.234621665,-0.079157353,-0.071834471,-0.45707922,-0.20793647,-0.134967248,-0.401077491,-0.132231389,-0.156198835,-0.128607861,-0.174589471,-0.244087344
2003/08/21,-0.082659443,-0.130485729,-0.165848098,-0.157006422,-0.113390341,-0.102005777,-0.091110617,-0.134672834,-0.136274211,-0.233279447,-0.198122883,-0.191737994,-0.194892727,-0.122599122,-0.15866319,-0.170503902,-0.340562059,-0.139782736,-0.124788757,-0.171017742,-0.197529694,-0.099590588,-0.083501058,-0.181840622,-0.174510259,-0.267696748,-0.237593927,-0.218001746,-0.170086079,0.126597082,-0.340060754,-0.214293457,-0.155748504,-0.088868321,-0.178347691,-0.195397044,-0.132023669,-0.194382489,0.604447548,-0.060276398,-0.22647649,-0.117683671,-0.237343458,-0.138204312,-0.126895569,-0.127080841,-0.053656578,0.128012968,-0.190749795,-0.205364399,-0.112523088,-0.110582073,-0.068291644,-0.132713078,-0.145593892,-0.121793854,-0.262772247,-0.12619813,-0.19553799,-0.436144169,-0.475655131,-0.10921869,-0.159569877,-0.188049115,-0.19255991,-0.189402319,1.750582877,-0.200075035,-0.332884107,-0.243821637,-0.237588017,-0.222493043,-0.084564295,-0.126852763,0.232031734,-0.193196458,-0.235560672,-0.122939669,-0.178535857,-0.14416996,-0.279157922,-0.09729191,-0.134446813,-0.190354029,-0.183378896,-0.229581591,-0.129789164,0.130397706,-0.079157353,-0.071834471,-0.45707922,-0.20793647,-0.134967248,-0.343160097,-0.132231389,-0.156198835,-0.128607861,-0.174589471,-0.244087344
2003/09/07,-0.082659443,-0.130485729,-0.165848098,-0.157006422,-0.113390341,1.068329286,-0.091110617,-0.134672834,-0.136274211,-0.233279447,-0.198122883,-0.191737994,-0.194892727,-0.122599122,-0.15866319,-0.170503902,-0.290960379,-0.139782736,-0.124788757,-0.171017742,-0.197529694,-0.099590588,-0.083501058,-0.181840622,-0.174510259,-0.267696748,-0.089462247,-0.177954534,-0.170086079,-0.05466488,-0.340060754,-0.214293457,-0.155748504,-0.088868321,-0.178347691,-0.195397044,-0.132023669,-0.194382489,-0.231859742,-0.060276398,-0.22647649,-0.117683671,-0.237343458,-0.138204312,-0.126895569,-0.127080841,-0.095800478,0.128012968,-0.190749795,-0.205364399,-0.112523088,-0.110582073,-0.068291644,-0.132713078,-0.118957006,-0.121793854,-0.262772247,-0.12619813,1.129303173,-0.488353547,-0.475655131,-0.10921869,-0.159569877,-0.173531496,-0.19255991,-0.189402319,-0.124727662,-0.200075035,-0.332884107,-0.243821637,-0.199571095,1.241472147,-0.084564295,-0.126852763,-0.469813347,-0.193196458,-0.235560672,-0.122939669,-0.178535857,-0.14416996,-0.279157922,-0.09729191,-0.134446813,-0.190354029,-0.183378896,-0.154845669,-0.129789164,-0.234621665,-0.079157353,-0.071834471,-0.45707922,3.363744977,-0.134967248,-0.285242703,-0.132231389,-0.156198835,-0.128607861,-0.174589471,-0.244087344
2003/09/21,-0.082659443,-0.130485729,0.072616692,-0.157006422,-0.113390341,-0.492117464,-0.091110617,-0.134672834,-0.136274211,-0.233279447,-0.198122883,-0.191737994,-0.194892727,-0.122599122,-0.15866319,-0.170503902,-0.111717945,-0.139782736,-0.124788757,-0.171017742,-0.197529694,-0.099590588,-0.083501058,-0.181840622,-0.174510259,1.087647501,-0.089462247,-0.187489584,-0.170086079,-0.235926842,-0.340060754,-0.214293457,-0.155748504,-0.088868321,-0.178347691,-0.195397044,-0.132023669,-0.194382489,-0.231859742,-0.060276398,-0.22647649,-0.117683671,-0.237343458,-0.138204312,-0.126895569,-0.127080841,-0.095800478,-0.357408098,-0.190749795,-0.205364399,-0.112523088,-0.110582073,-0.068291644,-0.132713078,-0.146294863,-0.121793854,0.100936014,-0.12619813,-0.19553799,-0.488353547,-0.475655131,-0.10921869,-0.159569877,-0.195307925,-0.19255991,-0.189402319,-0.124727662,-0.200075035,-0.332884107,-0.243821637,-0.047503407,-0.222493043,-0.084564295,-0.126852763,-0.469813347,-0.193196458,-0.235560672,5.754284501,-0.178535857,-0.14416996,-0.250862633,-0.09729191,-0.134446813,-0.190354029,-0.183378896,-0.107286446,-0.129789164,-0.234621665,-0.079157353,0.071221849,-0.45707922,-0.20793647,-0.134967248,0.120179053,-0.132231389,-0.156198835,-0.128607861,-0.174589471,-0.244087344
2003/10/07,-0.082659443,-0.130485729,-0.153653876,0.200004736,-0.082403165,0.035419931,-0.091110617,-0.134672834,-0.136274211,-0.233279447,-0.138935701,-0.191737994,-0.115142086,-0.122599122,0.249374305,-0.078637458,-0.015482436,-0.139782736,-0.10538153,-0.083946612,-0.197529694,-0.085439157,-0.083501058,-0.147639189,-0.14353429,-0.154751394,-0.150622675,-0.125316721,-0.155048409,-0.077322626,-0.340060754,-0.214293457,-0.155748504,-0.067200038,-0.178347691,-0.008661298,-0.109263759,-0.194121921,-0.143160484,-0.060276398,-0.138985576,-0.002385286,-0.114240316,-0.138204312,0.019768121,0.040098026,-0.067864181,-0.140457979,0.246536249,-0.135086389,-0.107472926,0.21110556,-0.068291644,-0.1280083,0.143845935,0.270875443,0.1119437,-0.015560734,-0.140391477,-0.201281074,0.11583439,-0.096083331,-0.118883238,-0.165448151,0.081628184,-0.189402319,-0.09634228,-0.200075035,-0.247429955,-0.027515902,-0.12432927,0.099135673,-0.084564295,-0.122667837,-0.302327589,0.3342822,0.173580024,-0.07284969,0.016562329,-0.083532899,-0.117103089,-0.010312593,-0.107159946,-0.190354029,-0.12331399,-0.165783518,-0.119499396,0.238244338,-0.079157353,-0.060996871,-0.107568805,-0.20793647,0.011088335,0.096559199,-0.132231389,-0.054174879,-0.128607861,-0.174589471,-0.244087344
2003/10/21,-0.082659443,-0.130485729,-0.165848098,-0.0269154,-0.105157034,-0.11472681,0.144427572,-0.134672834,-0.136274211,0.146515975,-0.08489523,0.048474733,-0.17309752,-0.080855369,-0.11418582,-0.126657371,-0.201878311,-0.139221682,-0.104537737,-0.139785706,-0.013641074,0.013210676,-0.083501058,-0.132769001,0.300031275,-0.070042379,-0.121396431,-0.185789858,0.304581229,0.43165571,-0.319562131,-0.097693382,-0.155748504,-0.081900035,0.128133428,0.007407448,-0.130209473,-0.183914446,0.240835683,-0.053511171,-0.211434023,-0.117683671,-0.13710928,-0.007762624,-0.026267757,0.169895283,-0.079462082,-0.140199759,0.175239612,0.063525378,-0.086196371,-0.091222416,-0.068291644,-0.126870376,-0.140937262,-0.06813718,-0.019641181,-0.103111404,-0.116335529,-0.058628751,-0.294408375,-0.10921869,-0.042700044,-0.132293041,-0.125740325,-0.181346298,0.05872663,0.194463026,-0.14605267,0.169980639,0.176259238,-0.020932619,-0.084564295,-0.125251574,-0.258751239,-0.07205575,-0.164921129,-0.075027515,-0.019867159,-0.010726396,-0.189197358,1.097188029,0.012368394,-0.190354029,-0.164227767,-0.218227195,-0.129789164,0.414742506,-0.054444681,-0.059394791,-0.030498953,0.050881027,1.075812363,0.233677559,-0.012811821,-0.044669541,-0.128607861,-0.174589471,-0.034041242
2003/11/07,-0.082659443,-0.130485729,-0.08519089,-0.062717761,-0.077744962,-0.20756541,-0.066471237,-0.132070491,-0.131367613,-0.233279447,-0.198122883,0.523248122,-0.194892727,-0.122599122,0.091916762,-0.1341508,0.146253894,-0.139782736,-0.100130162,0.167023117,-0.197529694,-0.099590588,-0.083501058,0.017332429,-0.174510259,-0.259724135,0.432919766,-0.168301697,-0.170086079,0.701837249,0.148047645,-0.214293457,-0.094768722,-0.085000555,-0.138220182,-0.014153526,-0.080479168,-0.194382489,-0.12363174,-0.060276398,-0.178664627,-0.042557122,0.035985015,0.086029012,-0.046170476,-0.127080841,-0.070018328,-0.158956545,-0.190749795,-0.150795591,-0.018411822,-0.110105846,-0.068237938,-0.104111474,-0.130415815,-0.07823726,-0.007106734,-0.088464594,-0.051364099,-0.288575898,-0.15330057,-0.10921869,-0.159569877,-0.178548614,-0.187135732,-0.189402319,-0.047508993,-0.161947407,-0.332884107,-0.243821637,-0.154845304,-0.084708084,-0.080494467,-0.126852763,0.673781284,-0.061403596,-0.074820538,-0.122939669,-0.125794029,-0.02089011,-0.120621086,-0.073171595,0.271015389,-0.190354029,-0.183378896,-0.183561048,-0.118692355,-0.183089519,-0.079157353,-0.060053362,0.089094361,-0.172919985,0.522469645,-0.251014659,-0.132231389,-0.156198835,-0.128607861,-0.174589471,0.011674675
2003/11/21,-0.082659443,-0.130485729,-0.165848098,-0.157006422,-0.113390341,0.678217598,-0.091110617,-0.134672834,-0.136274211,-0.233279447,-0.198122883,-0.191737994,-0.194892727,-0.122599122,-0.15866319,-0.170503902,-0.287578447,-0.139782736,-0.124788757,-0.171017742,-0.197529694,-0.099590588,-0.083501058,-0.181840622,-0.174510259,-0.267696748,-0.089462247,-0.218001746,-0.170086079,-0.05466488,-0.340060754,-0.214293457,-0.155748504,-0.088868321,-0.178347691,-0.195397044,-0.132023669,-0.194382489,0.604447548,-0.060276398,-0.22647649,-0.117683671,-0.237343458,-0.138204312,-0.126895569,-0.127080841,-0.095800478,-0.357408098,-0.190749795,-0.205364399,-0.112523088,-0.110582073,-0.068291644,-0.132713078,-0.146294863,-0.121793854,-0.262772247,-0.12619813,-0.19553799,-0.488353547,-0.475655131,-0.10921869,-0.159569877,-0.195307925,-0.19255991,-0.189402319,-0.124727662,-0.200075035,-0.332884107,-0.243821637,-0.199571095,-0.222493043,-0.084564295,-0.126852763,0.232031734,-0.193196458,-0.174154329,0.611713352,-0.178535857,-0.124836404,0.003794961,-0.09729191,-0.134446813,-0.190354029,-0.183378896,-0.249964115,-0.129789164,-0.234621665,-0.079157353,-0.071834471,-0.45707922,-0.20793647,-0.134967248,-0.347021257,-0.132231389,-0.156198835,-0.128607861,-0.174589471,-0.244087344
2003/12/07,-0.082659443,-0.130485729,0.060065913,-0.046396449,-0.113390341,0.006130445,-0.091110617,0.806005834,-0.136274211,-0.110678819,-0.06105783,-0.094810052,0.359164358,0.544570371,0.719550788,0.070872631,0.785300156,-0.139782736,-0.085565729,0.43389748,-0.197529694,-0.099590588,-0.078076808,-0.05313523,-0.174510259,-0.139295714,-0.179120895,0.116885955,-0.143968021,-0.082808185,-0.108462271,-0.120195151,-0.101187646,-0.057434236,-0.034733448,0.916335857,-0.066139721,-0.046695194,0.014630827,-0.060276398,-0.185338857,-0.117683671,-0.201531635,-0.026743303,-0.107978786,0.204762925,-0.075024275,-0.162813864,-0.190749795,0.026553034,0.215329929,-0.100024319,-0.054356312,-0.092379321,0.082965596,-0.069831601,-0.136750525,-0.034929312,0.168212259,0.400854593,-0.156185314,0.076335533,-0.128131208,-0.152200783,-0.19255991,0.122662495,-0.104987551,-0.063618262,-0.102007978,-0.243821637,0.119054065,-0.145442244,-0.080012513,-0.126852763,-0.054862834,-0.086766163,0.354802067,-0.122939669,-0.062177674,0.180498103,0.011737498,-0.044537537,1.210159705,-0.175734262,-0.169469129,-0.075580297,-0.124493845,0.661917142,-0.069603745,-0.070328615,-0.261548549,-0.20793647,-0.00849715,-0.132171435,-0.047101299,-0.156198835,-0.128607861,-0.110479209,-0.196412406
2003/12/21,-0.082659443,-0.130485729,-0.165848098,-0.157006422,0.189595384,1.848552661,-0.091110617,-0.134672834,-0.136274211,-0.233279447,-0.198122883,5.333154727,-0.194892727,-0.122599122,-0.15866319,-0.170503902,-0.058734332,-0.139782736,-0.124788757,-0.171017742,-0.197529694,-0.099590588,-0.083501058,-0.181840622,-0.174510259,-0.267696748,1.539986233,2.510929697,-0.170086079,0.126597082,-0.340060754,-0.214293457,-0.155748504,-0.088868321,-0.178347691,-0.195397044,-0.132023669,-0.194382489,3.113369419,-0.060276398,-0.22647649,-0.117683671,-0.237343458,-0.138204312,-0.126895569,-0.127080841,-0.095800478,2.555118296,-0.190749795,-0.205364399,-0.112523088,-0.110582073,-0.068291644,0.008932958,-0.128069625,-0.121793854,0.100936014,-0.12619813,-0.19553799,-0.488353547,-0.375104167,-0.10921869,-0.159569877,-0.195307925,-0.19255991,-0.189402319,-0.124727662,-0.200075035,-0.332884107,-0.243821637,-0.161554173,-0.222493043,-0.084564295,-0.126852763,-0.469813347,-0.193196458,-0.235560672,-0.122939669,-0.178535857,-0.14416996,-0.052795616,-0.09729191,-0.134446813,-0.190354029,2.459476982,-0.249964115,-0.129789164,-0.234621665,-0.079157353,-0.071834471,-0.45707922,-0.20793647,-0.134967248,-0.211880671,-0.132231389,6.898028984,-0.128607861,-0.174589471,-0.244087344
2004/01/07,1.12460763,-0.130485729,0.024923734,-0.090218621,-0.098241055,-0.099621761,0.851811079,0.786990465,0.239080554,0.151073521,-0.198122883,-0.122676835,-0.194892727,-0.029288055,-0.119942098,0.042350732,0.291870007,-0.139782736,0.217554735,-0.171017742,-0.103542177,-0.071570754,-0.083501058,-0.125408258,-0.174510259,-0.208400437,0.01937339,0.155543921,-0.170086079,0.763380424,0.055972652,-0.214293457,-0.155748504,-0.071608413,-0.144239308,0.864457991,0.616706222,0.806941894,1.183358039,-0.052885388,0.822385257,0.143068061,0.963247911,-0.127615516,-0.080947134,0.031712546,-0.09105929,0.222670075,-0.190749795,-0.158980912,0.109128552,0.543233305,-0.068245993,0.037057868,1.104403724,-0.097111784,0.747528478,0.141615642,0.120767837,0.212325308,-0.163416457,0.138660121,-0.114769774,0.281192605,0.084073174,0.09779483,-0.124727662,-0.200075035,-0.118027954,0.113082826,0.612913892,-0.1850806,-0.084564295,-0.124090712,0.541818354,0.117023663,0.324601637,-0.045392961,0.160646204,0.134292318,0.86209323,0.240995506,0.063632017,0.331401075,0.086412641,-0.077651576,-0.093946472,-0.135255281,0.921945027,-0.048786508,-0.34592071,-0.193054463,-0.061621944,0.054852523,-0.132231389,-0.156198835,0.064807419,0.556267511,0.553037614
2004/01/21,-0.082659443,-0.130485729,-0.165848098,-0.157006422,20.46439017,0.808254828,-0.091110617,-0.134672834,-0.136274211,-0.233279447,-0.198122883,-0.191737994,-0.194892727,-0.122599122,-0.15866319,-0.170503902,-0.082783632,-0.139782736,-0.124788757,-0.171017742,-0.197529694,-0.099590588,-0.083501058,-0.181840622,-0.174510259,-0.267696748,0.799327833,-0.218001746,-0.170086079,0.005755774,0.917188154,-0.214293457,-0.155748504,-0.055992305,-0.178347691,0.146951824,-0.132023669,0.516447472,0.325678451,-0.060276398,-0.187493196,-0.117683671,-0.237343458,-0.138204312,-0.126895569,-0.127080841,-0.053656578,0.28981999,-0.190749795,-0.205364399,-0.112523088,10.85480585,-0.068291644,-0.096393581,0.128719306,-0.121793854,-0.262772247,-0.12619813,-0.19553799,-0.488353547,-0.475655131,-0.10921869,-0.159569877,0.339424389,-0.19255991,-0.189402319,-0.124727662,-0.200075035,-0.332884107,-0.243821637,-0.186898788,-0.222493043,-0.084564295,-0.126852763,0.933876814,-0.193196458,-0.235560672,-0.122939669,-0.178535857,-0.118391886,1.946738086,-0.09729191,-0.134446813,8.28180072,0.697573063,0.701220347,-0.129789164,-0.234621665,-0.079157353,-0.071834471,2.519396573,-0.20793647,-0.134967248,3.282468754,-0.132231389,7.325557943,-0.128607861,-0.174589471,-0.244087344
2004/02/07,-0.082659443,-0.130485729,-0.165848098,-0.157006422,-0.113390341,-0.492117464,-0.091110617,-0.134672834,-0.136274211,-0.233279447,-0.198122883,-0.191737994,-0.194892727,-0.122599122,-0.15866319,-0.170503902,-0.320270463,-0.139782736,-0.124788757,-0.171017742,-0.197529694,-0.099590588,-0.083501058,-0.181840622,-0.174510259,-0.267696748,0.206801113,-0.084511039,-0.170086079,-0.235926842,-0.340060754,-0.214293457,-0.155748504,-0.088868321,-0.178347691,-0.195397044,-0.132023669,-0.194382489,-0.231859742,-0.060276398,-0.22647649,-0.117683671,-0.237343458,-0.138204312,-0.126895569,-0.127080841,-0.095800478,0.128012968,-0.190749795,-0.205364399,-0.112523088,0.456127885,-0.068291644,-0.048270249,-0.139285156,-0.121793854,-0.262772247,-0.12619813,-0.19553799,-0.488353547,0.730956435,-0.10921869,-0.159569877,6.80E-04,-0.19255991,-0.189402319,-0.124727662,-0.200075035,-0.332884107,-0.243821637,1.34011425,-0.222493043,-0.084564295,-0.126852763,0.232031734,-0.193196458,-0.235560672,-0.122939669,-0.178535857,-0.14416996,-0.279157922,-0.09729191,-0.134446813,5.017937825,1.138049043,-0.080109747,-0.129789164,-0.234621665,-0.079157353,-0.071834471,-0.45707922,-0.20793647,-0.134967248,0.359570948,-0.132231389,-0.156198835,-0.128607861,-0.174589471,-0.244087344
2004/02/21,-0.082659443,-0.130485729,-0.165848098,-0.157006422,13.59671373,1.848552661,0.243984951,-0.134672834,-0.136274211,-0.233279447,-0.198122883,-0.191737994,-0.194892727,-0.122599122,-0.15866319,-0.170503902,0.150945497,-0.139782736,-0.124788757,-0.171017742,-0.197529694,-0.099590588,-0.083501058,-0.181840622,-0.174510259,1.087647501,0.280866953,-6.03E-04,-0.170086079,-0.235926842,-0.340060754,-0.214293457,-0.155748504,-0.055992305,-0.178347691,-0.195397044,-0.132023669,-0.194382489,-0.231859742,-0.060276398,-0.22647649,-0.117683671,-0.237343458,10.45059154,-0.126895569,-0.127080841,-0.095800478,0.128012968,-0.190749795,-0.205364399,-0.112523088,0.604551922,-0.068291644,0.286777104,-0.129471566,-0.121793854,-0.262772247,-0.12619813,-0.19553799,-0.488353547,-0.375104167,-0.10921869,-0.159569877,2.708215953,-0.19255991,-0.189402319,-0.124727662,2.392603653,-0.332884107,-0.243821637,1.054987334,1.241472147,-0.084564295,-0.126852763,0.933876814,-0.193196458,-0.235560672,-0.122939669,-0.178535857,-0.066835737,0.484814861,-0.09729191,-0.134446813,17.51783827,-0.183378896,3.174299949,-0.129789164,-0.234621665,-0.079157353,-0.071834471,2.684756339,-0.20793647,-0.134967248,2.807546125,-0.132231389,12.66966993,-0.128607861,-0.174589471,-0.244087344
2004/03/07,-0.082659443,-0.130485729,-0.165848098,-0.157006422,0.038102521,0.873273442,-0.091110617,-0.134672834,-0.136274211,-0.233279447,-0.198122883,-0.191737994,-0.194892727,-0.122599122,-0.15866319,-0.170503902,-0.331543572,-0.139782736,-0.124788757,-0.171017742,-0.197529694,-0.099590588,-0.083501058,0.946806668,-0.174510259,0.071139314,-0.163528087,-0.200838655,-0.170086079,-0.235926842,-0.340060754,-0.214293457,-0.155748504,-0.055992305,-0.178347691,-0.195397044,-0.132023669,-0.125592493,-0.231859742,-0.060276398,-0.22647649,-0.117683671,-0.237343458,0.391235481,-0.126895569,-0.127080841,-0.095800478,-0.357408098,-0.190749795,-0.205364399,-0.112523088,-0.090342432,-0.068291644,-0.101387512,-0.146294863,-0.121793854,-0.262772247,-0.104815793,-0.19553799,-0.467469796,-0.475655131,-0.10921869,-0.159569877,0.036973985,-0.19255991,-0.189402319,-0.124727662,-0.200075035,-0.332884107,-0.243821637,-0.152049943,0.509489552,-0.084564295,-0.030180982,-0.118890807,-0.193196458,-0.235560672,-0.122939669,-0.178535857,-0.124836404,-0.279157922,-0.09729191,-0.134446813,-0.190354029,1.138049043,0.059170835,-0.129789164,0.495417077,-0.079157353,0.643447128,2.932795989,-0.20793647,-0.134967248,2.185899432,-0.132231389,8.982232658,-0.128607861,-0.174589471,-0.244087344
2004/03/21,-0.082659443,-0.130485729,-0.017031165,-0.142045955,-0.011132659,-0.136465643,-0.081686054,-0.133935503,0.711749516,-0.124088263,-0.198122883,-0.019085097,-0.194892727,-0.105697495,-0.154470651,-0.104697825,-0.107579774,-0.128491521,-1.94E-04,0.712536555,-0.034617998,-0.099590588,-0.040215538,-0.136694731,0.343926367,0.196508657,0.515069311,-0.05958165,0.723151491,-0.032762393,0.005682695,0.288544365,-0.155748504,-0.065759222,0.230952901,-0.14661233,-0.083620928,-0.090008001,-0.055538289,0.042030749,-0.184715637,-0.116974143,0.007296058,-0.138204312,-0.037040852,0.007776778,-0.053656578,0.206084856,0.089842084,0.154107622,-0.071785109,-0.1090641,0.151400061,-0.11051619,-0.128877493,-0.121793854,-0.014995994,-0.125022101,-0.08127044,0.400374061,0.024711603,-0.091880017,0.019630534,0.189614655,-0.082675102,0.603169168,-0.015334547,-0.200075035,0.155018407,-0.124853483,-0.171589056,-0.184673943,-0.06287126,-0.045257177,0.251040038,-0.144652754,-0.062612265,-0.088349756,-0.090291551,-0.121718869,0.03204309,-0.012549204,-0.100232655,0.024922034,0.481739833,0.1527521,-0.003144986,-0.166484716,-0.064718377,-0.059078616,0.089986007,0.364524696,0.155619859,0.205217875,0.006245552,-0.156198835,-0.074209814,-0.089322823,-0.01763139
2004/04/07,-0.082659443,-0.089151297,-0.091327851,-0.092692243,-0.094453734,-0.232043006,-0.091110617,-0.120335849,-0.095726628,-0.209014739,-0.198122883,-0.191737994,0.557041889,0.137185147,-0.134306535,-0.166169424,-0.266295234,-0.139782736,-0.067645254,-0.011387336,-0.145314407,-0.090942491,1.270602867,-0.119137995,0.204463883,-0.077885806,0.271951621,-0.048957661,-0.170086079,-0.097462844,0.131407586,-0.214293457,-0.155748504,-0.0678642,0.162736135,-0.188264776,-0.132023669,0.053388886,-0.167975158,-0.059195841,-0.200081552,-0.101423643,-0.093101393,-0.138204312,-0.073856326,-0.127080841,0.107309708,0.584218877,0.911575442,0.277796919,-0.044626457,-0.110582073,1.323120855,-0.125644648,-0.056552765,-0.121793854,-0.196260782,-0.119664638,0.062070014,0.14831081,-0.151657581,-0.10921869,0.238653258,-0.100691357,0.146827901,0.091103857,-0.124727662,-0.128056183,0.375842786,0.284925716,-0.091064463,-0.171660919,1.262341796,-0.123783817,-0.154632917,0.095640178,-0.125825262,-0.087227369,-0.12633794,-0.143856685,-0.201869866,-0.028951018,-0.129682439,-0.172993056,0.064388842,0.097576795,-0.122802284,-0.133227396,-0.079157353,-0.046998304,0.043593406,0.122774775,-0.134967248,0.110186515,-0.132231389,-0.138385128,-0.076800197,-0.174589471,1.089486607
2004/04/21,-0.082659443,1.171548858,-0.068971777,0.219231527,-0.113390341,-0.370207562,-0.075403012,-0.024073238,-0.032008998,0.203485289,0.127406618,-0.191737994,0.322062321,-0.069194675,-0.15866319,-0.140687109,-0.2029949,0.594751159,-0.124788757,0.128289269,0.859829868,-0.086618443,0.135503065,-0.134813652,0.081297287,-0.062983294,0.088758681,-0.19696504,-0.170086079,0.215339917,-0.143615612,-0.04668085,1.356041935,-0.065581143,1.072293006,-0.195397044,-0.132023669,0.138460774,-0.162167468,-0.060276398,0.729832422,-0.101054096,0.260664707,0.302995515,0.054345479,-0.06797117,-0.060680561,0.760071647,0.109884361,0.519377578,-0.096783415,-0.110582073,-0.062585366,-0.118100155,-0.142162056,-0.121793854,-0.205942831,1.054285064,1.43981282,0.054950291,0.088896635,-0.105606466,0.28843115,-0.09950676,-0.062888152,0.262238359,-0.124727662,0.124009801,0.002828632,-0.243821637,-0.086114343,1.302470697,0.039756258,0.852812153,0.056570464,-0.135748287,-0.211573819,-0.122939669,-0.101357509,-0.126447534,-0.228756939,-0.046036241,-0.121270342,-0.181673542,0.036859093,0.555570227,0.438506149,-0.128157682,-0.079157353,-0.071834471,0.380054597,-0.009509723,-0.04765141,-0.124159952,-0.11792592,-0.156198835,1.309054822,-0.174589471,0.095596587
2004/05/07,-0.082659443,-0.130485729,-0.165848098,-0.148786385,-0.113390341,-0.252048734,-0.052445744,-0.134672834,-0.136274211,0.035498852,1.404483892,-0.191737994,0.007551208,-0.064093489,-0.15866319,-0.170503902,-0.306814995,0.160985466,-0.094931484,-0.171017742,0.380855024,-0.099590588,-0.083501058,-0.123961274,0.140329797,-0.015741728,-0.202460131,-0.217561666,0.669709927,-0.061636494,-0.340060754,-0.214293457,-0.155748504,-0.068636927,-0.178347691,0.002111918,-0.132023669,-0.190413835,-0.017421976,-0.060276398,-0.126019542,-0.117683671,-0.082388455,-0.138204312,-0.126895569,-0.127080841,-0.068244851,0.109342927,0.179261473,-0.205364399,-0.112523088,-0.103835526,-0.068291644,-0.131874935,-0.145809575,-0.121793854,-0.150862012,-0.076854275,-0.025686559,0.015466949,0.443483808,-0.10921869,-0.159569877,-0.177440086,0.215296559,-0.011240316,-0.124727662,-0.200075035,-0.084973161,0.854345942,-0.190554261,-0.053573983,-0.031343456,1.058704454,-0.145884848,-0.087138297,-0.209581065,-0.122939669,-0.178076974,-0.140699835,-0.279157922,-0.09729191,-0.129499194,-0.190354029,-0.183378896,-0.227316866,-0.129789164,-0.234621665,-0.079157353,-0.071834471,0.401519567,-0.162145682,-0.134967248,-0.283312124,-0.132231389,-0.156198835,0.062681976,-0.174589471,0.127532683
2004/05/21,-0.06849762,-0.068484082,-0.100953383,-0.118046871,-0.113390341,-0.305188948,-0.091110617,-0.134672834,-0.136274211,0.421867656,0.344426286,-0.191737994,0.118413363,-0.122599122,-0.15866319,-0.170503902,-0.320117806,0.535673906,-0.110233336,0.008566464,0.448634483,-0.089861479,-0.083501058,-0.146570394,-0.003971895,0.088787026,-0.235279369,-0.214962448,-0.108055692,-0.132078843,-0.065037556,-0.04668085,-0.155748504,-0.079279483,-0.121500387,-0.152603435,-0.132023669,-0.194382489,-0.136032865,-0.060276398,-0.052269898,-0.117683671,-0.089060128,-0.033419353,-0.126895569,-0.127080841,-0.076923523,-0.253750475,-0.190749795,-0.205364399,-0.112523088,-0.090342432,-0.068291644,-0.13217396,-0.140365819,-0.121793854,-0.224885969,-0.120629813,-0.164487026,-0.168978994,-0.119013431,-0.10921869,-0.131569813,-0.191602908,-0.118118716,-0.189402319,-0.110076798,0.853200682,0.14270894,0.499729328,-0.205511239,-0.039497395,-0.081861675,0.603364434,-0.250486759,-0.092662159,-0.230443477,-0.122939669,-0.176112382,-0.118492581,-0.243788811,-0.020408406,-0.134111818,-0.190354029,-0.183378896,-0.246531641,1.214311784,-0.206104527,-0.079157353,-0.071834471,-0.258992,-0.018810976,-0.134967248,-0.318323992,-0.132231389,-0.156198835,0.221093872,0.434458014,-0.130859367
2004/06/07,-0.082659443,-0.130485729,-0.165848098,-0.157006422,-0.113390341,3.408999411,-0.091110617,-0.134672834,-0.136274211,-0.233279447,-0.198122883,-0.191737994,-0.194892727,-0.122599122,-0.15866319,-0.170503902,-0.313506597,-0.139782736,-0.124788757,-0.171017742,-0.197529694,-0.099590588,-0.083501058,-0.181840622,-0.174510259,0.409975376,-0.015396407,-0.218001746,-0.170086079,-0.05466488,-0.340060754,-0.214293457,-0.155748504,-0.088868321,-0.178347691,-0.195397044,-0.132023669,-0.194382489,-0.231859742,-0.060276398,-0.22647649,-0.117683671,-0.237343458,-0.138204312,-0.126895569,-0.127080841,-0.095800478,0.613434033,-0.190749795,-0.205364399,-0.112523088,-0.029623508,-0.068291644,-0.132713078,-0.081805559,-0.121793854,0.100936014,-0.12619813,-0.19553799,-0.488353547,-0.475655131,-0.10921869,-0.159569877,-0.151755067,-0.19255991,-0.189402319,-0.124727662,-0.200075035,-0.332884107,-0.243821637,-0.085520329,-0.222493043,-0.084564295,-0.126852763,-0.469813347,-0.193196458,-0.235560672,-0.122939669,-0.178535857,-0.14416996,-0.279157922,-0.09729191,-0.134446813,1.892962713,-0.183378896,-0.249964115,-0.129789164,-0.234621665,-0.079157353,-0.071834471,2.023317274,-0.20793647,-0.134967248,-0.339298938,-0.132231389,-0.156198835,-0.128607861,-0.174589471,-0.244087344
2004/06/21,-0.082659443,-0.130485729,-0.165848098,-0.157006422,-0.113390341,2.433720192,-0.091110617,-0.134672834,-0.136274211,-0.233279447,-0.198122883,-0.191737994,-0.194892727,-0.122599122,-0.15866319,-0.170503902,-0.31688853,-0.139782736,-0.124788757,-0.171017742,-0.197529694,-0.099590588,-0.083501058,-0.181840622,-0.174510259,-0.267696748,-0.015396407,-0.218001746,-0.170086079,-0.145295861,-0.340060754,-0.214293457,-0.155748504,-0.088868321,-0.178347691,-0.195397044,-0.132023669,-0.194382489,-0.231859742,-0.060276398,-0.22647649,-0.117683671,-0.237343458,-0.138204312,-0.126895569,-0.127080841,-0.095800478,0.856144566,-0.190749795,-0.205364399,-0.112523088,-0.110582073,-0.063726621,-0.132713078,-0.11860652,-0.121793854,-0.262772247,-0.12619813,1.129303173,-0.488353547,-0.425379649,-0.10921869,-0.159569877,-0.173531496,-0.19255991,-0.189402319,-0.124727662,4.33711267,-0.332884107,-0.243821637,-0.057007637,-0.222493043,-0.084564295,-0.085422,-0.118890807,-0.193196458,-0.235560672,-0.122939669,-0.178535857,-0.14416996,-0.279157922,-0.09729191,-0.123726972,-0.190354029,2.459476982,-0.249964115,-0.129789164,-0.234621665,-0.079157353,-0.071834471,-0.45707922,-0.20793647,-0.134967248,-0.345090677,-0.132231389,6.096412187,-0.128607861,-0.174589471,-0.244087344
2004/07/07,-0.082659443,-0.130485729,-0.165848098,-0.157006422,-0.113390341,4.189222787,-0.091110617,-0.134672834,-0.136274211,-0.233279447,-0.198122883,-0.191737994,-0.194892727,-0.122599122,-0.15866319,-0.170503902,-0.322525085,-0.139782736,-0.124788757,-0.171017742,-0.197529694,-0.099590588,-0.083501058,-0.181840622,-0.174510259,0.409975376,0.132735273,-0.218001746,-0.170086079,-0.05466488,-0.340060754,-0.214293457,-0.155748504,-0.02311629,-0.178347691,-0.195397044,-0.132023669,-0.194382489,-0.231859742,-0.060276398,-0.22647649,-0.117683671,-0.237343458,-0.138204312,-0.126895569,-0.127080841,-0.095800478,-0.357408098,-0.190749795,-0.205364399,-0.112523088,-0.110582073,-0.063726621,-0.108197418,-0.138584185,-0.121793854,-0.262772247,-0.12619813,1.129303173,-0.488353547,-0.274553203,-0.10921869,-0.159569877,-0.195307925,-0.19255991,-0.189402319,-0.124727662,7.57796103,-0.332884107,-0.243821637,0.085555821,-0.222493043,-0.084564295,-0.126852763,-0.469813347,-0.193196458,-0.235560672,-0.122939669,-0.178535857,-0.14416996,-0.279157922,-0.09729191,-0.134446813,-0.190354029,-0.183378896,-0.171831105,-0.129789164,-0.234621665,-0.079157353,-0.071834471,-0.45707922,-0.20793647,-0.134967248,-0.31999314,-0.132231389,-0.156198835,-0.128607861,-0.174589471,-0.244087344
2004/07/21,-0.082659443,-0.130485729,-0.165848098,-0.157006422,2.992213343,-0.492117464,-0.091110617,-0.134672834,-0.136274211,-0.233279447,-0.198122883,-0.191737994,-0.194892727,-0.122599122,-0.15866319,-0.170503902,-0.296596934,-0.139782736,-0.124788757,-0.171017742,-0.197529694,-0.099590588,-0.083501058,-0.181840622,-0.174510259,-0.267696748,0.132735273,-0.218001746,-0.170086079,-0.235926842,-0.340060754,-0.214293457,-0.155748504,-0.088868321,-0.178347691,-0.195397044,-0.132023669,-0.194382489,-0.231859742,-0.060276398,-0.22647649,-0.117683671,-0.237343458,-0.138204312,-0.126895569,-0.127080841,-0.095800478,-0.357408098,-0.190749795,-0.205364399,-0.112523088,-0.110582073,-0.068291644,-0.132713078,-0.109143416,-0.121793854,-0.262772247,-0.12619813,-0.19553799,-0.488353547,-0.375104167,-0.10921869,-0.159569877,-0.057390541,-0.19255991,-0.189402319,-0.124727662,-0.200075035,-0.332884107,-0.243821637,-0.199571095,1.241472147,-0.084564295,-0.126852763,-0.469813347,-0.193196458,-0.235560672,-0.122939669,-0.178535857,-0.14416996,-0.279157922,-0.09729191,-0.134446813,-0.190354029,-0.183378896,-0.182022368,-0.129789164,-0.234621665,-0.079157353,-0.071834471,5.661232132,-0.20793647,-0.134967248,-0.069017766,-0.132231389,1.447034761,-0.128607861,-0.174589471,-0.244087344
2004/08/07,-0.082659443,0.719822573,-0.165848098,-0.149373531,-0.089043274,-0.113616244,-0.091110617,-0.134672834,-0.12137918,-0.066892881,-0.074111644,0.2028972,-0.020336477,-0.122599122,-0.15866319,-0.170503902,-0.330622935,-0.029635777,-0.074884458,-0.171017742,0.138140008,0.067194138,-0.077611872,-0.149593557,-0.174510259,-0.158785157,-0.219606508,-0.217933638,0.184373275,-0.13882222,0.198760206,-0.214293457,0.307044487,-0.087694178,-0.178347691,-0.011995865,-0.132023669,-0.194382489,-0.201991625,-0.060276398,0.054829739,-0.117683671,-0.142378177,-0.138204312,-0.125436888,-0.123327846,-0.081050113,-0.293263172,-0.018958849,0.457256837,-0.112523088,-0.110582073,-0.068291644,-0.130232326,-0.145456201,-0.121793854,-0.204319133,-0.115888789,-0.091443327,-0.228711339,-0.263779886,-0.10921869,-0.159569877,-0.185931962,-0.09376238,-0.169549981,-0.124727662,0.262903302,-0.025946746,0.096087375,-0.153362432,-0.149294784,-0.084564295,-0.126852763,-0.409655197,-0.143955169,-0.235560672,-0.122939669,-0.176746214,-0.143203282,-0.254904817,-0.09729191,-0.131766853,-0.190354029,-0.183378896,-0.239388658,-0.129789164,-0.143366823,-0.079157353,-0.056507008,-0.245654947,-0.144156444,-0.134967248,-0.363711579,0.070497545,-0.087488823,-0.128607861,-0.044079295,-0.114683942
2004/08/21,-0.079105103,0.219641219,-0.164094681,-0.152815815,-0.106706833,-0.262640001,-0.091110617,-0.134672834,-0.136274211,-0.233279447,0.414638531,0.133255695,-0.128545555,-0.102714855,-0.158240413,-0.170503902,-0.317043259,0.23292226,-0.097390318,-0.171017742,0.217121115,-0.008022503,-0.083501058,-0.137579944,-0.174510259,-0.068381417,-0.211453042,-0.217796088,-0.072783511,-0.140853166,-0.007259573,0.206381322,-0.003299048,-0.057926189,-0.178347691,-0.195397044,-0.132023669,-0.194382489,-0.010484283,-0.060276398,-0.127871689,-0.117683671,-0.100415899,-0.138204312,-0.119687971,-0.127080841,-0.074728528,-0.276504587,0.327991493,0.203901659,-0.112523088,-0.109391506,-0.068023113,-0.132499433,-0.144308779,-8.03E-04,-0.16649653,-0.112781762,-0.156572074,-0.222546391,-0.085280801,-0.10921869,-0.106863874,-0.183885974,-0.011753973,-0.189402319,-0.014415277,0.333711754,-0.016919176,0.036103432,-0.186153358,0.251142753,-0.084564295,-0.122790923,-0.32531583,-0.068162204,-0.232550557,-0.058117344,-0.177132215,-0.13848362,-0.276383874,-0.09729191,-0.133816234,-0.190354029,-0.105647841,-0.244768569,-0.129789164,-0.148734755,-0.079157353,-0.046589238,-0.132844384,0.107211893,-0.134967248,-0.356087411,0.042800233,-0.156198835,-0.128607861,-0.174589471,-0.173042339
2004/09/07,-0.03167688,0.086520036,-0.139766012,0.240380998,-0.113390341,-0.047146321,-0.08063888,-0.134672834,-0.136274211,-0.233279447,-0.116740508,-0.191737994,0.098831732,-0.122599122,-0.15866319,-0.170503902,0.001080667,0.976837827,-0.008345392,-0.081225639,-0.197529694,-0.050945043,-0.077059761,-0.181840622,-0.046606486,1.151179263,-0.134596118,-0.214664478,0.186588645,-0.165121388,-0.340060754,0.065060889,-0.155748504,-0.088868321,0.205371614,-0.174000239,-0.132023669,-0.194382489,-0.105542495,-0.060276398,0.391774176,0.206593036,0.160643404,0.258875533,-0.109026733,-0.127080841,-0.079447767,-0.273976353,-0.115591256,-0.132890201,-0.112523088,-0.110582073,-0.068291644,-0.124328381,-0.137985439,1.343704058,0.048842383,-0.103924862,0.146022622,0.396133136,0.004842314,-0.10921869,-0.103569749,-0.174495557,0.028362344,-0.189402319,0.080384428,-0.017777315,0.96520515,-0.243821637,-0.111755965,-0.085246307,-0.081861675,-0.126421192,-0.400359927,-0.166267628,-0.233401855,0.313260562,-0.163435745,-0.127857272,-0.270684072,-0.09729191,-0.130426873,-0.190354029,-0.121436962,-0.226573753,-0.050204239,0.321462533,-0.078727622,-0.049481921,-0.327030653,0.015293621,-0.134967248,-0.237028484,-0.065472533,-0.13114831,-0.076800197,-0.060393067,-0.111988037
2004/09/21,-0.004971729,-0.130485729,-0.026743637,0.195378741,-0.113390341,-0.306349994,-0.091110617,-0.134672834,-0.136274211,-0.233279447,-0.115448724,0.071352135,-0.194892727,-0.056423439,0.126486502,-0.124761155,-0.257897066,-0.139782736,-0.065642921,-0.171017742,-0.197529694,1.234687218,-0.083501058,-0.14601055,-0.174510259,-0.04718439,-0.163528087,-0.212280715,0.042589533,-0.166874666,-0.250257261,-0.214293457,-0.155748504,-0.037206011,0.178978222,-0.16279239,-0.132023669,-0.190287846,-0.125661991,-0.060276398,-0.125769649,0.434734964,0.233752548,0.819829599,-0.109391403,0.003022985,-0.086100692,0.008583975,-0.076222498,-0.205364399,-0.112523088,-0.110582073,-0.068291644,-0.131578093,-0.117532811,-0.06302702,1.005876806,-0.110161377,-0.153479541,-0.102749999,0.470002743,-0.10921869,0.09643071,-0.181366402,0.850302905,-0.154109274,-0.124727662,-0.200075035,0.374777031,0.096087375,-0.072244578,0.265495353,-0.084564295,-0.122249344,-0.288781878,-0.029058828,-0.232636561,0.226895103,-0.079750412,-0.108801828,-0.148797487,-0.090783253,-0.111475726,-0.170512917,0.005396524,-0.20902382,-0.129789164,-0.11729401,-0.069553196,-0.034367339,-0.169668197,0.366083763,-0.134967248,-0.134596191,-0.124965119,-0.156198835,-0.099003482,-0.174589471,-0.244087344
2004/10/07,-0.082659443,-0.130485729,-0.165848098,-0.157006422,-0.113390341,2.628776036,-0.091110617,-0.134672834,-0.136274211,-0.233279447,-0.198122883,-0.191737994,-0.194892727,-0.122599122,-0.15866319,-0.170503902,0.152072808,-0.139782736,-0.124788757,-0.171017742,-0.197529694,-0.099590588,-0.083501058,-0.181840622,-0.174510259,-0.267696748,-0.015396407,1.481144247,-0.170086079,1.032906891,-0.340060754,-0.214293457,-0.155748504,-0.088868321,-0.178347691,1.85869616,-0.132023669,-0.194382489,-0.231859742,-0.060276398,-0.22647649,-0.117683671,-0.237343458,-0.138204312,-0.126895569,-0.127080841,-0.053656578,-0.357408098,-0.190749795,-0.205364399,-0.112523088,6.94630622,-0.068291644,-0.132713078,-0.118957006,-0.121793854,0.100936014,-0.12619813,-0.19553799,-0.488353547,-0.375104167,-0.10921869,-0.159569877,-0.057390541,-0.19255991,-0.189402319,-0.124727662,-0.200075035,-0.332884107,-0.243821637,-0.161554173,-0.222493043,-0.084564295,-0.126852763,-0.469813347,-0.193196458,-0.235560672,-0.122939669,-0.178535857,-0.14416996,0.541405437,-0.09729191,-0.134446813,-0.190354029,-0.183378896,-0.185419455,-0.129789164,-0.234621665,-0.079157353,-0.071834471,-0.45707922,-0.20793647,-0.134967248,1.209026057,-0.132231389,1.76768148,-0.128607861,-0.174589471,-0.244087344
2004/10/21,-0.082659443,-0.130485729,-0.165848098,-0.157006422,-0.113390341,-0.492117464,-0.091110617,-0.134672834,-0.136274211,-0.233279447,-0.198122883,-0.191737994,-0.194892727,-0.122599122,-0.15866319,-0.170503902,-0.319143152,-0.139782736,-0.124788757,-0.171017742,-0.197529694,-0.099590588,-0.083501058,-0.181840622,3.918410469,-0.267696748,0.058669433,0.487591989,-0.170086079,-0.235926842,-0.340060754,-0.214293457,-0.155748504,-0.088868321,-0.178347691,-0.195397044,-0.132023669,-0.194382489,-0.231859742,-0.060276398,-0.22647649,-0.117683671,-0.237343458,-0.138204312,-0.126895569,-0.127080841,-0.095800478,-0.357408098,-0.190749795,-0.205364399,-0.112523088,0.159279812,-0.068291644,-0.132713078,-0.13367739,-0.121793854,-0.262772247,-0.12619813,-0.19553799,-0.488353547,-0.475655131,-0.10921869,-0.159569877,-0.129978638,-0.19255991,-0.189402319,1.750582877,-0.200075035,-0.332884107,-0.243821637,-0.218579556,-0.222493043,-0.084564295,-0.126852763,-0.469813347,-0.193196458,-0.235560672,-0.122939669,-0.178535857,-0.14416996,-0.279157922,-0.09729191,-0.113007132,-0.190354029,-0.183378896,-0.249964115,-0.129789164,1.22545582,-0.079157353,-0.071834471,-0.45707922,-0.20793647,-0.134967248,-0.026545011,-0.132231389,2.408974918,-0.128607861,-0.174589471,-0.244087344
2004/11/07,-0.082659443,-0.130485729,-0.08519089,-0.062717761,-0.077744962,-0.20756541,-0.066471237,-0.132070491,-0.131367613,-0.233279447,-0.198122883,0.523248122,-0.194892727,-0.122599122,0.091916762,-0.1341508,0.146253894,-0.139782736,-0.100130162,0.167023117,-0.197529694,-0.099590588,-0.083501058,0.017332429,-0.174510259,-0.259724135,0.432919766,-0.168301697,-0.170086079,0.701837249,0.148047645,-0.214293457,-0.094768722,-0.085000555,-0.138220182,-0.014153526,-0.080479168,-0.194382489,-0.12363174,-0.060276398,-0.178664627,-0.042557122,0.035985015,0.086029012,-0.046170476,-0.127080841,-0.070018328,-0.158956545,-0.190749795,-0.150795591,-0.018411822,-0.110105846,-0.068237938,-0.104111474,-0.130415815,-0.07823726,-0.007106734,-0.088464594,-0.051364099,-0.288575898,-0.15330057,-0.10921869,-0.159569877,-0.178548614,-0.187135732,-0.189402319,-0.047508993,-0.161947407,-0.332884107,-0.243821637,-0.154845304,-0.084708084,-0.080494467,-0.126852763,0.673781284,-0.061403596,-0.074820538,-0.122939669,-0.125794029,-0.02089011,-0.120621086,-0.073171595,0.271015389,-0.190354029,-0.183378896,-0.183561048,-0.118692355,-0.183089519,-0.079157353,-0.060053362,0.089094361,-0.172919985,0.522469645,-0.251014659,-0.132231389,-0.156198835,-0.128607861,-0.174589471,0.011674675
2004/11/21,-0.082659443,-0.080467593,-0.146560505,0.004331954,-0.042099582,-0.17358089,-0.091110617,0.099538075,0.035456727,-0.164767331,-0.198122883,-0.191737994,0.866662024,0.042826935,0.168314586,-0.145016251,-0.071504207,-0.139782736,0.466234707,-0.114677599,0.023617404,-0.099590588,-0.083501058,-0.049058588,0.301277445,-0.150954912,-0.194855655,-0.061589526,0.326157016,0.10146412,0.325541609,-0.214293457,-0.003299048,-0.071141058,-0.178347691,0.016053727,-0.089069918,-0.168080432,0.126557668,-0.060276398,-0.13982875,-0.055078213,-0.092892407,-0.138204312,-0.102527024,1.171013893,-0.080631035,-0.120136457,-0.049274898,0.067479639,-0.110780287,-0.054228562,-0.068291644,-0.118158574,-0.094996374,0.178954059,-0.059523513,0.070435519,-0.044313124,-0.062949489,0.010763677,-0.090520121,-0.159569877,-0.139301227,-0.111197238,0.19207397,0.11165602,-0.200075035,-0.332884107,-0.243821637,-0.048728041,-0.099470758,-0.082868533,-0.126852763,-0.002899603,1.381559278,0.85801406,0.078729788,0.02687203,0.099746946,-9.21E-04,0.095670609,0.173696053,-0.178099224,-0.183378896,0.192894277,0.018908072,-0.216728559,-0.079157353,-0.042982776,-0.386673941,0.142228378,-0.104443392,-0.138978301,-0.132231389,-0.156198835,-0.128607861,0.255326401,0.106063039
2004/12/07,-0.082659443,-0.130485729,0.060065913,-0.046396449,-0.113390341,0.006130445,-0.091110617,0.806005834,-0.136274211,-0.110678819,-0.06105783,-0.094810052,0.359164358,0.544570371,0.719550788,0.070872631,0.785300156,-0.139782736,-0.085565729,0.43389748,-0.197529694,-0.099590588,-0.078076808,-0.05313523,-0.174510259,-0.139295714,-0.179120895,0.116885955,-0.143968021,-0.082808185,-0.108462271,-0.120195151,-0.101187646,-0.057434236,-0.034733448,0.916335857,-0.066139721,-0.046695194,0.014630827,-0.060276398,-0.185338857,-0.117683671,-0.201531635,-0.026743303,-0.107978786,0.204762925,-0.075024275,-0.162813864,-0.190749795,0.026553034,0.215329929,-0.100024319,-0.054356312,-0.092379321,0.082965596,-0.069831601,-0.136750525,-0.034929312,0.168212259,0.400854593,-0.156185314,0.076335533,-0.128131208,-0.152200783,-0.19255991,0.122662495,-0.104987551,-0.063618262,-0.102007978,-0.243821637,0.119054065,-0.145442244,-0.080012513,-0.126852763,-0.054862834,-0.086766163,0.354802067,-0.122939669,-0.062177674,0.180498103,0.011737498,-0.044537537,1.210159705,-0.175734262,-0.169469129,-0.075580297,-0.124493845,0.661917142,-0.069603745,-0.070328615,-0.261548549,-0.20793647,-0.00849715,-0.132171435,-0.047101299,-0.156198835,-0.128607861,-0.110479209,-0.196412406
2004/12/21,-0.064532309,-0.130485729,0.466083595,0.311398694,-0.074570295,0.437973817,-0.091110617,-0.016515599,-0.136274211,-0.029455903,-0.067911082,0.314710505,0.011889293,0.998823839,0.154495515,0.133294437,0.7968566,-0.139782736,-0.012809055,-0.171017742,-0.197529694,-0.006191142,-0.076630341,-0.10659747,-0.148929504,0.428046633,0.037313783,0.254686462,-0.170086079,-0.101188784,0.382857368,-0.214293457,-0.155748504,1.146091814,-0.178347691,0.249656484,0.096428921,0.504624192,0.069210882,-0.044716376,0.201365153,0.933305452,-0.12766975,-0.102908325,0.209651187,0.119866228,-0.070812658,0.47165063,-0.190749795,-0.205364399,0.035059499,-0.058970988,-0.068291644,0.401319715,1.03799045,0.013957532,0.050926128,-0.089313598,-0.067470011,0.186909493,-0.071021294,-0.103439132,-0.159569877,0.451884523,-0.19255991,0.114007572,-0.124727662,-0.200075035,-0.332884107,-0.243821637,0.200224362,-0.010218091,-0.084564295,-0.116495072,0.39550315,-0.055320849,-0.020702435,-0.122939669,0.144494677,0.232342984,0.39857318,-0.051161808,0.05690234,-0.047994052,0.127156669,-0.03517902,-0.119413648,0.263629777,0.054552154,-0.068973344,-0.146685158,-0.20793647,-0.005739808,0.171426294,-0.132231389,0.196512556,0.120068927,0.008124775,0.088048055
2005/01/07,-0.082659443,-0.130485729,-0.165848098,-0.157006422,-0.113390341,-0.492117464,-0.091110617,-0.134672834,-0.136274211,-0.233279447,-0.198122883,-0.191737994,-0.194892727,-0.122599122,-0.15866319,-0.170503902,3.199194192,-0.139782736,-0.124788757,-0.171017742,-0.197529694,-0.099590588,-0.083501058,-0.181840622,-0.174510259,-0.267696748,-0.237593927,0.020374516,-0.170086079,-0.235926842,-0.340060754,-0.214293457,-0.155748504,-0.088868321,-0.178347691,-0.195397044,-0.132023669,-0.194382489,-0.231859742,-0.060276398,-0.22647649,-0.117683671,-0.237343458,-0.138204312,-0.126895569,-0.127080841,-0.095800478,-0.357408098,-0.190749795,-0.205364399,-0.112523088,0.240238377,-0.068291644,1.610622743,-0.144191951,-0.121793854,-0.262772247,-0.12619813,-0.19553799,-0.488353547,-0.375104167,-0.10921869,-0.159569877,0.450726138,-0.19255991,-0.189402319,-0.124727662,-0.200075035,-0.332884107,-0.243821637,-0.123537251,-0.222493043,-0.084564295,-0.126852763,-0.469813347,-0.193196458,-0.235560672,-0.122939669,-0.178535857,-0.14416996,-0.279157922,-0.09729191,-0.134446813,-0.190354029,-0.183378896,-0.059727222,-0.129789164,-0.234621665,-0.079157353,-0.071834471,-0.45707922,-0.20793647,-0.134967248,-0.011100373,-0.132231389,-0.156198835,-0.128607861,-0.174589471,-0.244087344
2005/01/21,-0.082659443,-0.130485729,-0.165848098,-0.157006422,-0.113390341,0.288105911,-0.091110617,-0.134672834,10.70730787,-0.233279447,-0.198122883,-0.191737994,-0.194892727,-0.122599122,-0.15866319,-0.170503902,-0.285323825,-0.139782736,-0.124788757,-0.171017742,-0.197529694,-0.099590588,-0.083501058,-0.181840622,3.918410469,-0.267696748,-0.237593927,-0.179861544,-0.170086079,-0.235926842,-0.340060754,-0.214293457,-0.155748504,0.075511758,-0.178347691,-0.195397044,-0.132023669,-0.005209999,-0.231859742,-0.060276398,-0.22647649,-0.117683671,-0.237343458,-0.138204312,-0.126895569,-0.127080841,-0.095800478,-0.357408098,-0.190749795,-0.205364399,-0.112523088,0.226745283,-0.068291644,16.52159193,0.146009916,-0.121793854,-0.262772247,-0.12619813,-0.19553799,-0.488353547,-0.475655131,-0.10921869,-0.159569877,2.083958319,-0.19255991,-0.189402319,-0.124727662,-0.200075035,-0.332884107,-0.243821637,-0.237588017,-0.222493043,-0.084564295,-0.126852763,1.635721894,-0.193196458,-0.235560672,-0.122939669,-0.178535857,-0.124836404,-0.279157922,-0.09729191,-0.113007132,4.184611129,1.138049043,0.500792193,-0.129789164,-0.234621665,-0.079157353,1.930954005,1.857957508,-0.20793647,-0.134967248,0.703214151,-0.132231389,1.76768148,-0.128607861,-0.174589471,-0.244087344
2005/02/07,-0.082659443,-0.130485729,-0.165848098,-0.157006422,0.492581109,4.579334474,-0.091110617,-0.134672834,4.034334282,-0.233279447,-0.198122883,-0.191737994,-0.194892727,-0.122599122,-0.15866319,-0.170503902,0.00552239,-0.139782736,-0.124788757,-0.171017742,-0.197529694,-0.099590588,-0.083501058,-0.181840622,-0.174510259,-0.267696748,-0.237593927,-0.183675564,-0.170086079,-0.235926842,-0.340060754,-0.214293457,-0.155748504,-0.088868321,-0.178347691,-0.195397044,-0.132023669,0.063579997,-0.231859742,-0.060276398,-0.22647649,-0.117683671,-0.237343458,-0.138204312,-0.126895569,-0.127080841,-0.095800478,-0.357408098,-0.190749795,-0.205364399,-0.112523088,-0.110582073,-0.068291644,13.08122765,-0.073393911,-0.121793854,0.464644275,-0.12619813,-0.19553799,-0.488353547,-0.375104167,-0.10921869,-0.159569877,10.25737803,7.645377461,-0.189402319,-0.124727662,-0.200075035,-0.332884107,-0.243821637,-0.142545712,-0.222493043,-0.084564295,-0.099232254,2.337566975,-0.193196458,-0.235560672,-0.122939669,-0.178535857,0.783840719,-0.279157922,-0.09729191,-0.134446813,3.142952758,-0.183378896,0.466821319,-0.129789164,-0.234621665,-0.079157353,0.500390808,2.519396573,-0.20793647,-0.134967248,4.097173427,-0.132231389,14.91419696,-0.128607861,-0.174589471,-0.244087344
2005/02/21,-0.082659443,-0.130485729,-0.165848098,-0.157006422,2.764974049,3.799111099,-0.091110617,-0.134672834,5.702577679,-0.233279447,-0.198122883,-0.191737994,-0.194892727,-0.122599122,-0.15866319,-0.170503902,-0.14328265,-0.139782736,-0.124788757,-0.171017742,-0.197529694,-0.099590588,-0.083501058,-0.181840622,-0.174510259,-0.267696748,-0.237593927,-0.156977423,-0.170086079,-0.235926842,-0.340060754,-0.214293457,-0.155748504,0.042635742,-0.178347691,-0.195397044,-0.132023669,-0.194382489,-0.231859742,-0.060276398,-0.22647649,-0.117683671,-0.237343458,1.979554858,-0.126895569,-0.127080841,-0.095800478,-0.357408098,-0.190749795,-0.205364399,-0.112523088,-0.110582073,-0.068291644,0.13423522,-0.111246328,-0.121793854,-0.262772247,-0.12619813,-0.19553799,-0.488353547,-0.475655131,-0.10921869,-0.159569877,0.138597321,-0.19255991,-0.189402319,-0.124727662,-0.200075035,-0.332884107,-0.243821637,-0.047503407,-0.222493043,-0.084564295,-0.126852763,0.232031734,-0.193196458,-0.235560672,-0.122939669,-0.178535857,-0.14416996,-0.109386192,-0.09729191,-0.134446813,-0.190354029,-0.183378896,4.584091205,-0.129789164,-0.234621665,-0.079157353,0.214278169,1.361878209,-0.20793647,-0.134967248,0.834493577,-0.132231389,1.76768148,-0.128607861,-0.174589471,-0.244087344
2005/03/07,-0.082659443,-0.130485729,-0.165848098,-0.157006422,0.795566834,3.799111099,-0.091110617,-0.134672834,-0.136274211,-0.233279447,-0.198122883,-0.191737994,-0.194892727,-0.122599122,-0.15866319,-0.170503902,0.060760624,-0.139782736,-0.124788757,-0.171017742,-0.197529694,-0.099590588,-0.083501058,-0.181840622,-0.174510259,-0.267696748,0.503064473,-0.212280715,-0.170086079,-0.235926842,-0.340060754,-0.214293457,-0.155748504,0.437147931,-0.178347691,-0.195397044,-0.132023669,-0.194382489,-0.231859742,-0.060276398,-0.22647649,-0.117683671,-0.237343458,-0.138204312,-0.126895569,-0.127080841,-0.095800478,0.613434033,-0.190749795,-0.205364399,-0.112523088,-0.110582073,-0.068291644,0.273157293,0.003712866,-0.121793854,-0.262772247,-0.12619813,-0.19553799,-0.488353547,-0.375104167,-0.10921869,-0.159569877,1.329042111,-0.19255991,-0.189402319,-0.124727662,-0.200075035,-0.332884107,-0.243821637,0.864902724,-0.222493043,-0.084564295,-0.126852763,2.337566975,-0.193196458,-0.235560672,-0.122939669,-0.178535857,-0.086169293,-0.13768148,-0.09729191,-0.134446813,0.642972668,-0.183378896,3.412096064,-0.129789164,-0.234621665,-0.079157353,-0.071834471,2.684756339,-0.20793647,-0.134967248,3.104855413,-0.132231389,2.408974918,-0.128607861,-0.174589471,-0.244087344
2005/03/21,-0.082659443,-0.130485729,-0.017031165,-0.142045955,-0.011132659,-0.136465643,-0.081686054,-0.133935503,0.711749516,-0.124088263,-0.198122883,-0.019085097,-0.194892727,-0.105697495,-0.154470651,-0.104697825,-0.107579774,-0.128491521,-1.94E-04,0.712536555,-0.034617998,-0.099590588,-0.040215538,-0.136694731,0.343926367,0.196508657,0.515069311,-0.05958165,0.723151491,-0.032762393,0.005682695,0.288544365,-0.155748504,-0.065759222,0.230952901,-0.14661233,-0.083620928,-0.090008001,-0.055538289,0.042030749,-0.184715637,-0.116974143,0.007296058,-0.138204312,-0.037040852,0.007776778,-0.053656578,0.206084856,0.089842084,0.154107622,-0.071785109,-0.1090641,0.151400061,-0.11051619,-0.128877493,-0.121793854,-0.014995994,-0.125022101,-0.08127044,0.400374061,0.024711603,-0.091880017,0.019630534,0.189614655,-0.082675102,0.603169168,-0.015334547,-0.200075035,0.155018407,-0.124853483,-0.171589056,-0.184673943,-0.06287126,-0.045257177,0.251040038,-0.144652754,-0.062612265,-0.088349756,-0.090291551,-0.121718869,0.03204309,-0.012549204,-0.100232655,0.024922034,0.481739833,0.1527521,-0.003144986,-0.166484716,-0.064718377,-0.059078616,0.089986007,0.364524696,0.155619859,0.205217875,0.006245552,-0.156198835,-0.074209814,-0.089322823,-0.01763139
2005/04/07,-0.082659443,-0.089151297,-0.091327851,-0.092692243,-0.094453734,-0.232043006,-0.091110617,-0.120335849,-0.095726628,-0.209014739,-0.198122883,-0.191737994,0.557041889,0.137185147,-0.134306535,-0.166169424,-0.266295234,-0.139782736,-0.067645254,-0.011387336,-0.145314407,-0.090942491,1.270602867,-0.119137995,0.204463883,-0.077885806,0.271951621,-0.048957661,-0.170086079,-0.097462844,0.131407586,-0.214293457,-0.155748504,-0.0678642,0.162736135,-0.188264776,-0.132023669,0.053388886,-0.167975158,-0.059195841,-0.200081552,-0.101423643,-0.093101393,-0.138204312,-0.073856326,-0.127080841,0.107309708,0.584218877,0.911575442,0.277796919,-0.044626457,-0.110582073,1.323120855,-0.125644648,-0.056552765,-0.121793854,-0.196260782,-0.119664638,0.062070014,0.14831081,-0.151657581,-0.10921869,0.238653258,-0.100691357,0.146827901,0.091103857,-0.124727662,-0.128056183,0.375842786,0.284925716,-0.091064463,-0.171660919,1.262341796,-0.123783817,-0.154632917,0.095640178,-0.125825262,-0.087227369,-0.12633794,-0.143856685,-0.201869866,-0.028951018,-0.129682439,-0.172993056,0.064388842,0.097576795,-0.122802284,-0.133227396,-0.079157353,-0.046998304,0.043593406,0.122774775,-0.134967248,0.110186515,-0.132231389,-0.138385128,-0.076800197,-0.174589471,1.089486607
2005/04/21,-0.082659443,1.171548858,-0.068971777,0.219231527,-0.113390341,-0.370207562,-0.075403012,-0.024073238,-0.032008998,0.203485289,0.127406618,-0.191737994,0.322062321,-0.069194675,-0.15866319,-0.140687109,-0.2029949,0.594751159,-0.124788757,0.128289269,0.859829868,-0.086618443,0.135503065,-0.134813652,0.081297287,-0.062983294,0.088758681,-0.19696504,-0.170086079,0.215339917,-0.143615612,-0.04668085,1.356041935,-0.065581143,1.072293006,-0.195397044,-0.132023669,0.138460774,-0.162167468,-0.060276398,0.729832422,-0.101054096,0.260664707,0.302995515,0.054345479,-0.06797117,-0.060680561,0.760071647,0.109884361,0.519377578,-0.096783415,-0.110582073,-0.062585366,-0.118100155,-0.142162056,-0.121793854,-0.205942831,1.054285064,1.43981282,0.054950291,0.088896635,-0.105606466,0.28843115,-0.09950676,-0.062888152,0.262238359,-0.124727662,0.124009801,0.002828632,-0.243821637,-0.086114343,1.302470697,0.039756258,0.852812153,0.056570464,-0.135748287,-0.211573819,-0.122939669,-0.101357509,-0.126447534,-0.228756939,-0.046036241,-0.121270342,-0.181673542,0.036859093,0.555570227,0.438506149,-0.128157682,-0.079157353,-0.071834471,0.380054597,-0.009509723,-0.04765141,-0.124159952,-0.11792592,-0.156198835,1.309054822,-0.174589471,0.095596587
2005/05/07,-0.082659443,-0.130485729,-0.165848098,-0.148786385,-0.113390341,-0.252048734,-0.052445744,-0.134672834,-0.136274211,0.035498852,1.404483892,-0.191737994,0.007551208,-0.064093489,-0.15866319,-0.170503902,-0.306814995,0.160985466,-0.094931484,-0.171017742,0.380855024,-0.099590588,-0.083501058,-0.123961274,0.140329797,-0.015741728,-0.202460131,-0.217561666,0.669709927,-0.061636494,-0.340060754,-0.214293457,-0.155748504,-0.068636927,-0.178347691,0.002111918,-0.132023669,-0.190413835,-0.017421976,-0.060276398,-0.126019542,-0.117683671,-0.082388455,-0.138204312,-0.126895569,-0.127080841,-0.068244851,0.109342927,0.179261473,-0.205364399,-0.112523088,-0.103835526,-0.068291644,-0.131874935,-0.145809575,-0.121793854,-0.150862012,-0.076854275,-0.025686559,0.015466949,0.443483808,-0.10921869,-0.159569877,-0.177440086,0.215296559,-0.011240316,-0.124727662,-0.200075035,-0.084973161,0.854345942,-0.190554261,-0.053573983,-0.031343456,1.058704454,-0.145884848,-0.087138297,-0.209581065,-0.122939669,-0.178076974,-0.140699835,-0.279157922,-0.09729191,-0.129499194,-0.190354029,-0.183378896,-0.227316866,-0.129789164,-0.234621665,-0.079157353,-0.071834471,0.401519567,-0.162145682,-0.134967248,-0.283312124,-0.132231389,-0.156198835,0.062681976,-0.174589471,0.127532683
2005/05/21,-0.06849762,-0.068484082,-0.100953383,-0.118046871,-0.113390341,-0.305188948,-0.091110617,-0.134672834,-0.136274211,0.421867656,0.344426286,-0.191737994,0.118413363,-0.122599122,-0.15866319,-0.170503902,-0.320117806,0.535673906,-0.110233336,0.008566464,0.448634483,-0.089861479,-0.083501058,-0.146570394,-0.003971895,0.088787026,-0.235279369,-0.214962448,-0.108055692,-0.132078843,-0.065037556,-0.04668085,-0.155748504,-0.079279483,-0.121500387,-0.152603435,-0.132023669,-0.194382489,-0.136032865,-0.060276398,-0.052269898,-0.117683671,-0.089060128,-0.033419353,-0.126895569,-0.127080841,-0.076923523,-0.253750475,-0.190749795,-0.205364399,-0.112523088,-0.090342432,-0.068291644,-0.13217396,-0.140365819,-0.121793854,-0.224885969,-0.120629813,-0.164487026,-0.168978994,-0.119013431,-0.10921869,-0.131569813,-0.191602908,-0.118118716,-0.189402319,-0.110076798,0.853200682,0.14270894,0.499729328,-0.205511239,-0.039497395,-0.081861675,0.603364434,-0.250486759,-0.092662159,-0.230443477,-0.122939669,-0.176112382,-0.118492581,-0.243788811,-0.020408406,-0.134111818,-0.190354029,-0.183378896,-0.246531641,1.214311784,-0.206104527,-0.079157353,-0.071834471,-0.258992,-0.018810976,-0.134967248,-0.318323992,-0.132231389,-0.156198835,0.221093872,0.434458014,-0.130859367
2005/06/07,-0.082659443,-0.130485729,-0.156676375,-0.157006422,-0.113390341,-0.011980003,-0.091110617,-0.134672834,-0.136274211,0.841833748,-0.198122883,-0.191737994,0.03647177,-0.122599122,-0.15866319,-0.170503902,-0.336009457,-0.139782736,-0.124788757,0.27103569,-0.197529694,-0.075642012,-0.083501058,-0.008202578,-0.174510259,-0.215568123,-0.22050181,-0.218001746,-0.131913533,-0.166210703,-0.340060754,0.198291423,-0.155748504,-0.08254601,-0.178347691,-0.195397044,-0.132023669,-0.194382489,-0.167528412,-0.060276398,-0.091534321,-0.117683671,-0.144370456,-0.138204312,-0.126895569,-0.127080841,-0.087695882,-0.264057893,-0.190749795,-0.205364399,-0.112523088,-0.104354491,-0.068291644,-0.129150973,-0.141145424,-0.121793854,-0.206817129,-0.12619813,-0.093627132,-0.404015321,-0.061849241,-0.10921869,-0.159569877,-0.184698895,-0.19255991,-0.146643438,-0.124727662,-0.200075035,-0.00233618,-0.060793707,-0.190797959,-0.053573983,-0.084564295,-0.124728108,-0.415825264,-0.166681918,-0.234379781,-0.122939669,-0.178535857,-0.14416996,-0.270451679,-0.09729191,-0.134446813,-0.030098895,-0.081730593,-0.245260455,-0.129789164,-0.234621665,-0.079157353,-0.071834471,0.426959531,-0.162145682,-0.134967248,-0.367069585,-0.132231389,-0.119201136,-0.128607861,0.106509368,-0.244087344
2005/06/21,-0.072948478,-0.130485729,-0.159460648,-0.134107747,-0.094453734,-0.231114169,-0.091110617,-0.129406187,-0.136274211,0.5154601,-0.198122883,0.400214797,-0.141183111,-0.122599122,-0.15866319,-0.170503902,-0.334726883,-0.139782736,-0.124788757,0.239460444,-0.197529694,0.078313119,-0.083501058,-0.101222959,-0.174510259,-0.219291596,-0.21378705,-0.218001746,-0.134640143,-0.187158743,-0.340060754,0.551935605,0.769837479,-0.081823461,-0.145863517,-0.195397044,-0.132023669,-0.194382489,-0.231859742,-0.058424015,-0.104514472,-0.117683671,-0.04869189,0.013064201,-0.126895569,-0.127080841,-0.076233668,-0.100828392,-0.190749795,-0.205364399,-0.112523088,-0.110582073,-0.067965571,-0.132713078,-0.14388319,-0.121793854,-0.210813924,-0.118714312,-0.077248601,-0.406583716,-0.156525524,-0.10921869,-0.159569877,-0.188567602,-0.19255991,-0.189402319,-0.124727662,0.216605468,-0.102681086,-0.243821637,-0.203734853,0.138269807,-0.084564295,-0.123893422,-0.194088494,-0.012645065,-0.232271047,-0.122939669,-0.17802453,-0.135884151,-0.275115738,-0.09729191,-0.129086892,-0.175473195,0.005396524,-0.24221552,-0.129789164,-0.182476041,-0.078764456,-0.071834471,-0.076358044,-0.144156444,-0.134967248,-0.380475447,-0.132231389,0.336222912,-0.128607861,-0.174589471,-0.192325983
2005/07/07,-0.082659443,-0.130485729,-0.165848098,-0.148786385,-0.074060464,0.018028589,-0.013780871,-0.117657512,-0.136274211,-0.233279447,-0.198122883,-0.191737994,-0.194892727,-0.122599122,-0.15866319,-0.170503902,-0.3382424,-0.138293785,-0.124788757,-0.171017742,0.308556934,-0.099590588,-0.083501058,0.035206933,-0.174510259,0.097203627,-0.18346889,-0.218001746,-0.074654714,-0.126704891,-0.267527163,0.610876302,-0.155748504,-0.080438573,-0.178347691,-0.116393459,-0.132023669,-0.194382489,-0.135362747,-0.058780242,-0.205110646,-0.117683671,-0.080666732,-0.138204312,-0.126895569,-0.127080841,-0.086074963,-0.26094622,0.27176429,-0.205364399,-0.112523088,-0.110582073,-0.067940488,-0.130827258,-0.145575918,-0.121793854,-0.220805909,-0.125786931,-0.093627132,-0.381926738,-0.011573759,-0.10921869,-0.159569877,-0.191957705,-0.19255991,-0.189402319,0.055590659,0.398235432,-0.084973161,0.579804047,-0.025692416,-0.194339867,-0.084564295,-0.124728108,-0.456316326,-0.193196458,-0.235560672,-0.122939669,-0.17578256,-0.143178496,-0.270451679,-0.09729191,-0.128674591,-0.190354029,-0.183378896,-0.243953883,-0.129789164,-0.227602062,-0.079157353,-0.071834471,-0.304439435,-0.185041076,-0.134967248,-0.3867714,-0.120493568,-0.113034853,0.349616732,-0.174589471,-0.244087344
2005/07/21,-0.082659443,-0.130485729,-0.150944049,-0.157006422,0.324856868,0.524959435,-0.091110617,-0.134672834,-0.136274211,0.016300402,-0.012106025,-0.191737994,-0.194892727,-0.122599122,-0.158149818,-0.170503902,-0.33293258,-0.127339356,-0.108153991,-0.171017742,0.205273949,0.078313119,-0.068778092,-0.020605295,-0.174510259,0.234506701,-0.184689755,-0.217729316,-0.143501627,-0.119940765,0.468170686,0.36037834,0.214485889,-0.087107106,-0.178347691,-0.195397044,-0.132023669,-0.194382489,-0.14225539,-0.060276398,-0.190799815,-0.117683671,-0.128628995,-0.119295748,-0.122519527,-0.127080841,-0.089779921,-0.212937543,-0.147802059,0.788567455,-0.112523088,-0.110582073,-0.068291644,-0.132583365,-0.142527145,-0.033643604,-0.175092577,-0.118561581,-0.065419662,-0.330233717,-0.085720887,-0.10921869,-0.09556973,-0.183166702,-0.151394273,-0.189402319,0.444563037,-0.200075035,0.10833835,0.096087375,-0.2033049,0.012787076,-0.084564295,-0.126852763,-0.428036854,-0.162420652,-0.233550345,-0.017989237,-0.178216278,-0.141408024,-0.251873179,-0.09729191,-0.132915407,-0.190354029,-0.136185041,-0.191384579,-0.129789164,-0.182476041,-0.078666232,-0.061616162,0.25554263,0.174743685,-0.134967248,-0.285012872,-0.132231389,-0.041682149,-0.128607861,-0.174589471,0.144122863
2005/08/07,-0.082659443,0.719822573,-0.165848098,-0.149373531,-0.089043274,-0.113616244,-0.091110617,-0.134672834,-0.12137918,-0.066892881,-0.074111644,0.2028972,-0.020336477,-0.122599122,-0.15866319,-0.170503902,-0.330622935,-0.029635777,-0.074884458,-0.171017742,0.138140008,0.067194138,-0.077611872,-0.149593557,-0.174510259,-0.158785157,-0.219606508,-0.217933638,0.184373275,-0.13882222,0.198760206,-0.214293457,0.307044487,-0.087694178,-0.178347691,-0.011995865,-0.132023669,-0.194382489,-0.201991625,-0.060276398,0.054829739,-0.117683671,-0.142378177,-0.138204312,-0.125436888,-0.123327846,-0.081050113,-0.293263172,-0.018958849,0.457256837,-0.112523088,-0.110582073,-0.068291644,-0.130232326,-0.145456201,-0.121793854,-0.204319133,-0.115888789,-0.091443327,-0.228711339,-0.263779886,-0.10921869,-0.159569877,-0.185931962,-0.09376238,-0.169549981,-0.124727662,0.262903302,-0.025946746,0.096087375,-0.153362432,-0.149294784,-0.084564295,-0.126852763,-0.409655197,-0.143955169,-0.235560672,-0.122939669,-0.176746214,-0.143203282,-0.254904817,-0.09729191,-0.131766853,-0.190354029,-0.183378896,-0.239388658,-0.129789164,-0.143366823,-0.079157353,-0.056507008,-0.245654947,-0.144156444,-0.134967248,-0.363711579,0.070497545,-0.087488823,-0.128607861,-0.044079295,-0.114683942
2005/08/21,-0.079105103,0.219641219,-0.164094681,-0.152815815,-0.106706833,-0.262640001,-0.091110617,-0.134672834,-0.136274211,-0.233279447,0.414638531,0.133255695,-0.128545555,-0.102714855,-0.158240413,-0.170503902,-0.317043259,0.23292226,-0.097390318,-0.171017742,0.217121115,-0.008022503,-0.083501058,-0.137579944,-0.174510259,-0.068381417,-0.211453042,-0.217796088,-0.072783511,-0.140853166,-0.007259573,0.206381322,-0.003299048,-0.057926189,-0.178347691,-0.195397044,-0.132023669,-0.194382489,-0.010484283,-0.060276398,-0.127871689,-0.117683671,-0.100415899,-0.138204312,-0.119687971,-0.127080841,-0.074728528,-0.276504587,0.327991493,0.203901659,-0.112523088,-0.109391506,-0.068023113,-0.132499433,-0.144308779,-8.03E-04,-0.16649653,-0.112781762,-0.156572074,-0.222546391,-0.085280801,-0.10921869,-0.106863874,-0.183885974,-0.011753973,-0.189402319,-0.014415277,0.333711754,-0.016919176,0.036103432,-0.186153358,0.251142753,-0.084564295,-0.122790923,-0.32531583,-0.068162204,-0.232550557,-0.058117344,-0.177132215,-0.13848362,-0.276383874,-0.09729191,-0.133816234,-0.190354029,-0.105647841,-0.244768569,-0.129789164,-0.148734755,-0.079157353,-0.046589238,-0.132844384,0.107211893,-0.134967248,-0.356087411,0.042800233,-0.156198835,-0.128607861,-0.174589471,-0.173042339
2005/09/07,-0.03167688,0.086520036,-0.139766012,0.240380998,-0.113390341,-0.047146321,-0.08063888,-0.134672834,-0.136274211,-0.233279447,-0.116740508,-0.191737994,0.098831732,-0.122599122,-0.15866319,-0.170503902,0.001080667,0.976837827,-0.008345392,-0.081225639,-0.197529694,-0.050945043,-0.077059761,-0.181840622,-0.046606486,1.151179263,-0.134596118,-0.214664478,0.186588645,-0.165121388,-0.340060754,0.065060889,-0.155748504,-0.088868321,0.205371614,-0.174000239,-0.132023669,-0.194382489,-0.105542495,-0.060276398,0.391774176,0.206593036,0.160643404,0.258875533,-0.109026733,-0.127080841,-0.079447767,-0.273976353,-0.115591256,-0.132890201,-0.112523088,-0.110582073,-0.068291644,-0.124328381,-0.137985439,1.343704058,0.048842383,-0.103924862,0.146022622,0.396133136,0.004842314,-0.10921869,-0.103569749,-0.174495557,0.028362344,-0.189402319,0.080384428,-0.017777315,0.96520515,-0.243821637,-0.111755965,-0.085246307,-0.081861675,-0.126421192,-0.400359927,-0.166267628,-0.233401855,0.313260562,-0.163435745,-0.127857272,-0.270684072,-0.09729191,-0.130426873,-0.190354029,-0.121436962,-0.226573753,-0.050204239,0.321462533,-0.078727622,-0.049481921,-0.327030653,0.015293621,-0.134967248,-0.237028484,-0.065472533,-0.13114831,-0.076800197,-0.060393067,-0.111988037
2005/09/21,-0.082659443,-0.130485729,-0.165848098,-0.157006422,-0.113390341,-0.492117464,-0.091110617,-0.134672834,-0.136274211,-0.233279447,-0.198122883,-0.191737994,-0.194892727,1.182582085,5.214973923,-0.078071842,-0.153428448,-0.139782736,-0.124788757,-0.171017742,-0.197529694,-0.099590588,-0.083501058,-0.181840622,-0.174510259,0.635866085,-0.237593927,-0.218001746,-0.170086079,-0.235926842,-0.340060754,-0.214293457,-0.155748504,-0.088868321,2.550322921,-0.195397044,-0.132023669,-0.194382489,-0.231859742,-0.060276398,0.026914916,-0.117683671,-0.237343458,-0.138204312,-0.126895569,-0.127080841,-0.081752512,2.87873234,-0.190749795,-0.205364399,-0.112523088,-0.110582073,-0.068291644,-0.132713078,-0.145126578,-0.121793854,-0.262772247,-0.12619813,0.466882591,-0.488353547,-0.375104167,-0.10921869,-0.159569877,-0.185629512,-0.19255991,0.551751614,-0.124727662,-0.200075035,-0.332884107,-0.243821637,-0.237588017,-0.222493043,-0.084564295,-0.126852763,0.699928454,-0.193196458,-0.235560672,-0.122939669,-0.178535857,-0.092613811,-0.081090904,-0.09729191,-0.134446813,0.226309319,-0.183378896,-0.235243403,-0.129789164,0.495417077,-0.079157353,-0.071834471,1.582357898,-0.20793647,-0.134967248,-0.174556129,-0.132231389,-0.156198835,-0.128607861,-0.174589471,-0.244087344
2005/10/07,-0.082659443,-0.130485729,-0.165848098,7.643808814,-0.113390341,-0.492117464,-0.091110617,-0.134672834,-0.136274211,-0.233279447,-0.198122883,-0.191737994,-0.194892727,-0.122599122,8.516298909,1.712923554,0.723619438,-0.139782736,-0.124788757,-0.171017742,-0.197529694,-0.099590588,-0.083501058,-0.181840622,-0.174510259,-0.267696748,-0.237593927,-0.120744231,-0.170086079,-0.235926842,-0.340060754,-0.214293457,-0.155748504,0.042635742,-0.178347691,-0.195397044,0.368694336,-0.194382489,-0.231859742,-0.060276398,0.00742327,-0.117683671,-0.237343458,-0.138204312,-0.126895569,-0.127080841,0.072775123,2.069697231,-0.190749795,-0.205364399,-0.112523088,-0.110582073,-0.068291644,-0.121817229,-0.12316283,-0.121793854,-0.262772247,-0.12619813,-0.19553799,-0.488353547,-0.073451276,0.179759198,-0.159569877,-0.195307925,-0.19255991,-0.189402319,-0.124727662,-0.200075035,-0.332884107,-0.243821637,-0.237588017,-0.222493043,-0.084564295,-0.126852763,-0.469813347,-0.193196458,-0.082044814,-0.122939669,-0.178535857,0.319835379,0.994130049,-0.09729191,-0.134446813,-0.190354029,-0.183378896,0.031994136,-0.129789164,-0.234621665,-0.079157353,-0.071834471,-0.45707922,-0.20793647,-0.134967248,0.645296757,-0.132231389,-0.156198835,-0.128607861,-0.174589471,-0.244087344
2005/10/21,-0.082659443,-0.130485729,-0.165848098,2.247354438,-0.113390341,-0.492117464,-0.091110617,-0.134672834,-0.136274211,-0.233279447,-0.198122883,-0.191737994,-0.194892727,-0.122599122,-0.15866319,0.355762503,-0.223321725,-0.139782736,-0.124788757,-0.171017742,-0.197529694,-0.099590588,-0.083501058,-0.181840622,-0.174510259,0.071139314,-0.237593927,-0.198931645,-0.170086079,-0.235926842,-0.340060754,-0.214293457,-0.155748504,-0.02311629,-0.178347691,-0.195397044,-0.132023669,-0.194382489,-0.231859742,-0.060276398,-0.13876408,-0.117683671,-0.237343458,-0.138204312,-0.126895569,-0.127080841,-0.095800478,0.3707235,-0.190749795,-0.205364399,-0.112523088,-0.110582073,-0.068291644,-0.091853644,-0.110194872,-0.121793854,-0.262772247,-0.12619813,0.798092882,-0.488353547,-0.274553203,-0.10921869,-0.159569877,-0.195307925,-0.19255991,-0.189402319,-0.124727662,-0.200075035,-0.332884107,-0.243821637,-0.237588017,-0.222493043,-0.084564295,-0.126852763,-0.118890807,-0.193196458,0.409205933,0.979039863,-0.178535857,2.601194965,-0.095238548,-0.09729191,-0.123726972,-0.190354029,-0.183378896,0.116921321,-0.129789164,-0.234621665,-0.079157353,-0.071834471,-0.20903957,-0.20793647,-0.134967248,0.118248473,-0.132231389,-0.156198835,-0.128607861,-0.174589471,-0.244087344
2005/11/07,-0.082659443,-0.130485729,-0.165848098,-0.157006422,-0.113390341,-0.492117464,-0.091110617,-0.134672834,-0.136274211,-0.233279447,-0.198122883,-0.191737994,-0.194892727,-0.122599122,1.023632804,0.125676247,-0.279123615,-0.139782736,-0.124788757,-0.171017742,-0.197529694,-0.099590588,-0.083501058,-0.181840622,-0.174510259,-0.267696748,-0.237593927,0.580081978,-0.170086079,-0.235926842,-0.340060754,-0.214293457,-0.155748504,-0.02311629,-0.178347691,-0.195397044,0.587758463,-0.194382489,-0.231859742,-0.060276398,-0.22647649,-0.117683671,0.299833888,-0.138204312,-0.126895569,-0.127080841,-0.011512678,0.613434033,-0.190749795,-0.205364399,-0.112523088,-0.110582073,-0.068291644,0.350790216,0.069604111,-0.121793854,-0.080918116,-0.12619813,-0.19553799,-0.488353547,0.32875258,-0.10921869,-0.159569877,-0.169902091,-0.19255991,-0.189402319,-0.124727662,-0.200075035,-0.332884107,-0.243821637,-0.237588017,-0.222493043,-0.084564295,-0.126852763,-0.469813347,-0.193196458,2.051825616,-0.122939669,-0.178535857,0.213500822,1.503445237,-0.09729191,-0.134446813,-0.190354029,-0.183378896,0.480409669,-0.129789164,-0.234621665,-0.079157353,-0.071834471,1.609917859,-0.20793647,-0.134967248,-0.094115304,-0.132231389,-0.156198835,-0.128607861,-0.174589471,-0.244087344
2005/11/21,-0.082659443,-0.130485729,-0.165848098,1.356850416,-0.113390341,-0.492117464,-0.091110617,-0.134672834,-0.136274211,-0.233279447,-0.198122883,-0.191737994,-0.194892727,-0.122599122,0.1060657,-0.088342071,-0.296784819,-0.139782736,-0.124788757,0.786764694,-0.197529694,-0.099590588,-0.083501058,-0.181840622,0.507643196,-0.267696748,-0.237593927,1.34765354,-0.170086079,-0.235926842,1.545812607,-0.214293457,-0.155748504,0.00428039,-0.178347691,-0.195397044,0.222651584,-0.16571999,-0.231859742,-0.060276398,0.143864796,-0.117683671,-0.147813901,-0.138204312,-0.126895569,-0.127080841,-0.046632595,0.775241055,-0.190749795,-0.205364399,-0.112523088,-0.110582073,-0.068291644,0.01528887,-0.086011383,-0.121793854,-0.202154203,-0.07630601,0.246075731,-0.488353547,-0.375104167,-0.10921869,-0.159569877,-0.151755067,-0.19255991,3.145790377,-0.124727662,-0.200075035,-0.332884107,-0.243821637,-0.237588017,-0.222493043,-0.055736341,-0.126852763,-0.118890807,-0.193196458,2.793818932,2.570788076,-0.178535857,0.168389192,0.852653608,-0.09729191,-0.123726972,0.017977645,-0.183378896,0.258466627,-0.129789164,-0.234621665,-0.079157353,-0.071834471,-0.374399337,-0.20793647,-0.134967248,-0.047137862,-0.132231389,-0.156198835,-0.128607861,-0.174589471,-0.244087344
2005/12/07,-0.082659443,-0.130485729,-0.165848098,1.160939531,-0.113390341,-0.492117464,-0.091110617,-0.134672834,-0.136274211,-0.233279447,-0.198122883,1.649892913,-0.194892727,-0.122599122,0.22465466,0.188954108,-0.200775507,-0.139782736,-0.124788757,-0.171017742,-0.197529694,-0.099590588,-0.083501058,-0.181840622,-0.174510259,-0.267696748,-0.237593927,-0.001873935,-0.170086079,-0.235926842,2.174437061,-0.214293457,-0.155748504,0.08647043,-0.178347691,-0.195397044,1.119771343,-0.194382489,-0.231859742,-0.060276398,-0.187493196,-0.117683671,-0.237343458,-0.138204312,-0.126895569,-0.127080841,0.08682309,1.098855099,-0.190749795,-0.205364399,0.376332659,-0.110582073,-0.068291644,0.509234019,0.656316581,-0.121793854,0.222172101,-0.12619813,0.02526887,-0.488353547,-0.274553203,-0.10921869,-0.159569877,-0.171111893,-0.19255991,5.73982914,-0.124727662,-0.200075035,-0.332884107,-0.243821637,-0.237588017,-0.222493043,-0.084564295,-0.126852763,-0.001916627,-0.193196458,6.478199531,-0.122939669,-0.178535857,3.310092011,1.107311202,-0.09729191,-0.134446813,-0.190354029,-0.183378896,0.621954975,-0.129789164,-0.234621665,-0.079157353,-0.071834471,1.63747782,-0.20793647,-0.134967248,0.741825747,-0.132231389,-0.156198835,-0.128607861,-0.174589471,-0.244087344
2005/12/21,-0.082659443,-0.130485729,-0.165848098,0.163575026,-0.113390341,-0.492117464,-0.091110617,-0.134672834,-0.136274211,-0.233279447,-0.198122883,1.649892913,-0.194892727,-0.122599122,0.325275596,-0.059850469,-0.173720045,-0.139782736,-0.124788757,-0.171017742,-0.197529694,-0.099590588,-0.083501058,-0.181840622,-0.174510259,0.635866085,-0.237593927,0.09220523,-0.170086079,-0.235926842,4.688934877,-0.214293457,-0.155748504,0.03167707,-0.178347691,-0.195397044,0.952865341,-0.194382489,-0.231859742,-0.060276398,-0.206984843,-0.117683671,-0.237343458,-0.138204312,-0.126895569,-0.127080841,0.157062924,0.775241055,-0.190749795,-0.205364399,0.450401712,-0.110582073,-0.068291644,0.588228923,0.760761214,-0.121793854,0.464644275,-0.12619813,-0.19553799,-0.488353547,-0.207519227,-0.10921869,-0.159569877,-0.178370702,-0.19255991,3.516367343,-0.124727662,-0.200075035,-0.332884107,-0.243821637,-0.237588017,-0.222493043,-0.084564295,-0.126852763,2.337566975,-0.193196458,0.808347164,-0.122939669,-0.178535857,0.82250783,1.588331102,-0.09729191,-0.134446813,1.406855473,-0.183378896,0.241481191,-0.129789164,-0.234621665,-0.079157353,-0.071834471,1.251638365,-0.20793647,-0.134967248,1.728995547,-0.132231389,-0.156198835,-0.128607861,-0.174589471,-0.244087344
2006/01/07,-0.082659443,-0.130485729,-0.165848098,-0.157006422,-0.113390341,-0.492117464,-0.091110617,10.92528675,-0.136274211,-0.233279447,-0.198122883,1.189485186,-0.194892727,0.109798251,0.026407459,0.224817085,-0.281096409,-0.139782736,-0.124788757,-0.171017742,-0.197529694,-0.099590588,-0.083501058,-0.181840622,-0.174510259,-0.267696748,-0.237593927,-0.107871913,-0.170086079,15.57917934,-0.340060754,-0.214293457,-0.155748504,0.026197734,-0.178347691,-0.195397044,0.556463588,-0.194382489,-0.231859742,-0.060276398,0.402129113,-0.117683671,-0.237343458,-0.138204312,-0.126895569,-0.127080841,-0.085264503,1.705631431,-0.190749795,-0.205364399,1.076285206,-0.110582073,-0.068291644,0.68719955,-0.136831758,-0.121793854,-0.262772247,-0.12619813,-0.029932845,-0.488353547,-0.174002239,-0.10921869,0.736432177,-0.178975603,-0.19255991,-0.189402319,-0.124727662,-0.200075035,-0.332884107,-0.243821637,-0.237588017,-0.222493043,-0.084564295,-0.126852763,0.933876814,-0.193196458,0.056119459,1.346366374,-0.178535857,-0.086169293,4.700812808,-0.09729191,-0.134446813,1.99712855,-0.183378896,-0.216842513,-0.129789164,-0.234621665,-0.079157353,-0.071834471,0.039000079,-0.20793647,-0.134967248,-0.349917126,-0.132231389,-0.156198835,-0.128607861,-0.174589471,-0.244087344
2006/01/21,-0.082659443,-0.130485729,-0.165848098,0.617732077,-0.113390341,-0.492117464,-0.091110617,0.197125953,-0.136274211,-0.233279447,-0.198122883,1.189485186,-0.194892727,-0.122599122,-0.076010279,0.571685783,-0.321679601,-0.139782736,-0.124788757,-0.171017742,-0.197529694,-0.099590588,-0.083501058,-0.181840622,-0.174510259,-0.098278717,-0.237593927,0.748375619,-0.170086079,1.712639249,-0.340060754,-0.214293457,-0.155748504,-0.072430313,-0.178347691,-0.195397044,1.620489347,-0.009509374,-0.231859742,-0.060276398,-0.124145345,-0.117683671,-0.237343458,-0.138204312,-0.126895569,-0.127080841,-0.022048653,1.220210366,-0.190749795,-0.205364399,-0.112523088,-0.110582073,-0.068291644,0.090651824,-0.146294863,-0.121793854,0.010008949,-0.12619813,0.135672301,-0.488353547,-0.274553203,-0.10921869,-0.159569877,-0.160828579,-0.19255991,-0.189402319,-0.124727662,-0.200075035,-0.332884107,-0.243821637,-0.237588017,-0.222493043,-0.084564295,-0.126852763,0.407493004,-0.193196458,-0.128099571,-0.122939669,-0.178535857,-0.14416996,7.190798172,-0.09729191,-0.134446813,3.455450269,-0.183378896,-0.249964115,-0.129789164,-0.234621665,-0.079157353,-0.071834471,0.452399495,-0.20793647,-0.134967248,-0.099907043,-0.132231389,-0.156198835,-0.128607861,-0.174589471,-0.244087344
2006/02/07,-0.082659443,-0.130485729,-0.165848098,0.270435509,-0.113390341,-0.492117464,-0.091110617,-0.134672834,-0.136274211,-0.233279447,-0.198122883,2.570708366,-0.194892727,-0.122599122,-0.15866319,-0.061672606,-0.338871093,-0.139782736,-0.124788757,-0.171017742,-0.197529694,-0.099590588,-0.083501058,-0.181840622,-0.174510259,-0.267696748,-0.237593927,0.188191404,-0.170086079,-0.235926842,-0.340060754,-0.214293457,-0.155748504,-0.055992305,-0.178347691,-0.195397044,0.212219959,-0.194382489,-0.231859742,-0.060276398,-0.22647649,-0.117683671,-0.237343458,-0.138204312,-0.126895569,-0.127080841,-0.053656578,0.856144566,-0.190749795,-0.205364399,-0.112523088,-0.110582073,-0.068291644,-0.106835436,-0.14349098,-0.121793854,-0.262772247,-0.12619813,1.129303173,-0.488353547,-0.425379649,-0.10921869,-0.159569877,-0.159013877,-0.19255991,-0.189402319,-0.124727662,-0.200075035,-0.332884107,-0.243821637,-0.237588017,-0.222493043,-0.084564295,-0.126852763,0.582954274,-0.193196458,0.578073377,-0.122939669,-0.178535857,-0.14416996,1.800545764,-0.09729191,-0.134446813,-0.190354029,-0.183378896,-0.249964115,-0.129789164,-0.234621665,-0.079157353,-0.071834471,0.369719612,-0.20793647,-0.134967248,-0.014961532,-0.132231389,-0.156198835,-0.128607861,-0.174589471,-0.244087344
2006/02/21,-0.082659443,-0.130485729,-0.165848098,18.89977966,-0.113390341,-0.492117464,-0.091110617,0.528924741,-0.136274211,-0.233279447,-0.198122883,-0.191737994,-0.194892727,-0.075650157,-0.15866319,-0.164871841,-0.330792031,-0.139782736,-0.124788757,-0.171017742,-0.197529694,-0.099590588,-0.083501058,-0.181840622,-0.174510259,-0.267696748,-0.237593927,-0.152527732,-0.170086079,-0.05466488,-0.340060754,-0.214293457,-0.155748504,-0.02311629,-0.178347691,-0.195397044,0.160061834,-0.18291749,-0.231859742,-0.060276398,1.293871946,-0.117683671,-0.237343458,-0.138204312,-0.126895569,-0.127080841,-0.025560644,2.069697231,-0.190749795,-0.205364399,-0.112523088,-0.110582073,-0.068291644,-0.001054904,0.164702468,-0.121793854,0.100936014,-0.12619813,0.02526887,-0.488353547,-0.106968263,-0.10921869,1.632434232,-0.171111893,-0.19255991,-0.189402319,-0.124727662,-0.200075035,-0.332884107,-0.243821637,-0.237588017,-0.222493043,0.030747522,-0.126852763,-0.235864987,-0.193196458,4.61554045,9.672433948,-0.178535857,-0.079724774,0.286747843,-0.09729191,-0.134446813,0.573528776,-0.183378896,0.570998665,-0.129789164,-0.234621665,-0.079157353,-0.071834471,9.354266912,-0.20793647,-0.134967248,1.223183642,-0.132231389,-0.156198835,-0.128607861,-0.174589471,-0.244087344
2006/03/07,-0.082659443,-0.130485729,-0.165848098,3.048808059,-0.113390341,-0.492117464,-0.091110617,-0.134672834,-0.136274211,-0.233279447,-0.198122883,-0.191737994,-0.194892727,-0.024006297,-0.15866319,-0.12180314,-0.30448811,-0.139782736,-0.124788757,-0.171017742,-0.197529694,-0.099590588,-0.083501058,-0.181840622,-0.174510259,0.071139314,-0.237593927,-0.184629069,-0.170086079,-0.235926842,1.545812607,-0.214293457,-0.155748504,-0.055992305,-0.178347691,-0.195397044,0.118335334,-0.194382489,-0.231859742,-0.060276398,-0.19723902,-0.117683671,-0.237343458,-0.138204312,-0.126895569,-0.127080841,-0.095800478,0.613434033,-0.190749795,-0.205364399,-0.112523088,-0.110582073,-0.068291644,-0.055080154,0.096240997,-0.121793854,-0.262772247,-0.12619813,-0.19553799,-0.488353547,-0.224277721,-0.10921869,-0.159569877,-0.177160901,-0.19255991,3.145790377,-0.124727662,-0.200075035,-0.332884107,-0.243821637,-0.237588017,-0.222493043,-0.084564295,-0.126852763,0.232031734,-0.193196458,0.255690074,-0.122939669,-0.178535857,-0.134503182,-0.222567345,-0.09729191,-0.134446813,1.26796769,-0.183378896,0.084648991,-0.129789164,-0.234621665,-0.079157353,-0.071834471,8.637707925,-0.20793647,-0.134967248,0.317098192,-0.132231389,-0.156198835,-0.128607861,-0.174589471,-0.244087344
2006/03/21,-0.082659443,-0.130485729,-0.165848098,-0.157006422,-0.113390341,-0.492117464,-0.091110617,-0.134672834,-0.136274211,-0.233279447,-0.198122883,-0.191737994,-0.194892727,0.215433421,-0.074812411,-0.167190925,-0.326282788,-0.139782736,-0.124788757,-0.171017742,-0.197529694,-0.099590588,-0.083501058,-0.181840622,-0.174510259,-0.267696748,-0.237593927,-0.206559685,-0.170086079,-0.235926842,0.917188154,-0.214293457,-0.155748504,-0.088868321,-0.178347691,-0.195397044,0.076608833,-0.194382489,-0.231859742,-0.060276398,-0.187493196,-0.117683671,-0.237343458,-0.138204312,-0.126895569,-0.127080841,-0.081752512,0.128012968,-0.190749795,-0.205364399,-0.112523088,-0.110582073,-0.068291644,-0.119093266,-0.079235333,-0.121793854,-0.262772247,-0.12619813,-0.19553799,-0.488353547,-0.408621155,-0.10921869,-0.159569877,-0.173531496,-0.19255991,-0.189402319,-0.124727662,-0.200075035,-0.332884107,-0.243821637,-0.237588017,-0.222493043,-0.084564295,-0.126852763,-0.469813347,-0.193196458,-0.174154329,-0.122939669,-0.178535857,-0.137725442,0.164134927,-0.09729191,-0.134446813,0.434640994,-0.183378896,-0.071050847,-0.129789164,-0.234621665,-0.079157353,-0.071834471,3.621795015,-0.20793647,-0.134967248,0.785585555,-0.132231389,-0.156198835,-0.128607861,-0.174589471,-0.244087344
2006/04/07,-0.082659443,-0.130485729,-0.165848098,-0.157006422,-0.113390341,-0.492117464,-0.091110617,-0.134672834,-0.136274211,-0.233279447,-0.198122883,-0.191737994,5.06864958,4.55351772,0.279756601,-0.092980239,-0.299978866,-0.139782736,-0.124788757,-0.171017742,-0.197529694,-0.099590588,-0.083501058,-0.181840622,-0.174510259,0.409975376,-0.237593927,-0.218001746,-0.170086079,-0.235926842,-0.340060754,-0.214293457,-0.155748504,-0.088868321,2.550322921,-0.195397044,-0.132023669,-0.194382489,-0.231859742,-0.060276398,-0.05105167,-0.117683671,0.299833888,-0.138204312,-0.126895569,-0.127080841,-0.053656578,0.613434033,-0.190749795,-0.205364399,-0.112523088,-0.110582073,-0.068291644,-0.132713078,-0.146294863,-0.121793854,-0.262772247,-0.12619813,1.129303173,-0.488353547,-0.274553203,-0.10921869,-0.159569877,-0.180790306,-0.19255991,-0.189402319,-0.124727662,-0.200075035,-0.332884107,-0.243821637,-0.237588017,-0.222493043,-0.084564295,-0.126852763,-0.469813347,-0.193196458,-0.235560672,-0.122939669,-0.178535857,-0.14416996,-0.279157922,-0.09729191,-0.134446813,-0.190354029,-0.183378896,-0.229581591,-0.129789164,-0.234621665,-0.079157353,-0.071834471,1.196518443,-0.20793647,-0.134967248,-0.31227082,-0.132231389,-0.156198835,-0.128607861,-0.174589471,-0.244087344
2006/04/21,-0.082659443,-0.130485729,-0.165848098,-0.157006422,-0.113390341,-0.492117464,-0.091110617,-0.134672834,-0.136274211,-0.233279447,-0.198122883,-0.191737994,-0.194892727,0.731872028,-0.15866319,-0.170503902,-0.30411234,-0.139782736,-0.124788757,1.744547129,-0.197529694,-0.099590588,-0.083501058,0.570590904,-0.174510259,-0.04180604,-0.237593927,-0.218001746,-0.170086079,0.791224275,0.917188154,-0.214293457,5.027533003,-0.077909649,-0.178347691,-0.195397044,-0.132023669,-0.194382489,0.046909354,-0.060276398,0.86505572,-0.117683671,1.01607035,-0.138204312,-0.126895569,-0.127080841,0.030631223,-0.195601076,-0.190749795,-0.205364399,-0.112523088,-0.110582073,-0.068291644,-0.090945657,-0.143023666,-0.121793854,-0.262772247,-0.111943239,1.129303173,-0.488353547,1.233711255,-0.10921869,-0.159569877,0.022456366,-0.19255991,-0.189402319,-0.124727662,-0.200075035,-0.332884107,-0.243821637,-0.237588017,0.75348375,-0.084564295,-0.126852763,-0.235864987,-0.193196458,-0.215091891,-0.122939669,-0.178535857,-0.047502181,-0.260294396,-0.09729191,-0.134446813,-0.190354029,0.697573063,-0.191081267,-0.129789164,-0.234621665,-0.079157353,-0.071834471,-0.016119843,-0.20793647,-0.134967248,-0.336724831,-0.132231389,-0.156198835,-0.128607861,-0.174589471,-0.244087344
2006/05/07,-0.082659443,-0.130485729,-0.165848098,-0.157006422,-0.113390341,-0.492117464,-0.091110617,-0.134672834,-0.136274211,-0.233279447,-0.198122883,-0.191737994,-0.194892727,0.6379741,-0.15866319,-0.170503902,-0.295469623,-0.139782736,-0.124788757,-0.171017742,-0.197529694,-0.099590588,-0.083501058,-0.181840622,-0.174510259,-0.267696748,-0.237593927,-0.218001746,-0.170086079,0.126597082,-0.340060754,-0.214293457,-0.155748504,0.042635742,-0.178347691,-0.195397044,-0.132023669,-0.194382489,0.604447548,-0.060276398,-0.16800155,-0.117683671,-0.237343458,-0.138204312,-0.126895569,-0.127080841,-0.053656578,1.584276165,-0.190749795,-0.205364399,-0.112523088,-0.110582073,-0.068291644,-0.132713078,-0.145593892,-0.121793854,0.100936014,-0.12619813,-0.19553799,-0.488353547,0.831507399,-0.10921869,-0.159569877,-0.151755067,-0.19255991,-0.189402319,-0.124727662,-0.200075035,-0.332884107,-0.243821637,-0.237588017,-0.222493043,-0.084564295,-0.126852763,-0.469813347,-0.193196458,-0.051341642,-0.122939669,-0.178535857,-0.14416996,-0.279157922,-0.09729191,-0.134446813,-0.190354029,-0.183378896,-0.249964115,-0.129789164,-0.234621665,-0.079157353,-0.071834471,2.023317274,-0.20793647,-0.134967248,-0.204158352,-0.132231389,-0.156198835,-0.128607861,-0.174589471,-0.244087344
2006/05/21,-0.082659443,-0.130485729,-0.165848098,0.110144785,-0.113390341,-0.492117464,-0.091110617,-0.134672834,-0.136274211,-0.233279447,-0.198122883,-0.191737994,-0.194892727,-0.122599122,-0.15866319,-0.170503902,-0.328725295,-0.139782736,-0.124788757,1.265655911,-0.197529694,-0.099590588,-0.083501058,-0.181840622,-0.174510259,0.071139314,-0.237593927,-0.218001746,-0.170086079,-0.190611352,-0.340060754,-0.214293457,-0.155748504,-0.055992305,-0.178347691,-0.195397044,-0.132023669,-0.194382489,-0.231859742,-0.060276398,1.074590921,-0.117683671,0.501275393,-0.138204312,-0.126895569,-0.127080841,-0.064192553,-0.357408098,-0.190749795,-0.205364399,-0.112523088,-0.110582073,-0.068291644,-0.127265153,-0.146294863,-0.121793854,-0.262772247,-0.094124624,-0.19553799,-0.488353547,0.127650652,-0.10921869,-0.159569877,-0.173531496,-0.19255991,-0.189402319,-0.124727662,-0.200075035,-0.332884107,-0.243821637,-0.237588017,0.143498254,-0.041322364,-0.126852763,-0.469813347,-0.193196458,-0.235560672,-0.122939669,-0.178535857,-0.081335904,-0.279157922,-0.09729191,-0.129086892,-0.190354029,-0.183378896,-0.238074309,-0.129789164,-0.234621665,-0.079157353,-0.071834471,-0.333059395,0.089703651,-0.134967248,-0.351847706,-0.132231389,-0.156198835,0.49308411,-0.174589471,-0.244087344
2006/06/07,-0.082659443,-0.130485729,-0.165848098,-0.157006422,-0.113390341,-0.492117464,-0.091110617,-0.134672834,-0.136274211,-0.233279447,-0.198122883,-0.191737994,-0.194892727,-0.122599122,-0.15866319,-0.170503902,-0.330416261,-0.139782736,-0.124788757,5.575676873,-0.197529694,-0.099590588,-0.083501058,-0.181840622,-0.174510259,-0.267696748,-0.237593927,-0.218001746,-0.170086079,-0.235926842,-0.340060754,-0.214293457,-0.155748504,-0.088868321,-0.178347691,-0.195397044,-0.132023669,-0.194382489,0.604447548,-0.060276398,1.001497247,-0.117683671,0.837011235,-0.138204312,-0.126895569,-0.127080841,-0.095800478,-0.357408098,-0.190749795,-0.205364399,-0.112523088,-0.110582073,-0.068291644,-0.091853644,-0.144892921,-0.121793854,-0.262772247,-0.12619813,-0.19553799,-0.488353547,0.730956435,-0.10921869,-0.159569877,-0.122719828,-0.19255991,-0.189402319,-0.124727662,-0.200075035,-0.332884107,-0.243821637,-0.237588017,-0.222493043,-0.084564295,-0.099232254,-0.469813347,-0.193196458,-0.235560672,-0.122939669,-0.178535857,-0.14416996,-0.279157922,-0.09729191,-0.134446813,-0.190354029,1.138049043,-0.249964115,-0.129789164,-0.234621665,-0.079157353,-0.071834471,-0.45707922,-0.20793647,-0.134967248,-0.184852554,-0.132231389,-0.156198835,-0.128607861,-0.174589471,-0.244087344
2006/06/21,-0.082659443,-0.130485729,-0.165848098,0.163575026,0.113848953,-0.492117464,-0.091110617,-0.134672834,-0.136274211,-0.233279447,-0.198122883,-0.191737994,-0.194892727,-0.122599122,-0.15866319,-0.170503902,-0.323652396,-0.139782736,-0.124788757,2.702329565,-0.197529694,-0.099590588,-0.083501058,-0.181840622,-0.174510259,-0.267696748,-0.237593927,-0.218001746,-0.170086079,-0.05466488,-0.340060754,-0.214293457,12.80245526,-0.088868321,-0.178347691,-0.195397044,-0.132023669,-0.194382489,-0.231859742,-0.060276398,-0.08028914,-0.117683671,1.642777255,-0.138204312,-0.126895569,-0.127080841,0.093847073,0.613434033,-0.190749795,-0.205364399,-0.112523088,-0.110582073,-0.068291644,-0.132713078,-0.145944377,-0.121793854,-0.080918116,-0.12619813,0.135672301,-0.488353547,1.485088664,-0.10921869,-0.159569877,-0.18441971,-0.19255991,-0.189402319,-0.124727662,-0.200075035,-0.332884107,-0.243821637,-0.237588017,0.509489552,-0.084564295,-0.126852763,-0.469813347,-0.193196458,-0.235560672,-0.122939669,-0.178535857,-0.028168625,-0.279157922,-0.09729191,-0.07012777,-0.190354029,-0.183378896,-0.231280134,-0.129789164,-0.234621665,-0.079157353,-0.071834471,0.204359845,-0.20793647,-0.134967248,-0.31227082,-0.132231389,-0.156198835,-0.128607861,-0.174589471,-0.244087344
2006/07/07,-0.082659443,-0.130485729,-0.165848098,-0.050145939,-0.113390341,-0.492117464,-0.091110617,-0.134672834,-0.136274211,-0.233279447,-0.198122883,-0.191737994,-0.194892727,-0.122599122,-0.15866319,-0.170503902,-0.339434748,-0.139782736,-0.124788757,-0.171017742,-0.197529694,-0.099590588,-0.083501058,2.075453958,-0.174510259,1.087647501,-0.237593927,-0.218001746,-0.170086079,0.126597082,-0.340060754,-0.214293457,-0.155748504,-0.088868321,-0.178347691,-0.195397044,-0.132023669,-0.194382489,0.604447548,-0.060276398,-0.22647649,-0.117683671,0.031245215,-0.138204312,-0.126895569,-0.127080841,-0.095800478,0.128012968,-0.190749795,-0.205364399,-0.112523088,-0.110582073,-0.068291644,-0.132713078,-0.146294863,-0.121793854,-0.262772247,-0.12619813,-0.19553799,-0.488353547,0.127650652,-0.10921869,-0.159569877,-0.195307925,-0.19255991,-0.189402319,-0.124727662,-0.200075035,-0.332884107,-0.243821637,-0.237588017,-0.222493043,-0.084564295,-0.099232254,-0.469813347,-0.193196458,-0.235560672,-0.122939669,-0.178535857,-0.14416996,-0.279157922,-0.09729191,-0.134446813,-0.190354029,-0.183378896,-0.249964115,-0.129789164,-0.234621665,-0.079157353,-0.071834471,-0.45707922,-0.20793647,-0.134967248,-0.389494012,-0.132231389,-0.156198835,-0.128607861,-0.174589471,-0.244087344
2006/07/21,-0.082659443,-0.130485729,-0.165848098,-0.157006422,-0.113390341,-0.492117464,-0.091110617,-0.134672834,-0.136274211,-0.233279447,-0.198122883,-0.191737994,-0.194892727,-0.122599122,-0.15866319,-0.170503902,-0.340562059,-0.139782736,-0.124788757,-0.171017742,-0.197529694,-0.099590588,-0.083501058,-0.181840622,-0.174510259,2.781827812,-0.237593927,-0.218001746,-0.170086079,-0.145295861,-0.340060754,-0.214293457,-0.155748504,-0.088868321,-0.178347691,-0.195397044,-0.132023669,-0.194382489,-0.231859742,-0.060276398,-0.19723902,-0.117683671,0.702716898,-0.138204312,-0.126895569,-0.127080841,-0.095800478,-0.357408098,-0.190749795,-0.205364399,-0.112523088,-0.110582073,-0.068291644,-0.132713078,-0.146294863,-0.121793854,-0.262772247,-0.12619813,0.135672301,-0.488353547,0.454441285,-0.10921869,-0.159569877,-0.18441971,-0.19255991,-0.189402319,-0.124727662,-0.200075035,-0.332884107,-0.243821637,-0.237588017,-0.222493043,-0.084564295,-0.126852763,-0.469813347,-0.193196458,-0.235560672,-0.122939669,-0.178535857,-0.14416996,-0.265010277,-0.09729191,-0.134446813,-0.190354029,-0.183378896,-0.249964115,-0.129789164,-0.234621665,-0.079157353,-0.071834471,-0.45707922,-0.20793647,-0.134967248,-0.391424592,-0.132231389,-0.156198835,-0.128607861,-0.174589471,-0.244087344
2006/08/07,-0.082659443,-0.130485729,-0.165848098,-0.157006422,0.094912345,-0.492117464,-0.091110617,-0.134672834,-0.136274211,-0.233279447,-0.198122883,-0.191737994,-0.194892727,-0.122599122,-0.15866319,-0.170503902,-0.334925505,-0.139782736,-0.124788757,-0.171017742,-0.197529694,-0.099590588,-0.083501058,-0.181840622,-0.174510259,0.409975376,-0.237593927,-0.218001746,-0.170086079,-0.145295861,-0.340060754,-0.214293457,3.731712626,-0.088868321,-0.178347691,-0.195397044,-0.132023669,-0.194382489,-0.231859742,-0.060276398,-0.19723902,-0.117683671,0.165539552,-0.138204312,-0.126895569,-0.127080841,-0.053656578,-0.236052832,-0.190749795,-0.205364399,-0.112523088,-0.110582073,-0.068291644,-0.097982559,-0.141037582,-0.121793854,-0.262772247,-0.12619813,-0.19553799,-0.488353547,-0.098589016,-0.10921869,-0.159569877,-0.168087389,-0.19255991,-0.189402319,-0.124727662,-0.200075035,-0.332884107,-0.243821637,-0.237588017,-0.222493043,-0.084564295,-0.126852763,-0.469813347,-0.193196458,-0.235560672,-0.122939669,-0.178535857,-0.134503182,-0.279157922,-0.09729191,-0.134446813,-0.190354029,-0.183378896,-0.249964115,-0.129789164,-0.05211198,-0.079157353,-0.071834471,0.039000079,-0.20793647,-0.134967248,-0.342194807,-0.132231389,-0.156198835,-0.128607861,-0.174589471,-0.244087344
2006/08/21,-0.082659443,-0.130485729,-0.165848098,-0.157006422,-0.113390341,-0.492117464,-0.091110617,-0.134672834,-0.136274211,-0.233279447,-0.198122883,-0.191737994,-0.194892727,-0.122599122,-0.15866319,-0.170503902,-0.257704707,-0.139782736,-0.124788757,-0.171017742,-0.197529694,-0.099590588,-0.083501058,-0.181840622,-0.174510259,0.748811439,-0.237593927,-0.218001746,-0.170086079,-0.05466488,-0.340060754,-0.214293457,-0.155748504,-0.088868321,-0.178347691,-0.195397044,-0.132023669,-0.194382489,-0.231859742,-0.060276398,0.095135679,-0.117683671,1.105599908,-0.138204312,-0.126895569,-0.127080841,-0.074728528,-0.357408098,-0.190749795,-0.205364399,-0.112523088,-0.110582073,-0.068291644,-0.131351096,-0.134378361,-0.121793854,0.100936014,-0.072742287,-0.19553799,-0.488353547,0.680680953,-0.10921869,-0.159569877,-0.090055184,-0.19255991,-0.189402319,-0.124727662,-0.200075035,-0.332884107,-0.243821637,-0.237588017,-0.222493043,-0.084564295,-0.126852763,-0.469813347,-0.193196458,-0.235560672,-0.122939669,-0.178535857,-0.047502181,-0.279157922,-0.09729191,-0.134446813,-0.190354029,-0.183378896,-0.249964115,-0.129789164,-0.05211198,-0.079157353,-0.071834471,1.361878209,-0.20793647,-0.134967248,-0.188713714,-0.132231389,-0.156198835,-0.128607861,-0.174589471,-0.244087344
2006/09/07,-0.082659443,-0.130485729,-0.165848098,6.201192298,-0.113390341,-0.492117464,-0.091110617,-0.134672834,-0.136274211,-0.233279447,-0.198122883,-0.191737994,-0.194892727,-0.122599122,-0.15866319,-0.170503902,-0.120454604,-0.139782736,-0.124788757,-0.171017742,-0.197529694,-0.099590588,-0.083501058,-0.181840622,-0.174510259,0.071139314,-0.237593927,-0.218001746,-0.170086079,-0.145295861,-0.340060754,-0.214293457,-0.155748504,-0.088868321,5.961161186,-0.195397044,-0.132023669,-0.194382489,0.395370725,-0.060276398,-0.0218142,-0.117683671,1.03845274,-0.138204312,-0.126895569,-0.127080841,-0.043120603,-0.357408098,-0.190749795,-0.205364399,-0.112523088,-0.110582073,-0.068291644,0.001442062,-0.059549739,-0.121793854,1.282987862,0.092970825,0.135672301,-0.488353547,0.429303544,-0.10921869,-0.159569877,-0.090055184,-0.19255991,-0.189402319,-0.124727662,-0.200075035,-0.332884107,-0.243821637,-0.237588017,0.143498254,-0.084564295,-0.126852763,-0.118890807,-0.193196458,-0.235560672,-0.122939669,-0.075631393,0.116833043,-0.279157922,-0.09729191,-0.134446813,-0.190354029,-0.183378896,-0.139558775,0.653090686,3.598081735,-0.079157353,-0.071834471,0.287039729,-0.20793647,-0.134967248,0.267868407,-0.132231389,-0.156198835,-0.128607861,-0.174589471,-0.244087344
2006/09/21,-0.082659443,-0.130485729,-0.165848098,0.510871595,-0.113390341,-0.492117464,-0.091110617,-0.134672834,-0.136274211,-0.233279447,-0.198122883,-0.191737994,-0.194892727,-0.122599122,-0.15866319,-0.170503902,-0.297160589,-0.139782736,-0.124788757,-0.171017742,-0.197529694,-0.099590588,-0.083501058,-0.181840622,-0.174510259,0.409975376,-0.237593927,-0.218001746,-0.170086079,-0.235926842,-0.340060754,-0.214293457,-0.155748504,-0.088868321,1.185987615,-0.195397044,-0.132023669,-0.194382489,-0.231859742,-0.060276398,0.124373149,-0.117683671,2.381396106,-0.138204312,-0.126895569,-0.127080841,0.093847073,-0.114697565,-0.190749795,-0.205364399,-0.112523088,-0.110582073,-0.068291644,-0.108878408,-0.094072546,-0.121793854,0.100936014,-0.046014366,-0.19553799,-0.488353547,2.515736044,-0.10921869,-0.159569877,-0.091869887,-0.19255991,-0.189402319,-0.124727662,-0.200075035,-0.332884107,-0.243821637,-0.237588017,-0.222493043,-0.084564295,-0.126852763,-0.118890807,-0.193196458,-0.235560672,-0.122939669,0.219659677,0.290835046,-0.279157922,-0.09729191,-0.134446813,-0.190354029,-0.183378896,-0.215993241,-0.129789164,-0.234621665,-0.079157353,-0.071834471,0.948478794,-0.20793647,-0.134967248,-0.014961532,-0.132231389,-0.156198835,-0.128607861,-0.174589471,-0.244087344
2006/10/07,-0.082659443,-0.130485729,-0.165848098,-0.157006422,-0.113390341,-0.492117464,-0.091110617,-0.134672834,-0.136274211,-0.233279447,-0.198122883,-0.191737994,-0.194892727,-0.122599122,-0.15866319,-0.170503902,-0.042951979,-0.139782736,-0.124788757,-0.171017742,-0.197529694,-0.099590588,-0.083501058,-0.181840622,-0.174510259,-0.267696748,-0.237593927,-0.218001746,-0.170086079,-0.235926842,-0.340060754,-0.214293457,-0.155748504,-0.088868321,-0.178347691,-0.195397044,-0.132023669,-0.194382489,-0.231859742,-0.060276398,-0.22647649,-0.117683671,0.837011235,-0.138204312,-0.126895569,-0.127080841,0.030631223,-0.357408098,-0.190749795,-0.205364399,-0.112523088,-0.110582073,-0.068291644,-0.045546287,-0.044654112,-0.121793854,1.192060797,1.819594546,-0.19553799,-0.488353547,3.848036315,-0.10921869,-0.159569877,-0.159013877,-0.19255991,-0.189402319,-0.124727662,-0.200075035,-0.332884107,-0.243821637,-0.237588017,-0.222493043,-0.084564295,-0.126852763,-0.469813347,-0.193196458,0.470612276,-0.122939669,-0.053260857,0.281168268,-0.279157922,-0.09729191,-0.134446813,-0.190354029,-0.183378896,-0.249964115,-0.129789164,-0.234621665,-0.079157353,-0.071834471,1.692597742,-0.20793647,-0.134967248,0.541045448,-0.132231389,-0.156198835,-0.128607861,-0.174589471,-0.244087344
2006/10/21,-0.082659443,-0.130485729,-0.165848098,-0.157006422,-0.113390341,-0.492117464,-0.091110617,-0.134672834,-0.136274211,-0.233279447,-0.198122883,-0.191737994,-0.194892727,0.659101133,-0.15866319,-0.04527337,-0.249249876,-0.139782736,-0.124788757,-0.171017742,-0.197529694,-0.099590588,-0.083501058,-0.181840622,-0.174510259,0.071139314,-0.237593927,-0.218001746,-0.170086079,-0.099980371,-0.340060754,-0.214293457,-0.155748504,-0.047773301,5.961161186,-0.195397044,-0.132023669,-0.194382489,-0.231859742,-0.060276398,-0.211857755,-0.117683671,1.44133575,-0.138204312,-0.126895569,-0.127080841,-0.022048653,-0.357408098,-0.190749795,-0.205364399,-0.112523088,-0.110582073,-0.068291644,-0.05031322,-0.121936131,-0.121793854,0.282790145,0.076934072,-0.029932845,-0.488353547,0.504716767,-0.10921869,-0.159569877,-0.169902091,-0.19255991,-0.189402319,-0.124727662,-0.200075035,-0.332884107,-0.243821637,-0.237588017,-0.222493043,-0.084564295,-0.126852763,-0.294352077,-0.193196458,-0.105072193,-0.122939669,-0.11142425,0.08783271,-0.279157922,-0.09729191,-0.134446813,-0.190354029,-0.183378896,-0.246567027,-0.129789164,12.81482086,-0.079157353,-0.071834471,-0.45707922,-0.20793647,-0.134967248,0.205124564,-0.132231389,-0.156198835,-0.128607861,-0.174589471,-0.244087344
2006/11/07,-0.082659443,-0.130485729,-0.165848098,1.445900818,-0.113390341,-0.492117464,-0.091110617,-0.134672834,-0.136274211,-0.233279447,-0.198122883,-0.191737994,-0.194892727,-0.122599122,-0.15866319,0.148535788,-0.215430548,-0.139782736,-0.124788757,-0.171017742,-0.197529694,-0.099590588,-0.083501058,-0.181840622,-0.174510259,-0.267696748,-0.237593927,-0.218001746,-0.170086079,-0.235926842,-0.340060754,-0.214293457,-0.155748504,-0.088868321,-0.178347691,-0.195397044,-0.132023669,-0.194382489,-0.231859742,-0.060276398,-0.22647649,-0.117683671,2.179954601,-0.138204312,-0.126895569,-0.127080841,-0.011512678,-0.357408098,-0.190749795,-0.205364399,-0.112523088,-0.110582073,-0.068291644,-0.132713078,-0.128069625,-0.121793854,1.192060797,-0.062051119,-0.19553799,-0.488353547,0.831507399,-0.10921869,-0.159569877,-0.159013877,-0.19255991,-0.189402319,-0.124727662,-0.200075035,-0.332884107,-0.243821637,-0.237588017,1.241472147,-0.084564295,-0.126852763,-0.469813347,-0.193196458,-0.235560672,-0.122939669,4.28E-04,0.08783271,-0.279157922,-0.09729191,-0.134446813,-0.190354029,-0.183378896,-0.249964115,-0.129789164,0.495417077,-0.079157353,-0.071834471,-0.45707922,-0.20793647,-0.134967248,0.506295012,-0.132231389,-0.156198835,-0.128607861,-0.174589471,-0.244087344
2006/11/21,-0.082659443,-0.130485729,-0.165848098,1.071889129,-0.113390341,-0.492117464,-0.091110617,-0.134672834,-0.136274211,-0.233279447,-0.198122883,-0.191737994,-0.194892727,1.187276982,-0.15866319,0.117228155,-0.012514585,-0.139782736,-0.124788757,-0.171017742,-0.197529694,-0.099590588,-0.083501058,-0.181840622,-0.174510259,0.071139314,-0.237593927,-0.218001746,-0.170086079,-0.235926842,-0.340060754,-0.214293457,-0.155748504,0.009759726,-0.178347691,-0.195397044,-0.132023669,-0.194382489,-0.231859742,-0.060276398,-0.13876408,-0.117683671,0.568422561,-0.138204312,-0.126895569,-0.127080841,0.009559273,0.128012968,-0.190749795,-0.205364399,-0.112523088,-0.110582073,-0.068291644,-0.128627134,0.041214798,-0.121793854,0.646498405,2.824564389,0.135672301,-0.488353547,1.485088664,-0.10921869,-0.159569877,-0.140866852,-0.19255991,-0.189402319,-0.124727662,-0.200075035,-0.332884107,-0.243821637,-0.237588017,-0.222493043,-0.084564295,-0.126852763,-0.118890807,-0.193196458,0.578073377,-0.122939669,-0.178535857,0.310168601,-0.279157922,-0.09729191,-0.134446813,-0.190354029,-0.183378896,-0.22448596,-0.129789164,-0.234621665,-0.079157353,-0.071834471,-0.45707922,-0.20793647,-0.134967248,0.925230827,-0.132231389,-0.156198835,-0.128607861,-0.174589471,-0.244087344
2006/12/07,-0.082659443,-0.130485729,-0.165848098,0.626637118,-0.113390341,-0.492117464,-0.091110617,-0.134672834,-0.136274211,-0.233279447,-0.198122883,-0.191737994,-0.194892727,-0.122599122,-0.15866319,-0.090661155,-0.120360662,-0.139782736,-0.124788757,-0.171017742,-0.197529694,-0.099590588,-0.083501058,-0.181840622,-0.174510259,-0.267696748,-0.237593927,-0.218001746,-0.170086079,-0.235926842,-0.340060754,1.573574355,-0.155748504,-0.012157618,-0.178347691,-0.195397044,-0.132023669,-0.16571999,-0.231859742,-0.060276398,-0.22647649,-0.117683671,-0.237343458,-0.138204312,-0.126895569,-0.127080841,-0.025560644,-0.357408098,-0.190749795,-0.205364399,-0.112523088,-0.110582073,-0.068291644,-0.096393581,0.363077174,-0.121793854,-0.14153616,1.548751609,-0.19553799,-0.488353547,0.898541375,-0.10921869,-0.159569877,-0.175951099,-0.19255991,-0.189402319,-0.124727662,-0.200075035,-0.332884107,-0.243821637,-0.237588017,-0.222493043,-0.084564295,-0.126852763,-0.235864987,-0.193196458,0.040767873,-0.122939669,-0.178535857,0.2231676,-0.279157922,-0.09729191,-0.134446813,0.087421537,-0.183378896,-0.236375765,-0.129789164,-0.234621665,-0.079157353,-0.071834471,-0.126359687,-0.20793647,-0.134967248,0.485702161,-0.132231389,-0.156198835,-0.128607861,-0.174589471,-0.244087344
2006/12/21,-0.082659443,-0.130485729,-0.165848098,-0.157006422,-0.113390341,-0.492117464,-0.091110617,-0.134672834,-0.136274211,-0.233279447,-0.198122883,-0.191737994,-0.194892727,-0.122599122,-0.15866319,-0.170503902,-0.266723195,-0.139782736,-0.124788757,-0.171017742,-0.197529694,-0.099590588,-0.083501058,-0.181840622,-0.174510259,-0.267696748,-0.237593927,-0.218001746,-0.170086079,-0.05466488,-0.340060754,-0.214293457,-0.155748504,0.075511758,-0.178347691,-0.195397044,0.243514835,-0.194382489,-0.231859742,-0.060276398,-0.13876408,-0.117683671,0.165539552,-0.138204312,-0.126895569,-0.127080841,-0.095800478,-0.114697565,-0.190749795,-0.205364399,-0.112523088,-0.110582073,-0.068291644,-0.09866355,0.444623432,-0.121793854,3.556164492,0.483198477,-0.19553799,-0.488353547,1.535364146,-0.10921869,-0.159569877,-0.169902091,-0.19255991,-0.189402319,-0.124727662,-0.200075035,-0.332884107,-0.243821637,-0.237588017,-0.222493043,-0.084564295,-0.126852763,-0.469813347,-0.193196458,1.023269366,-0.122939669,-0.178535857,0.803174275,-0.279157922,-0.09729191,-0.134446813,-0.190354029,-0.183378896,-0.010469456,-0.129789164,1.407965506,-0.079157353,-0.071834471,-0.45707922,-0.20793647,-0.134967248,0.571934725,-0.132231389,-0.156198835,-0.128607861,-0.174589471,-0.244087344
2007/01/07,-0.082659443,-0.130485729,-0.165848098,-0.157006422,-0.113390341,-0.492117464,-0.091110617,-0.134672834,-0.136274211,-0.233279447,-0.198122883,-0.191737994,-0.194892727,-0.122599122,-0.15866319,-0.170503902,-0.288705757,-0.139782736,-0.124788757,-0.171017742,-0.197529694,-0.099590588,-0.083501058,-0.181840622,-0.174510259,-0.267696748,-0.237593927,-0.218001746,-0.170086079,-0.235926842,-0.340060754,-0.214293457,-0.155748504,-0.088868321,-0.178347691,-0.195397044,3.122643361,-0.194382489,-0.231859742,-0.060276398,-0.22647649,-0.117683671,0.434128225,-0.138204312,-0.126895569,-0.127080841,-0.095800478,-0.357408098,-0.190749795,-0.205364399,-0.112523088,-0.110582073,-0.068291644,0.02391475,-0.126667683,-0.121793854,16.28595362,0.194536926,-0.19553799,-0.488353547,0.32875258,-0.10921869,-0.159569877,-0.180790306,-0.19255991,-0.189402319,-0.124727662,-0.200075035,-0.332884107,-0.243821637,-0.237588017,-0.222493043,-0.084564295,-0.126852763,-0.469813347,-0.193196458,-0.235560672,-0.122939669,-0.178535857,0.068499154,-0.279157922,-0.09729191,-0.134446813,-0.190354029,-0.183378896,-0.168434018,-0.129789164,-0.234621665,-0.079157353,-0.071834471,-0.45707922,-0.20793647,-0.134967248,-0.256284006,-0.132231389,-0.156198835,-0.128607861,-0.174589471,-0.244087344
2007/01/21,-0.082659443,-0.130485729,-0.165848098,-0.050145939,-0.113390341,-0.492117464,-0.091110617,-0.134672834,-0.136274211,-0.233279447,-0.198122883,-0.191737994,-0.194892727,-0.122599122,-0.15866319,-0.170503902,-0.304206282,-0.139782736,-0.124788757,-0.171017742,-0.197529694,-0.099590588,-0.083501058,-0.181840622,0.848719923,-0.098278717,-0.237593927,-0.218001746,-0.170086079,-0.235926842,-0.340060754,-0.214293457,-0.155748504,-0.064211309,-0.178347691,-0.195397044,3.310412613,-0.194382489,-0.231859742,-0.060276398,-0.182620285,-0.117683671,0.568422561,-0.138204312,-0.126895569,-0.127080841,-0.085264503,0.006657701,-0.190749795,-0.205364399,-0.112523088,-0.110582073,-0.068291644,-0.088448692,-0.145593892,-0.121793854,0.464644275,0.857389376,-0.19553799,-0.488353547,-0.123726757,-0.10921869,-0.159569877,-0.157199174,-0.19255991,-0.189402319,-0.124727662,-0.200075035,-0.332884107,-0.243821637,-0.237588017,-0.222493043,-0.084564295,-0.126852763,-0.294352077,-0.193196458,-0.066693228,-0.122939669,-0.178535857,-0.033002014,-0.279157922,-0.09729191,-0.134446813,0.070060564,-0.183378896,-0.227033775,-0.129789164,-0.234621665,-0.079157353,-0.071834471,0.039000079,-0.20793647,-0.134967248,0.486023924,-0.132231389,-0.156198835,-0.128607861,-0.174589471,-0.244087344
2007/02/07,-0.082659443,-0.130485729,-0.165848098,-0.157006422,-0.113390341,-0.492117464,-0.091110617,-0.134672834,-0.136274211,-0.233279447,-0.198122883,-0.191737994,-0.194892727,-0.122599122,-0.15866319,-0.170503902,-0.315197564,-0.139782736,-0.124788757,-0.171017742,-0.197529694,-0.099590588,-0.083501058,-0.181840622,-0.174510259,-0.267696748,-0.237593927,-0.218001746,-0.170086079,-0.235926842,1.545812607,-0.214293457,-0.155748504,-0.088868321,-0.178347691,-0.195397044,2.340271479,-0.194382489,-0.231859742,-0.060276398,-0.22647649,-0.117683671,-0.103049122,-0.138204312,-0.126895569,-0.127080841,-0.095800478,-0.357408098,-0.190749795,-0.205364399,-0.112523088,-0.110582073,-0.068291644,-0.100025531,-0.138584185,-0.121793854,0.828352536,0.034169398,-0.19553799,-0.488353547,-0.073451276,-0.10921869,-0.159569877,-0.162643281,-0.19255991,-0.189402319,-0.124727662,-0.200075035,-0.332884107,-0.243821637,-0.237588017,-0.222493043,-0.084564295,-0.126852763,0.933876814,-0.193196458,0.040767873,-0.122939669,-0.178535857,-0.047502181,-0.279157922,-0.09729191,-0.134446813,0.434640994,-0.183378896,-0.249964115,-0.129789164,-0.234621665,-0.079157353,-0.071834471,-0.45707922,-0.20793647,-0.134967248,-0.047781389,-0.132231389,1.126388042,-0.128607861,-0.174589471,-0.244087344
2007/02/21,-0.082659443,-0.130485729,-0.165848098,-0.157006422,-0.113390341,-0.492117464,-0.091110617,-0.134672834,-0.136274211,-0.233279447,-0.198122883,-0.191737994,-0.194892727,-0.122599122,-0.15866319,-0.170503902,-0.18010814,-0.139782736,-0.124788757,-0.171017742,-0.197529694,-0.099590588,-0.083501058,-0.181840622,-0.174510259,0.184084668,-0.237593927,-0.216094735,-0.170086079,-0.235926842,-0.340060754,-0.214293457,-0.155748504,-0.088868321,-0.178347691,-0.195397044,-0.132023669,-0.005209999,-0.231859742,0.795524839,-0.22647649,-0.117683671,6.029725585,-0.138204312,-0.126895569,-0.127080841,-0.095800478,-0.357408098,-0.190749795,-0.205364399,-0.112523088,-0.110582073,-0.068291644,-0.080957795,-0.140687097,-0.121793854,2.525657753,0.365595623,-0.19553799,-0.488353547,4.015621255,0.468737087,-0.159569877,-0.149335464,-0.19255991,-0.189402319,-0.124727662,-0.200075035,-0.332884107,-0.243821637,-0.237588017,-0.222493043,-0.084564295,-0.080818581,1.167825174,-0.193196458,0.491081057,-0.122939669,-0.178535857,0.364947009,-0.279157922,-0.09729191,-0.127300252,-0.120910137,-0.183378896,-0.249964115,-0.129789164,-0.234621665,-0.079157353,-0.071834471,1.196518443,15.86463004,-0.134967248,1.339018429,-0.132231389,0.485094603,-0.128607861,-0.174589471,-0.244087344
2007/03/07,-0.082659443,-0.130485729,-0.165848098,-0.157006422,-0.113390341,-0.492117464,-0.091110617,-0.134672834,-0.136274211,-0.233279447,-0.198122883,-0.191737994,-0.194892727,-0.122599122,-0.15866319,-0.170503902,-0.001241476,-0.139782736,-0.124788757,-0.171017742,-0.197529694,-0.099590588,-0.083501058,-0.181840622,-0.174510259,-0.267696748,-0.237593927,-0.218001746,-0.170086079,-0.235926842,-0.340060754,-0.214293457,-0.155748504,-0.088868321,-0.178347691,-0.195397044,-0.132023669,-0.194382489,-0.231859742,-0.060276398,-0.10952661,-0.117683671,0.837011235,-0.138204312,-0.126895569,-0.127080841,-0.095800478,-0.114697565,-0.190749795,-0.205364399,-0.112523088,-0.110582073,-0.068291644,-0.128627134,-0.13893467,-0.121793854,3.374310362,-0.019286444,-0.19553799,-0.488353547,12.94789854,0.540981559,-0.159569877,-0.195307925,-0.19255991,-0.189402319,-0.124727662,-0.200075035,-0.332884107,-0.243821637,-0.237588017,-0.222493043,-0.084564295,0.011249781,-0.469813347,-0.193196458,0.317096418,-0.122939669,0.438890925,0.27150149,-0.279157922,-0.09729191,-0.134446813,-0.190354029,-0.183378896,-0.249964115,0.077721158,-0.234621665,-0.079157353,-0.071834471,-0.45707922,5.1495857,-0.134967248,1.701323904,-0.132231389,-0.156198835,-0.128607861,-0.174589471,-0.244087344
2007/03/21,-0.082659443,-0.130485729,-0.165848098,-0.157006422,-0.113390341,-0.492117464,-0.091110617,-0.134672834,-0.136274211,-0.233279447,-0.198122883,-0.191737994,-0.194892727,-0.122599122,-0.15866319,-0.170503902,-0.284572284,-0.139782736,-0.124788757,-0.171017742,-0.197529694,-0.099590588,-0.083501058,-0.181840622,-0.174510259,-0.267696748,-0.237593927,-0.214823395,-0.170086079,-0.235926842,0.917188154,-0.214293457,-0.155748504,0.042635742,3.459879792,-0.195397044,-0.132023669,-0.159987491,-0.231859742,-0.060276398,-0.187493196,-0.117683671,2.806661506,-0.138204312,-0.126895569,-0.127080841,-0.095800478,-0.357408098,-0.190749795,-0.205364399,-0.112523088,-0.110582073,-0.068291644,-0.051902198,-0.132742763,-0.121793854,2.525657753,-0.12619813,-0.19553799,-0.488353547,3.345281496,0.237554776,-0.159569877,-0.129978638,-0.19255991,-0.189402319,-0.124727662,-0.200075035,-0.332884107,-0.243821637,-0.237588017,-0.222493043,-0.084564295,-0.0347844,0.465980094,-0.193196458,0.521784229,-0.122939669,-0.178535857,-0.118391886,-0.279157922,-0.09729191,-0.134446813,-0.190354029,-0.183378896,0.303761126,-0.129789164,-0.234621665,-0.079157353,-0.071834471,-0.45707922,6.340146182,-0.134967248,0.453525831,-0.132231389,-0.156198835,-0.128607861,-0.174589471,-0.244087344
2007/04/07,-0.082659443,-0.130485729,-0.165848098,0.697877439,-0.113390341,-0.492117464,-0.091110617,-0.134672834,-0.136274211,-0.233279447,-0.198122883,-0.191737994,-0.194892727,-0.122599122,-0.15866319,-0.170503902,-0.133136852,-0.139782736,-0.124788757,-0.171017742,-0.197529694,-0.099590588,-0.083501058,-0.181840622,-0.174510259,-0.267696748,-0.237593927,-0.218001746,-0.170086079,-0.235926842,-0.340060754,-0.214293457,-0.155748504,0.075511758,-0.178347691,-0.195397044,-0.132023669,-0.108394994,-0.231859742,-0.060276398,-0.22647649,-0.117683671,0.165539552,-0.138204312,-0.126895569,-0.127080841,-0.095800478,-0.357408098,-0.190749795,-0.205364399,-0.112523088,-0.110582073,-0.068291644,-0.125903172,-0.142439524,-0.121793854,-0.080918116,-0.12619813,-0.19553799,-0.488353547,0.379028062,-0.10921869,-0.159569877,-0.137237447,-0.19255991,-0.189402319,-0.124727662,-0.200075035,-0.332884107,-0.243821637,-0.237588017,-0.222493043,-0.084564295,-0.126852763,-0.469813347,-0.193196458,0.746940821,-0.122939669,-0.178535857,-0.14416996,-0.279157922,-0.09729191,-0.134446813,-0.190354029,-0.183378896,0.120318408,-0.129789164,-0.234621665,-0.079157353,-0.071834471,-0.126359687,2.470824615,-0.134967248,-0.009169793,-0.132231389,-0.156198835,-0.128607861,-0.174589471,-0.244087344
2007/04/21,-0.082659443,-0.130485729,-0.165848098,5.399738678,-0.113390341,-0.492117464,-0.091110617,-0.134672834,-0.136274211,-0.233279447,-0.198122883,-0.191737994,-0.194892727,-0.122599122,-0.15866319,-0.170503902,-0.308997354,-0.139782736,-0.124788757,-0.171017742,-0.197529694,-0.099590588,-0.083501058,-0.181840622,-0.174510259,-0.267696748,-0.237593927,-0.218001746,-0.170086079,-0.235926842,-0.340060754,-0.214293457,-0.155748504,-0.072430313,-0.178347691,-0.195397044,-0.132023669,-0.194382489,-0.231859742,-0.060276398,-0.22647649,-0.117683671,0.031245215,-0.138204312,-0.126895569,-0.127080841,-0.095800478,-0.114697565,-0.190749795,-0.205364399,-0.112523088,-0.110582073,-0.068291644,-0.127265153,-0.135780302,-0.121793854,-0.262772247,-0.12619813,-0.19553799,-0.488353547,0.730956435,-0.10921869,-0.159569877,-0.129978638,-0.19255991,-0.189402319,-0.124727662,-0.200075035,-0.332884107,-0.243821637,-0.237588017,-0.222493043,-0.084564295,-0.126852763,-0.118890807,-0.193196458,-0.0973964,-0.122939669,-0.178535857,-0.134503182,-0.236714989,-0.09729191,-0.134446813,-0.190354029,-0.183378896,-0.236375765,-0.129789164,-0.234621665,-0.079157353,-0.071834471,-0.45707922,0.982624013,-0.134967248,-0.368257634,-0.132231389,-0.156198835,-0.128607861,-0.174589471,-0.244087344
2007/05/07,-0.082659443,-0.130485729,-0.165848098,-0.050145939,-0.113390341,-0.492117464,-0.091110617,-0.134672834,-0.136274211,-0.233279447,-0.198122883,-0.191737994,-0.194892727,-0.122599122,-0.15866319,-0.170503902,-0.330416261,-0.139782736,-0.124788757,-0.171017742,-0.197529694,-0.099590588,-0.083501058,-0.181840622,-0.174510259,-0.267696748,-0.237593927,-0.212280715,5.784831056,-0.145295861,-0.340060754,-0.214293457,-0.155748504,-0.088868321,-0.178347691,-0.195397044,-0.132023669,-0.194382489,-0.231859742,-0.060276398,-0.19723902,-0.117683671,0.837011235,-0.138204312,-0.126895569,-0.127080841,-0.095800478,-0.357408098,-0.190749795,-0.205364399,-0.112523088,-0.110582073,-0.068291644,-0.132713078,-0.146294863,-0.121793854,0.100936014,-0.12619813,-0.19553799,-0.488353547,5.004372399,-0.10921869,-0.159569877,-0.169902091,-0.19255991,-0.189402319,-0.124727662,-0.200075035,-0.332884107,-0.243821637,-0.237588017,-0.222493043,-0.084564295,-0.126852763,-0.469813347,-0.193196458,-0.189505915,-0.122939669,-0.178535857,-0.14416996,-0.279157922,-0.09729191,-0.134446813,-0.190354029,-0.183378896,-0.249964115,-0.129789164,-0.234621665,-0.079157353,-0.071834471,0.369719612,-0.20793647,-0.134967248,-0.381771693,-0.132231389,-0.156198835,-0.128607861,-0.174589471,-0.244087344
2007/05/21,-0.082659443,-0.130485729,-0.165848098,-0.050145939,-0.113390341,-0.492117464,-0.091110617,-0.134672834,-0.136274211,-0.233279447,-0.198122883,-0.191737994,-0.194892727,-0.122599122,-0.15866319,-0.170503902,-0.339058978,-0.139782736,-0.124788757,-0.171017742,-0.197529694,-0.099590588,-0.083501058,-0.181840622,1.189796651,-0.267696748,-0.237593927,-0.218001746,-0.170086079,-0.235926842,-0.340060754,-0.214293457,-0.155748504,-0.088868321,-0.178347691,-0.195397044,-0.132023669,-0.194382489,-0.231859742,-0.060276398,-0.05105167,-0.117683671,-0.237343458,-0.138204312,-0.126895569,-0.127080841,-0.095800478,-0.195601076,-0.190749795,-0.205364399,-0.112523088,-0.110582073,-0.068291644,-0.132713078,-0.141154411,-0.121793854,-0.020300073,-0.069178564,-0.19553799,-0.488353547,1.133160291,-0.10921869,-0.159569877,-0.185629512,-0.19255991,-0.189402319,-0.124727662,-0.200075035,-0.332884107,-0.243821637,-0.237588017,-0.222493043,-0.084564295,-0.126852763,-0.235864987,-0.193196458,-0.215091891,-0.122939669,-0.178535857,-0.14416996,-0.279157922,-0.09729191,-0.134446813,-0.190354029,-0.183378896,-0.249964115,-0.129789164,-0.234621665,-0.079157353,-0.071834471,-0.071239765,0.982624013,-0.134967248,-0.374049374,-0.132231389,-0.156198835,-0.128607861,-0.174589471,-0.244087344
2007/06/07,-0.082659443,-0.130485729,-0.165848098,-0.157006422,-0.113390341,-0.492117464,-0.091110617,-0.134672834,-0.136274211,-0.233279447,-0.198122883,-0.191737994,-0.194892727,-0.122599122,-0.15866319,-0.170503902,-0.339998404,-0.139782736,-0.124788757,-0.171017742,-0.197529694,-0.099590588,-0.083501058,-0.181840622,-0.174510259,-0.267696748,-0.237593927,-0.218001746,0.326157016,-0.235926842,-0.340060754,-0.214293457,-0.155748504,-0.072430313,-0.178347691,-0.195397044,-0.132023669,-0.194382489,-0.231859742,-0.060276398,-0.16800155,-0.117683671,-0.103049122,-0.138204312,-0.126895569,-0.127080841,-0.095800478,-0.114697565,-0.190749795,-0.205364399,-0.112523088,-0.110582073,-0.068291644,-0.132713078,-0.145243407,-0.121793854,0.100936014,-0.12619813,-0.19553799,-0.488353547,2.038118965,-0.10921869,-0.159569877,-0.188049115,-0.19255991,-0.189402319,-0.124727662,-0.200075035,-0.332884107,-0.243821637,-0.237588017,-0.222493043,-0.084564295,-0.126852763,-0.469813347,-0.193196458,-0.220209086,-0.122939669,-0.178535857,-0.14416996,-0.279157922,-0.09729191,-0.134446813,-0.190354029,-0.183378896,-0.244868484,-0.129789164,-0.234621665,-0.079157353,-0.071834471,2.684756339,0.387343772,-0.134967248,-0.381771693,-0.132231389,-0.156198835,-0.128607861,-0.174589471,-0.244087344
2007/06/21,-0.082659443,-0.130485729,-0.165848098,-0.157006422,-0.113390341,-0.492117464,-0.091110617,-0.134672834,-0.136274211,-0.233279447,-0.198122883,-0.191737994,-0.194892727,-0.122599122,-0.15866319,-0.170503902,-0.334173964,-0.139782736,-0.124788757,-0.171017742,-0.197529694,-0.099590588,-0.083501058,-0.181840622,-0.174510259,-0.267696748,-0.237593927,-0.218001746,0.160742651,-0.235926842,-0.340060754,-0.214293457,-0.155748504,-0.088868321,-0.178347691,-0.195397044,-0.132023669,-0.194382489,-0.231859742,-0.060276398,-0.16800155,-0.117683671,-0.237343458,-0.138204312,-0.126895569,-0.127080841,-0.095800478,-0.195601076,-0.190749795,-0.205364399,-0.112523088,-0.110582073,-0.068291644,-0.132713078,-0.143023666,-0.121793854,-0.262772247,-0.12619813,-0.19553799,-0.488353547,0.094133664,-0.10921869,-0.159569877,-0.190468719,-0.19255991,-0.189402319,-0.124727662,-0.200075035,-0.332884107,-0.243821637,-0.237588017,-0.222493043,-0.084564295,-0.126852763,-0.469813347,-0.193196458,-0.19462311,-0.122939669,-0.178535857,-0.14416996,-0.279157922,-0.09729191,-0.134446813,-0.190354029,-0.183378896,-0.249964115,-0.129789164,-0.234621665,-0.079157353,-0.071834471,0.5901993,-0.20793647,-0.134967248,-0.38048464,-0.132231389,-0.156198835,-0.128607861,-0.174589471,-0.244087344
2007/07/07,-0.082659443,-0.130485729,-0.165848098,-0.157006422,-0.113390341,-0.492117464,-0.091110617,-0.134672834,-0.136274211,-0.233279447,-0.198122883,-0.191737994,-0.194892727,-0.122599122,-0.15866319,-0.170503902,-0.340562059,-0.139782736,-0.124788757,-0.171017742,-0.197529694,-0.099590588,-0.083501058,-0.181840622,-0.174510259,0.409975376,-0.237593927,-0.218001746,0.82240011,-0.05466488,-0.340060754,-0.214293457,-0.155748504,-0.055992305,-0.178347691,0.831649558,-0.132023669,-0.194382489,-0.231859742,-0.060276398,-0.16800155,-0.117683671,-0.237343458,-0.138204312,-0.126895569,-0.127080841,-0.095800478,-0.357408098,4.619396695,-0.205364399,-0.112523088,-0.110582073,-0.068291644,-0.132713078,-0.146294863,-0.121793854,-0.262772247,-0.12619813,-0.19553799,-0.488353547,1.535364146,-0.10921869,-0.159569877,-0.188049115,-0.19255991,-0.189402319,-0.124727662,-0.200075035,-0.332884107,-0.243821637,-0.237588017,-0.222493043,-0.084564295,-0.126852763,-0.469813347,-0.193196458,-0.235560672,-0.122939669,-0.178535857,-0.14416996,-0.279157922,-0.09729191,-0.134446813,-0.190354029,-0.183378896,-0.249964115,-0.129789164,-0.234621665,-0.079157353,-0.071834471,0.039000079,-0.20793647,-0.134967248,-0.401077491,-0.132231389,-0.156198835,-0.128607861,-0.174589471,-0.244087344
2007/07/21,-0.082659443,-0.130485729,-0.165848098,-0.157006422,-0.113390341,-0.492117464,-0.091110617,-0.134672834,-0.136274211,-0.233279447,-0.198122883,-0.191737994,-0.194892727,-0.122599122,-0.15866319,-0.170503902,-0.340562059,-0.139782736,-0.124788757,-0.171017742,-0.197529694,-0.099590588,-0.083501058,-0.181840622,-0.174510259,-0.267696748,-0.237593927,-0.218001746,-0.170086079,-0.175506188,-0.340060754,-0.214293457,-0.155748504,-0.088868321,-0.178347691,-0.195397044,-0.132023669,-0.194382489,-0.231859742,-0.060276398,-0.070543317,-0.117683671,-0.058284343,-0.138204312,-0.126895569,-0.127080841,-0.095800478,-0.033794054,-0.190749795,-0.205364399,-0.112523088,-0.110582073,-0.068291644,-0.130897103,-0.146294863,-0.121793854,0.464644275,-0.12619813,-0.19553799,-0.488353547,2.105152941,-0.10921869,-0.159569877,-0.175951099,-0.19255991,-0.189402319,-0.124727662,-0.200075035,-0.332884107,-0.243821637,-0.237588017,-0.222493043,-0.084564295,-0.126852763,-0.235864987,-0.193196458,-0.215091891,-0.122939669,-0.178535857,-0.14416996,-0.279157922,-0.09729191,-0.134446813,-0.190354029,-0.183378896,-0.24769939,-0.129789164,-0.234621665,-0.079157353,-0.071834471,0.094120001,-0.20793647,-0.134967248,-0.37662348,-0.132231389,-0.156198835,-0.128607861,-0.174589471,-0.244087344
2007/08/07,-0.082659443,-0.130485729,-0.165848098,-0.050145939,-0.113390341,-0.492117464,-0.091110617,-0.134672834,-0.136274211,-0.233279447,-0.198122883,-0.191737994,-0.194892727,-0.122599122,-0.15866319,-0.170503902,-0.340562059,-0.139782736,-0.124788757,-0.171017742,-0.197529694,-0.099590588,-0.083501058,-0.181840622,-0.174510259,-0.267696748,-0.237593927,-0.21704824,0.326157016,-0.235926842,-0.340060754,-0.214293457,-0.155748504,-0.088868321,-0.178347691,0.318126257,-0.132023669,-0.194382489,-0.231859742,-0.060276398,0.00742327,-0.117683671,-0.103049122,-0.138204312,-0.126895569,-0.127080841,-0.095800478,-0.357408098,-0.190749795,-0.205364399,-0.112523088,-0.110582073,-0.068291644,-0.132713078,-0.145593892,-0.121793854,0.282790145,-0.12619813,-0.19553799,-0.488353547,0.479579026,-0.10921869,-0.159569877,-0.188049115,-0.19255991,-0.189402319,-0.124727662,-0.200075035,-0.332884107,-0.243821637,-0.237588017,-0.222493043,-0.084564295,-0.126852763,-0.469813347,-0.193196458,-0.235560672,-0.122939669,-0.178535857,-0.14416996,-0.279157922,-0.09729191,-0.134446813,-0.190354029,-0.183378896,-0.24316994,-0.129789164,-0.234621665,-0.079157353,-0.071834471,-0.45707922,-0.20793647,-0.134967248,-0.352812996,-0.132231389,-0.156198835,-0.128607861,-0.174589471,-0.244087344
2007/08/21,-0.082659443,-0.130485729,-0.165848098,-0.157006422,-0.113390341,-0.492117464,-0.091110617,-0.134672834,-0.136274211,-0.233279447,-0.198122883,-0.191737994,-0.194892727,-0.122599122,-0.15866319,-0.170503902,-0.333798194,-0.139782736,-0.124788757,-0.171017742,-0.197529694,-0.099590588,-0.083501058,-0.181840622,-0.174510259,0.861756793,-0.237593927,-0.215459065,0.491571381,-0.235926842,-0.340060754,-0.214293457,-0.155748504,-0.088868321,-0.178347691,-0.195397044,-0.132023669,-0.194382489,-0.231859742,-0.060276398,-0.206984843,-0.117683671,-0.147813901,-0.138204312,-0.126895569,-0.127080841,-0.095800478,0.128012968,7.826161021,-0.205364399,-0.112523088,-0.110582073,-0.068291644,-0.13180509,-0.145593892,-0.121793854,-0.020300073,-0.12619813,-0.19553799,-0.488353547,1.904051014,-0.10921869,-0.159569877,-0.156594273,-0.19255991,-0.189402319,-0.124727662,-0.200075035,-0.332884107,-0.243821637,-0.237588017,-0.222493043,-0.084564295,-0.126852763,-0.469813347,-0.193196458,-0.215091891,-0.122939669,-0.178535857,-0.14416996,-0.260294396,-0.09729191,-0.134446813,-0.190354029,-0.183378896,-0.249964115,-0.129789164,-0.234621665,-0.079157353,-0.071834471,-0.45707922,3.959025218,-0.134967248,-0.362465895,-0.132231389,-0.156198835,-0.128607861,-0.174589471,-0.244087344
2007/09/07,-0.082659443,-0.130485729,-0.165848098,-0.157006422,-0.113390341,-0.492117464,-0.091110617,-0.134672834,-0.136274211,-0.233279447,-0.198122883,-0.191737994,-0.194892727,-0.122599122,-0.15866319,-0.170503902,-0.336052816,-0.139782736,-0.124788757,-0.171017742,-0.197529694,-0.099590588,-0.083501058,-0.181840622,-0.174510259,0.409975376,-0.237593927,-0.204652675,-0.170086079,-0.235926842,-0.340060754,-0.214293457,-0.155748504,-0.088868321,-0.178347691,-0.195397044,-0.132023669,-0.194382489,-0.231859742,-0.060276398,-0.22647649,-0.117683671,-0.237343458,-0.138204312,-0.126895569,-0.127080841,-0.095800478,-0.357408098,-0.190749795,-0.205364399,-0.112523088,-0.110582073,-0.068291644,-0.132713078,-0.146294863,-0.121793854,-0.262772247,-0.12619813,-0.19553799,-0.488353547,-0.274553203,-0.10921869,-0.159569877,-0.166272686,-0.19255991,-0.189402319,-0.124727662,-0.200075035,-0.332884107,-0.243821637,-0.237588017,-0.222493043,-0.084564295,-0.126852763,-0.469813347,-0.193196458,-0.2048575,-0.122939669,-0.178535857,-0.14416996,-0.279157922,-0.09729191,-0.134446813,-0.190354029,-0.183378896,-0.249964115,-0.129789164,-0.234621665,-0.079157353,-0.071834471,-0.45707922,-0.20793647,-0.134967248,-0.215741831,-0.132231389,-0.156198835,-0.128607861,-0.174589471,-0.244087344
2007/09/21,-0.082659443,-0.130485729,-0.165848098,-0.157006422,-0.113390341,-0.492117464,-0.091110617,-0.134672834,-0.136274211,-0.233279447,-0.198122883,-0.191737994,-0.194892727,-0.122599122,-0.15866319,-0.170503902,-0.289833068,-0.139782736,-0.124788757,-0.171017742,-0.197529694,-0.099590588,-0.083501058,-0.181840622,-0.174510259,-0.267696748,-0.237593927,-0.139814332,-0.170086079,-0.235926842,-0.340060754,-0.214293457,-0.155748504,-0.088868321,-0.178347691,-0.195397044,-0.132023669,-0.108394994,-0.231859742,-0.060276398,-0.16800155,-0.117683671,-0.237343458,-0.138204312,-0.126895569,-0.127080841,-0.095800478,0.128012968,-0.190749795,-0.205364399,-0.112523088,-0.110582073,-0.068291644,-0.132713078,-0.144892921,-0.121793854,14.64926645,-0.12619813,-0.19553799,-0.488353547,2.641424749,-0.10921869,-0.159569877,-0.166272686,-0.19255991,-0.189402319,-0.124727662,-0.200075035,-0.332884107,-0.243821637,-0.237588017,-0.222493043,-0.084564295,-0.126852763,0.232031734,-0.193196458,-0.235560672,-0.122939669,-0.178535857,-0.14416996,-0.279157922,-0.09729191,-0.134446813,-0.190354029,-0.183378896,-0.232978678,-0.129789164,-0.234621665,-0.079157353,-0.071834471,-0.45707922,11.69766835,-0.134967248,0.197402245,-0.132231389,-0.156198835,-0.128607861,-0.174589471,-0.244087344
2007/10/07,-0.082659443,-0.130485729,-0.165848098,-0.157006422,-0.113390341,-0.492117464,-0.091110617,-0.134672834,-0.136274211,-0.233279447,-0.198122883,-0.191737994,-0.194892727,-0.122599122,-0.15866319,-0.170503902,-0.333798194,-0.139782736,-0.124788757,-0.171017742,-0.197529694,-0.099590588,-0.083501058,-0.181840622,-0.174510259,0.409975376,-0.237593927,-0.218001746,-0.170086079,-0.235926842,-0.340060754,-0.214293457,-0.155748504,-0.088868321,-0.178347691,-0.195397044,-0.132023669,-0.194382489,-0.231859742,-0.060276398,0.182848089,-0.117683671,-0.237343458,-0.138204312,-0.126895569,-0.127080841,-0.095800478,-0.357408098,-0.190749795,-0.205364399,-0.112523088,-0.110582073,-0.068291644,-0.132713078,-0.146294863,-0.121793854,0.464644275,-0.12619813,-0.19553799,-0.488353547,0.730956435,-0.10921869,-0.159569877,-0.173531496,-0.19255991,-0.189402319,-0.124727662,-0.200075035,-0.332884107,-0.243821637,-0.237588017,-0.222493043,-0.084564295,-0.126852763,-0.469813347,3.25369378,-0.112747985,-0.122939669,-0.178535857,-0.124836404,-0.279157922,-0.09729191,-0.134446813,-0.190354029,-0.183378896,-0.239772853,-0.129789164,-0.234621665,-0.079157353,-0.071834471,-0.45707922,-0.20793647,-0.134967248,-0.072878926,-0.132231389,-0.156198835,-0.128607861,-0.174589471,-0.244087344
2007/10/21,-0.082659443,-0.130485729,-0.165848098,-0.157006422,-0.113390341,-0.492117464,-0.091110617,-0.134672834,-0.136274211,-0.233279447,-0.198122883,-0.191737994,-0.194892727,-0.122599122,-0.15866319,-0.170503902,-0.311627746,-0.139782736,-0.124788757,-0.171017742,-0.197529694,-0.099590588,-0.083501058,-0.181840622,-0.174510259,-0.267696748,-0.237593927,-0.218001746,-0.170086079,-0.235926842,-0.340060754,-0.214293457,-0.155748504,-0.088868321,-0.178347691,-0.195397044,-0.090297168,0.046382498,-0.231859742,-0.060276398,-0.10952661,-0.117683671,0.120774773,-0.138204312,-0.126895569,-0.127080841,-0.095800478,-0.033794054,-0.190749795,-0.205364399,-0.112523088,-0.110582073,-0.068291644,-0.127265153,-0.145126578,-0.121793854,0.222172101,-0.12619813,-0.19553799,-0.488353547,-0.274553203,-0.10921869,-0.159569877,-0.188049115,-0.19255991,-0.189402319,-0.124727662,-0.200075035,-0.332884107,-0.243821637,-0.237588017,-0.222493043,-0.084564295,-0.126852763,-0.469813347,-0.193196458,-0.225326282,-0.122939669,-0.178535857,-0.14416996,-0.279157922,-0.09729191,-0.134446813,-0.190354029,-0.183378896,-0.249964115,-0.129789164,-0.234621665,-0.079157353,-0.071834471,-0.45707922,5.744865941,-0.134967248,-0.260788693,-0.132231389,-0.156198835,-0.128607861,-0.174589471,-0.244087344
2007/11/07,-0.082659443,-0.130485729,-0.165848098,-0.157006422,-0.113390341,-0.492117464,-0.091110617,-0.134672834,-0.136274211,-0.233279447,-0.198122883,-0.191737994,-0.194892727,-0.122599122,-0.15866319,-0.170503902,-0.257141052,-0.139782736,-0.124788757,-0.171017742,-0.197529694,-0.099590588,-0.083501058,-0.181840622,-0.174510259,-0.267696748,-0.237593927,-0.218001746,-0.170086079,-0.235926842,-0.340060754,-0.214293457,-0.155748504,-0.088868321,-0.178347691,-0.195397044,-0.006844168,-0.194382489,-0.231859742,-0.060276398,0.182848089,-0.117683671,0.568422561,-0.138204312,-0.126895569,-0.127080841,-0.095800478,1.098855099,-0.190749795,-0.205364399,-0.112523088,-0.110582073,-0.068291644,-0.129989115,-0.144892921,-0.121793854,0.100936014,-0.12619813,-0.19553799,-0.488353547,0.32875258,-0.10921869,-0.159569877,-0.180790306,-0.19255991,-0.189402319,-0.124727662,-0.200075035,-0.332884107,-0.243821637,-0.237588017,-0.222493043,-0.084564295,-0.126852763,-0.469813347,1.185559637,-0.174154329,-0.122939669,-0.178535857,-0.14416996,-0.279157922,-0.09729191,0.015630954,-0.190354029,-0.183378896,-0.249964115,-0.129789164,-0.234621665,-0.079157353,-0.071834471,-0.45707922,-0.20793647,-0.134967248,-0.370188214,-0.132231389,-0.156198835,-0.128607861,-0.174589471,-0.244087344
2007/11/21,-0.082659443,-0.130485729,-0.165848098,-0.157006422,-0.113390341,-0.492117464,-0.091110617,-0.134672834,-0.136274211,-0.233279447,-0.198122883,-0.191737994,-0.194892727,0.816380164,-0.15866319,-0.109545124,0.805913134,-0.139782736,-0.124788757,-0.171017742,-0.197529694,-0.099590588,-0.083501058,-0.181840622,6.647024287,-0.267696748,-0.237593927,-0.218001746,-0.170086079,-0.235926842,-0.340060754,-0.214293457,-0.155748504,-0.045033633,-0.178347691,-0.195397044,0.160061834,-0.079732495,-0.231859742,-0.060276398,0.143864796,-0.117683671,-0.058284343,-0.138204312,-0.126895569,-0.127080841,-0.011512678,-0.033794054,-0.190749795,-0.205364399,-0.082895467,-0.110582073,-0.068291644,-0.045546287,0.370320538,-0.121793854,0.949588623,-0.083433456,-0.19553799,-0.488353547,1.334262218,-0.10921869,-0.159569877,-0.144496257,-0.19255991,-0.189402319,-0.124727662,-0.200075035,-0.332884107,-0.243821637,-0.237588017,-0.222493043,-0.084564295,-0.126852763,0.933876814,2.33452305,0.900456679,-0.122939669,0.513459377,-0.14416996,0.720608929,-0.09729191,-0.134446813,-0.190354029,-0.183378896,-0.184287092,-0.129789164,-0.234621665,-0.079157353,-0.071834471,-0.291719453,-0.20793647,-0.134967248,-0.347021257,-0.132231389,-0.156198835,-0.128607861,-0.174589471,-0.244087344
2007/12/07,-0.082659443,-0.130485729,-0.165848098,-0.157006422,-0.113390341,-0.492117464,-0.091110617,-0.134672834,-0.136274211,-0.233279447,-0.198122883,-0.191737994,-0.194892727,-0.122599122,-0.15866319,-0.170503902,2.584246092,-0.139782736,-0.124788757,-0.171017742,-0.197529694,-0.099590588,-0.083501058,-0.181840622,-0.174510259,-0.267696748,-0.237593927,-0.202745665,-0.170086079,-0.235926842,-0.340060754,-0.214293457,-0.155748504,-0.088868321,-0.178347691,-0.195397044,-0.132023669,-0.194382489,-0.231859742,-0.060276398,0.153610619,-0.117683671,-0.103049122,-0.138204312,-0.126895569,-0.127080841,-0.095800478,-0.114697565,-0.190749795,-0.205364399,-0.112523088,-0.110582073,-0.068291644,-0.132713078,-0.101082253,-0.121793854,-0.262772247,-0.12619813,-0.19553799,-0.488353547,2.741975712,-0.10921869,-0.159569877,0.051491605,-0.19255991,-0.189402319,-0.124727662,-0.200075035,-0.332884107,-0.243821637,-0.237588017,-0.222493043,-0.084564295,-0.126852763,-0.469813347,-0.193196458,2.29745099,-0.122939669,-0.160639428,-0.14416996,-0.109386192,-0.09729191,-0.102287291,-0.190354029,-0.183378896,-0.249964115,-0.129789164,1.772984878,-0.079157353,-0.071834471,-0.374399337,-0.20793647,-0.134967248,-0.291034443,-0.132231389,-0.156198835,-0.128607861,-0.174589471,-0.244087344
2007/12/21,-0.082659443,-0.130485729,-0.165848098,8.890514446,-0.113390341,-0.492117464,-0.091110617,-0.134672834,-0.136274211,2.096132475,-0.198122883,-0.191737994,-0.194892727,-0.122599122,-0.15866319,-0.170503902,0.570680925,-0.139782736,-0.124788757,-0.171017742,-0.197529694,-0.099590588,-0.083501058,-0.181840622,-0.174510259,-0.267696748,-0.237593927,-0.195753294,-0.170086079,-0.235926842,-0.340060754,-0.214293457,-0.155748504,-0.077909649,-0.178347691,4.597487098,0.431284086,0.023452499,-0.231859742,-0.060276398,-0.187493196,-0.117683671,1.195129466,0.567715412,-0.126895569,-0.127080841,-0.095800478,-0.357408098,-0.190749795,-0.205364399,-0.112523088,-0.110582073,-0.068291644,-0.132713078,0.002310924,-0.121793854,0.100936014,-0.104815793,-0.19553799,-0.488353547,3.814519327,-0.10921869,-0.159569877,-0.084006176,-0.19255991,-0.189402319,-0.124727662,-0.200075035,-0.332884107,-0.243821637,-0.237588017,-0.222493043,-0.084564295,-0.126852763,0.465980094,0.496181589,-0.020638471,-0.122939669,-0.178535857,-0.137725442,0.701745404,-0.09729191,-0.134446813,1.059636016,-0.183378896,-0.24316994,-0.129789164,-0.234621665,-0.079157353,-0.071834471,-0.45707922,-0.20793647,-0.134967248,-0.343160097,-0.132231389,-0.156198835,-0.128607861,-0.174589471,-0.244087344
2008/01/07,-0.082659443,-0.130485729,-0.165848098,1.178749611,-0.113390341,-0.492117464,-0.091110617,-0.134672834,-0.136274211,5.007897377,-0.198122883,-0.191737994,-0.194892727,-0.122599122,-0.15866319,-0.170503902,1.764127406,-0.139782736,-0.124788757,-0.171017742,-0.197529694,-0.099590588,-0.083501058,-0.181840622,-0.174510259,-0.267696748,-0.237593927,-0.214187725,-0.170086079,-0.235926842,1.545812607,-0.214293457,-0.155748504,-0.088868321,-0.178347691,-0.195397044,10.35175955,8.369972045,-0.231859742,-0.060276398,0.592172668,-0.117683671,-0.237343458,-0.138204312,-0.126895569,-0.127080841,-0.053656578,-0.357408098,-0.190749795,-0.205364399,-0.112523088,-0.110582073,-0.068291644,-0.132713078,-0.144542436,-0.121793854,-0.262772247,-0.12619813,-0.19553799,-0.488353547,2.138669929,-0.10921869,-0.159569877,0.036973985,-0.19255991,-0.189402319,-0.124727662,-0.200075035,-0.332884107,-0.243821637,-0.237588017,-0.222493043,-0.084564295,-0.126852763,0.232031734,3.598382803,0.777643993,-0.122939669,-0.178535857,-0.14416996,0.357486064,-0.09729191,-0.134446813,4.913771988,-0.183378896,-0.241471396,-0.129789164,-0.234621665,-0.079157353,-0.071834471,-0.45707922,0.089703651,-0.134967248,-0.329646039,-0.132231389,-0.156198835,-0.128607861,14.44255015,-0.244087344
2008/01/21,-0.082659443,-0.130485729,-0.165848098,-0.157006422,-0.113390341,-0.492117464,-0.091110617,-0.134672834,-0.136274211,1.513779495,-0.198122883,-0.191737994,-0.194892727,-0.122599122,-0.15866319,-0.170503902,0.893561558,-0.139782736,-0.124788757,-0.171017742,-0.197529694,-0.099590588,-0.083501058,-0.181840622,-0.174510259,-0.267696748,-0.237593927,-0.194164119,0.82240011,-0.235926842,1.545812607,-0.214293457,-0.155748504,-0.072430313,0.503819962,0.574887908,1.260598281,4.896077234,-0.231859742,-0.060276398,-0.08028914,-0.117683671,-0.237343458,-0.138204312,-0.126895569,-0.127080841,-0.095800478,0.128012968,-0.190749795,-0.205364399,-0.112523088,-0.110582073,-0.068291644,-0.129989115,-0.092845847,-0.121793854,0.191863079,-0.12619813,-0.19553799,-0.488353547,1.459950923,-0.10921869,-0.159569877,-0.115461018,-0.19255991,-0.189402319,-0.124727662,-0.200075035,-0.332884107,-0.243821637,-0.237588017,-0.222493043,-0.084564295,-0.126852763,0.582954274,0.151492566,0.800671371,-0.122939669,-0.178535857,-0.095836071,-0.03157415,-0.028951018,-0.134446813,2.257543143,-0.183378896,-0.249964115,-0.129789164,-0.143366823,-0.079157353,-0.071834471,-0.45707922,-0.20793647,-0.134967248,-0.180991394,-0.132231389,-0.156198835,-0.128607861,1.652552982,-0.244087344
2008/02/07,-0.082659443,-0.130485729,-0.165848098,-0.157006422,-0.113390341,-0.492117464,-0.091110617,-0.134672834,-0.136274211,-0.233279447,-0.198122883,-0.191737994,-0.194892727,-0.122599122,-0.15866319,-0.170503902,1.640686862,-0.139782736,-0.124788757,-0.171017742,-0.197529694,-0.099590588,-0.083501058,-0.181840622,-0.174510259,-0.267696748,-0.237593927,-0.120744231,-0.170086079,-0.235926842,5.31755933,-0.214293457,-0.155748504,-0.02311629,5.278993533,-0.195397044,9.193849167,4.689707245,-0.231859742,-0.060276398,0.475222788,-0.117683671,-0.237343458,-0.138204312,-0.126895569,-0.127080841,0.536358028,3.283249895,-0.190749795,-0.205364399,-0.112523088,-0.110582073,-0.068291644,0.053878334,0.116569147,-0.121793854,-0.262772247,-0.12619813,-0.19553799,-0.488353547,1.283986737,-0.10921869,-0.159569877,-0.122719828,-0.19255991,-0.189402319,-0.124727662,-0.200075035,-0.332884107,-0.243821637,-0.237588017,-0.222493043,-0.084564295,-0.126852763,4.092179676,0.840870613,4.492727763,-0.122939669,-0.178535857,0.126499821,1.432707017,-0.09729191,-0.134446813,4.49710864,-0.183378896,-0.249964115,-0.129789164,-0.234621665,-0.079157353,-0.071834471,0.204359845,-0.20793647,-0.134967248,0.380807325,-0.132231389,-0.156198835,-0.128607861,3.479695435,-0.244087344
2008/02/21,-0.082659443,-0.130485729,-0.165848098,-0.157006422,-0.113390341,-0.492117464,-0.091110617,-0.134672834,-0.136274211,-0.233279447,-0.198122883,-0.191737994,-0.194892727,-0.122599122,-0.15866319,-0.170503902,-0.30486388,-0.139782736,-0.124788757,-0.171017742,-0.197529694,-0.099590588,-0.083501058,-0.181840622,-0.174510259,0.184084668,-0.237593927,-0.209738035,0.160742651,-0.235926842,0.917188154,-0.214293457,-0.155748504,0.349478555,-0.178347691,0.146951824,19.64633751,10.65723942,-0.231859742,-0.060276398,0.104881503,-0.117683671,1.195129466,-0.138204312,-0.126895569,-0.127080841,0.016583256,0.775241055,-0.190749795,-0.205364399,-0.112523088,-0.110582073,-0.068291644,-0.100025531,-0.14045344,-0.121793854,2.283185579,-0.12619813,-0.19553799,-0.488353547,1.032609327,-0.099586094,-0.159569877,-0.163853083,-0.19255991,-0.189402319,-0.124727662,-0.200075035,-0.332884107,-0.243821637,-0.237588017,-0.222493043,-0.084564295,0.029663453,-0.469813347,0.266388907,1.115378881,-0.122939669,-0.178535857,-0.066835737,1.909011035,-0.09729191,-0.134446813,0.990192125,-0.183378896,0.084082809,-0.129789164,-0.234621665,-0.079157353,-0.071834471,-0.45707922,2.966891483,-0.134967248,0.577082938,-0.132231389,-0.156198835,-0.128607861,7.133980341,-0.244087344
2008/03/07,-0.082659443,-0.130485729,-0.165848098,-0.157006422,-0.113390341,-0.492117464,-0.091110617,-0.134672834,-0.136274211,-0.233279447,-0.198122883,-0.191737994,-0.194892727,-0.122599122,-0.15866319,-0.170503902,-0.294905967,-0.139782736,-0.124788757,-0.171017742,-0.197529694,-0.099590588,-0.083501058,-0.181840622,-0.174510259,-0.267696748,-0.237593927,-0.196071129,-0.170086079,-0.235926842,-0.340060754,-0.214293457,-0.155748504,0.305643868,-0.178347691,0.318126257,-0.132023669,1.078232442,-0.231859742,-0.060276398,-0.13876408,-0.117683671,0.299833888,-0.138204312,-0.126895569,-0.127080841,0.030631223,0.613434033,-0.190749795,-0.205364399,-0.112523088,-0.110582073,-0.068291644,-0.132713078,-0.122812344,-0.121793854,0.100936014,-0.062051119,-0.19553799,-0.488353547,0.529854508,-0.10921869,-0.159569877,-0.173531496,-0.19255991,-0.189402319,-0.124727662,-0.200075035,-0.332884107,-0.243821637,-0.237588017,-0.222493043,-0.084564295,-0.126852763,1.986644435,-0.193196458,0.255690074,-0.122939669,-0.178535857,-0.14416996,2.479632681,-0.09729191,-0.134446813,-0.190354029,-0.183378896,0.055773748,-0.129789164,-0.234621665,-0.079157353,-0.071834471,-0.45707922,-0.20793647,-0.134967248,1.212887216,-0.132231389,-0.156198835,-0.128607861,3.479695435,-0.244087344
2008/03/21,-0.082659443,-0.130485729,-0.165848098,0.142202929,-0.113390341,-0.492117464,-0.091110617,-0.134672834,-0.136274211,-0.233279447,-0.198122883,-0.191737994,-0.194892727,-0.122599122,-0.15866319,-0.170503902,-0.300655253,-0.139782736,-0.124788757,0.978321181,-0.197529694,-0.099590588,-0.083501058,-0.181840622,-0.174510259,-0.267696748,-0.237593927,-0.200075851,-0.170086079,-0.235926842,0.41428859,-0.214293457,-0.155748504,0.108387773,3.641791166,0.010012277,0.168407134,0.417848478,-0.231859742,-0.060276398,-0.10952661,-0.117683671,-0.237343458,-0.138204312,-0.126895569,-0.127080841,-0.028370238,3.331792002,2.695338099,-0.205364399,-0.112523088,-0.110582073,-0.068291644,-0.132168285,-0.121200112,-0.121793854,-0.117288942,-0.12619813,-0.19553799,-0.488353547,1.454923375,-0.10921869,-0.159569877,-0.1619174,-0.19255991,-0.189402319,-0.124727662,-0.200075035,-0.332884107,-0.243821637,-0.237588017,-0.222493043,-0.084564295,-0.126852763,0.37240075,-0.055320849,-0.112747985,-0.122939669,-0.178535857,-0.14416996,0.264111613,-0.09729191,-0.134446813,-0.190354029,-0.183378896,-0.162319261,-0.024147545,-0.234621665,-0.079157353,-0.071834471,0.733511097,1.458848205,-0.134967248,1.824494895,-0.132231389,-0.156198835,-0.128607861,-0.174589471,-0.244087344
2008/04/07,-0.082659443,-0.130485729,-0.165848098,-0.157006422,-0.113390341,-0.492117464,-0.091110617,-0.134672834,-0.136274211,-0.233279447,-0.198122883,-0.191737994,-0.194892727,-0.122599122,-0.15866319,-0.170503902,-0.19908454,-0.139782736,-0.124788757,-0.171017742,-0.197529694,-0.099590588,-0.083501058,-0.181840622,1.871950105,-0.267696748,-0.237593927,-0.218001746,-0.170086079,-0.145295861,5.31755933,-0.214293457,-0.155748504,-0.088868321,-0.178347691,-0.195397044,-0.132023669,1.602756163,-0.231859742,-0.060276398,-0.22647649,-0.117683671,-0.103049122,-0.138204312,-0.126895569,-0.127080841,-0.095800478,-0.357408098,-0.190749795,-0.205364399,1.10961628,-0.110582073,-0.068291644,-0.132713078,-0.138584185,-0.121793854,0.100936014,-0.05135995,-0.19553799,-0.488353547,1.63591511,-0.10921869,-0.159569877,-0.144496257,-0.19255991,-0.189402319,-0.124727662,-0.200075035,-0.332884107,-0.243821637,-0.237588017,-0.222493043,-0.084564295,-0.126852763,-0.469813347,1.530248661,0.163580559,-0.122939669,-0.178535857,-0.14416996,-0.081090904,1.132844146,-0.134446813,0.122143482,-0.183378896,-0.249964115,-0.129789164,-0.234621665,-0.079157353,-0.071834471,-0.45707922,0.387343772,-0.134967248,-0.265936905,-0.132231389,-0.156198835,-0.128607861,-0.174589471,-0.244087344
2008/04/21,-0.082659443,-0.130485729,-0.165848098,0.306055669,-0.113390341,-0.492117464,-0.091110617,-0.134672834,-0.136274211,-0.233279447,-0.198122883,-0.191737994,-0.194892727,-0.122599122,-0.15866319,-0.170503902,-0.202278588,-0.139782736,-0.124788757,-0.171017742,-0.197529694,0.107963737,-0.083501058,-0.181840622,-0.174510259,0.409975376,-0.237593927,-0.218001746,-0.170086079,-0.115085534,-0.340060754,-0.214293457,18.84961702,-0.088868321,0.73120918,-0.195397044,-0.132023669,5.131109721,-0.231859742,-0.060276398,-0.22647649,-0.117683671,1.911365928,6.920992921,-0.126895569,-0.127080841,-0.081752512,0.128012968,-0.190749795,-0.205364399,0.139311691,-0.110582073,-0.068291644,-0.121817229,-0.138116871,-0.121793854,0.464644275,-0.069178564,-0.19553799,-0.488353547,4.786511978,-0.051423112,7.008446557,-0.110621812,-0.19255991,-0.189402319,-0.124727662,-0.200075035,-0.332884107,-0.243821637,-0.237588017,-0.222493043,-0.084564295,-0.126852763,-0.001916627,0.725974272,-0.01040408,-0.122939669,-0.178535857,-0.111947367,0.409360759,0.722798794,-0.105860571,-0.051466246,-0.183378896,-0.217125604,-0.129789164,0.738763325,-0.079157353,-0.071834471,0.5901993,1.776331001,-0.134967248,-0.168120863,-0.132231389,-0.156198835,-0.128607861,-0.174589471,-0.244087344
2008/05/07,-0.082659443,-0.130485729,-0.165848098,-0.157006422,-0.113390341,-0.492117464,-0.091110617,-0.134672834,-0.136274211,-0.233279447,-0.198122883,-0.191737994,-0.194892727,-0.122599122,-0.15866319,-0.170503902,-0.291524035,-0.139782736,-0.124788757,-0.171017742,-0.197529694,-0.099590588,-0.083501058,-0.181840622,3.918410469,0.071139314,-0.237593927,-0.218001746,4.296101772,0.398490024,-0.340060754,-0.214293457,-0.155748504,-0.088868321,-0.178347691,-0.195397044,-0.132023669,-0.142789992,-0.231859742,-0.060276398,-0.22647649,-0.117683671,0.434128225,-0.138204312,-0.126895569,-0.127080841,-0.095800478,-0.114697565,-0.190749795,-0.205364399,-0.112523088,-0.110582073,-0.068291644,-0.132713078,-0.142089038,-0.121793854,-0.262772247,-0.12619813,-0.19553799,-0.488353547,1.937568002,-0.10921869,-0.159569877,-0.18441971,-0.19255991,-0.189402319,-0.124727662,-0.200075035,-0.332884107,-0.243821637,-0.237588017,-0.222493043,-0.084564295,-0.126852763,-0.469813347,-0.193196458,-0.128099571,-0.122939669,-0.178535857,-0.14416996,-0.279157922,-0.09729191,-0.134446813,-0.190354029,-0.183378896,-0.24316994,-0.129789164,-0.234621665,-0.079157353,-0.071834471,-0.45707922,0.387343772,-0.134967248,-0.337368358,-0.132231389,-0.156198835,-0.128607861,-0.174589471,-0.244087344
2008/05/21,-0.082659443,-0.130485729,-0.165848098,0.092334704,-0.113390341,-0.492117464,-0.091110617,-0.134672834,-0.136274211,-0.233279447,-0.198122883,-0.191737994,0.306397017,-0.122599122,-0.15866319,-0.170503902,-0.271796094,-0.139782736,-0.124788757,-0.171017742,-0.197529694,-0.099590588,-0.083501058,-0.181840622,1.189796651,-0.267696748,-0.237593927,-0.218001746,0.82240011,0.005755774,-0.340060754,-0.214293457,-0.155748504,-0.088868321,-0.178347691,-0.195397044,-0.132023669,-0.194382489,-0.231859742,-0.060276398,-0.05105167,-0.117683671,0.21030433,0.21475555,-0.126895569,-0.127080841,-0.095800478,0.128012968,-0.190749795,-0.205364399,-0.112523088,-0.110582073,-0.068291644,-0.132713078,-0.144191951,-0.121793854,-0.262772247,-0.12619813,-0.19553799,-0.488353547,1.837017038,-0.10921869,-0.159569877,-0.178370702,-0.19255991,-0.189402319,-0.124727662,-0.200075035,-0.332884107,-0.243821637,-0.237588017,-0.222493043,-0.084564295,-0.126852763,-0.469813347,0.036596224,-0.19462311,-0.122939669,-0.178535857,-0.14416996,-0.279157922,-0.09729191,-0.134446813,-0.190354029,-0.183378896,-0.249964115,-0.129789164,-0.234621665,-0.079157353,-0.071834471,-0.291719453,0.585770519,-0.134967248,-0.358604735,-0.132231389,-0.156198835,-0.128607861,2.261600467,-0.244087344
2008/06/07,-0.082659443,-0.130485729,-0.165848098,-0.157006422,-0.113390341,-0.492117464,-0.091110617,-0.134672834,-0.136274211,-0.233279447,-0.198122883,-0.191737994,-0.194892727,-0.122599122,-0.15866319,-0.170503902,-0.340562059,-0.139782736,-0.124788757,-0.171017742,-0.197529694,-0.099590588,-0.083501058,-0.181840622,-0.174510259,-0.267696748,-0.237593927,-0.218001746,-0.170086079,-0.235926842,-0.340060754,-0.214293457,-0.155748504,-0.088868321,-0.178347691,-0.195397044,-0.132023669,-0.194382489,-0.231859742,-0.060276398,-0.16800155,-0.117683671,-0.237343458,-0.138204312,-0.126895569,-0.127080841,-0.095800478,-0.357408098,-0.190749795,-0.205364399,-0.112523088,-0.110582073,-0.068291644,-0.132713078,-0.146294863,-0.121793854,-0.262772247,-0.12619813,-0.19553799,-0.488353547,0.630405471,-0.10921869,-0.159569877,-0.195307925,-0.19255991,-0.189402319,-0.124727662,-0.200075035,-0.332884107,-0.243821637,-0.237588017,-0.222493043,-0.084564295,-0.126852763,-0.469813347,-0.193196458,-0.235560672,-0.122939669,-0.178535857,-0.14416996,-0.279157922,-0.09729191,-0.134446813,-0.190354029,-0.183378896,-0.249964115,-0.129789164,-0.234621665,-0.079157353,-0.071834471,-0.291719453,-0.20793647,-0.134967248,-0.377910533,-0.132231389,-0.156198835,-0.128607861,-0.174589471,-0.244087344
2008/06/21,-0.082659443,-0.130485729,-0.165848098,-0.157006422,-0.113390341,-0.492117464,-0.091110617,-0.134672834,-0.136274211,-0.233279447,-0.198122883,-0.191737994,-0.194892727,-0.122599122,-0.15866319,-0.170503902,-0.336428586,-0.139782736,-0.124788757,-0.171017742,-0.197529694,-0.099590588,-0.083501058,-0.181840622,-0.174510259,-0.267696748,-0.237593927,-0.218001746,-0.004671714,-0.115085534,-0.340060754,-0.214293457,-0.155748504,-0.088868321,0.276430744,-0.195397044,-0.132023669,-0.194382489,-0.231859742,-0.060276398,0.095135679,-0.117683671,-0.147813901,-0.138204312,-0.126895569,-0.127080841,-0.095800478,0.208916479,-0.190749795,-0.205364399,-0.112523088,-0.110582073,-0.068291644,-0.132713078,-0.146178034,-0.121793854,-0.262772247,-0.12619813,-0.19553799,-0.488353547,0.797990411,-0.10921869,-0.159569877,-0.189258917,-0.19255991,-0.189402319,-0.124727662,-0.200075035,-0.332884107,-0.243821637,-0.237588017,-0.222493043,-0.084564295,-0.126852763,-0.469813347,0.266388907,-0.230443477,-0.122939669,-0.178535857,-0.14416996,-0.279157922,-0.09729191,-0.134446813,-0.190354029,-0.183378896,-0.248831752,-0.129789164,-0.234621665,-0.079157353,-0.071834471,-0.45707922,0.684983892,-0.134967248,-0.370831741,-0.132231389,-0.156198835,-0.128607861,-0.174589471,-0.244087344
2008/07/07,-0.082659443,-0.130485729,-0.165848098,-0.157006422,-0.113390341,-0.492117464,-0.091110617,-0.134672834,-0.136274211,-0.233279447,-0.198122883,-0.191737994,-0.194892727,-0.122599122,-0.15866319,-0.170503902,-0.340562059,-0.139782736,-0.124788757,-0.171017742,-0.197529694,-0.099590588,-0.083501058,-0.181840622,-0.174510259,-0.267696748,-0.237593927,-0.218001746,0.078035469,-0.099980371,-0.340060754,-0.214293457,-0.155748504,-0.088868321,-0.178347691,-0.195397044,-0.132023669,-0.194382489,-0.231859742,-0.060276398,-0.007195465,-0.117683671,-0.035901953,-0.138204312,-0.126895569,-0.127080841,-0.053656578,-0.236052832,1.011786827,-0.205364399,-0.112523088,-0.110582073,-0.068291644,-0.132713078,-0.146294863,-0.121793854,-0.080918116,-0.12619813,-0.19553799,-0.488353547,2.239220893,-0.10921869,-0.159569877,-0.189863818,-0.19255991,-0.189402319,-0.124727662,-0.200075035,-0.332884107,-0.243821637,-0.237588017,-0.222493043,-0.084564295,-0.126852763,-0.469813347,-0.193196458,-0.235560672,-0.122939669,-0.178535857,-0.14416996,-0.279157922,-0.09729191,-0.134446813,-0.190354029,-0.183378896,-0.249964115,-0.129789164,-0.143366823,-0.079157353,-0.071834471,-0.45707922,0.089703651,-0.134967248,-0.383702273,-0.132231389,-0.156198835,-0.128607861,-0.174589471,-0.244087344
2008/07/21,-0.082659443,-0.130485729,-0.165848098,-0.157006422,-0.113390341,-0.492117464,-0.091110617,-0.134672834,-0.136274211,-0.233279447,-0.198122883,-0.191737994,-0.194892727,-0.122599122,-0.15866319,-0.170503902,-0.340562059,-0.139782736,-0.124788757,-0.171017742,-0.197529694,-0.099590588,-0.083501058,-0.181840622,-0.174510259,0.15584833,-0.237593927,-0.218001746,0.202096242,-0.213269097,-0.340060754,-0.214293457,-0.155748504,-0.088868321,-0.178347691,-0.195397044,-0.132023669,-0.194382489,-0.231859742,-0.060276398,-0.131454712,-0.117683671,-0.035901953,-0.138204312,-0.126895569,-0.127080841,-0.095800478,-0.236052832,0.410518516,-0.205364399,-0.112523088,-0.110582073,-0.068291644,-0.132713078,-0.146294863,-0.121793854,0.237326612,-0.12619813,-0.19553799,-0.488353547,1.045178197,-0.10921869,-0.159569877,-0.193493223,-0.19255991,-0.189402319,-0.124727662,-0.200075035,-0.332884107,-0.243821637,-0.237588017,-0.222493043,-0.084564295,-0.126852763,-0.469813347,-0.107024202,-0.227884879,-0.122939669,-0.178535857,-0.14416996,-0.279157922,-0.09729191,-0.134446813,-0.190354029,-0.183378896,-0.249964115,-0.129789164,-0.234621665,-0.079157353,-0.071834471,-0.45707922,-0.20793647,-0.134967248,-0.383702273,-0.132231389,-0.156198835,-0.128607861,-0.174589471,-0.244087344
2008/08/07,-0.082659443,-0.130485729,-0.165848098,-0.157006422,-0.113390341,-0.492117464,-0.091110617,-0.134672834,-0.136274211,-0.233279447,-0.198122883,-0.191737994,-0.194892727,-0.122599122,-0.15866319,-0.170503902,-0.336616471,-0.139782736,-0.124788757,-0.171017742,-0.197529694,-0.099590588,-0.083501058,-0.181840622,-0.174510259,-0.098278717,-0.237593927,-0.218001746,4.296101772,-0.099980371,-0.340060754,-0.214293457,-0.155748504,-0.088868321,-0.178347691,-0.195397044,-0.132023669,-0.194382489,-0.231859742,-0.060276398,-0.211857755,-0.117683671,-0.035901953,-0.138204312,-0.126895569,-0.127080841,-0.095800478,-0.357408098,-0.190749795,-0.205364399,-0.112523088,-0.110582073,-0.068291644,-0.132713078,-0.146294863,-0.121793854,0.010008949,-0.12619813,-0.19553799,-0.488353547,0.831507399,-0.10921869,-0.159569877,-0.193493223,-0.19255991,-0.189402319,-0.124727662,-0.200075035,-0.332884107,-0.243821637,-0.237588017,-0.222493043,-0.084564295,-0.126852763,-0.469813347,-0.193196458,-0.235560672,-0.122939669,-0.178535857,-0.14416996,-0.279157922,-0.09729191,-0.134446813,-0.190354029,-0.183378896,-0.249964115,-0.129789164,0.312907392,-0.079157353,-0.071834471,-0.45707922,0.684983892,-0.134967248,-0.375979954,-0.132231389,-0.156198835,-0.128607861,-0.174589471,-0.244087344
2008/08/21,-0.082659443,-0.130485729,-0.165848098,-0.0857661,-0.113390341,-0.492117464,-0.091110617,-0.134672834,-0.136274211,-0.233279447,-0.198122883,-0.191737994,-0.194892727,-0.122599122,-0.15866319,-0.170503902,-0.338871093,-0.139782736,-0.124788757,-0.171017742,-0.197529694,-0.099590588,-0.083501058,-0.181840622,-0.174510259,0.297030022,-0.237593927,-0.21704824,0.82240011,-0.175506188,-0.340060754,-0.214293457,-0.155748504,-0.088868321,-0.178347691,-0.195397044,-0.132023669,-0.194382489,-0.231859742,-0.060276398,-0.002322554,-0.117683671,-0.013519564,-0.138204312,-0.126895569,-0.127080841,-0.088776495,-0.357408098,0.610941287,-0.205364399,-0.112523088,-0.110582073,-0.068291644,-0.132713078,-0.146294863,-0.121793854,0.404026232,-0.12619813,-0.19553799,-0.488353547,1.736466074,-0.10921869,-0.159569877,-0.190468719,-0.19255991,-0.189402319,-0.124727662,-0.200075035,-0.332884107,-0.243821637,-0.237588017,-0.222493043,-0.084564295,-0.126852763,-0.469813347,0.036596224,-0.235560672,-0.122939669,-0.178535857,-0.14416996,-0.279157922,-0.09729191,-0.134446813,-0.190354029,-0.183378896,-0.249964115,-0.129789164,0.677926763,-0.079157353,-0.071834471,-0.45707922,0.982624013,-0.134967248,-0.354743576,-0.132231389,-0.156198835,-0.128607861,-0.174589471,-0.244087344
2008/09/07,-0.082659443,-0.130485729,-0.165848098,-0.157006422,-0.113390341,-0.492117464,-0.091110617,-0.134672834,-0.136274211,-0.233279447,-0.198122883,-0.191737994,-0.194892727,-0.122599122,-0.15866319,-0.170503902,-0.336193729,-0.139782736,-0.124788757,-0.171017742,-0.197529694,-0.099590588,-0.083501058,-0.181840622,-0.174510259,-0.267696748,-0.237593927,-0.218001746,5.536709509,-0.145295861,-0.340060754,-0.214293457,-0.155748504,-0.088868321,-0.178347691,-0.195397044,-0.132023669,-0.194382489,-0.231859742,-0.060276398,-0.0218142,-0.117683671,2.146381017,-0.138204312,-0.126895569,-0.127080841,-0.079996516,-0.114697565,1.011786827,-0.205364399,-0.112523088,-0.110582073,-0.068291644,-0.132713078,-0.146294863,-0.121793854,1.964940851,-0.12619813,-0.19553799,-0.488353547,3.408125848,-0.10921869,-0.159569877,-0.192585871,-0.19255991,-0.189402319,-0.124727662,-0.200075035,-0.332884107,-0.243821637,-0.237588017,-0.222493043,-0.084564295,-0.126852763,-0.469813347,0.237664822,-0.231722776,-0.122939669,-0.178535857,-0.14416996,-0.275621011,-0.09729191,-0.134446813,-0.190354029,-0.183378896,-0.249964115,-0.129789164,2.457396199,-0.079157353,-0.071834471,-0.45707922,-0.20793647,-0.134967248,-0.389976657,-0.132231389,-0.156198835,-0.128607861,1.652552982,-0.244087344
2008/09/21,-0.082659443,-0.130485729,-0.165848098,-0.157006422,-0.113390341,-0.492117464,-0.091110617,-0.134672834,-0.136274211,-0.233279447,-0.198122883,-0.191737994,-0.194892727,-0.122599122,-0.15866319,-0.170503902,0.234084676,-0.139782736,-0.124788757,-0.171017742,-0.197529694,-0.099590588,-0.083501058,-0.181840622,-0.174510259,-0.267696748,-0.237593927,-0.218001746,4.296101772,-0.235926842,-0.340060754,-0.214293457,-0.155748504,-0.088868321,0.503819962,-0.195397044,-0.132023669,-0.194382489,-0.231859742,-0.060276398,0.329035439,-0.117683671,0.23268672,-0.138204312,-0.126895569,-0.127080841,-0.095800478,0.128012968,2.21432345,-0.205364399,-0.112523088,-0.110582073,-0.068291644,-0.132713078,-0.144542436,-0.121793854,1.646696123,-0.12619813,-0.19553799,-0.488353547,7.040529417,-0.10921869,-0.159569877,-0.178975603,-0.19255991,-0.189402319,-0.124727662,-0.200075035,-0.332884107,-0.243821637,-0.237588017,-0.222493043,-0.084564295,-0.126852763,-0.294352077,1.874937685,-0.174154329,-0.122939669,-0.178535857,-0.120003015,1.425633194,-0.09729191,-0.134446813,-0.190354029,-0.183378896,0.071909913,-0.129789164,1.134200978,-0.079157353,-0.071834471,-0.45707922,-0.059116409,-0.134967248,0.51980907,-0.132231389,-0.156198835,-0.128607861,-0.174589471,-0.244087344
2008/10/07,-0.082659443,-0.130485729,-0.165848098,-0.103576181,-0.113390341,-0.492117464,-0.091110617,-0.134672834,-0.136274211,-0.233279447,-0.198122883,-0.191737994,-0.194892727,-0.122599122,-0.15866319,-0.068132911,-0.334080021,-0.139782736,-0.124788757,-0.171017742,-0.197529694,-0.099590588,-0.083501058,-0.181840622,-0.174510259,-0.267696748,-0.237593927,-0.025870479,-0.170086079,-0.235926842,-0.340060754,-0.214293457,-0.155748504,-0.088868321,-0.178347691,-0.195397044,-0.132023669,-0.194382489,0.186293903,-0.060276398,-0.19723902,-0.117683671,-0.237343458,-0.138204312,-0.126895569,-0.127080841,0.030631223,-0.357408098,-0.190749795,-0.205364399,-0.023640225,-0.090342432,-0.068291644,-0.132713078,-0.077424492,-0.121793854,0.646498405,-0.12619813,-0.19553799,-0.488353547,4.853545953,-0.10921869,-0.159569877,-0.177160901,-0.19255991,-0.189402319,-0.124727662,-0.200075035,-0.332884107,-0.243821637,-0.237588017,-0.222493043,-0.084564295,-0.126852763,0.056570464,0.840870613,0.010064701,-0.122939669,-0.178535857,-0.14416996,-0.279157922,-0.09729191,-0.134446813,-0.190354029,-0.183378896,-0.246567027,0.096585733,6.883256078,-0.079157353,-0.071834471,-0.45707922,-0.20793647,-0.134967248,0.979287061,-0.132231389,-0.156198835,-0.128607861,-0.174589471,-0.244087344
2008/10/21,-0.082659443,-0.130485729,-0.165848098,0.430726233,-0.113390341,-0.492117464,-0.091110617,-0.134672834,-0.136274211,-0.233279447,-0.198122883,-0.191737994,-0.194892727,-0.122599122,-0.15866319,-0.170503902,-0.037597253,-0.139782736,-0.124788757,0.547319085,-0.197529694,-0.099590588,-0.083501058,-0.181840622,-0.174510259,-0.013569701,-0.237593927,-0.218001746,-0.170086079,-0.032007135,0.131407586,-0.214293457,-0.155748504,-0.084758819,-0.178347691,0.189745432,-0.132023669,-0.194382489,-0.231859742,-0.060276398,-0.22647649,-0.117683671,-0.237343458,-0.138204312,-0.126895569,-0.127080841,-0.074728528,-0.054019932,1.011786827,-0.205364399,0.492991417,0.037841964,-0.068291644,-0.130670106,-0.139723262,-0.121793854,0.055472482,-0.12619813,-0.19553799,-0.488353547,0.265908228,-0.10921869,-0.159569877,-0.100943399,-0.19255991,-0.189402319,-0.124727662,-0.200075035,-0.332884107,-0.243821637,-0.237588017,-0.222493043,-0.084564295,-0.126852763,-0.469813347,2.133454452,-0.020638471,-0.122939669,-0.178535857,-0.14416996,0.141734491,-0.09729191,0.262187285,-0.190354029,-0.183378896,-0.246991663,-0.129789164,-0.234621665,-0.079157353,-0.071834471,-0.45707922,-0.20793647,-0.134967248,0.365362687,2.156643664,-0.156198835,-0.128607861,-0.174589471,-0.244087344
2008/11/07,-0.082659443,-0.130485729,-0.165848098,-0.157006422,-0.113390341,-0.492117464,-0.091110617,-0.134672834,-0.136274211,-0.233279447,-0.198122883,-0.191737994,-0.194892727,-0.122599122,-0.15866319,-0.170503902,-0.087198933,-0.139782736,-0.124788757,-0.171017742,-0.197529694,-0.099590588,-0.083501058,-0.181840622,-0.174510259,-0.267696748,-0.237593927,-0.216571488,-0.170086079,-0.099980371,-0.340060754,-0.214293457,-0.155748504,-0.088868321,0.503819962,-0.195397044,-0.100728793,-0.194382489,-0.231859742,-0.060276398,-0.16800155,-0.117683671,0.165539552,-0.138204312,-0.126895569,-0.127080841,-0.095800478,-0.236052832,-0.190749795,-0.205364399,-0.112523088,-0.110582073,-0.068291644,-0.132713078,-0.146294863,-0.121793854,0.191863079,-0.12619813,-0.19553799,-0.488353547,0.228201616,-0.10921869,-0.159569877,-0.099128697,-0.19255991,-0.189402319,-0.124727662,-0.200075035,-0.332884107,-0.243821637,-0.237588017,-0.222493043,-0.084564295,-0.126852763,-0.469813347,0.668526101,-0.066693228,-0.122939669,-0.133794785,-0.018501847,-0.017426505,0.312753442,-0.134446813,-0.190354029,-0.183378896,-0.249964115,-0.129789164,-0.234621665,-0.079157353,-0.071834471,-0.415739278,-0.20793647,-0.134967248,-0.026545011,-0.132231389,-0.156198835,-0.128607861,-0.174589471,-0.244087344
2008/11/21,-0.082659443,-0.130485729,-0.165848098,-0.157006422,-0.113390341,-0.492117464,-0.091110617,-0.134672834,-0.136274211,-0.233279447,-0.198122883,-0.191737994,-0.194892727,-0.122599122,-0.15866319,-0.170503902,-0.141403799,-0.139782736,-0.124788757,-0.171017742,-0.197529694,-0.099590588,-0.083501058,-0.181840622,-0.174510259,-0.267696748,-0.237593927,-0.218001746,8.266046529,-0.084875207,1.545812607,-0.214293457,-0.155748504,-0.088868321,-0.178347691,-0.195397044,-0.048570668,-0.194382489,-0.231859742,-0.060276398,0.251068852,-0.117683671,0.299833888,-0.138204312,-0.126895569,-0.127080841,-0.088776495,0.694337544,2.21432345,-0.205364399,-0.112523088,-0.110582073,-0.068291644,-0.129989115,-0.144659264,-0.121793854,0.525262319,-0.12619813,-0.19553799,-0.488353547,2.892802158,-0.10921869,-0.159569877,-0.186839314,-0.19255991,-0.189402319,-0.124727662,-0.200075035,-0.332884107,-0.243821637,-0.237588017,-0.222493043,-0.084564295,-0.126852763,-0.352839167,2.679212073,-0.235560672,-0.122939669,0.113772475,0.374613787,-0.184840294,-0.09729191,-0.134446813,-0.190354029,-0.183378896,-0.246000846,-0.110924589,0.069561144,-0.079157353,-0.071834471,-0.45707922,-0.20793647,-0.134967248,0.065479292,-0.132231389,-0.156198835,-0.128607861,-0.174589471,-0.244087344
2008/12/07,-0.082659443,-0.130485729,-0.165848098,-0.157006422,-0.113390341,-0.492117464,-0.091110617,-0.134672834,-0.136274211,-0.233279447,-0.198122883,-0.191737994,-0.194892727,0.102755907,-0.15866319,0.042520522,0.330375816,-0.139782736,0.340984702,-0.171017742,-0.197529694,-0.099590588,-0.083501058,-0.181840622,-0.174510259,-0.267696748,-0.237593927,0.230463461,-0.170086079,-0.235926842,-0.340060754,-0.214293457,-0.155748504,-0.088868321,2.550322921,0.489300691,-0.132023669,1.809126152,-0.231859742,-0.060276398,-0.22647649,-0.117683671,-0.237343458,-0.138204312,-0.126895569,-0.127080841,-0.081752512,-0.276504587,-0.190749795,-0.205364399,5.627828491,-0.110582073,-0.068291644,-0.087313707,0.045070137,-0.121793854,-0.020300073,-0.10125207,-0.19553799,-0.488353547,0.596888484,-0.10921869,-0.159569877,-0.131188439,-0.19255991,-0.189402319,-0.124727662,-0.200075035,-0.332884107,-0.243821637,-0.237588017,-0.222493043,-0.084564295,-0.126852763,-0.235864987,0.725974272,0.62924533,-0.122939669,-0.100984667,-0.128058664,0.041522012,0.905041173,-0.134446813,-0.190354029,-0.183378896,-0.1508824,-0.029178099,0.008724582,-0.079157353,-0.071834471,-0.45707922,-0.20793647,-0.134967248,-0.154606804,-0.132231389,-0.156198835,-0.128607861,1.043505498,-0.244087344
2008/12/21,-0.082659443,-0.130485729,-0.165848098,-0.157006422,-0.113390341,-0.492117464,-0.091110617,-0.134672834,-0.136274211,-0.233279447,2.406113125,2.570708366,-0.194892727,-0.122599122,-0.15866319,-0.160564971,-0.15385119,-0.139782736,0.515649749,-0.171017742,-0.197529694,-0.099590588,-0.083501058,-0.181840622,0.337104832,-0.267696748,-0.237593927,-0.029446123,-0.170086079,-0.235926842,-0.340060754,-0.214293457,-0.155748504,-0.088868321,-0.178347691,-0.195397044,-0.132023669,9.762969469,-0.231859742,-0.060276398,-0.22647649,-0.117683671,-0.237343458,-0.138204312,-0.126895569,-0.127080841,-0.090532491,-0.054019932,-0.190749795,-0.205364399,2.276203859,-0.110582073,-0.068291644,-0.128627134,0.702931132,-0.121793854,0.010008949,-0.12619813,-0.19553799,-0.488353547,0.404165803,-0.10921869,-0.159569877,-0.152662418,-0.19255991,-0.189402319,-0.124727662,-0.200075035,-0.332884107,-0.243821637,-0.237588017,-0.222493043,-0.084564295,-0.126852763,0.495223639,-0.193196458,-0.162640639,-0.122939669,0.179392713,-0.103086154,3.636202588,0.825310132,-0.134446813,-0.190354029,-0.183378896,0.800160517,0.077721158,-0.234621665,-0.079157353,-0.071834471,-0.147029658,-0.20793647,-0.134967248,-0.253388137,-0.132231389,-0.156198835,-0.128607861,3.479695435,-0.244087344
2009/01/07,-0.082659443,-0.130485729,-0.165848098,-0.157006422,-0.113390341,-0.492117464,-0.091110617,-0.134672834,-0.136274211,-0.233279447,-0.198122883,-0.191737994,-0.194892727,-0.122599122,-0.15866319,-0.170503902,-0.152582965,-0.139782736,-0.124788757,-0.171017742,-0.197529694,-0.099590588,-0.083501058,-0.181840622,-0.174510259,-0.098278717,-0.237593927,-0.218001746,-0.170086079,-0.145295861,3.431685969,-0.214293457,-0.155748504,-0.088868321,0.503819962,2.628981111,0.415636649,10.73462817,-0.231859742,-0.060276398,-0.22647649,-0.117683671,-0.237343458,-0.138204312,-0.126895569,-0.127080841,-0.095800478,2.43376303,-0.190749795,-0.205364399,-0.112523088,-0.110582073,-0.068291644,-0.131351096,-0.051488576,-0.121793854,1.010206666,-0.12619813,-0.19553799,-0.488353547,0.655543212,-0.10921869,-0.159569877,-0.164457984,-0.19255991,-0.189402319,-0.124727662,-0.200075035,-0.332884107,-0.243821637,-0.237588017,-0.222493043,-0.084564295,-0.126852763,-0.294352077,2.219626708,-0.235560672,-0.122939669,0.318090033,-0.139336571,8.372126456,6.668456399,-0.134446813,-0.190354029,1.468406028,-0.246567027,-0.129789164,-0.234621665,-0.079157353,-0.071834471,-0.45707922,-0.20793647,-0.134967248,-0.295860892,-0.132231389,-0.156198835,-0.128607861,-0.174589471,-0.244087344
2009/01/21,-0.082659443,1.357553799,-0.165848098,0.176932586,-0.113390341,-0.492117464,-0.091110617,-0.134672834,-0.136274211,-0.233279447,-0.198122883,-0.191737994,-0.194892727,-0.024006297,-0.15866319,-0.170503902,-0.191897933,-0.139782736,-0.124788757,-0.171017742,-0.197529694,-0.099590588,-0.083501058,-0.181840622,-0.174510259,-0.013569701,-0.237593927,-0.052806996,-0.170086079,-0.145295861,-0.340060754,-0.214293457,-0.155748504,-0.088868321,-0.178347691,-0.067016218,3.498181864,9.528653544,-0.231859742,-0.060276398,-0.219167122,-0.117683671,0.031245215,-0.138204312,-0.126895569,-0.127080841,-0.085264503,0.492078767,-0.190749795,-0.205364399,0.026356385,-0.110582073,-0.068291644,-0.132713078,-0.142790009,-0.121793854,0.055472482,-0.110161377,-0.19553799,-0.488353547,0.391596932,-0.10921869,-0.159569877,-0.157199174,-0.19255991,-0.189402319,-0.124727662,-0.200075035,-0.332884107,-0.243821637,-0.237588017,-0.222493043,-0.084564295,-0.126852763,0.495223639,-0.193196458,-0.235560672,-0.122939669,0.116755213,-0.124836404,13.24952677,1.542889498,-0.134446813,-0.190354029,0.477335073,-0.174378921,-0.129789164,-0.234621665,-0.079157353,-0.071834471,-0.415739278,-0.20793647,-0.134967248,-0.143827733,8.164940678,-0.156198835,-0.128607861,-0.174589471,-0.244087344
2009/02/07,-0.082659443,-0.130485729,-0.165848098,-0.157006422,-0.113390341,-0.492117464,-0.091110617,-0.134672834,-0.136274211,-0.233279447,-0.198122883,-0.191737994,-0.194892727,-0.122599122,-0.15866319,-0.170503902,0.583832886,-0.139782736,-0.124788757,-0.171017742,-0.197529694,-0.099590588,-0.083501058,-0.181840622,-0.174510259,0.409975376,-0.237593927,-0.193210614,-0.170086079,0.126597082,-0.340060754,-0.214293457,-0.155748504,-0.088868321,-0.178347691,-0.195397044,-0.132023669,4.599420375,2.277062129,-0.060276398,-0.22647649,-0.117683671,-0.103049122,-0.138204312,-0.126895569,-0.127080841,-0.095800478,-0.357408098,-0.190749795,-0.205364399,0.976291985,-0.110582073,-0.068291644,-0.132713078,-0.145243407,-0.121793854,0.464644275,-0.12619813,-0.19553799,-0.488353547,4.954096917,-0.10921869,12.38445888,-0.182605008,-0.19255991,-0.189402319,0.812927608,-0.200075035,-0.332884107,-0.243821637,-0.237588017,-0.222493043,-0.084564295,-0.126852763,0.232031734,-0.193196458,-0.235560672,-0.122939669,0.304667712,-0.14416996,-0.06694326,0.722798794,-0.134446813,-0.190354029,-0.183378896,-0.249964115,-0.129789164,-0.234621665,-0.079157353,-0.071834471,-0.126359687,0.387343772,-0.134967248,-0.002412764,-0.132231389,-0.156198835,-0.128607861,-0.174589471,-0.244087344
2009/02/21,-0.082659443,-0.130485729,-0.165848098,-0.157006422,-0.113390341,-0.492117464,-0.091110617,-0.134672834,-0.136274211,0.640250024,2.406113125,-0.191737994,-0.194892727,-0.122599122,-0.15866319,-0.170503902,-0.129473092,-0.139782736,-0.124788757,-0.171017742,-0.197529694,-0.099590588,-0.083501058,-0.181840622,-0.174510259,0.240557345,-0.237593927,-0.218001746,-0.170086079,-0.235926842,-0.340060754,-0.214293457,-0.155748504,-0.088868321,-0.178347691,-0.195397044,0.180925084,2.067088638,1.022601193,-0.060276398,-0.22647649,-0.117683671,0.501275393,-0.138204312,-0.126895569,-0.127080841,-0.074728528,-0.357408098,-0.190749795,-0.205364399,0.631870891,-0.110582073,-0.068291644,-0.127265153,-0.143841465,-0.121793854,1.464841992,-0.12619813,-0.19553799,-0.488353547,2.088394447,-0.10921869,16.41646813,-0.031984707,0.383759014,-0.189402319,-0.124727662,-0.200075035,-0.332884107,-0.243821637,-0.237588017,-0.222493043,-0.084564295,-0.126852763,0.758415544,-0.193196458,-0.235560672,-0.122939669,0.112281106,-0.14416996,-0.017426505,-0.09729191,-0.134446813,-0.190354029,-0.183378896,-0.249964115,-0.129789164,-0.234621665,-0.079157353,-0.071834471,-0.20903957,2.024364434,-0.134967248,0.275590727,-0.132231389,-0.156198835,-0.128607861,-0.174589471,-0.244087344
2009/03/07,-0.082659443,-0.130485729,-0.165848098,-0.157006422,-0.113390341,-0.492117464,-0.091110617,-0.134672834,-0.136274211,-0.233279447,-0.198122883,-0.191737994,-0.194892727,-0.122599122,-0.15866319,-0.170503902,-0.182738532,-0.139782736,-0.124788757,-0.171017742,-0.197529694,-0.099590588,-0.083501058,-0.181840622,-0.174510259,-0.199929536,-0.237593927,-0.192066408,-0.170086079,-0.235926842,-0.340060754,-0.214293457,-0.155748504,-0.088868321,-0.178347691,0.318126257,-0.094469818,-0.110114744,-0.148229013,-0.060276398,-0.22647649,0.105817813,-0.156766856,-0.138204312,-0.126895569,-0.127080841,-0.095800478,-0.308865992,1.252294152,-0.205364399,0.696310966,-0.110582073,-0.068291644,-0.130533908,-0.145453698,-0.121793854,0.464644275,-0.100539325,-0.19553799,-0.488353547,1.294041833,-0.10921869,3.782839162,-0.127800995,8.79801531,-0.189402319,-0.124727662,-0.200075035,-0.332884107,-0.243821637,-0.237588017,-0.076096524,-0.084564295,-0.126852763,-0.329444331,0.082554761,-0.235560672,-0.122939669,-0.166008357,-0.138369893,-0.256521691,-0.09729191,-0.057263961,-0.190354029,-0.183378896,-0.193232756,0.013581604,-0.234621665,-0.079157353,-0.071834471,-0.45707922,1.042152037,-0.134967248,0.359570948,-0.132231389,-0.156198835,-0.128607861,-0.174589471,-0.244087344
2009/03/21,-0.082659443,-0.130485729,-0.165848098,-0.157006422,-0.113390341,-0.492117464,-0.091110617,-0.134672834,-0.136274211,-0.233279447,-0.198122883,-0.191737994,-0.194892727,-0.122599122,-0.15866319,-0.139693216,0.759580656,-0.139782736,1.086222236,-0.171017742,3.060704213,-0.099590588,-0.083501058,-0.181840622,10.19422225,0.206673739,0.004354484,-0.031496158,-0.170086079,0.875813191,0.162838809,-0.214293457,-0.155748504,-0.049417102,0.003563683,-0.195397044,0.326967835,1.233583183,-0.176105923,-0.060276398,-0.097831622,-0.103493101,0.443081181,-0.138204312,-0.126895569,-0.127080841,0.106490243,1.859348102,2.534999882,-0.205364399,0.702236491,-0.110582073,-0.068291644,0.073854057,-0.092413582,-0.121793854,0.658622014,-0.113368728,-0.19553799,-0.488353547,3.187751652,-0.10921869,3.42443834,-0.151997027,1.774608685,0.403520827,-0.124727662,-0.200075035,1.744058704,-0.243821637,-0.236320787,0.167897674,-0.061501932,-0.126852763,1.869670255,0.381285248,1.013034975,-0.073962801,-0.109336333,-0.117747434,3.468081417,1.597562212,-0.134446813,-0.190354029,-0.0952837,3.336907197,0.003520497,0.580588264,-0.079157353,-0.071834471,3.180835638,3.026419507,-0.134967248,0.90618244,-0.132231389,-0.156198835,-0.128607861,1.530743486,-0.244087344
2009/04/07,-0.082659443,-0.130485729,-0.165848098,0.145764945,-0.113390341,-0.492117464,-0.091110617,-0.134672834,-0.136274211,-0.233279447,-0.198122883,-0.191737994,-0.194892727,-0.122599122,-0.15866319,-0.170503902,-0.013829781,-0.139782736,0.263355792,-0.171017742,-0.197529694,-0.099590588,-0.083501058,-0.181840622,4.600563923,-0.154751394,0.009292207,-0.200202985,-0.170086079,-0.05466488,-0.340060754,-0.214293457,-0.155748504,-0.088868321,2.550322921,-0.195397044,-0.132023669,0.00912125,-0.231859742,-0.060276398,-0.22647649,-0.117683671,0.076009994,-0.138204312,-0.126895569,-0.127080841,-0.095800478,-0.033794054,-0.190749795,-0.205364399,-0.112523088,-0.110582073,-0.068291644,-0.101841506,-0.134144704,-0.121793854,-0.020300073,-0.12619813,-0.19553799,-0.488353547,1.63591511,-0.10921869,-0.159569877,-0.195307925,4.187463915,-0.004113836,-0.124727662,-0.200075035,-0.332884107,-0.243821637,-0.237588017,-0.222493043,-0.055736341,-0.126852763,0.465980094,0.266388907,-0.133216767,-0.122939669,-0.178535857,-0.140947701,0.51782603,-0.09729191,-0.134446813,-0.190354029,-0.183378896,-0.131066057,-0.004025332,-0.234621665,-0.079157353,-0.071834471,-0.043679804,2.470824615,-0.134967248,0.033946489,-0.132231389,-0.156198835,-0.128607861,-0.174589471,-0.244087344
2009/04/21,-0.082659443,1.171548858,-0.068971777,0.219231527,-0.113390341,-0.370207562,-0.075403012,-0.024073238,-0.032008998,0.203485289,0.127406618,-0.191737994,0.322062321,-0.069194675,-0.15866319,-0.140687109,-0.2029949,0.594751159,-0.124788757,0.128289269,0.859829868,-0.086618443,0.135503065,-0.134813652,0.081297287,-0.062983294,0.088758681,-0.19696504,-0.170086079,0.215339917,-0.143615612,-0.04668085,1.356041935,-0.065581143,1.072293006,-0.195397044,-0.132023669,0.138460774,-0.162167468,-0.060276398,0.729832422,-0.101054096,0.260664707,0.302995515,0.054345479,-0.06797117,-0.060680561,0.760071647,0.109884361,0.519377578,-0.096783415,-0.110582073,-0.062585366,-0.118100155,-0.142162056,-0.121793854,-0.205942831,1.054285064,1.43981282,0.054950291,0.088896635,-0.105606466,0.28843115,-0.09950676,-0.062888152,0.262238359,-0.124727662,0.124009801,0.002828632,-0.243821637,-0.086114343,1.302470697,0.039756258,0.852812153,0.056570464,-0.135748287,-0.211573819,-0.122939669,-0.101357509,-0.126447534,-0.228756939,-0.046036241,-0.121270342,-0.181673542,0.036859093,0.555570227,0.438506149,-0.128157682,-0.079157353,-0.071834471,0.380054597,-0.009509723,-0.04765141,-0.124159952,-0.11792592,-0.156198835,1.309054822,-0.174589471,0.095596587
2009/05/07,-0.082659443,-0.130485729,-0.165848098,-0.157006422,-0.113390341,-0.492117464,-0.091110617,-0.134672834,-0.136274211,-0.233279447,-0.198122883,-0.191737994,-0.194892727,-0.122599122,-0.15866319,-0.170503902,-0.333234538,-0.139782736,-0.124788757,-0.171017742,-0.197529694,-0.099590588,-0.083501058,-0.181840622,-0.174510259,-0.267696748,-0.200561007,-0.218001746,-0.170086079,-0.235926842,-0.340060754,-0.214293457,-0.155748504,-0.088868321,-0.178347691,-0.195397044,-0.132023669,-0.194382489,-0.231859742,-0.060276398,-0.0218142,-0.117683671,-0.237343458,-0.138204312,-0.126895569,-0.127080841,-0.095800478,-0.357408098,-0.190749795,-0.205364399,-0.112523088,-0.110582073,-0.068291644,-0.132713078,-0.146294863,-0.121793854,0.464644275,-0.12619813,-0.19553799,-0.488353547,2.088394447,-0.10921869,-0.159569877,-0.195307925,5.109574194,-0.189402319,-0.124727662,-0.200075035,-0.332884107,-0.243821637,-0.237588017,0.509489552,-0.084564295,-0.126852763,-0.118890807,1.185559637,-0.235560672,-0.122939669,-0.178535857,-0.14416996,-0.279157922,-0.09729191,-0.134446813,-0.190354029,-0.183378896,-0.246567027,-0.129789164,-0.234621665,-0.079157353,-0.071834471,-0.126359687,-0.20793647,-0.134967248,-0.372118794,-0.132231389,-0.156198835,-0.128607861,-0.174589471,-0.244087344
2009/05/21,-0.082659443,-0.130485729,-0.165848098,-0.157006422,-0.113390341,-0.492117464,-0.091110617,-0.134672834,-0.136274211,-0.233279447,-0.198122883,-0.191737994,-0.194892727,-0.122599122,-0.15866319,-0.170503902,-0.340562059,-0.139782736,-0.124788757,-0.171017742,-0.197529694,-0.099590588,-0.083501058,-0.181840622,-0.174510259,-0.267696748,-0.237593927,-0.218001746,-0.170086079,-0.235926842,-0.340060754,-0.214293457,-0.155748504,-0.088868321,-0.178347691,-0.195397044,-0.132023669,-0.194382489,-0.231859742,-0.060276398,-0.22647649,-0.117683671,0.031245215,-0.138204312,-0.126895569,-0.127080841,-0.053656578,-0.357408098,-0.190749795,-0.205364399,-0.112523088,-0.110582073,-0.068291644,-0.132713078,-0.146294863,-0.121793854,-0.262772247,-0.12619813,-0.19553799,-0.488353547,0.228201616,-0.10921869,-0.159569877,-0.195307925,0.729550369,-0.189402319,-0.124727662,-0.200075035,-0.332884107,-0.243821637,-0.237588017,-0.222493043,-0.084564295,-0.126852763,-0.469813347,1.185559637,-0.235560672,-0.122939669,-0.178535857,-0.14416996,-0.279157922,-0.09729191,-0.134446813,-0.190354029,-0.183378896,-0.249964115,-0.129789164,-0.234621665,-0.079157353,-0.071834471,-0.45707922,-0.20793647,-0.134967248,-0.40493865,-0.132231389,-0.156198835,-0.128607861,-0.174589471,-0.244087344
2009/06/07,-0.082659443,-0.130485729,-0.165848098,-0.157006422,-0.113390341,-0.492117464,-0.091110617,-0.134672834,-0.136274211,-0.233279447,-0.198122883,-0.191737994,-0.194892727,-0.122599122,-0.15866319,-0.170503902,-0.340562059,-0.139782736,-0.124788757,-0.171017742,-0.197529694,0.2117409,-0.083501058,-0.181840622,-0.174510259,-0.267696748,-0.237593927,-0.218001746,-0.170086079,-0.235926842,-0.340060754,-0.214293457,-0.155748504,-0.088868321,-0.178347691,-0.195397044,-0.132023669,-0.194382489,-0.231859742,-0.060276398,-0.22647649,-0.117683671,-0.237343458,-0.138204312,-0.126895569,-0.127080841,-0.095800478,-0.357408098,-0.190749795,-0.205364399,-0.112523088,-0.110582073,-0.068291644,-0.132713078,-0.146294863,-0.121793854,-0.262772247,-0.12619813,-0.19553799,-0.488353547,-0.023175794,-0.10921869,-0.159569877,-0.195307925,-0.19255991,-0.189402319,-0.124727662,-0.200075035,-0.332884107,-0.243821637,-0.237588017,0.509489552,-0.084564295,-0.126852763,-0.469813347,0.151492566,-0.235560672,-0.122939669,-0.178535857,-0.14416996,-0.279157922,-0.09729191,-0.134446813,-0.190354029,-0.183378896,-0.249964115,-0.129789164,-0.234621665,-0.079157353,-0.071834471,-0.45707922,-0.20793647,-0.134967248,-0.397216331,-0.132231389,-0.156198835,-0.128607861,-0.174589471,-0.244087344
2009/06/21,-0.082659443,-0.130485729,-0.165848098,-0.157006422,-0.113390341,-0.492117464,-0.091110617,-0.134672834,-0.136274211,-0.233279447,-0.198122883,-0.191737994,-0.194892727,-0.122599122,-0.15866319,-0.170503902,-0.340562059,-0.139782736,-0.124788757,-0.171017742,-0.197529694,1.768398341,-0.083501058,-0.181840622,-0.174510259,-0.267696748,-0.237593927,-0.218001746,-0.170086079,-0.235926842,-0.340060754,-0.214293457,-0.155748504,-0.088868321,-0.178347691,-0.195397044,-0.132023669,-0.194382489,-0.231859742,-0.060276398,-0.22647649,-0.117683671,-0.237343458,-0.138204312,-0.126895569,-0.127080841,-0.095800478,-0.357408098,-0.190749795,-0.205364399,-0.112523088,-0.110582073,-0.068291644,-0.132713078,-0.146294863,-0.121793854,0.100936014,-0.12619813,-0.19553799,-0.488353547,-0.073451276,-0.10921869,-0.159569877,-0.188049115,-0.19255991,-0.189402319,-0.124727662,-0.200075035,-0.332884107,-0.243821637,-0.237588017,-0.222493043,-0.084564295,-0.126852763,-0.469813347,1.874937685,-0.235560672,-0.122939669,-0.178535857,-0.14416996,-0.279157922,-0.09729191,-0.134446813,-0.190354029,-0.183378896,-0.249964115,-0.129789164,-0.234621665,-0.079157353,-0.071834471,-0.45707922,-0.20793647,-0.134967248,-0.401077491,-0.132231389,-0.156198835,-0.128607861,-0.174589471,-0.244087344
2009/07/07,-0.082659443,-0.130485729,-0.165848098,-0.157006422,-0.113390341,-0.492117464,0.914176087,-0.134672834,-0.136274211,-0.233279447,-0.198122883,-0.191737994,-0.194892727,-0.122599122,-0.15866319,-0.170503902,-0.340562059,-0.139782736,-0.124788757,-0.171017742,-0.197529694,-0.099590588,-0.083501058,-0.181840622,-0.174510259,-0.267696748,-0.237593927,-0.218001746,-0.170086079,-0.235926842,-0.340060754,-0.214293457,-0.155748504,-0.088868321,-0.178347691,-0.195397044,-0.132023669,-0.194382489,-0.231859742,-0.060276398,-0.22647649,-0.117683671,1.105599908,-0.138204312,-0.126895569,-0.127080841,-0.095800478,-0.357408098,-0.190749795,-0.205364399,-0.112523088,-0.110582073,-0.068291644,-0.132713078,-0.146294863,-0.121793854,0.100936014,-0.12619813,-0.19553799,-0.488353547,-0.073451276,-0.10921869,-0.159569877,-0.195307925,-0.19255991,-0.189402319,-0.124727662,-0.200075035,-0.332884107,-0.243821637,-0.237588017,-0.222493043,-0.084564295,-0.126852763,-0.469813347,-0.193196458,-0.235560672,-0.122939669,-0.178535857,-0.14416996,-0.279157922,-0.09729191,-0.134446813,-0.190354029,-0.183378896,-0.249964115,-0.129789164,-0.234621665,-0.079157353,-0.071834471,-0.45707922,-0.20793647,-0.134967248,-0.389494012,-0.132231389,-0.156198835,1.114776081,-0.174589471,-0.244087344
2009/07/21,-0.082659443,-0.130485729,-0.150944049,-0.157006422,0.324856868,0.524959435,-0.091110617,-0.134672834,-0.136274211,0.016300402,-0.012106025,-0.191737994,-0.194892727,-0.122599122,-0.158149818,-0.170503902,-0.33293258,-0.127339356,-0.108153991,-0.171017742,0.205273949,0.078313119,-0.068778092,-0.020605295,-0.174510259,0.234506701,-0.184689755,-0.217729316,-0.143501627,-0.119940765,0.468170686,0.36037834,0.214485889,-0.087107106,-0.178347691,-0.195397044,-0.132023669,-0.194382489,-0.14225539,-0.060276398,-0.190799815,-0.117683671,-0.128628995,-0.119295748,-0.122519527,-0.127080841,-0.089779921,-0.212937543,-0.147802059,0.788567455,-0.112523088,-0.110582073,-0.068291644,-0.132583365,-0.142527145,-0.033643604,-0.175092577,-0.118561581,-0.065419662,-0.330233717,-0.085720887,-0.10921869,-0.09556973,-0.183166702,-0.151394273,-0.189402319,0.444563037,-0.200075035,0.10833835,0.096087375,-0.2033049,0.012787076,-0.084564295,-0.126852763,-0.428036854,-0.162420652,-0.233550345,-0.017989237,-0.178216278,-0.141408024,-0.251873179,-0.09729191,-0.132915407,-0.190354029,-0.136185041,-0.191384579,-0.129789164,-0.182476041,-0.078666232,-0.061616162,0.25554263,0.174743685,-0.134967248,-0.285012872,-0.132231389,-0.041682149,-0.128607861,-0.174589471,0.144122863
2009/08/07,-0.082659443,-0.130485729,-0.165848098,-0.157006422,-0.113390341,-0.492117464,-0.091110617,-0.134672834,-0.136274211,-0.233279447,-0.198122883,-0.191737994,-0.194892727,-0.122599122,-0.15866319,-0.170503902,-0.340562059,-0.139782736,-0.124788757,-0.171017742,-0.197529694,0.523072388,-0.083501058,-0.181840622,-0.174510259,-0.267696748,-0.237593927,-0.218001746,-0.170086079,-0.235926842,-0.340060754,-0.214293457,-0.155748504,-0.088868321,-0.178347691,-0.195397044,-0.132023669,-0.194382489,-0.231859742,-0.060276398,-0.22647649,-0.117683671,-0.237343458,-0.138204312,-0.126895569,-0.127080841,-0.095800478,-0.357408098,-0.190749795,-0.205364399,-0.112523088,-0.110582073,-0.068291644,-0.132713078,-0.146294863,-0.121793854,-0.262772247,-0.12619813,-0.19553799,-0.488353547,-0.475655131,-0.10921869,-0.159569877,-0.195307925,-0.19255991,-0.189402319,-0.124727662,-0.200075035,-0.332884107,-0.243821637,-0.237588017,-0.222493043,-0.084564295,-0.126852763,-0.469813347,0.496181589,-0.235560672,-0.122939669,-0.178535857,-0.14416996,-0.279157922,-0.09729191,-0.134446813,-0.190354029,-0.183378896,-0.249964115,-0.129789164,-0.234621665,-0.079157353,-0.071834471,-0.45707922,-0.20793647,-0.134967248,-0.395285752,-0.132231389,-0.156198835,-0.128607861,-0.174589471,-0.244087344
2009/08/21,-0.082659443,-0.130485729,-0.165848098,-0.157006422,-0.113390341,-0.492117464,-0.091110617,-0.134672834,-0.136274211,-0.233279447,-0.198122883,-0.191737994,-0.194892727,-0.122599122,-0.15866319,-0.170503902,-0.340562059,-0.139782736,-0.124788757,-0.171017742,-0.197529694,0.2117409,-0.083501058,-0.181840622,-0.174510259,-0.267696748,-0.237593927,-0.218001746,-0.170086079,-0.235926842,-0.340060754,-0.214293457,-0.155748504,-0.088868321,-0.178347691,-0.195397044,-0.132023669,-0.194382489,-0.231859742,-0.060276398,-0.22647649,-0.117683671,0.031245215,-0.138204312,-0.126895569,-0.127080841,-0.095800478,-0.357408098,-0.190749795,-0.205364399,-0.112523088,-0.110582073,-0.068291644,-0.132713078,-0.146294863,-0.121793854,-0.262772247,-0.12619813,-0.19553799,-0.488353547,-0.174002239,-0.10921869,0.736432177,-0.195307925,-0.19255991,-0.189402319,-0.124727662,-0.200075035,-0.332884107,-0.243821637,-0.237588017,-0.222493043,-0.084564295,-0.126852763,-0.469813347,1.185559637,-0.235560672,-0.122939669,-0.178535857,-0.14416996,-0.279157922,-0.09729191,-0.134446813,-0.190354029,-0.183378896,-0.249964115,-0.129789164,-0.234621665,-0.079157353,-0.071834471,-0.45707922,-0.20793647,-0.134967248,-0.387563432,-0.132231389,-0.156198835,-0.128607861,-0.174589471,-0.244087344
2009/09/07,0.55179022,-0.130485729,-0.165848098,-0.157006422,-0.113390341,-0.492117464,-0.091110617,-0.134672834,-0.136274211,-0.233279447,-0.198122883,-0.191737994,-0.194892727,-0.122599122,-0.15866319,-0.170503902,-0.334925505,-0.139782736,-0.124788757,-0.171017742,-0.197529694,0.523072388,-0.083501058,-0.181840622,-0.174510259,0.409975376,-0.237593927,-0.218001746,-0.170086079,-0.145295861,-0.340060754,2.467508261,-0.155748504,-0.088868321,-0.178347691,-0.195397044,-0.132023669,-0.194382489,-0.231859742,-0.060276398,-0.22647649,-0.117683671,-0.237343458,6.215073198,-0.126895569,-0.127080841,-0.032584628,-0.357408098,-0.190749795,-0.205364399,-0.112523088,-0.110582073,-0.068291644,-0.132713078,-0.146294863,-0.121793854,-0.262772247,-0.12619813,-0.19553799,-0.488353547,0.529854508,-0.10921869,0.736432177,-0.195307925,-0.19255991,-0.189402319,-0.124727662,-0.200075035,-0.332884107,-0.243821637,-0.237588017,-0.222493043,-0.084564295,-0.126852763,-0.118890807,-0.193196458,-0.235560672,-0.122939669,-0.178535857,-0.14416996,-0.279157922,-0.09729191,-0.134446813,-0.190354029,-0.183378896,-0.249964115,-0.129789164,-0.234621665,-0.079157353,-0.071834471,0.204359845,-0.20793647,-0.134967248,-0.40493865,-0.132231389,-0.156198835,-0.128607861,-0.174589471,-0.244087344
2009/09/21,0.642425886,-0.130485729,-0.165848098,-0.157006422,-0.113390341,-0.492117464,-0.091110617,-0.134672834,-0.136274211,-0.233279447,-0.198122883,-0.191737994,-0.194892727,-0.122599122,-0.15866319,-0.170503902,-0.340562059,-0.139782736,-0.124788757,-0.171017742,-0.197529694,24.80692847,-0.083501058,-0.181840622,-0.174510259,-0.267696748,-0.237593927,-0.218001746,-0.170086079,-0.235926842,-0.340060754,-0.214293457,-0.155748504,-0.088868321,-0.178347691,-0.195397044,-0.132023669,-0.194382489,-0.231859742,-0.060276398,-0.22647649,-0.117683671,-0.237343458,19.9805078,-0.126895569,-0.127080841,-0.095800478,1.098855099,-0.190749795,-0.205364399,-0.112523088,-0.110582073,-0.068291644,-0.132713078,-0.146294863,-0.121793854,-0.262772247,0.02347823,-0.19553799,-0.488353547,3.546383423,-0.10921869,3.42443834,-0.159013877,-0.19255991,-0.189402319,-0.124727662,-0.200075035,-0.332884107,-0.243821637,-0.237588017,8.561298099,-0.084564295,-0.126852763,-0.469813347,-0.193196458,-0.235560672,-0.122939669,-0.178535857,-0.14416996,-0.279157922,-0.09729191,-0.134446813,-0.190354029,-0.183378896,-0.249964115,-0.129789164,-0.234621665,-0.079157353,-0.071834471,-0.45707922,-0.20793647,-0.134967248,-0.40493865,-0.132231389,-0.156198835,-0.128607861,-0.174589471,-0.244087344
2009/10/07,-0.082659443,-0.130485729,-0.165848098,-0.157006422,-0.113390341,-0.492117464,-0.091110617,-0.134672834,-0.136274211,-0.233279447,-0.198122883,-0.191737994,-0.194892727,-0.122599122,-0.15866319,-0.170503902,-0.311815631,-0.139782736,-0.124788757,-0.171017742,-0.197529694,-0.099590588,-0.083501058,-0.181840622,-0.174510259,0.071139314,-0.237593927,-0.218001746,-0.170086079,-0.145295861,-0.340060754,-0.214293457,-0.155748504,-0.088868321,-0.178347691,-0.195397044,-0.132023669,-0.194382489,-0.231859742,-0.060276398,-0.22647649,-0.117683671,-0.237343458,-0.138204312,-0.126895569,-0.127080841,-0.095800478,-0.114697565,-0.190749795,-0.205364399,-0.112523088,-0.110582073,-0.068291644,-0.132713078,-0.146294863,-0.121793854,-0.080918116,-0.12619813,-0.19553799,-0.488353547,-0.324828685,-0.10921869,-0.159569877,-0.195307925,-0.19255991,-0.189402319,-0.124727662,-0.200075035,-0.332884107,-0.243821637,-0.237588017,-0.222493043,-0.084564295,-0.126852763,-0.469813347,-0.193196458,-0.235560672,-0.122939669,-0.178535857,-0.14416996,-0.279157922,-0.09729191,-0.134446813,-0.190354029,-0.183378896,-0.249964115,-0.129789164,-0.234621665,-0.079157353,-0.071834471,-0.45707922,-0.20793647,-0.134967248,-0.356674156,-0.132231389,-0.156198835,-0.128607861,-0.174589471,-0.244087344
2009/10/21,-0.082659443,-0.130485729,-0.165848098,-0.157006422,-0.113390341,-0.492117464,-0.091110617,-0.134672834,-0.136274211,-0.233279447,-0.198122883,-0.191737994,-0.194892727,-0.122599122,-0.15866319,-0.170503902,-0.337743782,-0.139782736,-0.124788757,-0.171017742,-0.197529694,-0.099590588,-0.083501058,-0.181840622,-0.174510259,-0.267696748,-0.237593927,-0.218001746,-0.170086079,-0.235926842,-0.340060754,-0.214293457,-0.155748504,-0.088868321,-0.178347691,-0.195397044,-0.132023669,-0.194382489,-0.231859742,-0.060276398,-0.16800155,-0.117683671,-0.237343458,2.508994651,-0.126895569,-0.127080841,-0.095800478,-0.357408098,-0.190749795,-0.205364399,-0.112523088,-0.110582073,-0.068291644,-0.132713078,-0.146294863,-0.121793854,0.282790145,-0.12619813,-0.19553799,-0.488353547,0.58012999,-0.10921869,0.736432177,0.476131972,-0.19255991,-0.189402319,-0.124727662,-0.200075035,-0.332884107,-0.243821637,-0.237588017,-0.222493043,-0.084564295,-0.126852763,-0.469813347,-0.193196458,-0.235560672,-0.122939669,-0.035364429,-0.14416996,-0.279157922,-0.09729191,-0.134446813,-0.190354029,-0.183378896,-0.249964115,-0.129789164,-0.234621665,-0.079157353,-0.071834471,-0.45707922,-0.20793647,-0.134967248,-0.354743576,-0.132231389,-0.156198835,-0.128607861,-0.174589471,-0.244087344
2009/11/07,-0.082659443,-0.130485729,-0.08519089,-0.062717761,-0.077744962,-0.20756541,-0.066471237,-0.132070491,-0.131367613,-0.233279447,-0.198122883,0.523248122,-0.194892727,-0.122599122,0.091916762,-0.1341508,0.146253894,-0.139782736,-0.100130162,0.167023117,-0.197529694,-0.099590588,-0.083501058,0.017332429,-0.174510259,-0.259724135,0.432919766,-0.168301697,-0.170086079,0.701837249,0.148047645,-0.214293457,-0.094768722,-0.085000555,-0.138220182,-0.014153526,-0.080479168,-0.194382489,-0.12363174,-0.060276398,-0.178664627,-0.042557122,0.035985015,0.086029012,-0.046170476,-0.127080841,-0.070018328,-0.158956545,-0.190749795,-0.150795591,-0.018411822,-0.110105846,-0.068237938,-0.104111474,-0.130415815,-0.07823726,-0.007106734,-0.088464594,-0.051364099,-0.288575898,-0.15330057,-0.10921869,-0.159569877,-0.178548614,-0.187135732,-0.189402319,-0.047508993,-0.161947407,-0.332884107,-0.243821637,-0.154845304,-0.084708084,-0.080494467,-0.126852763,0.673781284,-0.061403596,-0.074820538,-0.122939669,-0.125794029,-0.02089011,-0.120621086,-0.073171595,0.271015389,-0.190354029,-0.183378896,-0.183561048,-0.118692355,-0.183089519,-0.079157353,-0.060053362,0.089094361,-0.172919985,0.522469645,-0.251014659,-0.132231389,-0.156198835,-0.128607861,-0.174589471,0.011674675
2009/11/21,-0.082659443,-0.080467593,-0.146560505,0.004331954,-0.042099582,-0.17358089,-0.091110617,0.099538075,0.035456727,-0.164767331,-0.198122883,-0.191737994,0.866662024,0.042826935,0.168314586,-0.145016251,-0.071504207,-0.139782736,0.466234707,-0.114677599,0.023617404,-0.099590588,-0.083501058,-0.049058588,0.301277445,-0.150954912,-0.194855655,-0.061589526,0.326157016,0.10146412,0.325541609,-0.214293457,-0.003299048,-0.071141058,-0.178347691,0.016053727,-0.089069918,-0.168080432,0.126557668,-0.060276398,-0.13982875,-0.055078213,-0.092892407,-0.138204312,-0.102527024,1.171013893,-0.080631035,-0.120136457,-0.049274898,0.067479639,-0.110780287,-0.054228562,-0.068291644,-0.118158574,-0.094996374,0.178954059,-0.059523513,0.070435519,-0.044313124,-0.062949489,0.010763677,-0.090520121,-0.159569877,-0.139301227,-0.111197238,0.19207397,0.11165602,-0.200075035,-0.332884107,-0.243821637,-0.048728041,-0.099470758,-0.082868533,-0.126852763,-0.002899603,1.381559278,0.85801406,0.078729788,0.02687203,0.099746946,-9.21E-04,0.095670609,0.173696053,-0.178099224,-0.183378896,0.192894277,0.018908072,-0.216728559,-0.079157353,-0.042982776,-0.386673941,0.142228378,-0.104443392,-0.138978301,-0.132231389,-0.156198835,-0.128607861,0.255326401,0.106063039
2009/12/07,-0.082659443,-0.130485729,0.060065913,-0.046396449,-0.113390341,0.006130445,-0.091110617,0.806005834,-0.136274211,-0.110678819,-0.06105783,-0.094810052,0.359164358,0.544570371,0.719550788,0.070872631,0.785300156,-0.139782736,-0.085565729,0.43389748,-0.197529694,-0.099590588,-0.078076808,-0.05313523,-0.174510259,-0.139295714,-0.179120895,0.116885955,-0.143968021,-0.082808185,-0.108462271,-0.120195151,-0.101187646,-0.057434236,-0.034733448,0.916335857,-0.066139721,-0.046695194,0.014630827,-0.060276398,-0.185338857,-0.117683671,-0.201531635,-0.026743303,-0.107978786,0.204762925,-0.075024275,-0.162813864,-0.190749795,0.026553034,0.215329929,-0.100024319,-0.054356312,-0.092379321,0.082965596,-0.069831601,-0.136750525,-0.034929312,0.168212259,0.400854593,-0.156185314,0.076335533,-0.128131208,-0.152200783,-0.19255991,0.122662495,-0.104987551,-0.063618262,-0.102007978,-0.243821637,0.119054065,-0.145442244,-0.080012513,-0.126852763,-0.054862834,-0.086766163,0.354802067,-0.122939669,-0.062177674,0.180498103,0.011737498,-0.044537537,1.210159705,-0.175734262,-0.169469129,-0.075580297,-0.124493845,0.661917142,-0.069603745,-0.070328615,-0.261548549,-0.20793647,-0.00849715,-0.132171435,-0.047101299,-0.156198835,-0.128607861,-0.110479209,-0.196412406
2009/12/21,-0.064532309,-0.130485729,0.466083595,0.311398694,-0.074570295,0.437973817,-0.091110617,-0.016515599,-0.136274211,-0.029455903,-0.067911082,0.314710505,0.011889293,0.998823839,0.154495515,0.133294437,0.7968566,-0.139782736,-0.012809055,-0.171017742,-0.197529694,-0.006191142,-0.076630341,-0.10659747,-0.148929504,0.428046633,0.037313783,0.254686462,-0.170086079,-0.101188784,0.382857368,-0.214293457,-0.155748504,1.146091814,-0.178347691,0.249656484,0.096428921,0.504624192,0.069210882,-0.044716376,0.201365153,0.933305452,-0.12766975,-0.102908325,0.209651187,0.119866228,-0.070812658,0.47165063,-0.190749795,-0.205364399,0.035059499,-0.058970988,-0.068291644,0.401319715,1.03799045,0.013957532,0.050926128,-0.089313598,-0.067470011,0.186909493,-0.071021294,-0.103439132,-0.159569877,0.451884523,-0.19255991,0.114007572,-0.124727662,-0.200075035,-0.332884107,-0.243821637,0.200224362,-0.010218091,-0.084564295,-0.116495072,0.39550315,-0.055320849,-0.020702435,-0.122939669,0.144494677,0.232342984,0.39857318,-0.051161808,0.05690234,-0.047994052,0.127156669,-0.03517902,-0.119413648,0.263629777,0.054552154,-0.068973344,-0.146685158,-0.20793647,-0.005739808,0.171426294,-0.132231389,0.196512556,0.120068927,0.008124775,0.088048055
2010/01/07,1.12460763,-0.130485729,0.024923734,-0.090218621,-0.098241055,-0.099621761,0.851811079,0.786990465,0.239080554,0.151073521,-0.198122883,-0.122676835,-0.194892727,-0.029288055,-0.119942098,0.042350732,0.291870007,-0.139782736,0.217554735,-0.171017742,-0.103542177,-0.071570754,-0.083501058,-0.125408258,-0.174510259,-0.208400437,0.01937339,0.155543921,-0.170086079,0.763380424,0.055972652,-0.214293457,-0.155748504,-0.071608413,-0.144239308,0.864457991,0.616706222,0.806941894,1.183358039,-0.052885388,0.822385257,0.143068061,0.963247911,-0.127615516,-0.080947134,0.031712546,-0.09105929,0.222670075,-0.190749795,-0.158980912,0.109128552,0.543233305,-0.068245993,0.037057868,1.104403724,-0.097111784,0.747528478,0.141615642,0.120767837,0.212325308,-0.163416457,0.138660121,-0.114769774,0.281192605,0.084073174,0.09779483,-0.124727662,-0.200075035,-0.118027954,0.113082826,0.612913892,-0.1850806,-0.084564295,-0.124090712,0.541818354,0.117023663,0.324601637,-0.045392961,0.160646204,0.134292318,0.86209323,0.240995506,0.063632017,0.331401075,0.086412641,-0.077651576,-0.093946472,-0.135255281,0.921945027,-0.048786508,-0.34592071,-0.193054463,-0.061621944,0.054852523,-0.132231389,-0.156198835,0.064807419,0.556267511,0.553037614
2010/01/21,-0.024862786,-0.065788358,0.231593218,-0.104156944,0.781295768,0.368955145,0.648285039,0.325357369,0.589049005,-0.005402193,-0.198122883,-0.051613904,-0.194892727,-0.118312477,0.009715425,0.603872075,0.319883248,-0.139782736,-0.050535017,-0.171017742,-0.197529694,-0.095078538,-0.08051379,-0.149126208,0.166566469,-0.040578373,0.018952968,0.347789493,-0.126934505,-0.090785924,0.15190621,0.368706916,-0.155748504,-0.069452413,0.049041527,0.333383109,0.312227496,0.636175713,-0.025813019,-0.058021323,0.003503754,0.081292806,-0.08163988,-0.122858231,-0.104994221,-0.008290391,-0.079156692,-0.109421249,-0.190749795,-0.070919511,0.200418659,1.227189779,-0.068291644,0.954394584,0.053794174,0.003405052,-0.164597372,0.586623912,-0.118735604,0.137477995,-0.283843238,0.767138167,-0.159569877,0.21247412,-0.005465071,-0.141066193,-0.083960041,-0.200075035,-0.216114459,-0.174854591,0.176410755,-0.127017053,-0.084564295,-0.126252317,0.187530687,-0.14823702,0.379948925,-0.122939669,1.275095061,1.042392003,1.307684901,-0.023008332,0.105895118,0.994721074,-0.020594295,-0.040157045,-0.089872817,0.573446581,0.588284092,0.033902809,-0.124562298,-0.20793647,-0.114720097,0.226362341,0.228515223,0.252741909,-0.128607861,0.010772807,-0.139064293
2010/02/07,-0.082659443,-0.130485729,-0.165848098,-0.157006422,-0.113390341,-0.492117464,-0.091110617,-0.134672834,-0.136274211,-0.233279447,-0.198122883,-0.191737994,-0.194892727,-0.122599122,-0.15866319,-0.170503902,-0.340562059,-0.139782736,-0.124788757,-0.171017742,-0.197529694,-0.099590588,-0.083501058,-0.181840622,-0.174510259,-0.267696748,-0.237593927,-0.218001746,-0.170086079,-0.235926842,-0.340060754,-0.214293457,-0.155748504,-0.088868321,-0.178347691,-0.195397044,-0.132023669,-0.194382489,-0.231859742,-0.060276398,-0.22647649,-0.117683671,-0.237343458,-0.138204312,-0.126895569,-0.127080841,-0.095800478,-0.357408098,-0.190749795,-0.205364399,-0.112523088,-0.110582073,-0.068291644,-0.132713078,-0.146294863,-0.121793854,-0.262772247,-0.12619813,-0.19553799,-0.488353547,-0.475655131,-0.10921869,1.632434232,-0.195307925,-0.19255991,-0.189402319,-0.124727662,-0.200075035,-0.332884107,-0.243821637,-0.237588017,-0.222493043,-0.084564295,-0.126852763,-0.469813347,-0.193196458,-0.235560672,-0.122939669,-0.178535857,-0.14416996,-0.279157922,-0.09729191,-0.134446813,-0.190354029,-0.183378896,-0.249964115,-0.129789164,-0.234621665,-0.079157353,-0.071834471,-0.45707922,-0.20793647,-0.134967248,0.081567457,-0.132231389,-0.156198835,-0.128607861,-0.174589471,-0.244087344
2010/02/21,1.730053879,-0.130485729,-0.165848098,-0.157006422,-0.113390341,-0.492117464,-0.091110617,-0.134672834,-0.136274211,-0.233279447,-0.198122883,-0.191737994,-0.194892727,-0.122599122,-0.15866319,0.101822812,-0.199648196,-0.139782736,-0.124788757,-0.171017742,-0.197529694,1.145735364,-0.083501058,-0.181840622,-0.174510259,1.087647501,-0.237593927,-0.218001746,-0.170086079,-0.235926842,-0.340060754,-0.214293457,-0.155748504,-0.088868321,-0.178347691,-0.195397044,-0.132023669,-0.194382489,-0.231859742,-0.060276398,-0.22647649,-0.117683671,-0.237343458,0.920675273,-0.126895569,-0.127080841,-0.095800478,-0.357408098,-0.190749795,-0.205364399,-0.112523088,-0.110582073,-0.068291644,-0.119093266,-0.146294863,-0.121793854,3.374310362,-0.12619813,-0.19553799,-0.488353547,0.630405471,-0.10921869,7.008446557,-0.151755067,-0.19255991,-0.189402319,-0.124727662,-0.200075035,-0.332884107,-0.243821637,-0.237588017,-0.222493043,-0.084564295,-0.126852763,-0.469813347,5.321827922,-0.235560672,-0.122939669,-0.178535857,-0.14416996,0.003794961,-0.09729191,-0.134446813,-0.190354029,-0.183378896,-0.249964115,-0.129789164,-0.234621665,-0.079157353,-0.071834471,-0.45707922,-0.20793647,-0.134967248,0.116317894,-0.132231389,-0.156198835,-0.128607861,-0.174589471,-0.244087344
2010/03/07,-0.082659443,-0.130485729,-0.165848098,-0.157006422,-0.113390341,-0.492117464,-0.091110617,-0.134672834,-0.136274211,-0.233279447,-0.198122883,-0.191737994,-0.194892727,-0.122599122,-0.15866319,0.306564794,-0.177665633,-0.139782736,-0.124788757,-0.171017742,-0.197529694,-0.099590588,-0.083501058,-0.181840622,1.871950105,0.409975376,-0.237593927,0.052793688,-0.170086079,-0.235926842,-0.340060754,-0.214293457,-0.155748504,-0.088868321,-0.178347691,-0.195397044,-0.132023669,-0.194382489,-0.231859742,-0.060276398,-0.22647649,-0.117683671,-0.237343458,0.391235481,-0.126895569,-0.127080841,-0.095800478,-0.357408098,-0.190749795,-0.205364399,-0.112523088,-0.110582073,-0.068291644,-0.132713078,-0.146294863,-0.121793854,-0.080918116,-0.12619813,0.135672301,-0.488353547,-0.475655131,-0.10921869,0.736432177,-0.195307925,-0.19255991,-0.189402319,-0.124727662,-0.200075035,-0.332884107,-0.243821637,-0.237588017,-0.222493043,-0.084564295,-0.126852763,-0.469813347,-0.193196458,0.286393246,-0.122939669,-0.178535857,-0.14416996,-0.279157922,-0.09729191,-0.134446813,-0.190354029,-0.183378896,-0.249964115,-0.129789164,0.312907392,-0.079157353,-0.071834471,-0.45707922,-0.20793647,-0.134967248,4.178257778,-0.132231389,-0.156198835,-0.128607861,-0.174589471,-0.244087344
2010/03/21,-0.082659443,-0.130485729,-0.017031165,-0.142045955,-0.011132659,-0.136465643,-0.081686054,-0.133935503,0.711749516,-0.124088263,-0.198122883,-0.019085097,-0.194892727,-0.105697495,-0.154470651,-0.104697825,-0.107579774,-0.128491521,-1.94E-04,0.712536555,-0.034617998,-0.099590588,-0.040215538,-0.136694731,0.343926367,0.196508657,0.515069311,-0.05958165,0.723151491,-0.032762393,0.005682695,0.288544365,-0.155748504,-0.065759222,0.230952901,-0.14661233,-0.083620928,-0.090008001,-0.055538289,0.042030749,-0.184715637,-0.116974143,0.007296058,-0.138204312,-0.037040852,0.007776778,-0.053656578,0.206084856,0.089842084,0.154107622,-0.071785109,-0.1090641,0.151400061,-0.11051619,-0.128877493,-0.121793854,-0.014995994,-0.125022101,-0.08127044,0.400374061,0.024711603,-0.091880017,0.019630534,0.189614655,-0.082675102,0.603169168,-0.015334547,-0.200075035,0.155018407,-0.124853483,-0.171589056,-0.184673943,-0.06287126,-0.045257177,0.251040038,-0.144652754,-0.062612265,-0.088349756,-0.090291551,-0.121718869,0.03204309,-0.012549204,-0.100232655,0.024922034,0.481739833,0.1527521,-0.003144986,-0.166484716,-0.064718377,-0.059078616,0.089986007,0.364524696,0.155619859,0.205217875,0.006245552,-0.156198835,-0.074209814,-0.089322823,-0.01763139
2010/04/07,-0.082659443,-0.089151297,-0.091327851,-0.092692243,-0.094453734,-0.232043006,-0.091110617,-0.120335849,-0.095726628,-0.209014739,-0.198122883,-0.191737994,0.557041889,0.137185147,-0.134306535,-0.166169424,-0.266295234,-0.139782736,-0.067645254,-0.011387336,-0.145314407,-0.090942491,1.270602867,-0.119137995,0.204463883,-0.077885806,0.271951621,-0.048957661,-0.170086079,-0.097462844,0.131407586,-0.214293457,-0.155748504,-0.0678642,0.162736135,-0.188264776,-0.132023669,0.053388886,-0.167975158,-0.059195841,-0.200081552,-0.101423643,-0.093101393,-0.138204312,-0.073856326,-0.127080841,0.107309708,0.584218877,0.911575442,0.277796919,-0.044626457,-0.110582073,1.323120855,-0.125644648,-0.056552765,-0.121793854,-0.196260782,-0.119664638,0.062070014,0.14831081,-0.151657581,-0.10921869,0.238653258,-0.100691357,0.146827901,0.091103857,-0.124727662,-0.128056183,0.375842786,0.284925716,-0.091064463,-0.171660919,1.262341796,-0.123783817,-0.154632917,0.095640178,-0.125825262,-0.087227369,-0.12633794,-0.143856685,-0.201869866,-0.028951018,-0.129682439,-0.172993056,0.064388842,0.097576795,-0.122802284,-0.133227396,-0.079157353,-0.046998304,0.043593406,0.122774775,-0.134967248,0.110186515,-0.132231389,-0.138385128,-0.076800197,-0.174589471,1.089486607
2010/04/21,-0.082659443,1.171548858,-0.068971777,0.219231527,-0.113390341,-0.370207562,-0.075403012,-0.024073238,-0.032008998,0.203485289,0.127406618,-0.191737994,0.322062321,-0.069194675,-0.15866319,-0.140687109,-0.2029949,0.594751159,-0.124788757,0.128289269,0.859829868,-0.086618443,0.135503065,-0.134813652,0.081297287,-0.062983294,0.088758681,-0.19696504,-0.170086079,0.215339917,-0.143615612,-0.04668085,1.356041935,-0.065581143,1.072293006,-0.195397044,-0.132023669,0.138460774,-0.162167468,-0.060276398,0.729832422,-0.101054096,0.260664707,0.302995515,0.054345479,-0.06797117,-0.060680561,0.760071647,0.109884361,0.519377578,-0.096783415,-0.110582073,-0.062585366,-0.118100155,-0.142162056,-0.121793854,-0.205942831,1.054285064,1.43981282,0.054950291,0.088896635,-0.105606466,0.28843115,-0.09950676,-0.062888152,0.262238359,-0.124727662,0.124009801,0.002828632,-0.243821637,-0.086114343,1.302470697,0.039756258,0.852812153,0.056570464,-0.135748287,-0.211573819,-0.122939669,-0.101357509,-0.126447534,-0.228756939,-0.046036241,-0.121270342,-0.181673542,0.036859093,0.555570227,0.438506149,-0.128157682,-0.079157353,-0.071834471,0.380054597,-0.009509723,-0.04765141,-0.124159952,-0.11792592,-0.156198835,1.309054822,-0.174589471,0.095596587
2010/05/07,-0.082659443,-0.130485729,-0.165848098,-0.148786385,-0.113390341,-0.252048734,-0.052445744,-0.134672834,-0.136274211,0.035498852,1.404483892,-0.191737994,0.007551208,-0.064093489,-0.15866319,-0.170503902,-0.306814995,0.160985466,-0.094931484,-0.171017742,0.380855024,-0.099590588,-0.083501058,-0.123961274,0.140329797,-0.015741728,-0.202460131,-0.217561666,0.669709927,-0.061636494,-0.340060754,-0.214293457,-0.155748504,-0.068636927,-0.178347691,0.002111918,-0.132023669,-0.190413835,-0.017421976,-0.060276398,-0.126019542,-0.117683671,-0.082388455,-0.138204312,-0.126895569,-0.127080841,-0.068244851,0.109342927,0.179261473,-0.205364399,-0.112523088,-0.103835526,-0.068291644,-0.131874935,-0.145809575,-0.121793854,-0.150862012,-0.076854275,-0.025686559,0.015466949,0.443483808,-0.10921869,-0.159569877,-0.177440086,0.215296559,-0.011240316,-0.124727662,-0.200075035,-0.084973161,0.854345942,-0.190554261,-0.053573983,-0.031343456,1.058704454,-0.145884848,-0.087138297,-0.209581065,-0.122939669,-0.178076974,-0.140699835,-0.279157922,-0.09729191,-0.129499194,-0.190354029,-0.183378896,-0.227316866,-0.129789164,-0.234621665,-0.079157353,-0.071834471,0.401519567,-0.162145682,-0.134967248,-0.283312124,-0.132231389,-0.156198835,0.062681976,-0.174589471,0.127532683
2010/05/21,0.143929723,-0.130485729,-0.165848098,-0.157006422,-0.113390341,-0.492117464,-0.091110617,-0.134672834,-0.136274211,-0.233279447,-0.198122883,-0.191737994,-0.194892727,-0.122599122,-0.15866319,-0.170503902,-0.340562059,-0.139782736,-0.124788757,-0.171017742,-0.197529694,0.056075156,-0.083501058,-0.181840622,-0.174510259,0.071139314,-0.237593927,-0.218001746,-0.170086079,-0.235926842,-0.340060754,-0.214293457,-0.155748504,-0.088868321,-0.178347691,-0.195397044,-0.132023669,-0.194382489,-0.231859742,-0.060276398,-0.22647649,-0.117683671,-0.237343458,0.126515585,-0.126895569,-0.127080841,-0.095800478,-0.357408098,-0.190749795,-0.205364399,-0.112523088,-0.110582073,-0.068291644,-0.132713078,-0.146294863,-0.121793854,-0.262772247,-0.12619813,-0.19553799,-0.488353547,-0.349966426,-0.10921869,0.28843115,-0.19167852,-0.19255991,-0.189402319,-0.124727662,-0.200075035,-0.332884107,-0.243821637,-0.237588017,0.143498254,-0.084564295,-0.126852763,-0.469813347,-0.193196458,-0.235560672,-0.122939669,-0.178535857,-0.14416996,-0.279157922,-0.09729191,-0.134446813,-0.190354029,-0.183378896,-0.249964115,-0.129789164,-0.143366823,-0.079157353,-0.071834471,-0.45707922,0.536163832,-0.134967248,-0.383702273,-0.132231389,-0.156198835,-0.128607861,-0.174589471,-0.244087344
2010/06/07,-0.082659443,-0.130485729,-0.156676375,-0.157006422,-0.113390341,-0.011980003,-0.091110617,-0.134672834,-0.136274211,0.841833748,-0.198122883,-0.191737994,0.03647177,-0.122599122,-0.15866319,-0.170503902,-0.336009457,-0.139782736,-0.124788757,0.27103569,-0.197529694,-0.075642012,-0.083501058,-0.008202578,-0.174510259,-0.215568123,-0.22050181,-0.218001746,-0.131913533,-0.166210703,-0.340060754,0.198291423,-0.155748504,-0.08254601,-0.178347691,-0.195397044,-0.132023669,-0.194382489,-0.167528412,-0.060276398,-0.091534321,-0.117683671,-0.144370456,-0.138204312,-0.126895569,-0.127080841,-0.087695882,-0.264057893,-0.190749795,-0.205364399,-0.112523088,-0.104354491,-0.068291644,-0.129150973,-0.141145424,-0.121793854,-0.206817129,-0.12619813,-0.093627132,-0.404015321,-0.061849241,-0.10921869,-0.159569877,-0.184698895,-0.19255991,-0.146643438,-0.124727662,-0.200075035,-0.00233618,-0.060793707,-0.190797959,-0.053573983,-0.084564295,-0.124728108,-0.415825264,-0.166681918,-0.234379781,-0.122939669,-0.178535857,-0.14416996,-0.270451679,-0.09729191,-0.134446813,-0.030098895,-0.081730593,-0.245260455,-0.129789164,-0.234621665,-0.079157353,-0.071834471,0.426959531,-0.162145682,-0.134967248,-0.367069585,-0.132231389,-0.119201136,-0.128607861,0.106509368,-0.244087344
2010/06/21,0.053294057,-0.130485729,-0.165848098,-0.157006422,-0.113390341,-0.492117464,-0.091110617,-0.134672834,-0.136274211,-0.233279447,-0.198122883,-0.191737994,-0.194892727,-0.122599122,-0.15866319,-0.170503902,-0.339434748,-0.139782736,-0.124788757,-0.171017742,-0.197529694,0.2117409,-0.083501058,-0.181840622,-0.174510259,0.071139314,-0.237593927,-0.218001746,-0.170086079,-0.235926842,-0.340060754,-0.214293457,-0.155748504,-0.088868321,-0.178347691,-0.195397044,-0.132023669,-0.194382489,-0.231859742,-0.060276398,-0.22647649,-0.117683671,-0.237343458,1.979554858,-0.126895569,-0.127080841,-0.095800478,-0.357408098,-0.190749795,-0.205364399,-0.112523088,-0.110582073,-0.068291644,-0.132713078,-0.146294863,-0.121793854,-0.262772247,-0.115506961,-0.19553799,-0.488353547,-0.375104167,-0.10921869,-0.159569877,-0.195307925,-0.19255991,-0.189402319,-0.124727662,-0.200075035,-0.332884107,-0.243821637,-0.237588017,0.143498254,-0.084564295,-0.126852763,-0.469813347,-0.193196458,-0.235560672,-0.122939669,-0.178535857,-0.14416996,-0.279157922,-0.09729191,-0.134446813,-0.190354029,-0.183378896,-0.249964115,-0.129789164,-0.234621665,-0.079157353,-0.071834471,-0.45707922,-0.20793647,-0.134967248,-0.40493865,-0.132231389,-0.156198835,-0.128607861,-0.174589471,-0.244087344
2010/07/07,-0.082659443,-0.130485729,-0.165848098,-0.157006422,-0.113390341,-0.492117464,-0.091110617,-0.134672834,-0.136274211,-0.233279447,-0.198122883,-0.191737994,-0.194892727,-0.122599122,-0.15866319,-0.170503902,-0.340562059,-0.139782736,-0.124788757,-0.171017742,-0.197529694,-0.099590588,-0.083501058,-0.181840622,-0.174510259,-0.267696748,-0.237593927,-0.218001746,-0.170086079,-0.235926842,-0.340060754,-0.214293457,-0.155748504,-0.088868321,-0.178347691,-0.195397044,-0.132023669,-0.194382489,-0.231859742,-0.060276398,-0.22647649,-0.117683671,-0.103049122,-0.138204312,-0.126895569,-0.127080841,-0.095800478,-0.357408098,-0.190749795,-0.205364399,-0.112523088,-0.110582073,-0.068291644,-0.132713078,-0.146294863,-0.121793854,-0.262772247,-0.12619813,-0.19553799,-0.488353547,-0.425379649,-0.10921869,-0.159569877,-0.195307925,-0.19255991,-0.189402319,2.219410512,-0.200075035,-0.332884107,-0.243821637,-0.237588017,-0.222493043,-0.084564295,-0.126852763,-0.469813347,-0.193196458,-0.235560672,-0.122939669,-0.178535857,-0.14416996,-0.279157922,-0.09729191,-0.134446813,-0.190354029,-0.183378896,-0.249964115,-0.129789164,-0.234621665,-0.079157353,-0.071834471,-0.45707922,-0.20793647,-0.134967248,-0.40493865,-0.132231389,-0.156198835,-0.128607861,-0.174589471,-0.244087344
2010/07/21,-0.082659443,-0.130485729,-0.165848098,-0.157006422,-0.113390341,-0.492117464,-0.091110617,-0.134672834,-0.136274211,-0.233279447,-0.198122883,-0.191737994,-0.194892727,-0.122599122,-0.15866319,-0.170503902,-0.340562059,-0.139782736,-0.124788757,-0.171017742,-0.197529694,0.523072388,-0.083501058,-0.181840622,-0.174510259,0.071139314,-0.237593927,-0.218001746,-0.170086079,-0.235926842,-0.340060754,-0.214293457,-0.155748504,-0.088868321,-0.178347691,-0.195397044,-0.132023669,-0.194382489,-0.231859742,-0.060276398,-0.22647649,-0.117683671,-0.17019629,0.126515585,-0.126895569,-0.127080841,-0.095800478,-0.114697565,-0.190749795,-0.205364399,-0.112523088,-0.110582073,-0.068291644,-0.132713078,-0.146294863,-0.121793854,-0.262772247,-0.12619813,-0.19553799,-0.488353547,-0.45051739,-0.10921869,-0.159569877,-0.195307925,-0.19255991,-0.189402319,0.344099973,-0.200075035,-0.332884107,-0.243821637,-0.237588017,0.509489552,-0.084564295,-0.126852763,-0.469813347,0.151492566,-0.235560672,-0.122939669,-0.178535857,-0.14416996,-0.279157922,-0.09729191,-0.134446813,-0.190354029,-0.183378896,-0.249964115,-0.129789164,-0.234621665,-0.079157353,-0.071834471,-0.45707922,-0.20793647,-0.134967248,-0.403008071,-0.132231389,-0.156198835,-0.128607861,-0.174589471,-0.244087344
2010/08/07,-0.082659443,0.719822573,-0.165848098,-0.149373531,-0.089043274,-0.113616244,-0.091110617,-0.134672834,-0.12137918,-0.066892881,-0.074111644,0.2028972,-0.020336477,-0.122599122,-0.15866319,-0.170503902,-0.330622935,-0.029635777,-0.074884458,-0.171017742,0.138140008,0.067194138,-0.077611872,-0.149593557,-0.174510259,-0.158785157,-0.219606508,-0.217933638,0.184373275,-0.13882222,0.198760206,-0.214293457,0.307044487,-0.087694178,-0.178347691,-0.011995865,-0.132023669,-0.194382489,-0.201991625,-0.060276398,0.054829739,-0.117683671,-0.142378177,-0.138204312,-0.125436888,-0.123327846,-0.081050113,-0.293263172,-0.018958849,0.457256837,-0.112523088,-0.110582073,-0.068291644,-0.130232326,-0.145456201,-0.121793854,-0.204319133,-0.115888789,-0.091443327,-0.228711339,-0.263779886,-0.10921869,-0.159569877,-0.185931962,-0.09376238,-0.169549981,-0.124727662,0.262903302,-0.025946746,0.096087375,-0.153362432,-0.149294784,-0.084564295,-0.126852763,-0.409655197,-0.143955169,-0.235560672,-0.122939669,-0.176746214,-0.143203282,-0.254904817,-0.09729191,-0.131766853,-0.190354029,-0.183378896,-0.239388658,-0.129789164,-0.143366823,-0.079157353,-0.056507008,-0.245654947,-0.144156444,-0.134967248,-0.363711579,0.070497545,-0.087488823,-0.128607861,-0.044079295,-0.114683942
2010/08/21,-0.082659443,-0.130485729,-0.165848098,-0.157006422,-0.113390341,-0.492117464,-0.091110617,-0.134672834,-0.136274211,-0.233279447,-0.198122883,-0.191737994,-0.194892727,-0.122599122,-0.15866319,-0.170503902,-0.340562059,-0.139782736,-0.124788757,-0.171017742,-0.197529694,-0.099590588,-0.083501058,-0.181840622,-0.174510259,-0.267696748,-0.237593927,-0.218001746,-0.170086079,-0.190611352,-0.340060754,-0.214293457,-0.155748504,-0.088868321,-0.178347691,-0.195397044,-0.132023669,-0.194382489,-0.231859742,-0.060276398,-0.19723902,-0.117683671,-0.237343458,-0.138204312,-0.126895569,-0.127080841,-0.095800478,-0.357408098,-0.190749795,-0.205364399,-0.112523088,-0.110582073,-0.068291644,-0.132713078,-0.146294863,-0.121793854,-0.262772247,-0.12619813,-0.19553799,-0.488353547,-0.375104167,-0.10921869,-0.159569877,-0.193493223,-0.19255991,-0.189402319,-0.124727662,-0.200075035,-0.332884107,-0.243821637,-0.237588017,-0.222493043,-0.084564295,-0.126852763,-0.469813347,-0.020851946,-0.235560672,-0.122939669,-0.178535857,-0.14416996,-0.279157922,-0.09729191,-0.134446813,-0.190354029,-0.183378896,-0.249964115,-0.129789164,-0.234621665,-0.079157353,-0.071834471,-0.45707922,-0.20793647,-0.134967248,-0.400112201,-0.132231389,-0.156198835,-0.128607861,-0.174589471,-0.244087344
2010/09/07,-0.03167688,0.086520036,-0.139766012,0.240380998,-0.113390341,-0.047146321,-0.08063888,-0.134672834,-0.136274211,-0.233279447,-0.116740508,-0.191737994,0.098831732,-0.122599122,-0.15866319,-0.170503902,0.001080667,0.976837827,-0.008345392,-0.081225639,-0.197529694,-0.050945043,-0.077059761,-0.181840622,-0.046606486,1.151179263,-0.134596118,-0.214664478,0.186588645,-0.165121388,-0.340060754,0.065060889,-0.155748504,-0.088868321,0.205371614,-0.174000239,-0.132023669,-0.194382489,-0.105542495,-0.060276398,0.391774176,0.206593036,0.160643404,0.258875533,-0.109026733,-0.127080841,-0.079447767,-0.273976353,-0.115591256,-0.132890201,-0.112523088,-0.110582073,-0.068291644,-0.124328381,-0.137985439,1.343704058,0.048842383,-0.103924862,0.146022622,0.396133136,0.004842314,-0.10921869,-0.103569749,-0.174495557,0.028362344,-0.189402319,0.080384428,-0.017777315,0.96520515,-0.243821637,-0.111755965,-0.085246307,-0.081861675,-0.126421192,-0.400359927,-0.166267628,-0.233401855,0.313260562,-0.163435745,-0.127857272,-0.270684072,-0.09729191,-0.130426873,-0.190354029,-0.121436962,-0.226573753,-0.050204239,0.321462533,-0.078727622,-0.049481921,-0.327030653,0.015293621,-0.134967248,-0.237028484,-0.065472533,-0.13114831,-0.076800197,-0.060393067,-0.111988037
2010/09/21,-0.004971729,-0.130485729,-0.026743637,0.195378741,-0.113390341,-0.306349994,-0.091110617,-0.134672834,-0.136274211,-0.233279447,-0.115448724,0.071352135,-0.194892727,-0.056423439,0.126486502,-0.124761155,-0.257897066,-0.139782736,-0.065642921,-0.171017742,-0.197529694,1.234687218,-0.083501058,-0.14601055,-0.174510259,-0.04718439,-0.163528087,-0.212280715,0.042589533,-0.166874666,-0.250257261,-0.214293457,-0.155748504,-0.037206011,0.178978222,-0.16279239,-0.132023669,-0.190287846,-0.125661991,-0.060276398,-0.125769649,0.434734964,0.233752548,0.819829599,-0.109391403,0.003022985,-0.086100692,0.008583975,-0.076222498,-0.205364399,-0.112523088,-0.110582073,-0.068291644,-0.131578093,-0.117532811,-0.06302702,1.005876806,-0.110161377,-0.153479541,-0.102749999,0.470002743,-0.10921869,0.09643071,-0.181366402,0.850302905,-0.154109274,-0.124727662,-0.200075035,0.374777031,0.096087375,-0.072244578,0.265495353,-0.084564295,-0.122249344,-0.288781878,-0.029058828,-0.232636561,0.226895103,-0.079750412,-0.108801828,-0.148797487,-0.090783253,-0.111475726,-0.170512917,0.005396524,-0.20902382,-0.129789164,-0.11729401,-0.069553196,-0.034367339,-0.169668197,0.366083763,-0.134967248,-0.134596191,-0.124965119,-0.156198835,-0.099003482,-0.174589471,-0.244087344
2010/10/07,-0.082659443,-0.130485729,-0.153653876,0.200004736,-0.082403165,0.035419931,-0.091110617,-0.134672834,-0.136274211,-0.233279447,-0.138935701,-0.191737994,-0.115142086,-0.122599122,0.249374305,-0.078637458,-0.015482436,-0.139782736,-0.10538153,-0.083946612,-0.197529694,-0.085439157,-0.083501058,-0.147639189,-0.14353429,-0.154751394,-0.150622675,-0.125316721,-0.155048409,-0.077322626,-0.340060754,-0.214293457,-0.155748504,-0.067200038,-0.178347691,-0.008661298,-0.109263759,-0.194121921,-0.143160484,-0.060276398,-0.138985576,-0.002385286,-0.114240316,-0.138204312,0.019768121,0.040098026,-0.067864181,-0.140457979,0.246536249,-0.135086389,-0.107472926,0.21110556,-0.068291644,-0.1280083,0.143845935,0.270875443,0.1119437,-0.015560734,-0.140391477,-0.201281074,0.11583439,-0.096083331,-0.118883238,-0.165448151,0.081628184,-0.189402319,-0.09634228,-0.200075035,-0.247429955,-0.027515902,-0.12432927,0.099135673,-0.084564295,-0.122667837,-0.302327589,0.3342822,0.173580024,-0.07284969,0.016562329,-0.083532899,-0.117103089,-0.010312593,-0.107159946,-0.190354029,-0.12331399,-0.165783518,-0.119499396,0.238244338,-0.079157353,-0.060996871,-0.107568805,-0.20793647,0.011088335,0.096559199,-0.132231389,-0.054174879,-0.128607861,-0.174589471,-0.244087344
2010/10/21,-0.082659443,-0.130485729,-0.165848098,-0.157006422,-0.113390341,-0.492117464,-0.091110617,-0.134672834,-0.136274211,-0.233279447,-0.198122883,-0.191737994,-0.194892727,-0.122599122,-0.15866319,-0.170503902,-0.340562059,-0.139782736,-0.124788757,-0.171017742,-0.197529694,-0.099590588,-0.083501058,-0.181840622,-0.174510259,-0.267696748,-0.237593927,-0.218001746,-0.170086079,-0.235926842,-0.340060754,-0.214293457,-0.155748504,-0.088868321,-0.178347691,-0.195397044,-0.132023669,-0.194382489,-0.231859742,-0.060276398,-0.22647649,-0.117683671,-0.237343458,-0.138204312,-0.126895569,-0.127080841,-0.095800478,-0.357408098,-0.190749795,4.432984254,-0.112523088,-0.110582073,-0.068291644,-0.132713078,-0.146294863,-0.121793854,-0.080918116,-0.12619813,-0.19553799,-0.488353547,0.127650652,-0.10921869,1.632434232,-0.19167852,-0.19255991,-0.189402319,0.812927608,8.874300374,-0.332884107,-0.243821637,-0.237588017,0.509489552,-0.084564295,-0.126852763,-0.469813347,-0.193196458,-0.235560672,-0.122939669,-0.178535857,-0.14416996,-0.279157922,-0.09729191,-0.134446813,-0.190354029,-0.183378896,-0.249964115,-0.129789164,-0.234621665,-0.079157353,-0.071834471,-0.45707922,-0.20793647,-0.134967248,-0.401077491,-0.132231389,-0.156198835,-0.128607861,-0.174589471,-0.244087344
2010/11/07,-0.082659443,-0.130485729,-0.165848098,-0.157006422,-0.113390341,-0.492117464,0.327758843,-0.134672834,-0.136274211,-0.233279447,-0.198122883,-0.191737994,-0.194892727,-0.122599122,-0.15866319,-0.170503902,-0.340562059,-0.139782736,-0.124788757,-0.171017742,-0.197529694,-0.099590588,-0.083501058,-0.181840622,-0.174510259,-0.267696748,0.132735273,-0.218001746,-0.170086079,-0.145295861,-0.340060754,-0.214293457,-0.155748504,-0.088868321,-0.178347691,-0.195397044,-0.132023669,-0.194382489,-0.231859742,-0.060276398,-0.22647649,-0.117683671,-0.237343458,-0.138204312,-0.126895569,-0.127080841,-0.095800478,-0.357408098,-0.190749795,-0.205364399,-0.112523088,-0.110582073,-0.068291644,-0.132713078,-0.146294863,-0.121793854,-0.262772247,-0.12619813,-0.19553799,-0.488353547,-0.475655131,-0.10921869,-0.159569877,-0.19167852,-0.19255991,-0.189402319,-0.124727662,0.448094637,-0.332884107,-0.243821637,0.104564282,-0.222493043,-0.084564295,-0.126852763,-0.469813347,-0.193196458,-0.235560672,-0.122939669,-0.178535857,-0.14416996,-0.279157922,-0.09729191,-0.134446813,-0.190354029,-0.183378896,-0.249964115,-0.129789164,-0.234621665,-0.079157353,-0.071834471,-0.291719453,0.387343772,-0.134967248,-0.40493865,-0.132231389,-0.156198835,-0.128607861,-0.174589471,-0.244087344
2010/11/21,-0.082659443,-0.080467593,-0.146560505,0.004331954,-0.042099582,-0.17358089,-0.091110617,0.099538075,0.035456727,-0.164767331,-0.198122883,-0.191737994,0.866662024,0.042826935,0.168314586,-0.145016251,-0.071504207,-0.139782736,0.466234707,-0.114677599,0.023617404,-0.099590588,-0.083501058,-0.049058588,0.301277445,-0.150954912,-0.194855655,-0.061589526,0.326157016,0.10146412,0.325541609,-0.214293457,-0.003299048,-0.071141058,-0.178347691,0.016053727,-0.089069918,-0.168080432,0.126557668,-0.060276398,-0.13982875,-0.055078213,-0.092892407,-0.138204312,-0.102527024,1.171013893,-0.080631035,-0.120136457,-0.049274898,0.067479639,-0.110780287,-0.054228562,-0.068291644,-0.118158574,-0.094996374,0.178954059,-0.059523513,0.070435519,-0.044313124,-0.062949489,0.010763677,-0.090520121,-0.159569877,-0.139301227,-0.111197238,0.19207397,0.11165602,-0.200075035,-0.332884107,-0.243821637,-0.048728041,-0.099470758,-0.082868533,-0.126852763,-0.002899603,1.381559278,0.85801406,0.078729788,0.02687203,0.099746946,-9.21E-04,0.095670609,0.173696053,-0.178099224,-0.183378896,0.192894277,0.018908072,-0.216728559,-0.079157353,-0.042982776,-0.386673941,0.142228378,-0.104443392,-0.138978301,-0.132231389,-0.156198835,-0.128607861,0.255326401,0.106063039
2010/12/07,-0.082659443,-0.130485729,0.060065913,-0.046396449,-0.113390341,0.006130445,-0.091110617,0.806005834,-0.136274211,-0.110678819,-0.06105783,-0.094810052,0.359164358,0.544570371,0.719550788,0.070872631,0.785300156,-0.139782736,-0.085565729,0.43389748,-0.197529694,-0.099590588,-0.078076808,-0.05313523,-0.174510259,-0.139295714,-0.179120895,0.116885955,-0.143968021,-0.082808185,-0.108462271,-0.120195151,-0.101187646,-0.057434236,-0.034733448,0.916335857,-0.066139721,-0.046695194,0.014630827,-0.060276398,-0.185338857,-0.117683671,-0.201531635,-0.026743303,-0.107978786,0.204762925,-0.075024275,-0.162813864,-0.190749795,0.026553034,0.215329929,-0.100024319,-0.054356312,-0.092379321,0.082965596,-0.069831601,-0.136750525,-0.034929312,0.168212259,0.400854593,-0.156185314,0.076335533,-0.128131208,-0.152200783,-0.19255991,0.122662495,-0.104987551,-0.063618262,-0.102007978,-0.243821637,0.119054065,-0.145442244,-0.080012513,-0.126852763,-0.054862834,-0.086766163,0.354802067,-0.122939669,-0.062177674,0.180498103,0.011737498,-0.044537537,1.210159705,-0.175734262,-0.169469129,-0.075580297,-0.124493845,0.661917142,-0.069603745,-0.070328615,-0.261548549,-0.20793647,-0.00849715,-0.132171435,-0.047101299,-0.156198835,-0.128607861,-0.110479209,-0.196412406
2010/12/21,0.279883222,-0.130485729,-0.165848098,-0.157006422,-0.113390341,-0.492117464,-0.091110617,-0.134672834,-0.136274211,-0.233279447,-0.198122883,-0.191737994,-0.194892727,-0.122599122,-0.15866319,-0.170503902,-0.340562059,-0.139782736,-0.124788757,-0.171017742,-0.197529694,0.523072388,-0.083501058,-0.181840622,-0.174510259,-0.267696748,-0.237593927,-0.218001746,-0.170086079,-0.235926842,-0.340060754,-0.214293457,-0.155748504,-0.088868321,-0.178347691,-0.195397044,-0.132023669,-0.194382489,-0.231859742,-0.060276398,-0.22647649,-0.117683671,-0.237343458,-0.138204312,-0.126895569,-0.127080841,-0.095800478,-0.114697565,-0.190749795,-0.205364399,-0.112523088,-0.110582073,-0.068291644,-0.132713078,-0.146294863,-0.121793854,-0.262772247,-0.12619813,-0.19553799,-0.488353547,-0.475655131,-0.10921869,-0.159569877,-0.19167852,-0.19255991,-0.189402319,-0.124727662,-0.200075035,-0.332884107,-0.243821637,-0.237588017,-0.222493043,-0.084564295,-0.126852763,-0.469813347,-0.193196458,-0.235560672,-0.122939669,-0.178535857,-0.14416996,-0.279157922,-0.09729191,-0.134446813,-0.190354029,-0.183378896,-0.249964115,-0.129789164,-0.234621665,-0.079157353,-0.071834471,-0.45707922,-0.20793647,-0.134967248,-0.395285752,-0.132231389,-0.156198835,-0.128607861,-0.174589471,-0.244087344
2012/01/07,-0.082659443,-0.130485729,-0.165848098,-0.157006422,-0.113390341,-0.492117464,-0.091110617,-0.134672834,-0.136274211,-0.233279447,-0.198122883,-0.191737994,-0.194892727,-0.122599122,-0.15866319,-0.170503902,-0.313506597,-0.139782736,-0.124788757,-0.171017742,-0.197529694,-0.099590588,-0.083501058,-0.181840622,-0.174510259,-0.267696748,-0.237593927,-0.218001746,-0.170086079,-0.235926842,-0.340060754,-0.214293457,-0.155748504,-0.088868321,-0.178347691,-0.195397044,-0.132023669,-0.194382489,-0.231859742,-0.060276398,-0.22647649,-0.117683671,-0.237343458,-0.138204312,-0.126895569,-0.127080841,-0.095800478,0.128012968,-0.190749795,-0.205364399,-0.112523088,-0.110582073,-0.068291644,-0.132713078,-0.146294863,-0.121793854,-0.262772247,4.599298368,-0.19553799,-0.488353547,-0.274553203,-0.10921869,-0.159569877,-0.195307925,-0.19255991,-0.189402319,-0.124727662,-0.200075035,-0.332884107,-0.243821637,-0.237588017,-0.222493043,-0.084564295,-0.126852763,2.337566975,-0.193196458,-0.235560672,-0.122939669,-0.178535857,-0.14416996,-0.279157922,-0.09729191,-0.134446813,-0.190354029,-0.183378896,-0.249964115,-0.129789164,-0.234621665,-0.079157353,-0.071834471,-0.45707922,-0.20793647,-0.134967248,-0.343160097,-0.132231389,-0.156198835,-0.128607861,-0.174589471,-0.244087344
2012/01/21,-0.082659443,-0.130485729,-0.165848098,-0.157006422,-0.113390341,-0.492117464,-0.091110617,-0.134672834,-0.136274211,-0.233279447,-0.198122883,-0.191737994,-0.194892727,-0.122599122,-0.15866319,6.190412047,-0.318015841,-0.139782736,-0.124788757,-0.171017742,-0.197529694,-0.099590588,-0.083501058,-0.181840622,-0.174510259,-0.267696748,-0.237593927,-0.218001746,-0.170086079,-0.235926842,-0.340060754,-0.214293457,-0.155748504,-0.088868321,-0.178347691,-0.195397044,-0.132023669,-0.194382489,-0.231859742,-0.060276398,-0.22647649,-0.117683671,-0.237343458,-0.138204312,-0.126895569,-0.127080841,-0.095800478,-0.357408098,-0.190749795,-0.205364399,-0.112523088,-0.110582073,-0.068291644,-0.050994211,-0.135079332,-0.121793854,-0.262772247,15.26908458,-0.19553799,-0.488353547,-0.475655131,-0.10921869,-0.159569877,-0.151755067,-0.19255991,-0.189402319,-0.124727662,-0.200075035,-0.332884107,-0.243821637,-0.237588017,-0.222493043,-0.084564295,-0.126852763,-0.469813347,-0.193196458,-0.235560672,-0.122939669,-0.178535857,-0.14416996,-0.279157922,-0.09729191,-0.134446813,-0.190354029,-0.183378896,-0.249964115,-0.129789164,-0.234621665,-0.079157353,-0.071834471,-0.45707922,-0.20793647,-0.134967248,-0.40493865,-0.132231389,-0.156198835,-0.128607861,-0.174589471,-0.244087344
2012/02/07,0.377581407,-0.003993585,0.411169123,-0.137577244,-0.020428812,0.674187519,-0.091110617,-0.014323412,0.475776126,0.107056711,-0.164301636,0.687222211,-0.058177342,-0.034482512,-0.097274916,0.879725998,0.917231094,-0.139782736,-0.12093939,0.351409041,-0.197529694,-0.099590588,0.114954793,0.814220593,-0.123771572,-0.210090617,0.383767753,0.718058211,-0.170086079,-8.75E-04,0.349051177,-0.192129806,-0.155748504,0.255165404,0.069713274,-0.191153049,0.4416295,0.342564751,0.451157457,1.092579814,0.321544847,-0.117683671,-0.184228225,-0.138204312,0.401785684,-0.098421607,0.737586445,0.254812744,-0.190749795,-0.061613924,1.244685177,-0.03709489,-0.064349124,0.919722851,-0.109334383,-0.121793854,0.090952287,0.013803164,-0.117525649,0.147105776,0.337893577,0.124590692,0.492067981,0.660060311,0.343341843,0.039637872,0.971233043,0.035623028,-0.093168565,-0.243821637,0.466168273,-0.222493043,0.286387151,-0.124341807,0.936984156,-0.146193409,0.510495587,0.845466586,0.117373242,-0.045989964,0.737249254,-0.06001506,0.031565168,0.609828992,1.274560194,0.458705609,-0.045132436,0.354386866,-0.077225337,0.084818111,-0.094927665,-0.180878277,-0.032208774,0.647652315,1.038418756,0.58711856,-0.128607861,-0.008485611,0.002955515
2012/02/21,-2.63E-04,-0.130485729,0.867643027,0.709211127,0.702605305,0.338293833,-0.007336725,0.093774406,0.191170258,-0.193573562,0.393748937,-0.191737994,-0.182464055,0.132276846,0.770123617,0.874098687,0.36002003,-0.139782736,1.097599255,-0.171017742,-0.197529694,-0.042984863,0.063339237,1.229383053,0.688047415,-0.031584952,0.281912649,0.747209786,-0.155048409,-0.12047013,0.38510864,-0.169966156,-0.108627763,0.016396062,-0.155796694,-0.097077844,0.795011576,0.451968695,0.027479993,-0.005462683,-0.094597781,-0.103170588,0.285066444,0.487497261,0.89629229,-0.123896482,-0.068877144,0.223904801,-0.093575118,-0.205364399,-0.078686998,-0.029177455,-0.067604585,-0.056815836,-0.110802428,-0.06037199,0.278122722,-0.082479203,-0.166766187,0.528973747,0.268583585,0.561341364,1.001160057,0.170371111,-0.084440575,0.128038198,-0.103417315,0.153472059,-0.08922263,-0.243821637,0.426307358,-0.101100889,0.012164213,-0.112943592,0.203207104,0.078376712,0.095839044,0.455877863,0.355824957,0.010798077,-0.053160025,-0.09729191,-0.103505455,0.832365099,0.004217761,1.038031967,0.102977861,-0.067195425,-0.063905793,1.100577095,0.768200205,0.76841332,0.091268167,0.996475869,0.247986699,0.543394007,-0.128607861,0.828744953,-0.123310835
2012/03/07,-0.082659443,-0.130485729,-0.165848098,-0.157006422,-0.113390341,-0.492117464,-0.091110617,-0.134672834,-0.136274211,-0.233279447,-0.198122883,-0.191737994,-0.194892727,-0.122599122,-0.15866319,-0.170503902,-0.320270463,-0.139782736,-0.124788757,-0.171017742,-0.197529694,-0.099590588,-0.083501058,-0.181840622,-0.174510259,-0.267696748,-0.237593927,-0.218001746,-0.170086079,-0.235926842,-0.340060754,-0.214293457,-0.155748504,-0.088868321,-0.178347691,-0.195397044,-0.132023669,-0.194382489,-0.231859742,-0.060276398,-0.22647649,-0.117683671,-0.237343458,-0.138204312,-0.126895569,-0.127080841,-0.095800478,-0.357408098,-0.190749795,-0.205364399,-0.112523088,-0.110582073,-0.068291644,-0.132713078,-0.146294863,-0.121793854,-0.262772247,0.408360297,-0.19553799,-0.488353547,-0.475655131,-0.10921869,1.632434232,-0.188049115,-0.19255991,-0.189402319,-0.124727662,-0.200075035,-0.332884107,-0.243821637,-0.237588017,-0.222493043,-0.084564295,-0.126852763,-0.469813347,-0.193196458,0.378502761,-0.122939669,-0.178535857,-0.105502849,-0.279157922,-0.09729191,-0.134446813,-0.190354029,-0.183378896,-0.249964115,-0.129789164,-0.234621665,-0.079157353,-0.071834471,-0.45707922,-0.20793647,-0.134967248,-0.31613198,-0.132231389,-0.156198835,-0.128607861,-0.174589471,-0.244087344
2012/03/21,-0.082659443,-0.130485729,-0.017031165,-0.142045955,-0.011132659,-0.136465643,-0.081686054,-0.133935503,0.711749516,-0.124088263,-0.198122883,-0.019085097,-0.194892727,-0.105697495,-0.154470651,-0.104697825,-0.107579774,-0.128491521,-1.94E-04,0.712536555,-0.034617998,-0.099590588,-0.040215538,-0.136694731,0.343926367,0.196508657,0.515069311,-0.05958165,0.723151491,-0.032762393,0.005682695,0.288544365,-0.155748504,-0.065759222,0.230952901,-0.14661233,-0.083620928,-0.090008001,-0.055538289,0.042030749,-0.184715637,-0.116974143,0.007296058,-0.138204312,-0.037040852,0.007776778,-0.053656578,0.206084856,0.089842084,0.154107622,-0.071785109,-0.1090641,0.151400061,-0.11051619,-0.128877493,-0.121793854,-0.014995994,-0.125022101,-0.08127044,0.400374061,0.024711603,-0.091880017,0.019630534,0.189614655,-0.082675102,0.603169168,-0.015334547,-0.200075035,0.155018407,-0.124853483,-0.171589056,-0.184673943,-0.06287126,-0.045257177,0.251040038,-0.144652754,-0.062612265,-0.088349756,-0.090291551,-0.121718869,0.03204309,-0.012549204,-0.100232655,0.024922034,0.481739833,0.1527521,-0.003144986,-0.166484716,-0.064718377,-0.059078616,0.089986007,0.364524696,0.155619859,0.205217875,0.006245552,-0.156198835,-0.074209814,-0.089322823,-0.01763139
2012/04/07,-0.082659443,-0.089151297,-0.091327851,-0.092692243,-0.094453734,-0.232043006,-0.091110617,-0.120335849,-0.095726628,-0.209014739,-0.198122883,-0.191737994,0.557041889,0.137185147,-0.134306535,-0.166169424,-0.266295234,-0.139782736,-0.067645254,-0.011387336,-0.145314407,-0.090942491,1.270602867,-0.119137995,0.204463883,-0.077885806,0.271951621,-0.048957661,-0.170086079,-0.097462844,0.131407586,-0.214293457,-0.155748504,-0.0678642,0.162736135,-0.188264776,-0.132023669,0.053388886,-0.167975158,-0.059195841,-0.200081552,-0.101423643,-0.093101393,-0.138204312,-0.073856326,-0.127080841,0.107309708,0.584218877,0.911575442,0.277796919,-0.044626457,-0.110582073,1.323120855,-0.125644648,-0.056552765,-0.121793854,-0.196260782,-0.119664638,0.062070014,0.14831081,-0.151657581,-0.10921869,0.238653258,-0.100691357,0.146827901,0.091103857,-0.124727662,-0.128056183,0.375842786,0.284925716,-0.091064463,-0.171660919,1.262341796,-0.123783817,-0.154632917,0.095640178,-0.125825262,-0.087227369,-0.12633794,-0.143856685,-0.201869866,-0.028951018,-0.129682439,-0.172993056,0.064388842,0.097576795,-0.122802284,-0.133227396,-0.079157353,-0.046998304,0.043593406,0.122774775,-0.134967248,0.110186515,-0.132231389,-0.138385128,-0.076800197,-0.174589471,1.089486607
2012/04/21,-0.082659443,1.171548858,-0.068971777,0.219231527,-0.113390341,-0.370207562,-0.075403012,-0.024073238,-0.032008998,0.203485289,0.127406618,-0.191737994,0.322062321,-0.069194675,-0.15866319,-0.140687109,-0.2029949,0.594751159,-0.124788757,0.128289269,0.859829868,-0.086618443,0.135503065,-0.134813652,0.081297287,-0.062983294,0.088758681,-0.19696504,-0.170086079,0.215339917,-0.143615612,-0.04668085,1.356041935,-0.065581143,1.072293006,-0.195397044,-0.132023669,0.138460774,-0.162167468,-0.060276398,0.729832422,-0.101054096,0.260664707,0.302995515,0.054345479,-0.06797117,-0.060680561,0.760071647,0.109884361,0.519377578,-0.096783415,-0.110582073,-0.062585366,-0.118100155,-0.142162056,-0.121793854,-0.205942831,1.054285064,1.43981282,0.054950291,0.088896635,-0.105606466,0.28843115,-0.09950676,-0.062888152,0.262238359,-0.124727662,0.124009801,0.002828632,-0.243821637,-0.086114343,1.302470697,0.039756258,0.852812153,0.056570464,-0.135748287,-0.211573819,-0.122939669,-0.101357509,-0.126447534,-0.228756939,-0.046036241,-0.121270342,-0.181673542,0.036859093,0.555570227,0.438506149,-0.128157682,-0.079157353,-0.071834471,0.380054597,-0.009509723,-0.04765141,-0.124159952,-0.11792592,-0.156198835,1.309054822,-0.174589471,0.095596587
2012/05/07,-0.082659443,-0.130485729,-0.165848098,-0.148786385,-0.113390341,-0.252048734,-0.052445744,-0.134672834,-0.136274211,0.035498852,1.404483892,-0.191737994,0.007551208,-0.064093489,-0.15866319,-0.170503902,-0.306814995,0.160985466,-0.094931484,-0.171017742,0.380855024,-0.099590588,-0.083501058,-0.123961274,0.140329797,-0.015741728,-0.202460131,-0.217561666,0.669709927,-0.061636494,-0.340060754,-0.214293457,-0.155748504,-0.068636927,-0.178347691,0.002111918,-0.132023669,-0.190413835,-0.017421976,-0.060276398,-0.126019542,-0.117683671,-0.082388455,-0.138204312,-0.126895569,-0.127080841,-0.068244851,0.109342927,0.179261473,-0.205364399,-0.112523088,-0.103835526,-0.068291644,-0.131874935,-0.145809575,-0.121793854,-0.150862012,-0.076854275,-0.025686559,0.015466949,0.443483808,-0.10921869,-0.159569877,-0.177440086,0.215296559,-0.011240316,-0.124727662,-0.200075035,-0.084973161,0.854345942,-0.190554261,-0.053573983,-0.031343456,1.058704454,-0.145884848,-0.087138297,-0.209581065,-0.122939669,-0.178076974,-0.140699835,-0.279157922,-0.09729191,-0.129499194,-0.190354029,-0.183378896,-0.227316866,-0.129789164,-0.234621665,-0.079157353,-0.071834471,0.401519567,-0.162145682,-0.134967248,-0.283312124,-0.132231389,-0.156198835,0.062681976,-0.174589471,0.127532683
2012/05/21,-0.06849762,-0.068484082,-0.100953383,-0.118046871,-0.113390341,-0.305188948,-0.091110617,-0.134672834,-0.136274211,0.421867656,0.344426286,-0.191737994,0.118413363,-0.122599122,-0.15866319,-0.170503902,-0.320117806,0.535673906,-0.110233336,0.008566464,0.448634483,-0.089861479,-0.083501058,-0.146570394,-0.003971895,0.088787026,-0.235279369,-0.214962448,-0.108055692,-0.132078843,-0.065037556,-0.04668085,-0.155748504,-0.079279483,-0.121500387,-0.152603435,-0.132023669,-0.194382489,-0.136032865,-0.060276398,-0.052269898,-0.117683671,-0.089060128,-0.033419353,-0.126895569,-0.127080841,-0.076923523,-0.253750475,-0.190749795,-0.205364399,-0.112523088,-0.090342432,-0.068291644,-0.13217396,-0.140365819,-0.121793854,-0.224885969,-0.120629813,-0.164487026,-0.168978994,-0.119013431,-0.10921869,-0.131569813,-0.191602908,-0.118118716,-0.189402319,-0.110076798,0.853200682,0.14270894,0.499729328,-0.205511239,-0.039497395,-0.081861675,0.603364434,-0.250486759,-0.092662159,-0.230443477,-0.122939669,-0.176112382,-0.118492581,-0.243788811,-0.020408406,-0.134111818,-0.190354029,-0.183378896,-0.246531641,1.214311784,-0.206104527,-0.079157353,-0.071834471,-0.258992,-0.018810976,-0.134967248,-0.318323992,-0.132231389,-0.156198835,0.221093872,0.434458014,-0.130859367
2012/06/07,-0.082659443,-0.130485729,-0.156676375,-0.157006422,-0.113390341,-0.011980003,-0.091110617,-0.134672834,-0.136274211,0.841833748,-0.198122883,-0.191737994,0.03647177,-0.122599122,-0.15866319,-0.170503902,-0.336009457,-0.139782736,-0.124788757,0.27103569,-0.197529694,-0.075642012,-0.083501058,-0.008202578,-0.174510259,-0.215568123,-0.22050181,-0.218001746,-0.131913533,-0.166210703,-0.340060754,0.198291423,-0.155748504,-0.08254601,-0.178347691,-0.195397044,-0.132023669,-0.194382489,-0.167528412,-0.060276398,-0.091534321,-0.117683671,-0.144370456,-0.138204312,-0.126895569,-0.127080841,-0.087695882,-0.264057893,-0.190749795,-0.205364399,-0.112523088,-0.104354491,-0.068291644,-0.129150973,-0.141145424,-0.121793854,-0.206817129,-0.12619813,-0.093627132,-0.404015321,-0.061849241,-0.10921869,-0.159569877,-0.184698895,-0.19255991,-0.146643438,-0.124727662,-0.200075035,-0.00233618,-0.060793707,-0.190797959,-0.053573983,-0.084564295,-0.124728108,-0.415825264,-0.166681918,-0.234379781,-0.122939669,-0.178535857,-0.14416996,-0.270451679,-0.09729191,-0.134446813,-0.030098895,-0.081730593,-0.245260455,-0.129789164,-0.234621665,-0.079157353,-0.071834471,0.426959531,-0.162145682,-0.134967248,-0.367069585,-0.132231389,-0.119201136,-0.128607861,0.106509368,-0.244087344
2012/06/21,-0.072948478,-0.130485729,-0.159460648,-0.134107747,-0.094453734,-0.231114169,-0.091110617,-0.129406187,-0.136274211,0.5154601,-0.198122883,0.400214797,-0.141183111,-0.122599122,-0.15866319,-0.170503902,-0.334726883,-0.139782736,-0.124788757,0.239460444,-0.197529694,0.078313119,-0.083501058,-0.101222959,-0.174510259,-0.219291596,-0.21378705,-0.218001746,-0.134640143,-0.187158743,-0.340060754,0.551935605,0.769837479,-0.081823461,-0.145863517,-0.195397044,-0.132023669,-0.194382489,-0.231859742,-0.058424015,-0.104514472,-0.117683671,-0.04869189,0.013064201,-0.126895569,-0.127080841,-0.076233668,-0.100828392,-0.190749795,-0.205364399,-0.112523088,-0.110582073,-0.067965571,-0.132713078,-0.14388319,-0.121793854,-0.210813924,-0.118714312,-0.077248601,-0.406583716,-0.156525524,-0.10921869,-0.159569877,-0.188567602,-0.19255991,-0.189402319,-0.124727662,0.216605468,-0.102681086,-0.243821637,-0.203734853,0.138269807,-0.084564295,-0.123893422,-0.194088494,-0.012645065,-0.232271047,-0.122939669,-0.17802453,-0.135884151,-0.275115738,-0.09729191,-0.129086892,-0.175473195,0.005396524,-0.24221552,-0.129789164,-0.182476041,-0.078764456,-0.071834471,-0.076358044,-0.144156444,-0.134967248,-0.380475447,-0.132231389,0.336222912,-0.128607861,-0.174589471,-0.192325983
2012/07/07,-0.082659443,-0.130485729,-0.165848098,-0.148786385,-0.074060464,0.018028589,-0.013780871,-0.117657512,-0.136274211,-0.233279447,-0.198122883,-0.191737994,-0.194892727,-0.122599122,-0.15866319,-0.170503902,-0.3382424,-0.138293785,-0.124788757,-0.171017742,0.308556934,-0.099590588,-0.083501058,0.035206933,-0.174510259,0.097203627,-0.18346889,-0.218001746,-0.074654714,-0.126704891,-0.267527163,0.610876302,-0.155748504,-0.080438573,-0.178347691,-0.116393459,-0.132023669,-0.194382489,-0.135362747,-0.058780242,-0.205110646,-0.117683671,-0.080666732,-0.138204312,-0.126895569,-0.127080841,-0.086074963,-0.26094622,0.27176429,-0.205364399,-0.112523088,-0.110582073,-0.067940488,-0.130827258,-0.145575918,-0.121793854,-0.220805909,-0.125786931,-0.093627132,-0.381926738,-0.011573759,-0.10921869,-0.159569877,-0.191957705,-0.19255991,-0.189402319,0.055590659,0.398235432,-0.084973161,0.579804047,-0.025692416,-0.194339867,-0.084564295,-0.124728108,-0.456316326,-0.193196458,-0.235560672,-0.122939669,-0.17578256,-0.143178496,-0.270451679,-0.09729191,-0.128674591,-0.190354029,-0.183378896,-0.243953883,-0.129789164,-0.227602062,-0.079157353,-0.071834471,-0.304439435,-0.185041076,-0.134967248,-0.3867714,-0.120493568,-0.113034853,0.349616732,-0.174589471,-0.244087344
2012/07/21,-0.082659443,-0.130485729,-0.150944049,-0.157006422,0.324856868,0.524959435,-0.091110617,-0.134672834,-0.136274211,0.016300402,-0.012106025,-0.191737994,-0.194892727,-0.122599122,-0.158149818,-0.170503902,-0.33293258,-0.127339356,-0.108153991,-0.171017742,0.205273949,0.078313119,-0.068778092,-0.020605295,-0.174510259,0.234506701,-0.184689755,-0.217729316,-0.143501627,-0.119940765,0.468170686,0.36037834,0.214485889,-0.087107106,-0.178347691,-0.195397044,-0.132023669,-0.194382489,-0.14225539,-0.060276398,-0.190799815,-0.117683671,-0.128628995,-0.119295748,-0.122519527,-0.127080841,-0.089779921,-0.212937543,-0.147802059,0.788567455,-0.112523088,-0.110582073,-0.068291644,-0.132583365,-0.142527145,-0.033643604,-0.175092577,-0.118561581,-0.065419662,-0.330233717,-0.085720887,-0.10921869,-0.09556973,-0.183166702,-0.151394273,-0.189402319,0.444563037,-0.200075035,0.10833835,0.096087375,-0.2033049,0.012787076,-0.084564295,-0.126852763,-0.428036854,-0.162420652,-0.233550345,-0.017989237,-0.178216278,-0.141408024,-0.251873179,-0.09729191,-0.132915407,-0.190354029,-0.136185041,-0.191384579,-0.129789164,-0.182476041,-0.078666232,-0.061616162,0.25554263,0.174743685,-0.134967248,-0.285012872,-0.132231389,-0.041682149,-0.128607861,-0.174589471,0.144122863
2012/08/07,-0.082659443,0.719822573,-0.165848098,-0.149373531,-0.089043274,-0.113616244,-0.091110617,-0.134672834,-0.12137918,-0.066892881,-0.074111644,0.2028972,-0.020336477,-0.122599122,-0.15866319,-0.170503902,-0.330622935,-0.029635777,-0.074884458,-0.171017742,0.138140008,0.067194138,-0.077611872,-0.149593557,-0.174510259,-0.158785157,-0.219606508,-0.217933638,0.184373275,-0.13882222,0.198760206,-0.214293457,0.307044487,-0.087694178,-0.178347691,-0.011995865,-0.132023669,-0.194382489,-0.201991625,-0.060276398,0.054829739,-0.117683671,-0.142378177,-0.138204312,-0.125436888,-0.123327846,-0.081050113,-0.293263172,-0.018958849,0.457256837,-0.112523088,-0.110582073,-0.068291644,-0.130232326,-0.145456201,-0.121793854,-0.204319133,-0.115888789,-0.091443327,-0.228711339,-0.263779886,-0.10921869,-0.159569877,-0.185931962,-0.09376238,-0.169549981,-0.124727662,0.262903302,-0.025946746,0.096087375,-0.153362432,-0.149294784,-0.084564295,-0.126852763,-0.409655197,-0.143955169,-0.235560672,-0.122939669,-0.176746214,-0.143203282,-0.254904817,-0.09729191,-0.131766853,-0.190354029,-0.183378896,-0.239388658,-0.129789164,-0.143366823,-0.079157353,-0.056507008,-0.245654947,-0.144156444,-0.134967248,-0.363711579,0.070497545,-0.087488823,-0.128607861,-0.044079295,-0.114683942
2012/08/21,-0.079105103,0.219641219,-0.164094681,-0.152815815,-0.106706833,-0.262640001,-0.091110617,-0.134672834,-0.136274211,-0.233279447,0.414638531,0.133255695,-0.128545555,-0.102714855,-0.158240413,-0.170503902,-0.317043259,0.23292226,-0.097390318,-0.171017742,0.217121115,-0.008022503,-0.083501058,-0.137579944,-0.174510259,-0.068381417,-0.211453042,-0.217796088,-0.072783511,-0.140853166,-0.007259573,0.206381322,-0.003299048,-0.057926189,-0.178347691,-0.195397044,-0.132023669,-0.194382489,-0.010484283,-0.060276398,-0.127871689,-0.117683671,-0.100415899,-0.138204312,-0.119687971,-0.127080841,-0.074728528,-0.276504587,0.327991493,0.203901659,-0.112523088,-0.109391506,-0.068023113,-0.132499433,-0.144308779,-8.03E-04,-0.16649653,-0.112781762,-0.156572074,-0.222546391,-0.085280801,-0.10921869,-0.106863874,-0.183885974,-0.011753973,-0.189402319,-0.014415277,0.333711754,-0.016919176,0.036103432,-0.186153358,0.251142753,-0.084564295,-0.122790923,-0.32531583,-0.068162204,-0.232550557,-0.058117344,-0.177132215,-0.13848362,-0.276383874,-0.09729191,-0.133816234,-0.190354029,-0.105647841,-0.244768569,-0.129789164,-0.148734755,-0.079157353,-0.046589238,-0.132844384,0.107211893,-0.134967248,-0.356087411,0.042800233,-0.156198835,-0.128607861,-0.174589471,-0.173042339
2012/09/07,-0.03167688,0.086520036,-0.139766012,0.240380998,-0.113390341,-0.047146321,-0.08063888,-0.134672834,-0.136274211,-0.233279447,-0.116740508,-0.191737994,0.098831732,-0.122599122,-0.15866319,-0.170503902,0.001080667,0.976837827,-0.008345392,-0.081225639,-0.197529694,-0.050945043,-0.077059761,-0.181840622,-0.046606486,1.151179263,-0.134596118,-0.214664478,0.186588645,-0.165121388,-0.340060754,0.065060889,-0.155748504,-0.088868321,0.205371614,-0.174000239,-0.132023669,-0.194382489,-0.105542495,-0.060276398,0.391774176,0.206593036,0.160643404,0.258875533,-0.109026733,-0.127080841,-0.079447767,-0.273976353,-0.115591256,-0.132890201,-0.112523088,-0.110582073,-0.068291644,-0.124328381,-0.137985439,1.343704058,0.048842383,-0.103924862,0.146022622,0.396133136,0.004842314,-0.10921869,-0.103569749,-0.174495557,0.028362344,-0.189402319,0.080384428,-0.017777315,0.96520515,-0.243821637,-0.111755965,-0.085246307,-0.081861675,-0.126421192,-0.400359927,-0.166267628,-0.233401855,0.313260562,-0.163435745,-0.127857272,-0.270684072,-0.09729191,-0.130426873,-0.190354029,-0.121436962,-0.226573753,-0.050204239,0.321462533,-0.078727622,-0.049481921,-0.327030653,0.015293621,-0.134967248,-0.237028484,-0.065472533,-0.13114831,-0.076800197,-0.060393067,-0.111988037
2012/09/21,0.823697218,-0.130485729,-0.165848098,6.575203987,-0.113390341,-0.492117464,-0.091110617,-0.134672834,-0.136274211,-0.233279447,-0.198122883,-0.191737994,-0.194892727,-0.122599122,-0.15866319,0.664366316,-0.159065003,-0.139782736,-0.124788757,-0.171017742,-0.197529694,-0.099590588,-0.083501058,-0.181840622,-0.174510259,-0.267696748,-0.237593927,-0.218001746,-0.170086079,-0.235926842,-0.340060754,-0.214293457,-0.155748504,-0.088868321,2.550322921,-0.195397044,-0.132023669,-0.194382489,-0.231859742,-0.060276398,-0.22647649,-0.117683671,-0.237343458,-0.138204312,-0.126895569,-0.127080841,-0.095800478,-0.357408098,-0.190749795,-0.205364399,-0.112523088,-0.110582073,-0.068291644,-0.132713078,-0.139285156,-0.121793854,-0.262772247,-0.12619813,-0.19553799,-0.488353547,-0.174002239,-0.10921869,1.632434232,-0.180790306,-0.19255991,-0.189402319,-0.124727662,-0.200075035,-0.332884107,-0.243821637,-0.237588017,-0.222493043,-0.084564295,-0.126852763,-0.469813347,-0.193196458,-0.235560672,-0.122939669,-0.178535857,-0.14416996,-0.279157922,-0.09729191,0.079949997,-0.190354029,-0.183378896,-0.249964115,-0.129789164,-0.234621665,-0.079157353,-0.071834471,-0.45707922,-0.20793647,-0.134967248,-0.31613198,-0.132231389,-0.156198835,-0.128607861,-0.174589471,-0.244087344
2012/10/07,-0.082659443,-0.130485729,-0.165848098,-0.157006422,-0.113390341,-0.492117464,-0.091110617,-0.134672834,-0.136274211,-0.233279447,-0.198122883,-0.191737994,-0.194892727,-0.122599122,-0.15866319,-0.150645918,-0.244085664,-0.139782736,-0.124788757,-0.171017742,-0.197529694,-0.099590588,-0.083501058,-0.181840622,0.506961043,-0.267696748,-0.237593927,-0.218001746,-0.170086079,-0.235926842,-0.340060754,-0.214293457,-0.155748504,-0.088868321,-0.178347691,-0.195397044,-0.132023669,-0.194382489,-0.231859742,-0.060276398,-0.22647649,-0.117683671,-0.237343458,-0.138204312,-0.126895569,-0.127080841,-0.095800478,0.046704939,-0.190749795,-0.205364399,-0.112523088,-0.110582073,-0.068291644,-0.127270601,-0.146294863,-0.121793854,0.040014881,-0.12619813,1.017685305,-0.488353547,-0.274754305,-0.10921869,0.735536175,-0.188056374,-0.19255991,-0.189402319,0.499750748,-0.200075035,-0.332884107,-0.243821637,-0.237588017,-0.222493043,-0.084564295,-0.126852763,-0.469813347,-0.193196458,-0.184439891,-0.122939669,-0.178535857,-0.14416996,-0.279157922,-0.09729191,-0.134446813,-0.190354029,-0.183378896,-0.244307964,-0.129789164,-0.234621665,-0.079157353,-0.071834471,-0.45707922,-0.20793647,-0.134967248,-0.094426127,-0.132231389,-0.156198835,-0.128607861,-0.174589471,-0.244087344
2012/10/21,-0.082659443,-0.130485729,-0.165848098,-0.157006422,-0.113390341,-0.492117464,-0.091110617,-0.134672834,-0.136274211,-0.233279447,-0.198122883,-0.191737994,-0.194892727,-0.122599122,-0.15866319,0.127664033,-0.077898618,-0.139782736,-0.124788757,-0.171017742,-0.197529694,-0.099590588,-0.083501058,-0.181840622,3.918410469,-0.267696748,-0.237593927,-0.218001746,-0.170086079,-0.235926842,-0.340060754,-0.214293457,-0.155748504,-0.088868321,-0.178347691,-0.195397044,-0.132023669,-0.194382489,-0.231859742,-0.060276398,-0.22647649,-0.117683671,-0.237343458,-0.138204312,-0.126895569,-0.127080841,-0.011512678,-0.357408098,-0.190749795,-0.205364399,-0.112523088,-0.110582073,-0.068291644,-0.132713078,-0.146294863,-0.121793854,-0.262772247,-0.12619813,-0.19553799,-0.488353547,-0.475655131,-0.10921869,-0.159569877,-0.195307925,-0.19255991,-0.189402319,-0.124727662,-0.200075035,-0.332884107,-0.243821637,-0.237588017,-0.222493043,-0.084564295,-0.126852763,-0.469813347,-0.193196458,-0.235560672,-0.122939669,-0.178535857,-0.14416996,-0.279157922,3.729798043,-0.134446813,-0.190354029,-0.183378896,-0.249964115,-0.129789164,-0.234621665,-0.079157353,-0.071834471,-0.45707922,-0.20793647,-0.134967248,-0.022683851,-0.132231389,-0.156198835,-0.128607861,-0.174589471,-0.244087344
2012/11/07,-0.082659443,-0.130485729,-0.08519089,-0.062717761,-0.077744962,-0.20756541,-0.066471237,-0.132070491,-0.131367613,-0.233279447,-0.198122883,0.523248122,-0.194892727,-0.122599122,0.091916762,-0.1341508,0.146253894,-0.139782736,-0.100130162,0.167023117,-0.197529694,-0.099590588,-0.083501058,0.017332429,-0.174510259,-0.259724135,0.432919766,-0.168301697,-0.170086079,0.701837249,0.148047645,-0.214293457,-0.094768722,-0.085000555,-0.138220182,-0.014153526,-0.080479168,-0.194382489,-0.12363174,-0.060276398,-0.178664627,-0.042557122,0.035985015,0.086029012,-0.046170476,-0.127080841,-0.070018328,-0.158956545,-0.190749795,-0.150795591,-0.018411822,-0.110105846,-0.068237938,-0.104111474,-0.130415815,-0.07823726,-0.007106734,-0.088464594,-0.051364099,-0.288575898,-0.15330057,-0.10921869,-0.159569877,-0.178548614,-0.187135732,-0.189402319,-0.047508993,-0.161947407,-0.332884107,-0.243821637,-0.154845304,-0.084708084,-0.080494467,-0.126852763,0.673781284,-0.061403596,-0.074820538,-0.122939669,-0.125794029,-0.02089011,-0.120621086,-0.073171595,0.271015389,-0.190354029,-0.183378896,-0.183561048,-0.118692355,-0.183089519,-0.079157353,-0.060053362,0.089094361,-0.172919985,0.522469645,-0.251014659,-0.132231389,-0.156198835,-0.128607861,-0.174589471,0.011674675
2012/11/21,-0.082659443,-0.080467593,-0.146560505,0.004331954,-0.042099582,-0.17358089,-0.091110617,0.099538075,0.035456727,-0.164767331,-0.198122883,-0.191737994,0.866662024,0.042826935,0.168314586,-0.145016251,-0.071504207,-0.139782736,0.466234707,-0.114677599,0.023617404,-0.099590588,-0.083501058,-0.049058588,0.301277445,-0.150954912,-0.194855655,-0.061589526,0.326157016,0.10146412,0.325541609,-0.214293457,-0.003299048,-0.071141058,-0.178347691,0.016053727,-0.089069918,-0.168080432,0.126557668,-0.060276398,-0.13982875,-0.055078213,-0.092892407,-0.138204312,-0.102527024,1.171013893,-0.080631035,-0.120136457,-0.049274898,0.067479639,-0.110780287,-0.054228562,-0.068291644,-0.118158574,-0.094996374,0.178954059,-0.059523513,0.070435519,-0.044313124,-0.062949489,0.010763677,-0.090520121,-0.159569877,-0.139301227,-0.111197238,0.19207397,0.11165602,-0.200075035,-0.332884107,-0.243821637,-0.048728041,-0.099470758,-0.082868533,-0.126852763,-0.002899603,1.381559278,0.85801406,0.078729788,0.02687203,0.099746946,-9.21E-04,0.095670609,0.173696053,-0.178099224,-0.183378896,0.192894277,0.018908072,-0.216728559,-0.079157353,-0.042982776,-0.386673941,0.142228378,-0.104443392,-0.138978301,-0.132231389,-0.156198835,-0.128607861,0.255326401,0.106063039
2012/12/07,-0.082659443,-0.130485729,0.060065913,-0.046396449,-0.113390341,0.006130445,-0.091110617,0.806005834,-0.136274211,-0.110678819,-0.06105783,-0.094810052,0.359164358,0.544570371,0.719550788,0.070872631,0.785300156,-0.139782736,-0.085565729,0.43389748,-0.197529694,-0.099590588,-0.078076808,-0.05313523,-0.174510259,-0.139295714,-0.179120895,0.116885955,-0.143968021,-0.082808185,-0.108462271,-0.120195151,-0.101187646,-0.057434236,-0.034733448,0.916335857,-0.066139721,-0.046695194,0.014630827,-0.060276398,-0.185338857,-0.117683671,-0.201531635,-0.026743303,-0.107978786,0.204762925,-0.075024275,-0.162813864,-0.190749795,0.026553034,0.215329929,-0.100024319,-0.054356312,-0.092379321,0.082965596,-0.069831601,-0.136750525,-0.034929312,0.168212259,0.400854593,-0.156185314,0.076335533,-0.128131208,-0.152200783,-0.19255991,0.122662495,-0.104987551,-0.063618262,-0.102007978,-0.243821637,0.119054065,-0.145442244,-0.080012513,-0.126852763,-0.054862834,-0.086766163,0.354802067,-0.122939669,-0.062177674,0.180498103,0.011737498,-0.044537537,1.210159705,-0.175734262,-0.169469129,-0.075580297,-0.124493845,0.661917142,-0.069603745,-0.070328615,-0.261548549,-0.20793647,-0.00849715,-0.132171435,-0.047101299,-0.156198835,-0.128607861,-0.110479209,-0.196412406
2012/12/21,-0.064532309,-0.130485729,0.466083595,0.311398694,-0.074570295,0.437973817,-0.091110617,-0.016515599,-0.136274211,-0.029455903,-0.067911082,0.314710505,0.011889293,0.998823839,0.154495515,0.133294437,0.7968566,-0.139782736,-0.012809055,-0.171017742,-0.197529694,-0.006191142,-0.076630341,-0.10659747,-0.148929504,0.428046633,0.037313783,0.254686462,-0.170086079,-0.101188784,0.382857368,-0.214293457,-0.155748504,1.146091814,-0.178347691,0.249656484,0.096428921,0.504624192,0.069210882,-0.044716376,0.201365153,0.933305452,-0.12766975,-0.102908325,0.209651187,0.119866228,-0.070812658,0.47165063,-0.190749795,-0.205364399,0.035059499,-0.058970988,-0.068291644,0.401319715,1.03799045,0.013957532,0.050926128,-0.089313598,-0.067470011,0.186909493,-0.071021294,-0.103439132,-0.159569877,0.451884523,-0.19255991,0.114007572,-0.124727662,-0.200075035,-0.332884107,-0.243821637,0.200224362,-0.010218091,-0.084564295,-0.116495072,0.39550315,-0.055320849,-0.020702435,-0.122939669,0.144494677,0.232342984,0.39857318,-0.051161808,0.05690234,-0.047994052,0.127156669,-0.03517902,-0.119413648,0.263629777,0.054552154,-0.068973344,-0.146685158,-0.20793647,-0.005739808,0.171426294,-0.132231389,0.196512556,0.120068927,0.008124775,0.088048055
2014/01/07,1.12460763,-0.130485729,0.024923734,-0.090218621,-0.098241055,-0.099621761,0.851811079,0.786990465,0.239080554,0.151073521,-0.198122883,-0.122676835,-0.194892727,-0.029288055,-0.119942098,0.042350732,0.291870007,-0.139782736,0.217554735,-0.171017742,-0.103542177,-0.071570754,-0.083501058,-0.125408258,-0.174510259,-0.208400437,0.01937339,0.155543921,-0.170086079,0.763380424,0.055972652,-0.214293457,-0.155748504,-0.071608413,-0.144239308,0.864457991,0.616706222,0.806941894,1.183358039,-0.052885388,0.822385257,0.143068061,0.963247911,-0.127615516,-0.080947134,0.031712546,-0.09105929,0.222670075,-0.190749795,-0.158980912,0.109128552,0.543233305,-0.068245993,0.037057868,1.104403724,-0.097111784,0.747528478,0.141615642,0.120767837,0.212325308,-0.163416457,0.138660121,-0.114769774,0.281192605,0.084073174,0.09779483,-0.124727662,-0.200075035,-0.118027954,0.113082826,0.612913892,-0.1850806,-0.084564295,-0.124090712,0.541818354,0.117023663,0.324601637,-0.045392961,0.160646204,0.134292318,0.86209323,0.240995506,0.063632017,0.331401075,0.086412641,-0.077651576,-0.093946472,-0.135255281,0.921945027,-0.048786508,-0.34592071,-0.193054463,-0.061621944,0.054852523,-0.132231389,-0.156198835,0.064807419,0.556267511,0.553037614
2014/01/21,-0.024862786,-0.065788358,0.231593218,-0.104156944,0.781295768,0.368955145,0.648285039,0.325357369,0.589049005,-0.005402193,-0.198122883,-0.051613904,-0.194892727,-0.118312477,0.009715425,0.603872075,0.319883248,-0.139782736,-0.050535017,-0.171017742,-0.197529694,-0.095078538,-0.08051379,-0.149126208,0.166566469,-0.040578373,0.018952968,0.347789493,-0.126934505,-0.090785924,0.15190621,0.368706916,-0.155748504,-0.069452413,0.049041527,0.333383109,0.312227496,0.636175713,-0.025813019,-0.058021323,0.003503754,0.081292806,-0.08163988,-0.122858231,-0.104994221,-0.008290391,-0.079156692,-0.109421249,-0.190749795,-0.070919511,0.200418659,1.227189779,-0.068291644,0.954394584,0.053794174,0.003405052,-0.164597372,0.586623912,-0.118735604,0.137477995,-0.283843238,0.767138167,-0.159569877,0.21247412,-0.005465071,-0.141066193,-0.083960041,-0.200075035,-0.216114459,-0.174854591,0.176410755,-0.127017053,-0.084564295,-0.126252317,0.187530687,-0.14823702,0.379948925,-0.122939669,1.275095061,1.042392003,1.307684901,-0.023008332,0.105895118,0.994721074,-0.020594295,-0.040157045,-0.089872817,0.573446581,0.588284092,0.033902809,-0.124562298,-0.20793647,-0.114720097,0.226362341,0.228515223,0.252741909,-0.128607861,0.010772807,-0.139064293
2014/02/07,-0.082659443,-0.130485729,-0.165848098,-0.157006422,-0.113390341,-0.492117464,-0.091110617,-0.134672834,-0.136274211,-0.233279447,-0.198122883,-0.191737994,-0.194892727,-0.122599122,-0.15866319,-0.170503902,-0.046333912,-0.139782736,-0.124788757,-0.171017742,-0.197529694,-0.099590588,-0.083501058,-0.181840622,-0.174510259,-0.267696748,-0.163528087,-0.181768554,-0.170086079,-0.235926842,-0.340060754,-0.214293457,-0.155748504,6.815094984,-0.178347691,-0.195397044,-0.132023669,-0.194382489,-0.231859742,25.14696004,-0.22647649,-0.117683671,-0.237343458,-0.138204312,-0.126895569,-0.127080841,-0.095800478,-0.357408098,-0.190749795,-0.205364399,-0.112523088,-0.110582073,0.018443783,-0.132713078,-0.142790009,-0.121793854,0.100936014,-0.12619813,-0.19553799,-0.488353547,-0.475655131,-0.10921869,-0.159569877,-0.195307925,3.034826066,-0.189402319,-0.124727662,-0.200075035,-0.332884107,-0.243821637,-0.237588017,-0.222493043,-0.084564295,-0.126852763,0.232031734,-0.193196458,-0.235560672,-0.122939669,-0.178535857,-0.105502849,-0.081090904,-0.09729191,-0.134446813,-0.190354029,-0.183378896,-0.215993241,-0.129789164,-0.234621665,-0.079157353,-0.071834471,-0.45707922,-0.20793647,-0.134967248,2.170454793,-0.132231389,-0.156198835,-0.128607861,-0.174589471,-0.244087344
2014/02/21,-0.082659443,-0.130485729,0.549546271,-0.157006422,-0.113390341,-0.492117464,1.416819439,-0.134672834,-0.136274211,-0.233279447,10.21882115,-0.191737994,-0.194892727,-0.122599122,-0.15866319,-0.16652833,0.14305432,-0.139782736,-0.124788757,-0.171017742,-0.197529694,-0.099590588,-0.083501058,2.075453958,-0.174510259,-0.267696748,-0.237593927,-0.168419483,-0.170086079,-0.235926842,7.203432692,-0.214293457,-0.155748504,0.733032072,-0.178347691,-0.195397044,-0.132023669,-0.159987491,-0.231859742,-0.060276398,-0.22647649,-0.117683671,1.374188581,-0.138204312,-0.126895569,-0.127080841,-0.095800478,-0.357408098,-0.190749795,-0.205364399,-0.112523088,0.091814341,-0.054596576,-0.132713078,-0.146294863,-0.121793854,0.100936014,-0.12619813,-0.19553799,-0.488353547,-0.475655131,-0.10921869,-0.159569877,-0.195307925,0.268495229,-0.189402319,-0.124727662,-0.200075035,-0.332884107,-0.243821637,-0.237588017,-0.222493043,-0.084564295,-0.126852763,2.337566975,-0.193196458,-0.235560672,2.815672416,4.28E-04,-0.124836404,-0.165976769,-0.09729191,-0.134446813,-0.190354029,-0.183378896,0.076156272,-0.129789164,-0.234621665,-0.079157353,25.1060778,4.338354002,-0.20793647,-0.134967248,1.058440833,-0.132231389,-0.156198835,-0.128607861,-0.174589471,-0.244087344
2014/03/07,-0.082659443,-0.130485729,-0.165848098,-0.157006422,-0.113390341,-0.492117464,0.076437167,-0.134672834,-0.136274211,-0.233279447,-0.198122883,-0.191737994,-0.194892727,-0.122599122,-0.15866319,-0.170503902,-0.284196514,-0.139782736,-0.124788757,-0.171017742,-0.197529694,-0.099590588,-0.083501058,-0.181840622,-0.174510259,-0.267696748,-0.237593927,-0.218001746,-0.170086079,-0.235926842,-0.340060754,-0.214293457,-0.155748504,-0.088868321,-0.178347691,-0.195397044,-0.132023669,-0.194382489,-0.231859742,-0.060276398,-0.22647649,-0.117683671,-0.237343458,-0.138204312,-0.126895569,-0.127080841,-0.095800478,-0.357408098,-0.190749795,-0.205364399,-0.112523088,-0.110582073,-0.068291644,-0.132713078,-0.14349098,-0.121793854,-0.262772247,-0.12619813,-0.19553799,-0.488353547,-0.475655131,-0.10921869,-0.159569877,-0.195307925,-0.19255991,-0.189402319,-0.124727662,-0.200075035,8.261362007,-0.243821637,-0.237588017,-0.222493043,-0.084564295,-0.126852763,-0.469813347,-0.193196458,-0.235560672,-0.122939669,0.08991057,-0.14416996,-0.279157922,-0.09729191,-0.134446813,-0.190354029,-0.183378896,-0.249964115,-0.129789164,-0.234621665,-0.079157353,-0.071834471,-0.45707922,-0.20793647,-0.134967248,-0.119212841,-0.132231389,-0.156198835,-0.128607861,-0.174589471,-0.244087344
2014/03/21,-0.082659443,-0.130485729,-0.165848098,-0.157006422,-0.113390341,-0.492117464,-0.091110617,-0.134672834,-0.136274211,-0.233279447,-0.198122883,-0.191737994,-0.194892727,-0.122599122,-0.15866319,-0.170503902,-0.272923405,-0.139782736,0.80675816,-0.171017742,-0.197529694,-0.099590588,-0.083501058,-0.181840622,-0.174510259,-0.267696748,-0.237593927,-0.218001746,-0.170086079,-0.235926842,-0.340060754,-0.214293457,-0.155748504,-0.088868321,-0.178347691,-0.195397044,-0.132023669,-0.194382489,-0.231859742,1.106725289,-0.22647649,-0.117683671,-0.237343458,-0.138204312,-0.126895569,-0.127080841,-0.095800478,-0.357408098,-0.190749795,-0.205364399,-0.112523088,-0.110582073,-0.068291644,-0.132713078,-0.142089038,-0.121793854,0.464644275,-0.12619813,-0.19553799,-0.488353547,-0.475655131,-0.10921869,-0.159569877,-0.195307925,-0.19255991,-0.189402319,-0.124727662,-0.200075035,-0.332884107,-0.243821637,-0.180562634,-0.222493043,-0.084564295,-0.126852763,-0.469813347,-0.193196458,-0.235560672,-0.122939669,0.233081998,-0.105502849,0.145271402,-0.09729191,-0.134446813,-0.190354029,-0.183378896,-0.249964115,-0.129789164,-0.234621665,-0.079157353,-0.071834471,-0.45707922,-0.20793647,-0.134967248,-0.40493865,-0.132231389,-0.156198835,-0.128607861,-0.174589471,-0.244087344
2014/04/07,-0.082659443,-0.130485729,-0.165848098,-0.157006422,-0.113390341,-0.492117464,-0.091110617,-0.134672834,-0.136274211,-0.233279447,-0.198122883,-0.191737994,-0.194892727,-0.122599122,-0.15866319,-0.170503902,-0.340562059,-0.139782736,-0.124788757,-0.171017742,-0.197529694,-0.099590588,-0.083501058,-0.181840622,-0.174510259,-0.267696748,-0.237593927,-0.218001746,-0.170086079,-0.05466488,-0.340060754,-0.214293457,-0.155748504,-0.02311629,-0.178347691,-0.195397044,-0.132023669,-0.194382489,-0.231859742,-0.060276398,-0.22647649,-0.117683671,-0.237343458,-0.138204312,-0.126895569,-0.127080841,-0.053656578,-0.357408098,-0.190749795,-0.205364399,-0.112523088,-0.110582073,-0.068291644,-0.132713078,-0.142089038,-0.121793854,-0.262772247,-0.12619813,-0.19553799,-0.488353547,-0.475655131,-0.10921869,-0.159569877,-0.195307925,-0.19255991,-0.189402319,-0.124727662,-0.200075035,2.889958186,-0.243821637,-0.218579556,-0.222493043,-0.084564295,-0.126852763,-0.469813347,-0.193196458,-0.235560672,-0.122939669,-0.071157286,-0.14416996,0.060385537,-0.09729191,-0.134446813,-0.190354029,-0.183378896,-0.249964115,-0.129789164,-0.234621665,-0.079157353,-0.071834471,0.204359845,-0.20793647,-0.134967248,-0.385632853,-0.132231389,-0.156198835,-0.128607861,-0.174589471,-0.244087344
2014/04/21,-0.082659443,1.171548858,-0.068971777,0.219231527,-0.113390341,-0.370207562,-0.075403012,-0.024073238,-0.032008998,0.203485289,0.127406618,-0.191737994,0.322062321,-0.069194675,-0.15866319,-0.140687109,-0.2029949,0.594751159,-0.124788757,0.128289269,0.859829868,-0.086618443,0.135503065,-0.134813652,0.081297287,-0.062983294,0.088758681,-0.19696504,-0.170086079,0.215339917,-0.143615612,-0.04668085,1.356041935,-0.065581143,1.072293006,-0.195397044,-0.132023669,0.138460774,-0.162167468,-0.060276398,0.729832422,-0.101054096,0.260664707,0.302995515,0.054345479,-0.06797117,-0.060680561,0.760071647,0.109884361,0.519377578,-0.096783415,-0.110582073,-0.062585366,-0.118100155,-0.142162056,-0.121793854,-0.205942831,1.054285064,1.43981282,0.054950291,0.088896635,-0.105606466,0.28843115,-0.09950676,-0.062888152,0.262238359,-0.124727662,0.124009801,0.002828632,-0.243821637,-0.086114343,1.302470697,0.039756258,0.852812153,0.056570464,-0.135748287,-0.211573819,-0.122939669,-0.101357509,-0.126447534,-0.228756939,-0.046036241,-0.121270342,-0.181673542,0.036859093,0.555570227,0.438506149,-0.128157682,-0.079157353,-0.071834471,0.380054597,-0.009509723,-0.04765141,-0.124159952,-0.11792592,-0.156198835,1.309054822,-0.174589471,0.095596587
2014/05/07,-0.082659443,-0.130485729,-0.165848098,-0.148786385,-0.113390341,-0.252048734,-0.052445744,-0.134672834,-0.136274211,0.035498852,1.404483892,-0.191737994,0.007551208,-0.064093489,-0.15866319,-0.170503902,-0.306814995,0.160985466,-0.094931484,-0.171017742,0.380855024,-0.099590588,-0.083501058,-0.123961274,0.140329797,-0.015741728,-0.202460131,-0.217561666,0.669709927,-0.061636494,-0.340060754,-0.214293457,-0.155748504,-0.068636927,-0.178347691,0.002111918,-0.132023669,-0.190413835,-0.017421976,-0.060276398,-0.126019542,-0.117683671,-0.082388455,-0.138204312,-0.126895569,-0.127080841,-0.068244851,0.109342927,0.179261473,-0.205364399,-0.112523088,-0.103835526,-0.068291644,-0.131874935,-0.145809575,-0.121793854,-0.150862012,-0.076854275,-0.025686559,0.015466949,0.443483808,-0.10921869,-0.159569877,-0.177440086,0.215296559,-0.011240316,-0.124727662,-0.200075035,-0.084973161,0.854345942,-0.190554261,-0.053573983,-0.031343456,1.058704454,-0.145884848,-0.087138297,-0.209581065,-0.122939669,-0.178076974,-0.140699835,-0.279157922,-0.09729191,-0.129499194,-0.190354029,-0.183378896,-0.227316866,-0.129789164,-0.234621665,-0.079157353,-0.071834471,0.401519567,-0.162145682,-0.134967248,-0.283312124,-0.132231389,-0.156198835,0.062681976,-0.174589471,0.127532683
2014/05/21,-0.06849762,-0.068484082,-0.100953383,-0.118046871,-0.113390341,-0.305188948,-0.091110617,-0.134672834,-0.136274211,0.421867656,0.344426286,-0.191737994,0.118413363,-0.122599122,-0.15866319,-0.170503902,-0.320117806,0.535673906,-0.110233336,0.008566464,0.448634483,-0.089861479,-0.083501058,-0.146570394,-0.003971895,0.088787026,-0.235279369,-0.214962448,-0.108055692,-0.132078843,-0.065037556,-0.04668085,-0.155748504,-0.079279483,-0.121500387,-0.152603435,-0.132023669,-0.194382489,-0.136032865,-0.060276398,-0.052269898,-0.117683671,-0.089060128,-0.033419353,-0.126895569,-0.127080841,-0.076923523,-0.253750475,-0.190749795,-0.205364399,-0.112523088,-0.090342432,-0.068291644,-0.13217396,-0.140365819,-0.121793854,-0.224885969,-0.120629813,-0.164487026,-0.168978994,-0.119013431,-0.10921869,-0.131569813,-0.191602908,-0.118118716,-0.189402319,-0.110076798,0.853200682,0.14270894,0.499729328,-0.205511239,-0.039497395,-0.081861675,0.603364434,-0.250486759,-0.092662159,-0.230443477,-0.122939669,-0.176112382,-0.118492581,-0.243788811,-0.020408406,-0.134111818,-0.190354029,-0.183378896,-0.246531641,1.214311784,-0.206104527,-0.079157353,-0.071834471,-0.258992,-0.018810976,-0.134967248,-0.318323992,-0.132231389,-0.156198835,0.221093872,0.434458014,-0.130859367
2014/06/07,-0.082659443,-0.130485729,-0.156676375,-0.157006422,-0.113390341,-0.011980003,-0.091110617,-0.134672834,-0.136274211,0.841833748,-0.198122883,-0.191737994,0.03647177,-0.122599122,-0.15866319,-0.170503902,-0.336009457,-0.139782736,-0.124788757,0.27103569,-0.197529694,-0.075642012,-0.083501058,-0.008202578,-0.174510259,-0.215568123,-0.22050181,-0.218001746,-0.131913533,-0.166210703,-0.340060754,0.198291423,-0.155748504,-0.08254601,-0.178347691,-0.195397044,-0.132023669,-0.194382489,-0.167528412,-0.060276398,-0.091534321,-0.117683671,-0.144370456,-0.138204312,-0.126895569,-0.127080841,-0.087695882,-0.264057893,-0.190749795,-0.205364399,-0.112523088,-0.104354491,-0.068291644,-0.129150973,-0.141145424,-0.121793854,-0.206817129,-0.12619813,-0.093627132,-0.404015321,-0.061849241,-0.10921869,-0.159569877,-0.184698895,-0.19255991,-0.146643438,-0.124727662,-0.200075035,-0.00233618,-0.060793707,-0.190797959,-0.053573983,-0.084564295,-0.124728108,-0.415825264,-0.166681918,-0.234379781,-0.122939669,-0.178535857,-0.14416996,-0.270451679,-0.09729191,-0.134446813,-0.030098895,-0.081730593,-0.245260455,-0.129789164,-0.234621665,-0.079157353,-0.071834471,0.426959531,-0.162145682,-0.134967248,-0.367069585,-0.132231389,-0.119201136,-0.128607861,0.106509368,-0.244087344
2014/06/21,-0.072948478,-0.130485729,-0.159460648,-0.134107747,-0.094453734,-0.231114169,-0.091110617,-0.129406187,-0.136274211,0.5154601,-0.198122883,0.400214797,-0.141183111,-0.122599122,-0.15866319,-0.170503902,-0.334726883,-0.139782736,-0.124788757,0.239460444,-0.197529694,0.078313119,-0.083501058,-0.101222959,-0.174510259,-0.219291596,-0.21378705,-0.218001746,-0.134640143,-0.187158743,-0.340060754,0.551935605,0.769837479,-0.081823461,-0.145863517,-0.195397044,-0.132023669,-0.194382489,-0.231859742,-0.058424015,-0.104514472,-0.117683671,-0.04869189,0.013064201,-0.126895569,-0.127080841,-0.076233668,-0.100828392,-0.190749795,-0.205364399,-0.112523088,-0.110582073,-0.067965571,-0.132713078,-0.14388319,-0.121793854,-0.210813924,-0.118714312,-0.077248601,-0.406583716,-0.156525524,-0.10921869,-0.159569877,-0.188567602,-0.19255991,-0.189402319,-0.124727662,0.216605468,-0.102681086,-0.243821637,-0.203734853,0.138269807,-0.084564295,-0.123893422,-0.194088494,-0.012645065,-0.232271047,-0.122939669,-0.17802453,-0.135884151,-0.275115738,-0.09729191,-0.129086892,-0.175473195,0.005396524,-0.24221552,-0.129789164,-0.182476041,-0.078764456,-0.071834471,-0.076358044,-0.144156444,-0.134967248,-0.380475447,-0.132231389,0.336222912,-0.128607861,-0.174589471,-0.192325983
2014/07/07,-0.082659443,-0.130485729,-0.165848098,-0.148786385,-0.074060464,0.018028589,-0.013780871,-0.117657512,-0.136274211,-0.233279447,-0.198122883,-0.191737994,-0.194892727,-0.122599122,-0.15866319,-0.170503902,-0.3382424,-0.138293785,-0.124788757,-0.171017742,0.308556934,-0.099590588,-0.083501058,0.035206933,-0.174510259,0.097203627,-0.18346889,-0.218001746,-0.074654714,-0.126704891,-0.267527163,0.610876302,-0.155748504,-0.080438573,-0.178347691,-0.116393459,-0.132023669,-0.194382489,-0.135362747,-0.058780242,-0.205110646,-0.117683671,-0.080666732,-0.138204312,-0.126895569,-0.127080841,-0.086074963,-0.26094622,0.27176429,-0.205364399,-0.112523088,-0.110582073,-0.067940488,-0.130827258,-0.145575918,-0.121793854,-0.220805909,-0.125786931,-0.093627132,-0.381926738,-0.011573759,-0.10921869,-0.159569877,-0.191957705,-0.19255991,-0.189402319,0.055590659,0.398235432,-0.084973161,0.579804047,-0.025692416,-0.194339867,-0.084564295,-0.124728108,-0.456316326,-0.193196458,-0.235560672,-0.122939669,-0.17578256,-0.143178496,-0.270451679,-0.09729191,-0.128674591,-0.190354029,-0.183378896,-0.243953883,-0.129789164,-0.227602062,-0.079157353,-0.071834471,-0.304439435,-0.185041076,-0.134967248,-0.3867714,-0.120493568,-0.113034853,0.349616732,-0.174589471,-0.244087344
2014/07/21,-0.082659443,-0.130485729,-0.150944049,-0.157006422,0.324856868,0.524959435,-0.091110617,-0.134672834,-0.136274211,0.016300402,-0.012106025,-0.191737994,-0.194892727,-0.122599122,-0.158149818,-0.170503902,-0.33293258,-0.127339356,-0.108153991,-0.171017742,0.205273949,0.078313119,-0.068778092,-0.020605295,-0.174510259,0.234506701,-0.184689755,-0.217729316,-0.143501627,-0.119940765,0.468170686,0.36037834,0.214485889,-0.087107106,-0.178347691,-0.195397044,-0.132023669,-0.194382489,-0.14225539,-0.060276398,-0.190799815,-0.117683671,-0.128628995,-0.119295748,-0.122519527,-0.127080841,-0.089779921,-0.212937543,-0.147802059,0.788567455,-0.112523088,-0.110582073,-0.068291644,-0.132583365,-0.142527145,-0.033643604,-0.175092577,-0.118561581,-0.065419662,-0.330233717,-0.085720887,-0.10921869,-0.09556973,-0.183166702,-0.151394273,-0.189402319,0.444563037,-0.200075035,0.10833835,0.096087375,-0.2033049,0.012787076,-0.084564295,-0.126852763,-0.428036854,-0.162420652,-0.233550345,-0.017989237,-0.178216278,-0.141408024,-0.251873179,-0.09729191,-0.132915407,-0.190354029,-0.136185041,-0.191384579,-0.129789164,-0.182476041,-0.078666232,-0.061616162,0.25554263,0.174743685,-0.134967248,-0.285012872,-0.132231389,-0.041682149,-0.128607861,-0.174589471,0.144122863
2014/08/07,-0.082659443,0.719822573,-0.165848098,-0.149373531,-0.089043274,-0.113616244,-0.091110617,-0.134672834,-0.12137918,-0.066892881,-0.074111644,0.2028972,-0.020336477,-0.122599122,-0.15866319,-0.170503902,-0.330622935,-0.029635777,-0.074884458,-0.171017742,0.138140008,0.067194138,-0.077611872,-0.149593557,-0.174510259,-0.158785157,-0.219606508,-0.217933638,0.184373275,-0.13882222,0.198760206,-0.214293457,0.307044487,-0.087694178,-0.178347691,-0.011995865,-0.132023669,-0.194382489,-0.201991625,-0.060276398,0.054829739,-0.117683671,-0.142378177,-0.138204312,-0.125436888,-0.123327846,-0.081050113,-0.293263172,-0.018958849,0.457256837,-0.112523088,-0.110582073,-0.068291644,-0.130232326,-0.145456201,-0.121793854,-0.204319133,-0.115888789,-0.091443327,-0.228711339,-0.263779886,-0.10921869,-0.159569877,-0.185931962,-0.09376238,-0.169549981,-0.124727662,0.262903302,-0.025946746,0.096087375,-0.153362432,-0.149294784,-0.084564295,-0.126852763,-0.409655197,-0.143955169,-0.235560672,-0.122939669,-0.176746214,-0.143203282,-0.254904817,-0.09729191,-0.131766853,-0.190354029,-0.183378896,-0.239388658,-0.129789164,-0.143366823,-0.079157353,-0.056507008,-0.245654947,-0.144156444,-0.134967248,-0.363711579,0.070497545,-0.087488823,-0.128607861,-0.044079295,-0.114683942
2014/08/21,-0.079105103,0.219641219,-0.164094681,-0.152815815,-0.106706833,-0.262640001,-0.091110617,-0.134672834,-0.136274211,-0.233279447,0.414638531,0.133255695,-0.128545555,-0.102714855,-0.158240413,-0.170503902,-0.317043259,0.23292226,-0.097390318,-0.171017742,0.217121115,-0.008022503,-0.083501058,-0.137579944,-0.174510259,-0.068381417,-0.211453042,-0.217796088,-0.072783511,-0.140853166,-0.007259573,0.206381322,-0.003299048,-0.057926189,-0.178347691,-0.195397044,-0.132023669,-0.194382489,-0.010484283,-0.060276398,-0.127871689,-0.117683671,-0.100415899,-0.138204312,-0.119687971,-0.127080841,-0.074728528,-0.276504587,0.327991493,0.203901659,-0.112523088,-0.109391506,-0.068023113,-0.132499433,-0.144308779,-8.03E-04,-0.16649653,-0.112781762,-0.156572074,-0.222546391,-0.085280801,-0.10921869,-0.106863874,-0.183885974,-0.011753973,-0.189402319,-0.014415277,0.333711754,-0.016919176,0.036103432,-0.186153358,0.251142753,-0.084564295,-0.122790923,-0.32531583,-0.068162204,-0.232550557,-0.058117344,-0.177132215,-0.13848362,-0.276383874,-0.09729191,-0.133816234,-0.190354029,-0.105647841,-0.244768569,-0.129789164,-0.148734755,-0.079157353,-0.046589238,-0.132844384,0.107211893,-0.134967248,-0.356087411,0.042800233,-0.156198835,-0.128607861,-0.174589471,-0.173042339
2014/09/07,-0.082659443,-0.130485729,-0.165848098,-0.157006422,-0.113390341,-0.102005777,0.076437167,-0.134672834,-0.136274211,-0.233279447,-0.198122883,-0.191737994,-0.194892727,-0.122599122,-0.15866319,-0.170503902,-0.340562059,-0.139782736,-0.124788757,-0.171017742,-0.197529694,-0.099590588,-0.083501058,-0.181840622,-0.174510259,-0.267696748,0.058669433,-0.218001746,-0.170086079,-0.235926842,-0.340060754,-0.214293457,-0.155748504,-0.088868321,-0.178347691,-0.195397044,-0.132023669,-0.194382489,-0.231859742,-0.060276398,-0.22647649,-0.117683671,0.299833888,-0.138204312,-0.126895569,-0.127080841,-0.095800478,-0.357408098,-0.190749795,-0.205364399,-0.112523088,-0.110582073,-0.068291644,-0.132713078,-0.146294863,-0.121793854,-0.262772247,-0.12619813,-0.19553799,-0.488353547,-0.475655131,-0.10921869,-0.159569877,-0.195307925,-0.19255991,-0.189402319,-0.124727662,-0.200075035,-0.332884107,-0.243821637,-0.218579556,-0.222493043,-0.084564295,-0.126852763,-0.469813347,-0.193196458,-0.235560672,5.754284501,-0.124846571,-0.14416996,-0.279157922,-0.09729191,-0.134446813,-0.190354029,-0.183378896,-0.185419455,-0.129789164,-0.234621665,-0.079157353,-0.071834471,-0.45707922,-0.20793647,-0.134967248,-0.40493865,-0.132231389,-0.156198835,-0.128607861,-0.174589471,-0.244087344
2014/09/21,-0.004971729,-0.130485729,-0.026743637,0.195378741,-0.113390341,-0.306349994,-0.091110617,-0.134672834,-0.136274211,-0.233279447,-0.115448724,0.071352135,-0.194892727,-0.056423439,0.126486502,-0.124761155,-0.257897066,-0.139782736,-0.065642921,-0.171017742,-0.197529694,1.234687218,-0.083501058,-0.14601055,-0.174510259,-0.04718439,-0.163528087,-0.212280715,0.042589533,-0.166874666,-0.250257261,-0.214293457,-0.155748504,-0.037206011,0.178978222,-0.16279239,-0.132023669,-0.190287846,-0.125661991,-0.060276398,-0.125769649,0.434734964,0.233752548,0.819829599,-0.109391403,0.003022985,-0.086100692,0.008583975,-0.076222498,-0.205364399,-0.112523088,-0.110582073,-0.068291644,-0.131578093,-0.117532811,-0.06302702,1.005876806,-0.110161377,-0.153479541,-0.102749999,0.470002743,-0.10921869,0.09643071,-0.181366402,0.850302905,-0.154109274,-0.124727662,-0.200075035,0.374777031,0.096087375,-0.072244578,0.265495353,-0.084564295,-0.122249344,-0.288781878,-0.029058828,-0.232636561,0.226895103,-0.079750412,-0.108801828,-0.148797487,-0.090783253,-0.111475726,-0.170512917,0.005396524,-0.20902382,-0.129789164,-0.11729401,-0.069553196,-0.034367339,-0.169668197,0.366083763,-0.134967248,-0.134596191,-0.124965119,-0.156198835,-0.099003482,-0.174589471,-0.244087344
2014/10/07,-0.082659443,-0.130485729,-0.153653876,0.200004736,-0.082403165,0.035419931,-0.091110617,-0.134672834,-0.136274211,-0.233279447,-0.138935701,-0.191737994,-0.115142086,-0.122599122,0.249374305,-0.078637458,-0.015482436,-0.139782736,-0.10538153,-0.083946612,-0.197529694,-0.085439157,-0.083501058,-0.147639189,-0.14353429,-0.154751394,-0.150622675,-0.125316721,-0.155048409,-0.077322626,-0.340060754,-0.214293457,-0.155748504,-0.067200038,-0.178347691,-0.008661298,-0.109263759,-0.194121921,-0.143160484,-0.060276398,-0.138985576,-0.002385286,-0.114240316,-0.138204312,0.019768121,0.040098026,-0.067864181,-0.140457979,0.246536249,-0.135086389,-0.107472926,0.21110556,-0.068291644,-0.1280083,0.143845935,0.270875443,0.1119437,-0.015560734,-0.140391477,-0.201281074,0.11583439,-0.096083331,-0.118883238,-0.165448151,0.081628184,-0.189402319,-0.09634228,-0.200075035,-0.247429955,-0.027515902,-0.12432927,0.099135673,-0.084564295,-0.122667837,-0.302327589,0.3342822,0.173580024,-0.07284969,0.016562329,-0.083532899,-0.117103089,-0.010312593,-0.107159946,-0.190354029,-0.12331399,-0.165783518,-0.119499396,0.238244338,-0.079157353,-0.060996871,-0.107568805,-0.20793647,0.011088335,0.096559199,-0.132231389,-0.054174879,-0.128607861,-0.174589471,-0.244087344
2014/10/21,-0.082659443,-0.130485729,-0.165848098,-0.157006422,-0.113390341,-0.492117464,-0.007336725,-0.134672834,-0.136274211,1.513779495,2.406113125,-0.191737994,-0.194892727,-0.122599122,-0.15866319,-0.170503902,-0.340562059,-0.139782736,-0.124788757,-0.171017742,-0.197529694,-0.099590588,-0.083501058,-0.181840622,-0.174510259,-0.267696748,-0.237593927,-0.21323422,-0.170086079,-0.05466488,-0.340060754,-0.214293457,-0.155748504,-0.088868321,-0.178347691,-0.195397044,-0.132023669,-0.194382489,-0.231859742,-0.060276398,-0.22647649,-0.117683671,-0.237343458,-0.138204312,-0.126895569,-0.127080841,-0.053656578,0.613434033,-0.190749795,-0.205364399,-0.112523088,-0.110582073,-0.068291644,-0.132713078,-0.146294863,-0.121793854,-0.080918116,-0.12619813,-0.19553799,-0.488353547,-0.475655131,-0.10921869,-0.159569877,-0.195307925,-0.19255991,-0.189402319,-0.124727662,-0.200075035,2.889958186,-0.243821637,-0.209075326,-0.222493043,-0.084564295,-0.126852763,0.582954274,-0.193196458,-0.235560672,-0.122939669,-0.178535857,-0.14416996,-0.279157922,-0.09729191,-0.134446813,-0.190354029,-0.183378896,-0.249964115,-0.129789164,-0.234621665,-0.079157353,-0.071834471,-0.45707922,-0.20793647,-0.134967248,-0.072878926,-0.132231389,-0.156198835,-0.128607861,-0.174589471,-0.244087344
2014/11/07,-0.082659443,-0.130485729,-0.08519089,-0.062717761,-0.077744962,-0.20756541,-0.066471237,-0.132070491,-0.131367613,-0.233279447,-0.198122883,0.523248122,-0.194892727,-0.122599122,0.091916762,-0.1341508,0.146253894,-0.139782736,-0.100130162,0.167023117,-0.197529694,-0.099590588,-0.083501058,0.017332429,-0.174510259,-0.259724135,0.432919766,-0.168301697,-0.170086079,0.701837249,0.148047645,-0.214293457,-0.094768722,-0.085000555,-0.138220182,-0.014153526,-0.080479168,-0.194382489,-0.12363174,-0.060276398,-0.178664627,-0.042557122,0.035985015,0.086029012,-0.046170476,-0.127080841,-0.070018328,-0.158956545,-0.190749795,-0.150795591,-0.018411822,-0.110105846,-0.068237938,-0.104111474,-0.130415815,-0.07823726,-0.007106734,-0.088464594,-0.051364099,-0.288575898,-0.15330057,-0.10921869,-0.159569877,-0.178548614,-0.187135732,-0.189402319,-0.047508993,-0.161947407,-0.332884107,-0.243821637,-0.154845304,-0.084708084,-0.080494467,-0.126852763,0.673781284,-0.061403596,-0.074820538,-0.122939669,-0.125794029,-0.02089011,-0.120621086,-0.073171595,0.271015389,-0.190354029,-0.183378896,-0.183561048,-0.118692355,-0.183089519,-0.079157353,-0.060053362,0.089094361,-0.172919985,0.522469645,-0.251014659,-0.132231389,-0.156198835,-0.128607861,-0.174589471,0.011674675
2014/11/21,-0.082659443,-0.080467593,-0.146560505,0.004331954,-0.042099582,-0.17358089,-0.091110617,0.099538075,0.035456727,-0.164767331,-0.198122883,-0.191737994,0.866662024,0.042826935,0.168314586,-0.145016251,-0.071504207,-0.139782736,0.466234707,-0.114677599,0.023617404,-0.099590588,-0.083501058,-0.049058588,0.301277445,-0.150954912,-0.194855655,-0.061589526,0.326157016,0.10146412,0.325541609,-0.214293457,-0.003299048,-0.071141058,-0.178347691,0.016053727,-0.089069918,-0.168080432,0.126557668,-0.060276398,-0.13982875,-0.055078213,-0.092892407,-0.138204312,-0.102527024,1.171013893,-0.080631035,-0.120136457,-0.049274898,0.067479639,-0.110780287,-0.054228562,-0.068291644,-0.118158574,-0.094996374,0.178954059,-0.059523513,0.070435519,-0.044313124,-0.062949489,0.010763677,-0.090520121,-0.159569877,-0.139301227,-0.111197238,0.19207397,0.11165602,-0.200075035,-0.332884107,-0.243821637,-0.048728041,-0.099470758,-0.082868533,-0.126852763,-0.002899603,1.381559278,0.85801406,0.078729788,0.02687203,0.099746946,-9.21E-04,0.095670609,0.173696053,-0.178099224,-0.183378896,0.192894277,0.018908072,-0.216728559,-0.079157353,-0.042982776,-0.386673941,0.142228378,-0.104443392,-0.138978301,-0.132231389,-0.156198835,-0.128607861,0.255326401,0.106063039
2014/12/07,-0.082659443,-0.130485729,-0.165848098,-0.157006422,-0.113390341,-0.232043006,-0.091110617,-0.134672834,-0.136274211,2.096132475,-0.198122883,-0.191737994,-0.194892727,-0.122599122,-0.15866319,-0.169510009,-0.265783769,-0.139782736,-0.124788757,-0.171017742,-0.197529694,-0.099590588,-0.083501058,0.570590904,-0.174510259,-0.267696748,-0.237593927,-0.216730405,-0.170086079,-0.235926842,-0.340060754,-0.214293457,-0.155748504,-0.088868321,-0.178347691,-0.195397044,-0.132023669,0.579504969,-0.231859742,-0.060276398,-0.22647649,-0.117683671,0.120774773,-0.138204312,-0.126895569,-0.127080841,-0.081752512,-0.357408098,-0.190749795,-0.205364399,-0.112523088,-0.020628111,-0.068291644,-0.117277292,-0.146294863,-0.121793854,0.464644275,-0.12619813,-0.19553799,-0.488353547,-0.442138143,-0.10921869,0.437764826,-0.195307925,-0.19255991,-0.189402319,-0.124727662,-0.200075035,1.099490245,-0.243821637,0.415035812,-0.222493043,-0.084564295,-0.126852763,-0.469813347,-0.193196458,-0.235560672,-0.122939669,-0.124846571,-0.0539467,-0.279157922,-0.09729191,-0.113007132,-0.190354029,-0.183378896,-0.249964115,-0.129789164,-0.234621665,-0.079157353,-0.071834471,-0.45707922,-0.20793647,-0.134967248,-0.260788693,0.478135292,-0.156198835,-0.128607861,-0.174589471,-0.244087344
2014/12/21,-0.082659443,-0.130485729,-0.165848098,-0.157006422,-0.113390341,-0.492117464,-0.091110617,-0.134672834,-0.136274211,1.513779495,-0.198122883,-0.191737994,-0.194892727,-0.122599122,-0.15866319,-0.156092452,0.810422378,-0.139782736,-0.124788757,-0.171017742,-0.197529694,-0.099590588,-0.083501058,-0.181840622,-0.174510259,-0.267696748,-0.237593927,0.301658505,-0.170086079,-0.235926842,-0.340060754,-0.214293457,-0.155748504,-0.02311629,-0.178347691,-0.195397044,-0.132023669,3.399894815,-0.231859742,-0.060276398,-0.22647649,-0.117683671,-0.237343458,-0.138204312,-0.126895569,-0.127080841,-0.095800478,-0.357408098,-0.190749795,-0.205364399,-0.112523088,0.449381338,-0.068291644,-0.132713078,-0.146294863,-0.121793854,-0.262772247,-0.12619813,-0.19553799,-0.488353547,-0.475655131,-0.10921869,-0.159569877,-0.195307925,-0.19255991,-0.189402319,-0.124727662,-0.200075035,-0.332884107,-0.243821637,-0.228083787,-0.222493043,-0.084564295,-0.126852763,-0.469813347,-0.193196458,0.547370205,-0.122939669,0.080962356,0.08783271,-0.279157922,-0.09729191,-0.059407929,-0.190354029,-0.183378896,-0.173529649,-0.129789164,-0.234621665,-0.079157353,-0.071834471,-0.45707922,-0.20793647,-0.134967248,2.429152486,-0.132231389,-0.156198835,-0.128607861,-0.174589471,-0.244087344
2015/01/07,1.12460763,-0.130485729,0.024923734,-0.090218621,-0.098241055,-0.099621761,0.851811079,0.786990465,0.239080554,0.151073521,-0.198122883,-0.122676835,-0.194892727,-0.029288055,-0.119942098,0.042350732,0.291870007,-0.139782736,0.217554735,-0.171017742,-0.103542177,-0.071570754,-0.083501058,-0.125408258,-0.174510259,-0.208400437,0.01937339,0.155543921,-0.170086079,0.763380424,0.055972652,-0.214293457,-0.155748504,-0.071608413,-0.144239308,0.864457991,0.616706222,0.806941894,1.183358039,-0.052885388,0.822385257,0.143068061,0.963247911,-0.127615516,-0.080947134,0.031712546,-0.09105929,0.222670075,-0.190749795,-0.158980912,0.109128552,0.543233305,-0.068245993,0.037057868,1.104403724,-0.097111784,0.747528478,0.141615642,0.120767837,0.212325308,-0.163416457,0.138660121,-0.114769774,0.281192605,0.084073174,0.09779483,-0.124727662,-0.200075035,-0.118027954,0.113082826,0.612913892,-0.1850806,-0.084564295,-0.124090712,0.541818354,0.117023663,0.324601637,-0.045392961,0.160646204,0.134292318,0.86209323,0.240995506,0.063632017,0.331401075,0.086412641,-0.077651576,-0.093946472,-0.135255281,0.921945027,-0.048786508,-0.34592071,-0.193054463,-0.061621944,0.054852523,-0.132231389,-0.156198835,0.064807419,0.556267511,0.553037614
2015/01/21,0.823697218,-0.130485729,-0.165848098,-0.157006422,-0.113390341,-0.492117464,-0.091110617,-0.134672834,-0.136274211,-0.233279447,-0.198122883,-0.191737994,-0.194892727,-0.122599122,-0.15866319,-0.170503902,-0.137646096,-0.139782736,-0.124788757,-0.171017742,-0.197529694,-0.099590588,-0.083501058,-0.181840622,-0.174510259,-0.267696748,-0.237593927,3.725695126,-0.170086079,-0.235926842,-0.340060754,-0.214293457,-0.155748504,-0.02311629,-0.178347691,-0.195397044,-0.132023669,2.385242371,-0.231859742,-0.060276398,-0.22647649,-0.117683671,2.179954601,-0.138204312,-0.126895569,-0.127080841,-0.095800478,-0.357408098,-0.190749795,-0.205364399,-0.112523088,-0.110582073,-0.068291644,0.093375787,-0.146294863,-0.121793854,-0.262772247,-0.12619813,-0.19553799,-0.488353547,-0.475655131,-0.10921869,-0.159569877,-0.195307925,0.729550369,-0.189402319,-0.124727662,-0.200075035,-0.332884107,-0.243821637,-0.180562634,-0.222493043,-0.084564295,-0.126852763,-0.469813347,-0.193196458,0.409205933,-0.122939669,1.110006992,-0.14416996,-0.279157922,-0.09729191,-0.134446813,-0.190354029,-0.183378896,-0.165036931,-0.129789164,-0.234621665,-0.079157353,-0.071834471,-0.45707922,-0.20793647,-0.134967248,-0.366327055,-0.132231389,-0.156198835,-0.128607861,-0.174589471,-0.244087344
2015/02/07,0.377581407,-0.003993585,0.411169123,-0.137577244,-0.020428812,0.674187519,-0.091110617,-0.014323412,0.475776126,0.107056711,-0.164301636,0.687222211,-0.058177342,-0.034482512,-0.097274916,0.879725998,0.917231094,-0.139782736,-0.12093939,0.351409041,-0.197529694,-0.099590588,0.114954793,0.814220593,-0.123771572,-0.210090617,0.383767753,0.718058211,-0.170086079,-8.75E-04,0.349051177,-0.192129806,-0.155748504,0.255165404,0.069713274,-0.191153049,0.4416295,0.342564751,0.451157457,1.092579814,0.321544847,-0.117683671,-0.184228225,-0.138204312,0.401785684,-0.098421607,0.737586445,0.254812744,-0.190749795,-0.061613924,1.244685177,-0.03709489,-0.064349124,0.919722851,-0.109334383,-0.121793854,0.090952287,0.013803164,-0.117525649,0.147105776,0.337893577,0.124590692,0.492067981,0.660060311,0.343341843,0.039637872,0.971233043,0.035623028,-0.093168565,-0.243821637,0.466168273,-0.222493043,0.286387151,-0.124341807,0.936984156,-0.146193409,0.510495587,0.845466586,0.117373242,-0.045989964,0.737249254,-0.06001506,0.031565168,0.609828992,1.274560194,0.458705609,-0.045132436,0.354386866,-0.077225337,0.084818111,-0.094927665,-0.180878277,-0.032208774,0.647652315,1.038418756,0.58711856,-0.128607861,-0.008485611,0.002955515
2015/02/21,-2.63E-04,-0.130485729,0.867643027,0.709211127,0.702605305,0.338293833,-0.007336725,0.093774406,0.191170258,-0.193573562,0.393748937,-0.191737994,-0.182464055,0.132276846,0.770123617,0.874098687,0.36002003,-0.139782736,1.097599255,-0.171017742,-0.197529694,-0.042984863,0.063339237,1.229383053,0.688047415,-0.031584952,0.281912649,0.747209786,-0.155048409,-0.12047013,0.38510864,-0.169966156,-0.108627763,0.016396062,-0.155796694,-0.097077844,0.795011576,0.451968695,0.027479993,-0.005462683,-0.094597781,-0.103170588,0.285066444,0.487497261,0.89629229,-0.123896482,-0.068877144,0.223904801,-0.093575118,-0.205364399,-0.078686998,-0.029177455,-0.067604585,-0.056815836,-0.110802428,-0.06037199,0.278122722,-0.082479203,-0.166766187,0.528973747,0.268583585,0.561341364,1.001160057,0.170371111,-0.084440575,0.128038198,-0.103417315,0.153472059,-0.08922263,-0.243821637,0.426307358,-0.101100889,0.012164213,-0.112943592,0.203207104,0.078376712,0.095839044,0.455877863,0.355824957,0.010798077,-0.053160025,-0.09729191,-0.103505455,0.832365099,0.004217761,1.038031967,0.102977861,-0.067195425,-0.063905793,1.100577095,0.768200205,0.76841332,0.091268167,0.996475869,0.247986699,0.543394007,-0.128607861,0.828744953,-0.123310835
2015/03/07,-0.080757995,-0.062847568,0.063288633,-0.011287582,-0.044529949,0.460346781,-0.082323146,-0.076620016,-0.090235026,-0.135541883,-0.066089938,0.015928428,-0.194892727,-0.091228677,-0.084101724,-0.048902048,0.121646548,-0.121012924,-0.07491354,-0.171017742,-0.112086497,-0.071287726,-0.083501058,0.073824486,-0.014023607,-0.064987482,0.565346495,0.673261909,-0.170086079,-0.20459985,0.259518864,-0.048187856,-0.155748504,0.03681429,0.248262649,-0.148713107,-0.118936721,-0.121160829,-0.160802864,0.039979656,-0.167698514,0.018169156,-0.097642467,-0.045644907,0.218480182,-0.055432755,0.758626579,-0.073090045,-0.093922171,-0.205364399,-0.064647546,-0.09905953,-0.065712702,-0.02392834,-0.104331,-0.121793854,0.030719609,-0.078715884,-0.11112238,0.228299269,0.292564027,0.239306157,0.141812632,0.845506401,0.247538178,0.668447726,-0.023562058,-0.200075035,0.203786747,-0.243821637,0.042444498,-0.1409768,-0.084564295,-0.114722227,0.841790322,-0.034315823,0.273110137,-0.122939669,0.090770529,0.195271075,0.103857389,-0.09729191,-0.067162947,0.242881157,-0.063249084,0.61702647,0.280601084,-0.120393575,-0.058440949,-0.022136334,0.558423436,0.09240947,0.003263929,1.016302939,0.308851526,0.375783222,-0.128607861,0.033040354,-0.008808431
2015/03/21,-0.082659443,-0.130485729,-0.017031165,-0.142045955,-0.011132659,-0.136465643,-0.081686054,-0.133935503,0.711749516,-0.124088263,-0.198122883,-0.019085097,-0.194892727,-0.105697495,-0.154470651,-0.104697825,-0.107579774,-0.128491521,-1.94E-04,0.712536555,-0.034617998,-0.099590588,-0.040215538,-0.136694731,0.343926367,0.196508657,0.515069311,-0.05958165,0.723151491,-0.032762393,0.005682695,0.288544365,-0.155748504,-0.065759222,0.230952901,-0.14661233,-0.083620928,-0.090008001,-0.055538289,0.042030749,-0.184715637,-0.116974143,0.007296058,-0.138204312,-0.037040852,0.007776778,-0.053656578,0.206084856,0.089842084,0.154107622,-0.071785109,-0.1090641,0.151400061,-0.11051619,-0.128877493,-0.121793854,-0.014995994,-0.125022101,-0.08127044,0.400374061,0.024711603,-0.091880017,0.019630534,0.189614655,-0.082675102,0.603169168,-0.015334547,-0.200075035,0.155018407,-0.124853483,-0.171589056,-0.184673943,-0.06287126,-0.045257177,0.251040038,-0.144652754,-0.062612265,-0.088349756,-0.090291551,-0.121718869,0.03204309,-0.012549204,-0.100232655,0.024922034,0.481739833,0.1527521,-0.003144986,-0.166484716,-0.064718377,-0.059078616,0.089986007,0.364524696,0.155619859,0.205217875,0.006245552,-0.156198835,-0.074209814,-0.089322823,-0.01763139
2015/04/07,-0.082659443,-0.089151297,-0.091327851,-0.092692243,-0.094453734,-0.232043006,-0.091110617,-0.120335849,-0.095726628,-0.209014739,-0.198122883,-0.191737994,0.557041889,0.137185147,-0.134306535,-0.166169424,-0.266295234,-0.139782736,-0.067645254,-0.011387336,-0.145314407,-0.090942491,1.270602867,-0.119137995,0.204463883,-0.077885806,0.271951621,-0.048957661,-0.170086079,-0.097462844,0.131407586,-0.214293457,-0.155748504,-0.0678642,0.162736135,-0.188264776,-0.132023669,0.053388886,-0.167975158,-0.059195841,-0.200081552,-0.101423643,-0.093101393,-0.138204312,-0.073856326,-0.127080841,0.107309708,0.584218877,0.911575442,0.277796919,-0.044626457,-0.110582073,1.323120855,-0.125644648,-0.056552765,-0.121793854,-0.196260782,-0.119664638,0.062070014,0.14831081,-0.151657581,-0.10921869,0.238653258,-0.100691357,0.146827901,0.091103857,-0.124727662,-0.128056183,0.375842786,0.284925716,-0.091064463,-0.171660919,1.262341796,-0.123783817,-0.154632917,0.095640178,-0.125825262,-0.087227369,-0.12633794,-0.143856685,-0.201869866,-0.028951018,-0.129682439,-0.172993056,0.064388842,0.097576795,-0.122802284,-0.133227396,-0.079157353,-0.046998304,0.043593406,0.122774775,-0.134967248,0.110186515,-0.132231389,-0.138385128,-0.076800197,-0.174589471,1.089486607
2015/04/21,-0.082659443,1.171548858,-0.068971777,0.219231527,-0.113390341,-0.370207562,-0.075403012,-0.024073238,-0.032008998,0.203485289,0.127406618,-0.191737994,0.322062321,-0.069194675,-0.15866319,-0.140687109,-0.2029949,0.594751159,-0.124788757,0.128289269,0.859829868,-0.086618443,0.135503065,-0.134813652,0.081297287,-0.062983294,0.088758681,-0.19696504,-0.170086079,0.215339917,-0.143615612,-0.04668085,1.356041935,-0.065581143,1.072293006,-0.195397044,-0.132023669,0.138460774,-0.162167468,-0.060276398,0.729832422,-0.101054096,0.260664707,0.302995515,0.054345479,-0.06797117,-0.060680561,0.760071647,0.109884361,0.519377578,-0.096783415,-0.110582073,-0.062585366,-0.118100155,-0.142162056,-0.121793854,-0.205942831,1.054285064,1.43981282,0.054950291,0.088896635,-0.105606466,0.28843115,-0.09950676,-0.062888152,0.262238359,-0.124727662,0.124009801,0.002828632,-0.243821637,-0.086114343,1.302470697,0.039756258,0.852812153,0.056570464,-0.135748287,-0.211573819,-0.122939669,-0.101357509,-0.126447534,-0.228756939,-0.046036241,-0.121270342,-0.181673542,0.036859093,0.555570227,0.438506149,-0.128157682,-0.079157353,-0.071834471,0.380054597,-0.009509723,-0.04765141,-0.124159952,-0.11792592,-0.156198835,1.309054822,-0.174589471,0.095596587
2015/05/07,-0.082659443,-0.130485729,-0.165848098,-0.148786385,-0.113390341,-0.252048734,-0.052445744,-0.134672834,-0.136274211,0.035498852,1.404483892,-0.191737994,0.007551208,-0.064093489,-0.15866319,-0.170503902,-0.306814995,0.160985466,-0.094931484,-0.171017742,0.380855024,-0.099590588,-0.083501058,-0.123961274,0.140329797,-0.015741728,-0.202460131,-0.217561666,0.669709927,-0.061636494,-0.340060754,-0.214293457,-0.155748504,-0.068636927,-0.178347691,0.002111918,-0.132023669,-0.190413835,-0.017421976,-0.060276398,-0.126019542,-0.117683671,-0.082388455,-0.138204312,-0.126895569,-0.127080841,-0.068244851,0.109342927,0.179261473,-0.205364399,-0.112523088,-0.103835526,-0.068291644,-0.131874935,-0.145809575,-0.121793854,-0.150862012,-0.076854275,-0.025686559,0.015466949,0.443483808,-0.10921869,-0.159569877,-0.177440086,0.215296559,-0.011240316,-0.124727662,-0.200075035,-0.084973161,0.854345942,-0.190554261,-0.053573983,-0.031343456,1.058704454,-0.145884848,-0.087138297,-0.209581065,-0.122939669,-0.178076974,-0.140699835,-0.279157922,-0.09729191,-0.129499194,-0.190354029,-0.183378896,-0.227316866,-0.129789164,-0.234621665,-0.079157353,-0.071834471,0.401519567,-0.162145682,-0.134967248,-0.283312124,-0.132231389,-0.156198835,0.062681976,-0.174589471,0.127532683
2015/05/21,-0.06849762,-0.068484082,-0.100953383,-0.118046871,-0.113390341,-0.305188948,-0.091110617,-0.134672834,-0.136274211,0.421867656,0.344426286,-0.191737994,0.118413363,-0.122599122,-0.15866319,-0.170503902,-0.320117806,0.535673906,-0.110233336,0.008566464,0.448634483,-0.089861479,-0.083501058,-0.146570394,-0.003971895,0.088787026,-0.235279369,-0.214962448,-0.108055692,-0.132078843,-0.065037556,-0.04668085,-0.155748504,-0.079279483,-0.121500387,-0.152603435,-0.132023669,-0.194382489,-0.136032865,-0.060276398,-0.052269898,-0.117683671,-0.089060128,-0.033419353,-0.126895569,-0.127080841,-0.076923523,-0.253750475,-0.190749795,-0.205364399,-0.112523088,-0.090342432,-0.068291644,-0.13217396,-0.140365819,-0.121793854,-0.224885969,-0.120629813,-0.164487026,-0.168978994,-0.119013431,-0.10921869,-0.131569813,-0.191602908,-0.118118716,-0.189402319,-0.110076798,0.853200682,0.14270894,0.499729328,-0.205511239,-0.039497395,-0.081861675,0.603364434,-0.250486759,-0.092662159,-0.230443477,-0.122939669,-0.176112382,-0.118492581,-0.243788811,-0.020408406,-0.134111818,-0.190354029,-0.183378896,-0.246531641,1.214311784,-0.206104527,-0.079157353,-0.071834471,-0.258992,-0.018810976,-0.134967248,-0.318323992,-0.132231389,-0.156198835,0.221093872,0.434458014,-0.130859367
2015/06/07,-0.082659443,-0.130485729,-0.156676375,-0.157006422,-0.113390341,-0.011980003,-0.091110617,-0.134672834,-0.136274211,0.841833748,-0.198122883,-0.191737994,0.03647177,-0.122599122,-0.15866319,-0.170503902,-0.336009457,-0.139782736,-0.124788757,0.27103569,-0.197529694,-0.075642012,-0.083501058,-0.008202578,-0.174510259,-0.215568123,-0.22050181,-0.218001746,-0.131913533,-0.166210703,-0.340060754,0.198291423,-0.155748504,-0.08254601,-0.178347691,-0.195397044,-0.132023669,-0.194382489,-0.167528412,-0.060276398,-0.091534321,-0.117683671,-0.144370456,-0.138204312,-0.126895569,-0.127080841,-0.087695882,-0.264057893,-0.190749795,-0.205364399,-0.112523088,-0.104354491,-0.068291644,-0.129150973,-0.141145424,-0.121793854,-0.206817129,-0.12619813,-0.093627132,-0.404015321,-0.061849241,-0.10921869,-0.159569877,-0.184698895,-0.19255991,-0.146643438,-0.124727662,-0.200075035,-0.00233618,-0.060793707,-0.190797959,-0.053573983,-0.084564295,-0.124728108,-0.415825264,-0.166681918,-0.234379781,-0.122939669,-0.178535857,-0.14416996,-0.270451679,-0.09729191,-0.134446813,-0.030098895,-0.081730593,-0.245260455,-0.129789164,-0.234621665,-0.079157353,-0.071834471,0.426959531,-0.162145682,-0.134967248,-0.367069585,-0.132231389,-0.119201136,-0.128607861,0.106509368,-0.244087344
2015/06/21,-0.072948478,-0.130485729,-0.159460648,-0.134107747,-0.094453734,-0.231114169,-0.091110617,-0.129406187,-0.136274211,0.5154601,-0.198122883,0.400214797,-0.141183111,-0.122599122,-0.15866319,-0.170503902,-0.334726883,-0.139782736,-0.124788757,0.239460444,-0.197529694,0.078313119,-0.083501058,-0.101222959,-0.174510259,-0.219291596,-0.21378705,-0.218001746,-0.134640143,-0.187158743,-0.340060754,0.551935605,0.769837479,-0.081823461,-0.145863517,-0.195397044,-0.132023669,-0.194382489,-0.231859742,-0.058424015,-0.104514472,-0.117683671,-0.04869189,0.013064201,-0.126895569,-0.127080841,-0.076233668,-0.100828392,-0.190749795,-0.205364399,-0.112523088,-0.110582073,-0.067965571,-0.132713078,-0.14388319,-0.121793854,-0.210813924,-0.118714312,-0.077248601,-0.406583716,-0.156525524,-0.10921869,-0.159569877,-0.188567602,-0.19255991,-0.189402319,-0.124727662,0.216605468,-0.102681086,-0.243821637,-0.203734853,0.138269807,-0.084564295,-0.123893422,-0.194088494,-0.012645065,-0.232271047,-0.122939669,-0.17802453,-0.135884151,-0.275115738,-0.09729191,-0.129086892,-0.175473195,0.005396524,-0.24221552,-0.129789164,-0.182476041,-0.078764456,-0.071834471,-0.076358044,-0.144156444,-0.134967248,-0.380475447,-0.132231389,0.336222912,-0.128607861,-0.174589471,-0.192325983
2015/07/07,-0.082659443,-0.130485729,-0.165848098,-0.148786385,-0.074060464,0.018028589,-0.013780871,-0.117657512,-0.136274211,-0.233279447,-0.198122883,-0.191737994,-0.194892727,-0.122599122,-0.15866319,-0.170503902,-0.3382424,-0.138293785,-0.124788757,-0.171017742,0.308556934,-0.099590588,-0.083501058,0.035206933,-0.174510259,0.097203627,-0.18346889,-0.218001746,-0.074654714,-0.126704891,-0.267527163,0.610876302,-0.155748504,-0.080438573,-0.178347691,-0.116393459,-0.132023669,-0.194382489,-0.135362747,-0.058780242,-0.205110646,-0.117683671,-0.080666732,-0.138204312,-0.126895569,-0.127080841,-0.086074963,-0.26094622,0.27176429,-0.205364399,-0.112523088,-0.110582073,-0.067940488,-0.130827258,-0.145575918,-0.121793854,-0.220805909,-0.125786931,-0.093627132,-0.381926738,-0.011573759,-0.10921869,-0.159569877,-0.191957705,-0.19255991,-0.189402319,0.055590659,0.398235432,-0.084973161,0.579804047,-0.025692416,-0.194339867,-0.084564295,-0.124728108,-0.456316326,-0.193196458,-0.235560672,-0.122939669,-0.17578256,-0.143178496,-0.270451679,-0.09729191,-0.128674591,-0.190354029,-0.183378896,-0.243953883,-0.129789164,-0.227602062,-0.079157353,-0.071834471,-0.304439435,-0.185041076,-0.134967248,-0.3867714,-0.120493568,-0.113034853,0.349616732,-0.174589471,-0.244087344
2015/07/21,-0.082659443,-0.130485729,-0.150944049,-0.157006422,0.324856868,0.524959435,-0.091110617,-0.134672834,-0.136274211,0.016300402,-0.012106025,-0.191737994,-0.194892727,-0.122599122,-0.158149818,-0.170503902,-0.33293258,-0.127339356,-0.108153991,-0.171017742,0.205273949,0.078313119,-0.068778092,-0.020605295,-0.174510259,0.234506701,-0.184689755,-0.217729316,-0.143501627,-0.119940765,0.468170686,0.36037834,0.214485889,-0.087107106,-0.178347691,-0.195397044,-0.132023669,-0.194382489,-0.14225539,-0.060276398,-0.190799815,-0.117683671,-0.128628995,-0.119295748,-0.122519527,-0.127080841,-0.089779921,-0.212937543,-0.147802059,0.788567455,-0.112523088,-0.110582073,-0.068291644,-0.132583365,-0.142527145,-0.033643604,-0.175092577,-0.118561581,-0.065419662,-0.330233717,-0.085720887,-0.10921869,-0.09556973,-0.183166702,-0.151394273,-0.189402319,0.444563037,-0.200075035,0.10833835,0.096087375,-0.2033049,0.012787076,-0.084564295,-0.126852763,-0.428036854,-0.162420652,-0.233550345,-0.017989237,-0.178216278,-0.141408024,-0.251873179,-0.09729191,-0.132915407,-0.190354029,-0.136185041,-0.191384579,-0.129789164,-0.182476041,-0.078666232,-0.061616162,0.25554263,0.174743685,-0.134967248,-0.285012872,-0.132231389,-0.041682149,-0.128607861,-0.174589471,0.144122863
2015/08/07,-0.082659443,0.719822573,-0.165848098,-0.149373531,-0.089043274,-0.113616244,-0.091110617,-0.134672834,-0.12137918,-0.066892881,-0.074111644,0.2028972,-0.020336477,-0.122599122,-0.15866319,-0.170503902,-0.330622935,-0.029635777,-0.074884458,-0.171017742,0.138140008,0.067194138,-0.077611872,-0.149593557,-0.174510259,-0.158785157,-0.219606508,-0.217933638,0.184373275,-0.13882222,0.198760206,-0.214293457,0.307044487,-0.087694178,-0.178347691,-0.011995865,-0.132023669,-0.194382489,-0.201991625,-0.060276398,0.054829739,-0.117683671,-0.142378177,-0.138204312,-0.125436888,-0.123327846,-0.081050113,-0.293263172,-0.018958849,0.457256837,-0.112523088,-0.110582073,-0.068291644,-0.130232326,-0.145456201,-0.121793854,-0.204319133,-0.115888789,-0.091443327,-0.228711339,-0.263779886,-0.10921869,-0.159569877,-0.185931962,-0.09376238,-0.169549981,-0.124727662,0.262903302,-0.025946746,0.096087375,-0.153362432,-0.149294784,-0.084564295,-0.126852763,-0.409655197,-0.143955169,-0.235560672,-0.122939669,-0.176746214,-0.143203282,-0.254904817,-0.09729191,-0.131766853,-0.190354029,-0.183378896,-0.239388658,-0.129789164,-0.143366823,-0.079157353,-0.056507008,-0.245654947,-0.144156444,-0.134967248,-0.363711579,0.070497545,-0.087488823,-0.128607861,-0.044079295,-0.114683942
2015/08/21,-0.079105103,0.219641219,-0.164094681,-0.152815815,-0.106706833,-0.262640001,-0.091110617,-0.134672834,-0.136274211,-0.233279447,0.414638531,0.133255695,-0.128545555,-0.102714855,-0.158240413,-0.170503902,-0.317043259,0.23292226,-0.097390318,-0.171017742,0.217121115,-0.008022503,-0.083501058,-0.137579944,-0.174510259,-0.068381417,-0.211453042,-0.217796088,-0.072783511,-0.140853166,-0.007259573,0.206381322,-0.003299048,-0.057926189,-0.178347691,-0.195397044,-0.132023669,-0.194382489,-0.010484283,-0.060276398,-0.127871689,-0.117683671,-0.100415899,-0.138204312,-0.119687971,-0.127080841,-0.074728528,-0.276504587,0.327991493,0.203901659,-0.112523088,-0.109391506,-0.068023113,-0.132499433,-0.144308779,-8.03E-04,-0.16649653,-0.112781762,-0.156572074,-0.222546391,-0.085280801,-0.10921869,-0.106863874,-0.183885974,-0.011753973,-0.189402319,-0.014415277,0.333711754,-0.016919176,0.036103432,-0.186153358,0.251142753,-0.084564295,-0.122790923,-0.32531583,-0.068162204,-0.232550557,-0.058117344,-0.177132215,-0.13848362,-0.276383874,-0.09729191,-0.133816234,-0.190354029,-0.105647841,-0.244768569,-0.129789164,-0.148734755,-0.079157353,-0.046589238,-0.132844384,0.107211893,-0.134967248,-0.356087411,0.042800233,-0.156198835,-0.128607861,-0.174589471,-0.173042339
2015/09/07,-0.03167688,0.086520036,-0.139766012,0.240380998,-0.113390341,-0.047146321,-0.08063888,-0.134672834,-0.136274211,-0.233279447,-0.116740508,-0.191737994,0.098831732,-0.122599122,-0.15866319,-0.170503902,0.001080667,0.976837827,-0.008345392,-0.081225639,-0.197529694,-0.050945043,-0.077059761,-0.181840622,-0.046606486,1.151179263,-0.134596118,-0.214664478,0.186588645,-0.165121388,-0.340060754,0.065060889,-0.155748504,-0.088868321,0.205371614,-0.174000239,-0.132023669,-0.194382489,-0.105542495,-0.060276398,0.391774176,0.206593036,0.160643404,0.258875533,-0.109026733,-0.127080841,-0.079447767,-0.273976353,-0.115591256,-0.132890201,-0.112523088,-0.110582073,-0.068291644,-0.124328381,-0.137985439,1.343704058,0.048842383,-0.103924862,0.146022622,0.396133136,0.004842314,-0.10921869,-0.103569749,-0.174495557,0.028362344,-0.189402319,0.080384428,-0.017777315,0.96520515,-0.243821637,-0.111755965,-0.085246307,-0.081861675,-0.126421192,-0.400359927,-0.166267628,-0.233401855,0.313260562,-0.163435745,-0.127857272,-0.270684072,-0.09729191,-0.130426873,-0.190354029,-0.121436962,-0.226573753,-0.050204239,0.321462533,-0.078727622,-0.049481921,-0.327030653,0.015293621,-0.134967248,-0.237028484,-0.065472533,-0.13114831,-0.076800197,-0.060393067,-0.111988037
2015/09/21,-0.004971729,-0.130485729,-0.026743637,0.195378741,-0.113390341,-0.306349994,-0.091110617,-0.134672834,-0.136274211,-0.233279447,-0.115448724,0.071352135,-0.194892727,-0.056423439,0.126486502,-0.124761155,-0.257897066,-0.139782736,-0.065642921,-0.171017742,-0.197529694,1.234687218,-0.083501058,-0.14601055,-0.174510259,-0.04718439,-0.163528087,-0.212280715,0.042589533,-0.166874666,-0.250257261,-0.214293457,-0.155748504,-0.037206011,0.178978222,-0.16279239,-0.132023669,-0.190287846,-0.125661991,-0.060276398,-0.125769649,0.434734964,0.233752548,0.819829599,-0.109391403,0.003022985,-0.086100692,0.008583975,-0.076222498,-0.205364399,-0.112523088,-0.110582073,-0.068291644,-0.131578093,-0.117532811,-0.06302702,1.005876806,-0.110161377,-0.153479541,-0.102749999,0.470002743,-0.10921869,0.09643071,-0.181366402,0.850302905,-0.154109274,-0.124727662,-0.200075035,0.374777031,0.096087375,-0.072244578,0.265495353,-0.084564295,-0.122249344,-0.288781878,-0.029058828,-0.232636561,0.226895103,-0.079750412,-0.108801828,-0.148797487,-0.090783253,-0.111475726,-0.170512917,0.005396524,-0.20902382,-0.129789164,-0.11729401,-0.069553196,-0.034367339,-0.169668197,0.366083763,-0.134967248,-0.134596191,-0.124965119,-0.156198835,-0.099003482,-0.174589471,-0.244087344
2015/10/07,-0.082659443,-0.130485729,-0.153653876,0.200004736,-0.082403165,0.035419931,-0.091110617,-0.134672834,-0.136274211,-0.233279447,-0.138935701,-0.191737994,-0.115142086,-0.122599122,0.249374305,-0.078637458,-0.015482436,-0.139782736,-0.10538153,-0.083946612,-0.197529694,-0.085439157,-0.083501058,-0.147639189,-0.14353429,-0.154751394,-0.150622675,-0.125316721,-0.155048409,-0.077322626,-0.340060754,-0.214293457,-0.155748504,-0.067200038,-0.178347691,-0.008661298,-0.109263759,-0.194121921,-0.143160484,-0.060276398,-0.138985576,-0.002385286,-0.114240316,-0.138204312,0.019768121,0.040098026,-0.067864181,-0.140457979,0.246536249,-0.135086389,-0.107472926,0.21110556,-0.068291644,-0.1280083,0.143845935,0.270875443,0.1119437,-0.015560734,-0.140391477,-0.201281074,0.11583439,-0.096083331,-0.118883238,-0.165448151,0.081628184,-0.189402319,-0.09634228,-0.200075035,-0.247429955,-0.027515902,-0.12432927,0.099135673,-0.084564295,-0.122667837,-0.302327589,0.3342822,0.173580024,-0.07284969,0.016562329,-0.083532899,-0.117103089,-0.010312593,-0.107159946,-0.190354029,-0.12331399,-0.165783518,-0.119499396,0.238244338,-0.079157353,-0.060996871,-0.107568805,-0.20793647,0.011088335,0.096559199,-0.132231389,-0.054174879,-0.128607861,-0.174589471,-0.244087344
2015/10/21,-0.082659443,-0.130485729,-0.165848098,-0.0269154,-0.105157034,-0.11472681,0.144427572,-0.134672834,-0.136274211,0.146515975,-0.08489523,0.048474733,-0.17309752,-0.080855369,-0.11418582,-0.126657371,-0.201878311,-0.139221682,-0.104537737,-0.139785706,-0.013641074,0.013210676,-0.083501058,-0.132769001,0.300031275,-0.070042379,-0.121396431,-0.185789858,0.304581229,0.43165571,-0.319562131,-0.097693382,-0.155748504,-0.081900035,0.128133428,0.007407448,-0.130209473,-0.183914446,0.240835683,-0.053511171,-0.211434023,-0.117683671,-0.13710928,-0.007762624,-0.026267757,0.169895283,-0.079462082,-0.140199759,0.175239612,0.063525378,-0.086196371,-0.091222416,-0.068291644,-0.126870376,-0.140937262,-0.06813718,-0.019641181,-0.103111404,-0.116335529,-0.058628751,-0.294408375,-0.10921869,-0.042700044,-0.132293041,-0.125740325,-0.181346298,0.05872663,0.194463026,-0.14605267,0.169980639,0.176259238,-0.020932619,-0.084564295,-0.125251574,-0.258751239,-0.07205575,-0.164921129,-0.075027515,-0.019867159,-0.010726396,-0.189197358,1.097188029,0.012368394,-0.190354029,-0.164227767,-0.218227195,-0.129789164,0.414742506,-0.054444681,-0.059394791,-0.030498953,0.050881027,1.075812363,0.233677559,-0.012811821,-0.044669541,-0.128607861,-0.174589471,-0.034041242
2015/11/07,-0.082659443,-0.130485729,-0.08519089,-0.062717761,-0.077744962,-0.20756541,-0.066471237,-0.132070491,-0.131367613,-0.233279447,-0.198122883,0.523248122,-0.194892727,-0.122599122,0.091916762,-0.1341508,0.146253894,-0.139782736,-0.100130162,0.167023117,-0.197529694,-0.099590588,-0.083501058,0.017332429,-0.174510259,-0.259724135,0.432919766,-0.168301697,-0.170086079,0.701837249,0.148047645,-0.214293457,-0.094768722,-0.085000555,-0.138220182,-0.014153526,-0.080479168,-0.194382489,-0.12363174,-0.060276398,-0.178664627,-0.042557122,0.035985015,0.086029012,-0.046170476,-0.127080841,-0.070018328,-0.158956545,-0.190749795,-0.150795591,-0.018411822,-0.110105846,-0.068237938,-0.104111474,-0.130415815,-0.07823726,-0.007106734,-0.088464594,-0.051364099,-0.288575898,-0.15330057,-0.10921869,-0.159569877,-0.178548614,-0.187135732,-0.189402319,-0.047508993,-0.161947407,-0.332884107,-0.243821637,-0.154845304,-0.084708084,-0.080494467,-0.126852763,0.673781284,-0.061403596,-0.074820538,-0.122939669,-0.125794029,-0.02089011,-0.120621086,-0.073171595,0.271015389,-0.190354029,-0.183378896,-0.183561048,-0.118692355,-0.183089519,-0.079157353,-0.060053362,0.089094361,-0.172919985,0.522469645,-0.251014659,-0.132231389,-0.156198835,-0.128607861,-0.174589471,0.011674675
2015/11/21,-0.082659443,-0.080467593,-0.146560505,0.004331954,-0.042099582,-0.17358089,-0.091110617,0.099538075,0.035456727,-0.164767331,-0.198122883,-0.191737994,0.866662024,0.042826935,0.168314586,-0.145016251,-0.071504207,-0.139782736,0.466234707,-0.114677599,0.023617404,-0.099590588,-0.083501058,-0.049058588,0.301277445,-0.150954912,-0.194855655,-0.061589526,0.326157016,0.10146412,0.325541609,-0.214293457,-0.003299048,-0.071141058,-0.178347691,0.016053727,-0.089069918,-0.168080432,0.126557668,-0.060276398,-0.13982875,-0.055078213,-0.092892407,-0.138204312,-0.102527024,1.171013893,-0.080631035,-0.120136457,-0.049274898,0.067479639,-0.110780287,-0.054228562,-0.068291644,-0.118158574,-0.094996374,0.178954059,-0.059523513,0.070435519,-0.044313124,-0.062949489,0.010763677,-0.090520121,-0.159569877,-0.139301227,-0.111197238,0.19207397,0.11165602,-0.200075035,-0.332884107,-0.243821637,-0.048728041,-0.099470758,-0.082868533,-0.126852763,-0.002899603,1.381559278,0.85801406,0.078729788,0.02687203,0.099746946,-9.21E-04,0.095670609,0.173696053,-0.178099224,-0.183378896,0.192894277,0.018908072,-0.216728559,-0.079157353,-0.042982776,-0.386673941,0.142228378,-0.104443392,-0.138978301,-0.132231389,-0.156198835,-0.128607861,0.255326401,0.106063039
2015/12/07,-0.082659443,-0.130485729,0.060065913,-0.046396449,-0.113390341,0.006130445,-0.091110617,0.806005834,-0.136274211,-0.110678819,-0.06105783,-0.094810052,0.359164358,0.544570371,0.719550788,0.070872631,0.785300156,-0.139782736,-0.085565729,0.43389748,-0.197529694,-0.099590588,-0.078076808,-0.05313523,-0.174510259,-0.139295714,-0.179120895,0.116885955,-0.143968021,-0.082808185,-0.108462271,-0.120195151,-0.101187646,-0.057434236,-0.034733448,0.916335857,-0.066139721,-0.046695194,0.014630827,-0.060276398,-0.185338857,-0.117683671,-0.201531635,-0.026743303,-0.107978786,0.204762925,-0.075024275,-0.162813864,-0.190749795,0.026553034,0.215329929,-0.100024319,-0.054356312,-0.092379321,0.082965596,-0.069831601,-0.136750525,-0.034929312,0.168212259,0.400854593,-0.156185314,0.076335533,-0.128131208,-0.152200783,-0.19255991,0.122662495,-0.104987551,-0.063618262,-0.102007978,-0.243821637,0.119054065,-0.145442244,-0.080012513,-0.126852763,-0.054862834,-0.086766163,0.354802067,-0.122939669,-0.062177674,0.180498103,0.011737498,-0.044537537,1.210159705,-0.175734262,-0.169469129,-0.075580297,-0.124493845,0.661917142,-0.069603745,-0.070328615,-0.261548549,-0.20793647,-0.00849715,-0.132171435,-0.047101299,-0.156198835,-0.128607861,-0.110479209,-0.196412406
2015/12/21,-0.064532309,-0.130485729,0.466083595,0.311398694,-0.074570295,0.437973817,-0.091110617,-0.016515599,-0.136274211,-0.029455903,-0.067911082,0.314710505,0.011889293,0.998823839,0.154495515,0.133294437,0.7968566,-0.139782736,-0.012809055,-0.171017742,-0.197529694,-0.006191142,-0.076630341,-0.10659747,-0.148929504,0.428046633,0.037313783,0.254686462,-0.170086079,-0.101188784,0.382857368,-0.214293457,-0.155748504,1.146091814,-0.178347691,0.249656484,0.096428921,0.504624192,0.069210882,-0.044716376,0.201365153,0.933305452,-0.12766975,-0.102908325,0.209651187,0.119866228,-0.070812658,0.47165063,-0.190749795,-0.205364399,0.035059499,-0.058970988,-0.068291644,0.401319715,1.03799045,0.013957532,0.050926128,-0.089313598,-0.067470011,0.186909493,-0.071021294,-0.103439132,-0.159569877,0.451884523,-0.19255991,0.114007572,-0.124727662,-0.200075035,-0.332884107,-0.243821637,0.200224362,-0.010218091,-0.084564295,-0.116495072,0.39550315,-0.055320849,-0.020702435,-0.122939669,0.144494677,0.232342984,0.39857318,-0.051161808,0.05690234,-0.047994052,0.127156669,-0.03517902,-0.119413648,0.263629777,0.054552154,-0.068973344,-0.146685158,-0.20793647,-0.005739808,0.171426294,-0.132231389,0.196512556,0.120068927,0.008124775,0.088048055
2016/01/07,22.93879974,-0.130485729,3.649588537,-0.157006422,-0.113390341,-0.492117464,-0.091110617,-0.134672834,7.370821076,-0.233279447,-0.198122883,-0.191737994,-0.194892727,-0.122599122,-0.15866319,-0.165534437,1.590521527,-0.139782736,-0.124788757,-0.171017742,-0.197529694,-0.099590588,-0.083501058,-0.181840622,-0.174510259,0.409975376,-0.237593927,2.316414667,-0.170086079,0.126597082,-0.340060754,-0.214293457,-0.155748504,-0.02311629,-0.178347691,-0.195397044,-0.132023669,0.287147485,-0.231859742,-0.060276398,-0.22647649,-0.117683671,22.3241051,-0.138204312,-0.126895569,-0.127080841,-0.095800478,-0.357408098,-0.190749795,-0.205364399,-0.112523088,-0.110582073,-0.068291644,-0.132713078,-0.146294863,-0.121793854,1.192060797,-0.040668782,-0.19553799,-0.488353547,-0.475655131,-0.10921869,-0.159569877,-0.195307925,5.340101764,-0.189402319,-0.124727662,-0.200075035,-0.332884107,-0.243821637,-0.161554173,-0.222493043,-0.084564295,-0.126852763,1.635721894,-0.193196458,8.299921049,-0.122939669,5.118806967,4.321881432,0.34333842,-0.09729191,-0.134446813,-0.190354029,-0.183378896,0.082950447,-0.129789164,-0.234621665,-0.079157353,-0.071834471,-0.45707922,-0.20793647,-0.134967248,-0.076740086,-0.132231389,-0.156198835,-0.128607861,-0.174589471,-0.244087344
2016/01/21,-0.082659443,-0.130485729,7.226560383,-0.157006422,-0.113390341,-0.492117464,0.579080519,-0.134672834,5.702577679,-0.233279447,-0.198122883,-0.191737994,-0.194892727,-0.122599122,-0.15866319,-0.170503902,1.167779936,-0.139782736,-0.124788757,-0.171017742,-0.197529694,-0.099590588,-0.083501058,-0.181840622,-0.174510259,-0.267696748,-0.237593927,-0.202745665,-0.170086079,0.489121005,-0.340060754,-0.214293457,-0.155748504,-0.088868321,-0.178347691,-0.195397044,-0.132023669,0.355937481,1.440754838,-0.060276398,1.644721585,-0.117683671,-0.237343458,-0.138204312,-0.126895569,-0.127080841,0.114919024,-0.357408098,-0.190749795,-0.205364399,-0.112523088,-0.110582073,-0.068291644,0.172370691,-0.116854094,-0.121793854,-0.262772247,-0.12619813,-0.19553799,-0.488353547,-0.475655131,-0.10921869,-0.159569877,-0.195307925,-0.19255991,-0.189402319,-0.124727662,-0.200075035,-0.332884107,-0.243821637,-0.199571095,-0.222493043,-0.084564295,-0.126852763,-0.469813347,-0.193196458,8.422733736,-0.122939669,9.950842651,23.48143524,1.531740525,-0.09729191,-0.134446813,-0.190354029,-0.183378896,-0.093698096,-0.129789164,-0.234621665,-0.079157353,-0.071834471,0.204359845,-0.20793647,-0.134967248,1.541085781,-0.132231389,-0.156198835,-0.128607861,-0.174589471,-0.244087344
2016/02/07,10.04263925,1.570130874,10.83759863,-0.157006422,-0.113390341,-0.492117464,-0.091110617,-0.134672834,9.158224716,0.265880251,0.545944548,16.38294017,-0.194892727,-0.122599122,-0.15866319,-0.170361918,2.518620493,-0.139782736,-0.124788757,-0.171017742,-0.197529694,-0.099590588,-0.083501058,3.365336575,-0.174510259,-0.170886445,-0.205851424,-0.127554981,-0.170086079,0.023018818,1.276402127,-0.214293457,-0.155748504,0.136567215,-0.178347691,-0.195397044,-0.132023669,1.5794167,0.007085198,-0.060276398,-0.22647649,-0.117683671,-0.045494406,-0.138204312,-0.126895569,-0.127080841,16.93033528,-0.149370499,-0.190749795,-0.205364399,-0.112523088,-0.110582073,-0.068291644,1.104744045,-0.1419889,-0.121793854,0.360727629,-0.12619813,-0.19553799,-0.488353547,-0.475655131,-0.10921869,-0.159569877,-0.195307925,0.07090017,0.048825731,23.04875257,-0.200075035,-0.332884107,-0.243821637,-0.232157028,-0.222493043,-0.084564295,-0.126852763,2.437830558,-0.193196458,-0.090817149,-0.122939669,3.252465142,0.201072108,-0.234693897,-0.09729191,-0.119132755,-0.190354029,-0.183378896,0.200877908,-0.129789164,-0.234621665,-0.079157353,0.357334488,1.527237975,-0.20793647,-0.134967248,1.61279303,18.04797617,-0.156198835,-0.128607861,-0.174589471,-0.244087344
2016/02/21,-0.082659443,-0.130485729,4.350078857,-0.157006422,-0.113390341,-0.492117464,-0.091110617,-0.134672834,1.114908337,-0.233279447,-0.198122883,-0.191737994,-0.194892727,-0.122599122,-0.15866319,-0.169758482,0.163345917,-0.139782736,-0.124788757,-0.171017742,-0.197529694,-0.099590588,-0.083501058,0.382483023,-0.174510259,-0.267696748,-0.145011627,0.475196423,-0.170086079,-0.235926842,0.602875927,-0.214293457,-0.155748504,0.034416738,-0.178347691,-0.195397044,-0.132023669,0.38173373,-0.231859742,-0.060276398,-0.124145345,-0.117683671,-0.237343458,-0.138204312,-0.126895569,-0.127080841,-0.074728528,0.492078767,-0.190749795,-0.205364399,-0.112523088,-0.110582073,-0.068291644,0.162836823,-0.14156331,-0.121793854,-0.262772247,-0.12619813,-0.19553799,-0.488353547,-0.475655131,-0.10921869,-0.159569877,-0.195307925,-0.19255991,-0.189402319,-0.124727662,-0.200075035,-0.332884107,-0.243821637,-0.209075326,-0.222493043,-0.084564295,-0.126852763,0.582954274,-0.193196458,-0.2048575,-0.122939669,0.349408783,-0.110336238,0.074533181,-0.09729191,-0.032608328,-0.190354029,-0.183378896,0.10757933,-0.129789164,1.22545582,-0.079157353,-0.071834471,1.857957508,-0.20793647,-0.134967248,0.909786189,-0.132231389,-0.156198835,-0.128607861,-0.174589471,-0.244087344
2016/03/07,-0.040827597,-0.130485729,3.310234798,-0.157006422,-0.113390341,0.348123093,-0.065334035,-0.134672834,-0.136274211,1.916946943,1.404483892,0.233253753,-0.194892727,-0.122599122,-0.15866319,-0.169510009,2.441294397,-0.139782736,-0.017302574,-0.171017742,-0.197529694,-0.099590588,-0.083501058,0.686349601,0.140329797,0.566361251,-0.14643597,0.078758363,-0.170086079,-0.194097159,5.172492149,2.673800701,-0.155748504,0.090685303,0.241447788,-0.195397044,-0.132023669,-0.009178653,1.247760848,-0.060276398,0.232326884,-0.117683671,-0.237343458,0.839222998,-0.126895569,-0.127080841,18.45399938,0.128012968,-0.190749795,-0.205364399,-0.112523088,-0.086709676,-0.068291644,0.445185984,-0.144030188,-0.121793854,0.296778924,-0.080143865,-0.19553799,-0.488353547,-0.475655131,-0.10921869,-0.159569877,-0.195307925,-0.19255991,0.409222011,1.966964862,-0.200075035,1.402492512,-0.243821637,-0.234663639,-0.222493043,-0.084564295,-0.105606217,2.715483557,2.829461135,-0.235560672,-0.122939669,1.181592706,-0.098066866,0.088680825,-0.09729191,-0.033845233,-0.190354029,-0.183378896,1.923387855,-0.129789164,-0.0942296,-0.079157353,-0.071834471,5.368672546,-0.20793647,-0.134967248,3.218611115,9.375403446,-0.156198835,-0.128607861,-0.174589471,-0.244087344
2016/03/21,-0.082659443,-0.130485729,0.318533506,-0.157006422,-0.113390341,-0.492117464,0.09738064,-0.134672834,-0.136274211,0.203485289,-0.198122883,0.498873596,-0.194892727,-0.122599122,-0.15866319,-0.170131192,-0.319565894,-0.139782736,-0.124788757,-0.171017742,-0.197529694,-0.099590588,-0.083501058,-0.181840622,-0.174510259,0.15584833,-0.182044547,-0.2094202,-0.170086079,-0.167953607,0.602875927,1.797057831,-0.155748504,-0.084758819,-0.178347691,-0.195397044,-0.132023669,-0.181484365,-0.02278292,-0.060276398,-0.094907875,-0.117683671,-0.17019629,-0.138204312,-0.126895569,-0.127080841,-0.058924566,0.128012968,-0.190749795,-0.205364399,-0.112523088,-0.097088979,-0.068291644,-0.125562677,-0.146294863,-0.121793854,-0.217308714,-0.12619813,-0.19553799,-0.488353547,-0.412810779,-0.10921869,-0.159569877,-0.195307925,-0.19255991,-0.050435956,0.812927608,-0.200075035,0.472826466,-0.243821637,-0.228083787,-0.222493043,-0.084564295,-0.126852763,-0.031160172,-0.107024202,-0.235560672,-0.122939669,0.143599856,-0.141753266,-0.279157922,-0.09729191,-0.118367052,-0.190354029,-0.183378896,-0.215993241,-0.129789164,-0.234621665,-0.079157353,-0.071834471,0.638429232,-0.20793647,-0.134967248,-0.327232814,-0.017787636,-0.156198835,-0.128607861,-0.174589471,-0.244087344
2016/04/07,-0.082659443,-0.089151297,-0.091327851,-0.092692243,-0.094453734,-0.232043006,-0.091110617,-0.120335849,-0.095726628,-0.209014739,-0.198122883,-0.191737994,0.557041889,0.137185147,-0.134306535,-0.166169424,-0.266295234,-0.139782736,-0.067645254,-0.011387336,-0.145314407,-0.090942491,1.270602867,-0.119137995,0.204463883,-0.077885806,0.271951621,-0.048957661,-0.170086079,-0.097462844,0.131407586,-0.214293457,-0.155748504,-0.0678642,0.162736135,-0.188264776,-0.132023669,0.053388886,-0.167975158,-0.059195841,-0.200081552,-0.101423643,-0.093101393,-0.138204312,-0.073856326,-0.127080841,0.107309708,0.584218877,0.911575442,0.277796919,-0.044626457,-0.110582073,1.323120855,-0.125644648,-0.056552765,-0.121793854,-0.196260782,-0.119664638,0.062070014,0.14831081,-0.151657581,-0.10921869,0.238653258,-0.100691357,0.146827901,0.091103857,-0.124727662,-0.128056183,0.375842786,0.284925716,-0.091064463,-0.171660919,1.262341796,-0.123783817,-0.154632917,0.095640178,-0.125825262,-0.087227369,-0.12633794,-0.143856685,-0.201869866,-0.028951018,-0.129682439,-0.172993056,0.064388842,0.097576795,-0.122802284,-0.133227396,-0.079157353,-0.046998304,0.043593406,0.122774775,-0.134967248,0.110186515,-0.132231389,-0.138385128,-0.076800197,-0.174589471,1.089486607
2016/04/21,-0.082659443,-0.130485729,-0.165848098,-0.157006422,-0.113390341,-0.492117464,-0.091110617,-0.134672834,-0.136274211,-0.233279447,-0.198122883,-0.191737994,-0.194892727,-0.122599122,-0.15866319,-0.170503902,-0.339434748,-0.139782736,-0.124788757,-0.171017742,-0.197529694,-0.099590588,-0.083501058,-0.181840622,-0.174510259,0.071139314,-0.237593927,-0.218001746,-0.170086079,-0.05466488,-0.340060754,-0.214293457,-0.155748504,-0.088868321,-0.178347691,-0.195397044,-0.132023669,-0.194382489,-0.231859742,-0.060276398,-0.22647649,-0.117683671,-0.237343458,-0.138204312,-0.126895569,-0.127080841,-0.095800478,-0.357408098,-0.190749795,-0.205364399,-0.112523088,-0.110582073,-0.068291644,-0.132713078,-0.146294863,-0.121793854,-0.262772247,-0.12619813,-0.19553799,-0.488353547,-0.375104167,-0.10921869,-0.159569877,-0.195307925,0.960077939,-0.189402319,-0.124727662,-0.200075035,-0.332884107,-0.243821637,-0.237588017,-0.222493043,0.001919568,-0.126852763,-0.469813347,-0.193196458,-0.235560672,-0.122939669,-0.178535857,-0.14416996,-0.279157922,-0.09729191,-0.134446813,-0.190354029,-0.183378896,-0.246567027,-0.129789164,-0.234621665,-0.079157353,-0.071834471,0.204359845,-0.20793647,-0.134967248,-0.40493865,0.096656117,-0.156198835,-0.128607861,-0.174589471,-0.244087344
2016/05/07,-0.082659443,-0.130485729,-0.165848098,-0.148786385,-0.113390341,-0.252048734,-0.052445744,-0.134672834,-0.136274211,0.035498852,1.404483892,-0.191737994,0.007551208,-0.064093489,-0.15866319,-0.170503902,-0.306814995,0.160985466,-0.094931484,-0.171017742,0.380855024,-0.099590588,-0.083501058,-0.123961274,0.140329797,-0.015741728,-0.202460131,-0.217561666,0.669709927,-0.061636494,-0.340060754,-0.214293457,-0.155748504,-0.068636927,-0.178347691,0.002111918,-0.132023669,-0.190413835,-0.017421976,-0.060276398,-0.126019542,-0.117683671,-0.082388455,-0.138204312,-0.126895569,-0.127080841,-0.068244851,0.109342927,0.179261473,-0.205364399,-0.112523088,-0.103835526,-0.068291644,-0.131874935,-0.145809575,-0.121793854,-0.150862012,-0.076854275,-0.025686559,0.015466949,0.443483808,-0.10921869,-0.159569877,-0.177440086,0.215296559,-0.011240316,-0.124727662,-0.200075035,-0.084973161,0.854345942,-0.190554261,-0.053573983,-0.031343456,1.058704454,-0.145884848,-0.087138297,-0.209581065,-0.122939669,-0.178076974,-0.140699835,-0.279157922,-0.09729191,-0.129499194,-0.190354029,-0.183378896,-0.227316866,-0.129789164,-0.234621665,-0.079157353,-0.071834471,0.401519567,-0.162145682,-0.134967248,-0.283312124,-0.132231389,-0.156198835,0.062681976,-0.174589471,0.127532683
2016/05/21,-0.082659443,-0.130485729,-0.12113595,-0.157006422,-0.113390341,-0.394589543,-0.091110617,-0.134672834,-0.136274211,-0.233279447,-0.198122883,-0.191737994,-0.194892727,-0.122599122,-0.15866319,-0.170503902,-0.339998404,-0.139782736,-0.124788757,-0.171017742,-0.197529694,-0.099590588,-0.083501058,-0.181840622,-0.174510259,-0.098278717,-0.237593927,-0.218001746,-0.170086079,-0.05466488,-0.340060754,-0.214293457,-0.155748504,-0.072430313,-0.178347691,-0.195397044,-0.132023669,-0.194382489,-0.231859742,-0.060276398,-0.211857755,-0.117683671,-0.035901953,-0.138204312,-0.126895569,-0.127080841,-0.095800478,-0.236052832,-0.190749795,-0.205364399,-0.112523088,-0.110582073,-0.068291644,-0.132713078,-0.146294863,-0.121793854,-0.262772247,-0.12619813,-0.029932845,-0.488353547,-0.249415462,-0.10921869,-0.159569877,-0.195307925,-0.19255991,-0.189402319,0.109686155,-0.200075035,0.472826466,-0.243821637,-0.232835902,-0.222493043,-0.084564295,-0.126852763,-0.469813347,-0.193196458,-0.235560672,-0.122939669,-0.151691214,-0.14416996,-0.279157922,-0.09729191,-0.134446813,-0.190354029,-0.183378896,-0.249964115,-0.129789164,-0.234621665,-0.079157353,-0.071834471,0.452399495,-0.20793647,-0.134967248,-0.398181621,-0.132231389,-0.156198835,-0.128607861,-0.174589471,-0.244087344
2016/06/07,-0.082659443,-0.130485729,-0.156676375,-0.157006422,-0.113390341,-0.011980003,-0.091110617,-0.134672834,-0.136274211,0.841833748,-0.198122883,-0.191737994,0.03647177,-0.122599122,-0.15866319,-0.170503902,-0.336009457,-0.139782736,-0.124788757,0.27103569,-0.197529694,-0.075642012,-0.083501058,-0.008202578,-0.174510259,-0.215568123,-0.22050181,-0.218001746,-0.131913533,-0.166210703,-0.340060754,0.198291423,-0.155748504,-0.08254601,-0.178347691,-0.195397044,-0.132023669,-0.194382489,-0.167528412,-0.060276398,-0.091534321,-0.117683671,-0.144370456,-0.138204312,-0.126895569,-0.127080841,-0.087695882,-0.264057893,-0.190749795,-0.205364399,-0.112523088,-0.104354491,-0.068291644,-0.129150973,-0.141145424,-0.121793854,-0.206817129,-0.12619813,-0.093627132,-0.404015321,-0.061849241,-0.10921869,-0.159569877,-0.184698895,-0.19255991,-0.146643438,-0.124727662,-0.200075035,-0.00233618,-0.060793707,-0.190797959,-0.053573983,-0.084564295,-0.124728108,-0.415825264,-0.166681918,-0.234379781,-0.122939669,-0.178535857,-0.14416996,-0.270451679,-0.09729191,-0.134446813,-0.030098895,-0.081730593,-0.245260455,-0.129789164,-0.234621665,-0.079157353,-0.071834471,0.426959531,-0.162145682,-0.134967248,-0.367069585,-0.132231389,-0.119201136,-0.128607861,0.106509368,-0.244087344
2016/06/21,-0.072948478,-0.130485729,-0.159460648,-0.134107747,-0.094453734,-0.231114169,-0.091110617,-0.129406187,-0.136274211,0.5154601,-0.198122883,0.400214797,-0.141183111,-0.122599122,-0.15866319,-0.170503902,-0.334726883,-0.139782736,-0.124788757,0.239460444,-0.197529694,0.078313119,-0.083501058,-0.101222959,-0.174510259,-0.219291596,-0.21378705,-0.218001746,-0.134640143,-0.187158743,-0.340060754,0.551935605,0.769837479,-0.081823461,-0.145863517,-0.195397044,-0.132023669,-0.194382489,-0.231859742,-0.058424015,-0.104514472,-0.117683671,-0.04869189,0.013064201,-0.126895569,-0.127080841,-0.076233668,-0.100828392,-0.190749795,-0.205364399,-0.112523088,-0.110582073,-0.067965571,-0.132713078,-0.14388319,-0.121793854,-0.210813924,-0.118714312,-0.077248601,-0.406583716,-0.156525524,-0.10921869,-0.159569877,-0.188567602,-0.19255991,-0.189402319,-0.124727662,0.216605468,-0.102681086,-0.243821637,-0.203734853,0.138269807,-0.084564295,-0.123893422,-0.194088494,-0.012645065,-0.232271047,-0.122939669,-0.17802453,-0.135884151,-0.275115738,-0.09729191,-0.129086892,-0.175473195,0.005396524,-0.24221552,-0.129789164,-0.182476041,-0.078764456,-0.071834471,-0.076358044,-0.144156444,-0.134967248,-0.380475447,-0.132231389,0.336222912,-0.128607861,-0.174589471,-0.192325983
2016/07/07,-0.082659443,-0.130485729,-0.165848098,-0.148786385,-0.074060464,0.018028589,-0.013780871,-0.117657512,-0.136274211,-0.233279447,-0.198122883,-0.191737994,-0.194892727,-0.122599122,-0.15866319,-0.170503902,-0.3382424,-0.138293785,-0.124788757,-0.171017742,0.308556934,-0.099590588,-0.083501058,0.035206933,-0.174510259,0.097203627,-0.18346889,-0.218001746,-0.074654714,-0.126704891,-0.267527163,0.610876302,-0.155748504,-0.080438573,-0.178347691,-0.116393459,-0.132023669,-0.194382489,-0.135362747,-0.058780242,-0.205110646,-0.117683671,-0.080666732,-0.138204312,-0.126895569,-0.127080841,-0.086074963,-0.26094622,0.27176429,-0.205364399,-0.112523088,-0.110582073,-0.067940488,-0.130827258,-0.145575918,-0.121793854,-0.220805909,-0.125786931,-0.093627132,-0.381926738,-0.011573759,-0.10921869,-0.159569877,-0.191957705,-0.19255991,-0.189402319,0.055590659,0.398235432,-0.084973161,0.579804047,-0.025692416,-0.194339867,-0.084564295,-0.124728108,-0.456316326,-0.193196458,-0.235560672,-0.122939669,-0.17578256,-0.143178496,-0.270451679,-0.09729191,-0.128674591,-0.190354029,-0.183378896,-0.243953883,-0.129789164,-0.227602062,-0.079157353,-0.071834471,-0.304439435,-0.185041076,-0.134967248,-0.3867714,-0.120493568,-0.113034853,0.349616732,-0.174589471,-0.244087344
2016/07/21,-0.082659443,-0.130485729,-0.150944049,-0.157006422,0.324856868,0.524959435,-0.091110617,-0.134672834,-0.136274211,0.016300402,-0.012106025,-0.191737994,-0.194892727,-0.122599122,-0.158149818,-0.170503902,-0.33293258,-0.127339356,-0.108153991,-0.171017742,0.205273949,0.078313119,-0.068778092,-0.020605295,-0.174510259,0.234506701,-0.184689755,-0.217729316,-0.143501627,-0.119940765,0.468170686,0.36037834,0.214485889,-0.087107106,-0.178347691,-0.195397044,-0.132023669,-0.194382489,-0.14225539,-0.060276398,-0.190799815,-0.117683671,-0.128628995,-0.119295748,-0.122519527,-0.127080841,-0.089779921,-0.212937543,-0.147802059,0.788567455,-0.112523088,-0.110582073,-0.068291644,-0.132583365,-0.142527145,-0.033643604,-0.175092577,-0.118561581,-0.065419662,-0.330233717,-0.085720887,-0.10921869,-0.09556973,-0.183166702,-0.151394273,-0.189402319,0.444563037,-0.200075035,0.10833835,0.096087375,-0.2033049,0.012787076,-0.084564295,-0.126852763,-0.428036854,-0.162420652,-0.233550345,-0.017989237,-0.178216278,-0.141408024,-0.251873179,-0.09729191,-0.132915407,-0.190354029,-0.136185041,-0.191384579,-0.129789164,-0.182476041,-0.078666232,-0.061616162,0.25554263,0.174743685,-0.134967248,-0.285012872,-0.132231389,-0.041682149,-0.128607861,-0.174589471,0.144122863
2016/08/07,-0.082659443,-0.130485729,-0.165848098,-0.157006422,-0.113390341,-0.492117464,-0.091110617,-0.134672834,-0.136274211,-0.233279447,-0.198122883,-0.191737994,-0.194892727,-0.122599122,-0.15866319,-0.170503902,-0.340562059,-0.139782736,-0.124788757,-0.171017742,-0.197529694,-0.099590588,-0.083501058,-0.181840622,-0.174510259,-0.267696748,-0.237593927,-0.218001746,-0.170086079,-0.235926842,-0.340060754,-0.214293457,-0.155748504,-0.088868321,-0.178347691,-0.195397044,-0.132023669,-0.194382489,-0.231859742,-0.060276398,-0.22647649,-0.117683671,-0.237343458,-0.138204312,-0.126895569,-0.127080841,-0.095800478,-0.357408098,-0.190749795,-0.205364399,-0.112523088,-0.110582073,-0.068291644,-0.132713078,-0.146294863,-0.121793854,-0.262772247,-0.12619813,-0.19553799,-0.488353547,-0.475655131,-0.10921869,-0.159569877,-0.195307925,-0.19255991,-0.189402319,-0.124727662,-0.200075035,-0.332884107,-0.243821637,-0.218579556,-0.222493043,-0.084564295,-0.126852763,0.232031734,-0.193196458,-0.235560672,-0.122939669,-0.178535857,-0.14416996,-0.279157922,-0.09729191,-0.134446813,-0.190354029,-0.183378896,-0.249964115,-0.129789164,-0.234621665,-0.079157353,-0.071834471,0.700439144,-0.20793647,-0.134967248,-0.393355172,-0.132231389,-0.156198835,-0.128607861,-0.174589471,-0.244087344
2016/08/21,-0.079105103,0.219641219,-0.164094681,-0.152815815,-0.106706833,-0.262640001,-0.091110617,-0.134672834,-0.136274211,-0.233279447,0.414638531,0.133255695,-0.128545555,-0.102714855,-0.158240413,-0.170503902,-0.317043259,0.23292226,-0.097390318,-0.171017742,0.217121115,-0.008022503,-0.083501058,-0.137579944,-0.174510259,-0.068381417,-0.211453042,-0.217796088,-0.072783511,-0.140853166,-0.007259573,0.206381322,-0.003299048,-0.057926189,-0.178347691,-0.195397044,-0.132023669,-0.194382489,-0.010484283,-0.060276398,-0.127871689,-0.117683671,-0.100415899,-0.138204312,-0.119687971,-0.127080841,-0.074728528,-0.276504587,0.327991493,0.203901659,-0.112523088,-0.109391506,-0.068023113,-0.132499433,-0.144308779,-8.03E-04,-0.16649653,-0.112781762,-0.156572074,-0.222546391,-0.085280801,-0.10921869,-0.106863874,-0.183885974,-0.011753973,-0.189402319,-0.014415277,0.333711754,-0.016919176,0.036103432,-0.186153358,0.251142753,-0.084564295,-0.122790923,-0.32531583,-0.068162204,-0.232550557,-0.058117344,-0.177132215,-0.13848362,-0.276383874,-0.09729191,-0.133816234,-0.190354029,-0.105647841,-0.244768569,-0.129789164,-0.148734755,-0.079157353,-0.046589238,-0.132844384,0.107211893,-0.134967248,-0.356087411,0.042800233,-0.156198835,-0.128607861,-0.174589471,-0.173042339
2016/09/07,0.09861189,-0.130485729,0.191849086,-0.157006422,-0.113390341,-0.492117464,-0.091110617,-0.134672834,-0.136274211,-0.233279447,-0.198122883,-0.191737994,-0.194892727,-0.122599122,-0.15866319,-0.170503902,-0.340562059,-0.139782736,-0.124788757,-0.171017742,-0.197529694,-0.099590588,-0.083501058,-0.181840622,-0.174510259,-0.267696748,-0.237593927,-0.218001746,-0.170086079,-0.235926842,-0.340060754,-0.214293457,-0.155748504,-0.088868321,-0.178347691,-0.195397044,-0.132023669,-0.194382489,-0.231859742,-0.060276398,-0.22647649,-0.117683671,0.837011235,-0.138204312,-0.126895569,-0.127080841,-0.095800478,-0.357408098,-0.190749795,-0.205364399,-0.112523088,-0.110582073,-0.068291644,-0.132713078,-0.146294863,-0.121793854,0.100936014,-0.12619813,-0.19553799,-0.488353547,0.027099688,-0.10921869,-0.159569877,-0.195307925,0.268495229,-0.189402319,-0.124727662,-0.200075035,7.187081243,-0.243821637,0.009521976,-0.222493043,-0.084564295,-0.126852763,-0.469813347,-0.193196458,-0.235560672,-0.122939669,-0.178535857,-0.14416996,-0.279157922,-0.09729191,-0.134446813,-0.190354029,-0.183378896,-0.24316994,-0.129789164,-0.234621665,-0.079157353,-0.071834471,-0.45707922,-0.20793647,-0.134967248,-0.40493865,-0.132231389,-0.156198835,-0.128607861,-0.174589471,-0.244087344
2016/09/21,-0.082659443,-0.130485729,2.516880786,-0.157006422,-0.113390341,-0.492117464,-0.091110617,-0.134672834,-0.136274211,-0.233279447,-0.198122883,-0.191737994,-0.194892727,-0.122599122,-0.15866319,-0.169510009,-0.174847356,-0.139782736,-0.124788757,-0.171017742,-0.197529694,-0.099590588,-0.083501058,-0.181840622,-0.174510259,-0.267696748,-0.163528087,-0.206559685,-0.170086079,-0.235926842,-0.340060754,-0.214293457,-0.155748504,-0.055992305,-0.178347691,-0.195397044,-0.132023669,-0.194382489,-0.231859742,-0.060276398,-0.22647649,-0.117683671,2.179954601,-0.138204312,-0.126895569,-0.127080841,-0.095800478,0.128012968,-0.190749795,-0.205364399,-0.112523088,-0.110582073,-0.068291644,-0.132713078,-0.134378361,-0.121793854,4.829143405,-0.12619813,-0.19553799,-0.488353547,1.334262218,-0.10921869,-0.159569877,-0.180790306,19.17175595,-0.189402319,-0.124727662,-0.200075035,-0.332884107,-0.243821637,-0.237588017,-0.222493043,-0.084564295,-0.126852763,-0.469813347,-0.193196458,-0.235560672,-0.122939669,1.342660562,0.068499154,0.371633708,-0.09729191,-0.134446813,-0.190354029,-0.183378896,-0.249964115,-0.129789164,-0.234621665,-0.079157353,-0.071834471,0.204359845,-0.20793647,-0.134967248,-0.22346415,-0.132231389,-0.156198835,-0.128607861,-0.174589471,-0.244087344
2016/10/07,-0.082659443,-0.130485729,0.072616692,-0.157006422,-0.113390341,-0.492117464,-0.091110617,-0.134672834,-0.136274211,-0.233279447,-0.198122883,-0.191737994,-0.194892727,-0.122599122,-0.15866319,-0.170006956,-0.338307437,-0.139782736,-0.124788757,-0.171017742,-0.197529694,-0.099590588,-0.083501058,-0.181840622,-0.174510259,-0.267696748,-0.237593927,-0.218001746,-0.170086079,-0.235926842,-0.340060754,-0.214293457,-0.155748504,-0.088868321,-0.178347691,-0.195397044,-0.132023669,-0.194382489,-0.231859742,-0.060276398,-0.22647649,-0.117683671,-0.237343458,-0.138204312,-0.126895569,-0.127080841,-0.095800478,-0.357408098,-0.190749795,-0.205364399,-0.112523088,-0.110582073,-0.068291644,-0.132713078,-0.144892921,-0.121793854,-0.262772247,-0.12619813,-0.19553799,-0.488353547,-0.475655131,-0.10921869,-0.159569877,-0.195307925,-0.19255991,-0.189402319,-0.124727662,-0.200075035,-0.332884107,-0.243821637,-0.180562634,-0.222493043,-0.084564295,-0.126852763,-0.469813347,-0.193196458,-0.235560672,-0.122939669,-0.035364429,-0.095836071,0.116976114,-0.09729191,-0.113007132,-0.190354029,-0.183378896,-0.231280134,-0.129789164,3.050552678,-0.079157353,-0.071834471,0.121679962,-0.20793647,-0.134967248,-0.370188214,-0.132231389,-0.156198835,-0.128607861,-0.174589471,-0.244087344
2016/10/21,-0.082659443,-0.130485729,-0.165848098,-0.157006422,-0.113390341,-0.492117464,-0.091110617,-0.134672834,-0.136274211,-0.233279447,-0.198122883,-0.191737994,-0.194892727,-0.122599122,-0.15866319,-0.170503902,-0.325343362,-0.139782736,-0.124788757,-0.171017742,-0.197529694,-0.099590588,-0.083501058,-0.181840622,-0.174510259,-0.267696748,-0.200561007,-0.218001746,-0.170086079,-0.145295861,-0.340060754,-0.214293457,-0.155748504,-0.088868321,-0.178347691,-0.195397044,-0.132023669,-0.194382489,-0.231859742,-0.060276398,-0.22647649,-0.117683671,-0.237343458,-0.138204312,-0.126895569,-0.127080841,-0.095800478,-0.357408098,-0.190749795,-0.205364399,-0.112523088,-0.110582073,-0.068291644,-0.132713078,-0.141037582,-0.121793854,2.46503971,-0.12619813,-0.19553799,-0.488353547,-0.174002239,-0.10921869,-0.159569877,-0.195307925,-0.19255991,-0.189402319,-0.124727662,-0.200075035,-0.332884107,-0.243821637,-0.228083787,-0.222493043,-0.084564295,-0.126852763,-0.469813347,-0.193196458,-0.235560672,-0.122939669,-0.160639428,-0.14416996,0.046237893,-0.09729191,-0.134446813,-0.190354029,-0.183378896,-0.249964115,-0.129789164,-0.234621665,-0.079157353,-0.071834471,-0.45707922,-0.20793647,-0.134967248,-0.333507198,0.325543622,-0.156198835,-0.128607861,-0.174589471,-0.244087344
2016/11/07,-0.082659443,-0.130485729,1.205324443,-0.157006422,-0.113390341,-0.492117464,-0.091110617,-0.134672834,-0.136274211,-0.233279447,-0.198122883,-0.191737994,-0.194892727,-0.122599122,-0.15866319,-0.168516116,-0.074516685,-0.139782736,-0.124788757,-0.171017742,-0.197529694,-0.099590588,-0.083501058,-0.181840622,-0.174510259,-0.267696748,0.132735273,-0.177954534,-0.170086079,-0.235926842,-0.340060754,-0.214293457,-0.155748504,-0.088868321,-0.178347691,-0.195397044,-0.132023669,-0.194382489,-0.231859742,-0.060276398,-0.22647649,-0.117683671,0.031245215,-0.138204312,0.812494647,-0.127080841,-0.095800478,-0.357408098,-0.190749795,-0.205364399,-0.112523088,-0.110582073,-0.068291644,-0.132713078,-0.144892921,-0.121793854,0.464644275,-0.12619813,-0.19553799,-0.488353547,-0.475655131,-0.10921869,-0.159569877,-0.195307925,-0.19255991,-0.189402319,-0.124727662,-0.200075035,-0.332884107,-0.243821637,-0.142545712,-0.222493043,-0.084564295,-0.126852763,-0.469813347,-0.193196458,-0.020638471,-0.122939669,-0.178535857,-0.14416996,-0.279157922,-0.09729191,-0.134446813,-0.190354029,-0.183378896,-0.249964115,-0.129789164,-0.234621665,-0.079157353,-0.071834471,-0.45707922,-0.20793647,-0.134967248,-0.208019512,-0.132231389,-0.156198835,-0.128607861,-0.174589471,-0.244087344
2016/11/21,-0.082659443,-0.130485729,-0.165848098,-0.157006422,-0.113390341,-0.492117464,-0.091110617,-0.134672834,2.783151734,0.931426514,-0.198122883,-0.191737994,-0.194892727,-0.122599122,-0.15866319,-0.168847414,0.221590314,-0.139782736,-0.124788757,-0.171017742,-0.197529694,-0.099590588,-0.083501058,-0.181840622,-0.174510259,-0.267696748,-0.163528087,0.213618205,-0.170086079,-0.05466488,-0.340060754,-0.214293457,-0.155748504,-0.088868321,-0.178347691,-0.195397044,-0.132023669,0.109439995,1.440754838,-0.060276398,-0.22647649,-0.117683671,-0.237343458,-0.138204312,-0.126895569,-0.127080841,-0.095800478,0.128012968,-0.190749795,-0.205364399,-0.112523088,-0.110582073,-0.068291644,-0.127265153,-0.061944723,-0.121793854,-0.14153616,-0.12619813,-0.19553799,-0.488353547,-0.106968263,-0.10921869,-0.159569877,-0.195307925,-0.19255991,2.960501894,-0.124727662,-0.200075035,-0.332884107,-0.243821637,-0.231251864,-0.222493043,-0.084564295,-0.126852763,-0.001916627,-0.193196458,0.071471044,-0.122939669,1.241247468,-0.09905833,-0.279157922,-0.09729191,0.215734643,-0.190354029,-0.183378896,2.327292832,-0.129789164,-0.234621665,-0.079157353,-0.071834471,-0.45707922,-0.20793647,-0.134967248,-0.156537384,-0.132231389,-0.156198835,-0.128607861,-0.174589471,-0.244087344
2016/12/07,-0.082659443,-0.130485729,0.060065913,-0.046396449,-0.113390341,0.006130445,-0.091110617,0.806005834,-0.136274211,-0.110678819,-0.06105783,-0.094810052,0.359164358,0.544570371,0.719550788,0.070872631,0.785300156,-0.139782736,-0.085565729,0.43389748,-0.197529694,-0.099590588,-0.078076808,-0.05313523,-0.174510259,-0.139295714,-0.179120895,0.116885955,-0.143968021,-0.082808185,-0.108462271,-0.120195151,-0.101187646,-0.057434236,-0.034733448,0.916335857,-0.066139721,-0.046695194,0.014630827,-0.060276398,-0.185338857,-0.117683671,-0.201531635,-0.026743303,-0.107978786,0.204762925,-0.075024275,-0.162813864,-0.190749795,0.026553034,0.215329929,-0.100024319,-0.054356312,-0.092379321,0.082965596,-0.069831601,-0.136750525,-0.034929312,0.168212259,0.400854593,-0.156185314,0.076335533,-0.128131208,-0.152200783,-0.19255991,0.122662495,-0.104987551,-0.063618262,-0.102007978,-0.243821637,0.119054065,-0.145442244,-0.080012513,-0.126852763,-0.054862834,-0.086766163,0.354802067,-0.122939669,-0.062177674,0.180498103,0.011737498,-0.044537537,1.210159705,-0.175734262,-0.169469129,-0.075580297,-0.124493845,0.661917142,-0.069603745,-0.070328615,-0.261548549,-0.20793647,-0.00849715,-0.132171435,-0.047101299,-0.156198835,-0.128607861,-0.110479209,-0.196412406
2016/12/21,-0.064532309,-0.130485729,0.466083595,0.311398694,-0.074570295,0.437973817,-0.091110617,-0.016515599,-0.136274211,-0.029455903,-0.067911082,0.314710505,0.011889293,0.998823839,0.154495515,0.133294437,0.7968566,-0.139782736,-0.012809055,-0.171017742,-0.197529694,-0.006191142,-0.076630341,-0.10659747,-0.148929504,0.428046633,0.037313783,0.254686462,-0.170086079,-0.101188784,0.382857368,-0.214293457,-0.155748504,1.146091814,-0.178347691,0.249656484,0.096428921,0.504624192,0.069210882,-0.044716376,0.201365153,0.933305452,-0.12766975,-0.102908325,0.209651187,0.119866228,-0.070812658,0.47165063,-0.190749795,-0.205364399,0.035059499,-0.058970988,-0.068291644,0.401319715,1.03799045,0.013957532,0.050926128,-0.089313598,-0.067470011,0.186909493,-0.071021294,-0.103439132,-0.159569877,0.451884523,-0.19255991,0.114007572,-0.124727662,-0.200075035,-0.332884107,-0.243821637,0.200224362,-0.010218091,-0.084564295,-0.116495072,0.39550315,-0.055320849,-0.020702435,-0.122939669,0.144494677,0.232342984,0.39857318,-0.051161808,0.05690234,-0.047994052,0.127156669,-0.03517902,-0.119413648,0.263629777,0.054552154,-0.068973344,-0.146685158,-0.20793647,-0.005739808,0.171426294,-0.132231389,0.196512556,0.120068927,0.008124775,0.088048055
2017/01/07,-0.082659443,-0.130485729,-0.165848098,-0.157006422,-0.113390341,-0.492117464,-0.091110617,-0.134672834,-0.136274211,-0.233279447,-0.198122883,-0.191737994,-0.194892727,-0.122599122,-0.15866319,-0.170503902,-0.340562059,-0.139782736,-0.124788757,-0.171017742,-0.197529694,-0.099590588,-0.083501058,-0.181840622,-0.174510259,-0.267696748,-0.163528087,-0.185582574,-0.170086079,-0.235926842,-0.340060754,-0.214293457,-0.155748504,-0.055992305,-0.178347691,-0.195397044,-0.132023669,-0.194382489,-0.231859742,-0.060276398,-0.22647649,-0.117683671,-0.237343458,-0.138204312,0.363221066,2.394931785,-0.095800478,-0.357408098,-0.190749795,-0.205364399,-0.112523088,-0.110582073,-0.068291644,-0.127265153,-0.137182244,-0.121793854,-0.262772247,-0.12619813,-0.19553799,-0.488353547,-0.475655131,-0.10921869,-0.159569877,-0.195307925,-0.19255991,3.145790377,-0.124727662,-0.200075035,3.96423895,-0.243821637,0.579775808,-0.222493043,-0.084564295,-0.126852763,-0.469813347,-0.193196458,0.593424963,-0.122939669,-0.106950143,-0.14416996,-0.279157922,-0.09729191,-0.134446813,-0.190354029,-0.183378896,0.32414365,-0.129789164,0.130397706,-0.079157353,-0.071834471,-0.45707922,-0.20793647,-0.134967248,0.359570948,-0.132231389,-0.156198835,-0.128607861,-0.174589471,-0.244087344
2017/01/21,-0.024862786,-0.065788358,0.231593218,-0.104156944,0.781295768,0.368955145,0.648285039,0.325357369,0.589049005,-0.005402193,-0.198122883,-0.051613904,-0.194892727,-0.118312477,0.009715425,0.603872075,0.319883248,-0.139782736,-0.050535017,-0.171017742,-0.197529694,-0.095078538,-0.08051379,-0.149126208,0.166566469,-0.040578373,0.018952968,0.347789493,-0.126934505,-0.090785924,0.15190621,0.368706916,-0.155748504,-0.069452413,0.049041527,0.333383109,0.312227496,0.636175713,-0.025813019,-0.058021323,0.003503754,0.081292806,-0.08163988,-0.122858231,-0.104994221,-0.008290391,-0.079156692,-0.109421249,-0.190749795,-0.070919511,0.200418659,1.227189779,-0.068291644,0.954394584,0.053794174,0.003405052,-0.164597372,0.586623912,-0.118735604,0.137477995,-0.283843238,0.767138167,-0.159569877,0.21247412,-0.005465071,-0.141066193,-0.083960041,-0.200075035,-0.216114459,-0.174854591,0.176410755,-0.127017053,-0.084564295,-0.126252317,0.187530687,-0.14823702,0.379948925,-0.122939669,1.275095061,1.042392003,1.307684901,-0.023008332,0.105895118,0.994721074,-0.020594295,-0.040157045,-0.089872817,0.573446581,0.588284092,0.033902809,-0.124562298,-0.20793647,-0.114720097,0.226362341,0.228515223,0.252741909,-0.128607861,0.010772807,-0.139064293
2017/02/07,0.377581407,-0.003993585,0.411169123,-0.137577244,-0.020428812,0.674187519,-0.091110617,-0.014323412,0.475776126,0.107056711,-0.164301636,0.687222211,-0.058177342,-0.034482512,-0.097274916,0.879725998,0.917231094,-0.139782736,-0.12093939,0.351409041,-0.197529694,-0.099590588,0.114954793,0.814220593,-0.123771572,-0.210090617,0.383767753,0.718058211,-0.170086079,-8.75E-04,0.349051177,-0.192129806,-0.155748504,0.255165404,0.069713274,-0.191153049,0.4416295,0.342564751,0.451157457,1.092579814,0.321544847,-0.117683671,-0.184228225,-0.138204312,0.401785684,-0.098421607,0.737586445,0.254812744,-0.190749795,-0.061613924,1.244685177,-0.03709489,-0.064349124,0.919722851,-0.109334383,-0.121793854,0.090952287,0.013803164,-0.117525649,0.147105776,0.337893577,0.124590692,0.492067981,0.660060311,0.343341843,0.039637872,0.971233043,0.035623028,-0.093168565,-0.243821637,0.466168273,-0.222493043,0.286387151,-0.124341807,0.936984156,-0.146193409,0.510495587,0.845466586,0.117373242,-0.045989964,0.737249254,-0.06001506,0.031565168,0.609828992,1.274560194,0.458705609,-0.045132436,0.354386866,-0.077225337,0.084818111,-0.094927665,-0.180878277,-0.032208774,0.647652315,1.038418756,0.58711856,-0.128607861,-0.008485611,0.002955515
2017/02/21,-2.63E-04,-0.130485729,0.867643027,0.709211127,0.702605305,0.338293833,-0.007336725,0.093774406,0.191170258,-0.193573562,0.393748937,-0.191737994,-0.182464055,0.132276846,0.770123617,0.874098687,0.36002003,-0.139782736,1.097599255,-0.171017742,-0.197529694,-0.042984863,0.063339237,1.229383053,0.688047415,-0.031584952,0.281912649,0.747209786,-0.155048409,-0.12047013,0.38510864,-0.169966156,-0.108627763,0.016396062,-0.155796694,-0.097077844,0.795011576,0.451968695,0.027479993,-0.005462683,-0.094597781,-0.103170588,0.285066444,0.487497261,0.89629229,-0.123896482,-0.068877144,0.223904801,-0.093575118,-0.205364399,-0.078686998,-0.029177455,-0.067604585,-0.056815836,-0.110802428,-0.06037199,0.278122722,-0.082479203,-0.166766187,0.528973747,0.268583585,0.561341364,1.001160057,0.170371111,-0.084440575,0.128038198,-0.103417315,0.153472059,-0.08922263,-0.243821637,0.426307358,-0.101100889,0.012164213,-0.112943592,0.203207104,0.078376712,0.095839044,0.455877863,0.355824957,0.010798077,-0.053160025,-0.09729191,-0.103505455,0.832365099,0.004217761,1.038031967,0.102977861,-0.067195425,-0.063905793,1.100577095,0.768200205,0.76841332,0.091268167,0.996475869,0.247986699,0.543394007,-0.128607861,0.828744953,-0.123310835
2017/03/07,-0.080757995,-0.062847568,0.063288633,-0.011287582,-0.044529949,0.460346781,-0.082323146,-0.076620016,-0.090235026,-0.135541883,-0.066089938,0.015928428,-0.194892727,-0.091228677,-0.084101724,-0.048902048,0.121646548,-0.121012924,-0.07491354,-0.171017742,-0.112086497,-0.071287726,-0.083501058,0.073824486,-0.014023607,-0.064987482,0.565346495,0.673261909,-0.170086079,-0.20459985,0.259518864,-0.048187856,-0.155748504,0.03681429,0.248262649,-0.148713107,-0.118936721,-0.121160829,-0.160802864,0.039979656,-0.167698514,0.018169156,-0.097642467,-0.045644907,0.218480182,-0.055432755,0.758626579,-0.073090045,-0.093922171,-0.205364399,-0.064647546,-0.09905953,-0.065712702,-0.02392834,-0.104331,-0.121793854,0.030719609,-0.078715884,-0.11112238,0.228299269,0.292564027,0.239306157,0.141812632,0.845506401,0.247538178,0.668447726,-0.023562058,-0.200075035,0.203786747,-0.243821637,0.042444498,-0.1409768,-0.084564295,-0.114722227,0.841790322,-0.034315823,0.273110137,-0.122939669,0.090770529,0.195271075,0.103857389,-0.09729191,-0.067162947,0.242881157,-0.063249084,0.61702647,0.280601084,-0.120393575,-0.058440949,-0.022136334,0.558423436,0.09240947,0.003263929,1.016302939,0.308851526,0.375783222,-0.128607861,0.033040354,-0.008808431
2017/03/21,-0.082659443,-0.130485729,-0.017031165,-0.142045955,-0.011132659,-0.136465643,-0.081686054,-0.133935503,0.711749516,-0.124088263,-0.198122883,-0.019085097,-0.194892727,-0.105697495,-0.154470651,-0.104697825,-0.107579774,-0.128491521,-1.94E-04,0.712536555,-0.034617998,-0.099590588,-0.040215538,-0.136694731,0.343926367,0.196508657,0.515069311,-0.05958165,0.723151491,-0.032762393,0.005682695,0.288544365,-0.155748504,-0.065759222,0.230952901,-0.14661233,-0.083620928,-0.090008001,-0.055538289,0.042030749,-0.184715637,-0.116974143,0.007296058,-0.138204312,-0.037040852,0.007776778,-0.053656578,0.206084856,0.089842084,0.154107622,-0.071785109,-0.1090641,0.151400061,-0.11051619,-0.128877493,-0.121793854,-0.014995994,-0.125022101,-0.08127044,0.400374061,0.024711603,-0.091880017,0.019630534,0.189614655,-0.082675102,0.603169168,-0.015334547,-0.200075035,0.155018407,-0.124853483,-0.171589056,-0.184673943,-0.06287126,-0.045257177,0.251040038,-0.144652754,-0.062612265,-0.088349756,-0.090291551,-0.121718869,0.03204309,-0.012549204,-0.100232655,0.024922034,0.481739833,0.1527521,-0.003144986,-0.166484716,-0.064718377,-0.059078616,0.089986007,0.364524696,0.155619859,0.205217875,0.006245552,-0.156198835,-0.074209814,-0.089322823,-0.01763139
2017/04/07,-0.082659443,-0.089151297,-0.091327851,-0.092692243,-0.094453734,-0.232043006,-0.091110617,-0.120335849,-0.095726628,-0.209014739,-0.198122883,-0.191737994,0.557041889,0.137185147,-0.134306535,-0.166169424,-0.266295234,-0.139782736,-0.067645254,-0.011387336,-0.145314407,-0.090942491,1.270602867,-0.119137995,0.204463883,-0.077885806,0.271951621,-0.048957661,-0.170086079,-0.097462844,0.131407586,-0.214293457,-0.155748504,-0.0678642,0.162736135,-0.188264776,-0.132023669,0.053388886,-0.167975158,-0.059195841,-0.200081552,-0.101423643,-0.093101393,-0.138204312,-0.073856326,-0.127080841,0.107309708,0.584218877,0.911575442,0.277796919,-0.044626457,-0.110582073,1.323120855,-0.125644648,-0.056552765,-0.121793854,-0.196260782,-0.119664638,0.062070014,0.14831081,-0.151657581,-0.10921869,0.238653258,-0.100691357,0.146827901,0.091103857,-0.124727662,-0.128056183,0.375842786,0.284925716,-0.091064463,-0.171660919,1.262341796,-0.123783817,-0.154632917,0.095640178,-0.125825262,-0.087227369,-0.12633794,-0.143856685,-0.201869866,-0.028951018,-0.129682439,-0.172993056,0.064388842,0.097576795,-0.122802284,-0.133227396,-0.079157353,-0.046998304,0.043593406,0.122774775,-0.134967248,0.110186515,-0.132231389,-0.138385128,-0.076800197,-0.174589471,1.089486607
2017/04/21,-0.082659443,1.171548858,-0.068971777,0.219231527,-0.113390341,-0.370207562,-0.075403012,-0.024073238,-0.032008998,0.203485289,0.127406618,-0.191737994,0.322062321,-0.069194675,-0.15866319,-0.140687109,-0.2029949,0.594751159,-0.124788757,0.128289269,0.859829868,-0.086618443,0.135503065,-0.134813652,0.081297287,-0.062983294,0.088758681,-0.19696504,-0.170086079,0.215339917,-0.143615612,-0.04668085,1.356041935,-0.065581143,1.072293006,-0.195397044,-0.132023669,0.138460774,-0.162167468,-0.060276398,0.729832422,-0.101054096,0.260664707,0.302995515,0.054345479,-0.06797117,-0.060680561,0.760071647,0.109884361,0.519377578,-0.096783415,-0.110582073,-0.062585366,-0.118100155,-0.142162056,-0.121793854,-0.205942831,1.054285064,1.43981282,0.054950291,0.088896635,-0.105606466,0.28843115,-0.09950676,-0.062888152,0.262238359,-0.124727662,0.124009801,0.002828632,-0.243821637,-0.086114343,1.302470697,0.039756258,0.852812153,0.056570464,-0.135748287,-0.211573819,-0.122939669,-0.101357509,-0.126447534,-0.228756939,-0.046036241,-0.121270342,-0.181673542,0.036859093,0.555570227,0.438506149,-0.128157682,-0.079157353,-0.071834471,0.380054597,-0.009509723,-0.04765141,-0.124159952,-0.11792592,-0.156198835,1.309054822,-0.174589471,0.095596587
2017/05/07,-0.082659443,-0.130485729,-0.165848098,-0.148786385,-0.113390341,-0.252048734,-0.052445744,-0.134672834,-0.136274211,0.035498852,1.404483892,-0.191737994,0.007551208,-0.064093489,-0.15866319,-0.170503902,-0.306814995,0.160985466,-0.094931484,-0.171017742,0.380855024,-0.099590588,-0.083501058,-0.123961274,0.140329797,-0.015741728,-0.202460131,-0.217561666,0.669709927,-0.061636494,-0.340060754,-0.214293457,-0.155748504,-0.068636927,-0.178347691,0.002111918,-0.132023669,-0.190413835,-0.017421976,-0.060276398,-0.126019542,-0.117683671,-0.082388455,-0.138204312,-0.126895569,-0.127080841,-0.068244851,0.109342927,0.179261473,-0.205364399,-0.112523088,-0.103835526,-0.068291644,-0.131874935,-0.145809575,-0.121793854,-0.150862012,-0.076854275,-0.025686559,0.015466949,0.443483808,-0.10921869,-0.159569877,-0.177440086,0.215296559,-0.011240316,-0.124727662,-0.200075035,-0.084973161,0.854345942,-0.190554261,-0.053573983,-0.031343456,1.058704454,-0.145884848,-0.087138297,-0.209581065,-0.122939669,-0.178076974,-0.140699835,-0.279157922,-0.09729191,-0.129499194,-0.190354029,-0.183378896,-0.227316866,-0.129789164,-0.234621665,-0.079157353,-0.071834471,0.401519567,-0.162145682,-0.134967248,-0.283312124,-0.132231389,-0.156198835,0.062681976,-0.174589471,0.127532683
2017/05/21,-0.06849762,-0.068484082,-0.100953383,-0.118046871,-0.113390341,-0.305188948,-0.091110617,-0.134672834,-0.136274211,0.421867656,0.344426286,-0.191737994,0.118413363,-0.122599122,-0.15866319,-0.170503902,-0.320117806,0.535673906,-0.110233336,0.008566464,0.448634483,-0.089861479,-0.083501058,-0.146570394,-0.003971895,0.088787026,-0.235279369,-0.214962448,-0.108055692,-0.132078843,-0.065037556,-0.04668085,-0.155748504,-0.079279483,-0.121500387,-0.152603435,-0.132023669,-0.194382489,-0.136032865,-0.060276398,-0.052269898,-0.117683671,-0.089060128,-0.033419353,-0.126895569,-0.127080841,-0.076923523,-0.253750475,-0.190749795,-0.205364399,-0.112523088,-0.090342432,-0.068291644,-0.13217396,-0.140365819,-0.121793854,-0.224885969,-0.120629813,-0.164487026,-0.168978994,-0.119013431,-0.10921869,-0.131569813,-0.191602908,-0.118118716,-0.189402319,-0.110076798,0.853200682,0.14270894,0.499729328,-0.205511239,-0.039497395,-0.081861675,0.603364434,-0.250486759,-0.092662159,-0.230443477,-0.122939669,-0.176112382,-0.118492581,-0.243788811,-0.020408406,-0.134111818,-0.190354029,-0.183378896,-0.246531641,1.214311784,-0.206104527,-0.079157353,-0.071834471,-0.258992,-0.018810976,-0.134967248,-0.318323992,-0.132231389,-0.156198835,0.221093872,0.434458014,-0.130859367
2017/06/07,-0.082659443,-0.130485729,-0.156676375,-0.157006422,-0.113390341,-0.011980003,-0.091110617,-0.134672834,-0.136274211,0.841833748,-0.198122883,-0.191737994,0.03647177,-0.122599122,-0.15866319,-0.170503902,-0.336009457,-0.139782736,-0.124788757,0.27103569,-0.197529694,-0.075642012,-0.083501058,-0.008202578,-0.174510259,-0.215568123,-0.22050181,-0.218001746,-0.131913533,-0.166210703,-0.340060754,0.198291423,-0.155748504,-0.08254601,-0.178347691,-0.195397044,-0.132023669,-0.194382489,-0.167528412,-0.060276398,-0.091534321,-0.117683671,-0.144370456,-0.138204312,-0.126895569,-0.127080841,-0.087695882,-0.264057893,-0.190749795,-0.205364399,-0.112523088,-0.104354491,-0.068291644,-0.129150973,-0.141145424,-0.121793854,-0.206817129,-0.12619813,-0.093627132,-0.404015321,-0.061849241,-0.10921869,-0.159569877,-0.184698895,-0.19255991,-0.146643438,-0.124727662,-0.200075035,-0.00233618,-0.060793707,-0.190797959,-0.053573983,-0.084564295,-0.124728108,-0.415825264,-0.166681918,-0.234379781,-0.122939669,-0.178535857,-0.14416996,-0.270451679,-0.09729191,-0.134446813,-0.030098895,-0.081730593,-0.245260455,-0.129789164,-0.234621665,-0.079157353,-0.071834471,0.426959531,-0.162145682,-0.134967248,-0.367069585,-0.132231389,-0.119201136,-0.128607861,0.106509368,-0.244087344
2017/06/21,-0.072948478,-0.130485729,-0.159460648,-0.134107747,-0.094453734,-0.231114169,-0.091110617,-0.129406187,-0.136274211,0.5154601,-0.198122883,0.400214797,-0.141183111,-0.122599122,-0.15866319,-0.170503902,-0.334726883,-0.139782736,-0.124788757,0.239460444,-0.197529694,0.078313119,-0.083501058,-0.101222959,-0.174510259,-0.219291596,-0.21378705,-0.218001746,-0.134640143,-0.187158743,-0.340060754,0.551935605,0.769837479,-0.081823461,-0.145863517,-0.195397044,-0.132023669,-0.194382489,-0.231859742,-0.058424015,-0.104514472,-0.117683671,-0.04869189,0.013064201,-0.126895569,-0.127080841,-0.076233668,-0.100828392,-0.190749795,-0.205364399,-0.112523088,-0.110582073,-0.067965571,-0.132713078,-0.14388319,-0.121793854,-0.210813924,-0.118714312,-0.077248601,-0.406583716,-0.156525524,-0.10921869,-0.159569877,-0.188567602,-0.19255991,-0.189402319,-0.124727662,0.216605468,-0.102681086,-0.243821637,-0.203734853,0.138269807,-0.084564295,-0.123893422,-0.194088494,-0.012645065,-0.232271047,-0.122939669,-0.17802453,-0.135884151,-0.275115738,-0.09729191,-0.129086892,-0.175473195,0.005396524,-0.24221552,-0.129789164,-0.182476041,-0.078764456,-0.071834471,-0.076358044,-0.144156444,-0.134967248,-0.380475447,-0.132231389,0.336222912,-0.128607861,-0.174589471,-0.192325983
2017/07/07,-0.082659443,-0.130485729,-0.165848098,-0.148786385,-0.074060464,0.018028589,-0.013780871,-0.117657512,-0.136274211,-0.233279447,-0.198122883,-0.191737994,-0.194892727,-0.122599122,-0.15866319,-0.170503902,-0.3382424,-0.138293785,-0.124788757,-0.171017742,0.308556934,-0.099590588,-0.083501058,0.035206933,-0.174510259,0.097203627,-0.18346889,-0.218001746,-0.074654714,-0.126704891,-0.267527163,0.610876302,-0.155748504,-0.080438573,-0.178347691,-0.116393459,-0.132023669,-0.194382489,-0.135362747,-0.058780242,-0.205110646,-0.117683671,-0.080666732,-0.138204312,-0.126895569,-0.127080841,-0.086074963,-0.26094622,0.27176429,-0.205364399,-0.112523088,-0.110582073,-0.067940488,-0.130827258,-0.145575918,-0.121793854,-0.220805909,-0.125786931,-0.093627132,-0.381926738,-0.011573759,-0.10921869,-0.159569877,-0.191957705,-0.19255991,-0.189402319,0.055590659,0.398235432,-0.084973161,0.579804047,-0.025692416,-0.194339867,-0.084564295,-0.124728108,-0.456316326,-0.193196458,-0.235560672,-0.122939669,-0.17578256,-0.143178496,-0.270451679,-0.09729191,-0.128674591,-0.190354029,-0.183378896,-0.243953883,-0.129789164,-0.227602062,-0.079157353,-0.071834471,-0.304439435,-0.185041076,-0.134967248,-0.3867714,-0.120493568,-0.113034853,0.349616732,-0.174589471,-0.244087344
2017/07/21,-0.082659443,-0.130485729,-0.150944049,-0.157006422,0.324856868,0.524959435,-0.091110617,-0.134672834,-0.136274211,0.016300402,-0.012106025,-0.191737994,-0.194892727,-0.122599122,-0.158149818,-0.170503902,-0.33293258,-0.127339356,-0.108153991,-0.171017742,0.205273949,0.078313119,-0.068778092,-0.020605295,-0.174510259,0.234506701,-0.184689755,-0.217729316,-0.143501627,-0.119940765,0.468170686,0.36037834,0.214485889,-0.087107106,-0.178347691,-0.195397044,-0.132023669,-0.194382489,-0.14225539,-0.060276398,-0.190799815,-0.117683671,-0.128628995,-0.119295748,-0.122519527,-0.127080841,-0.089779921,-0.212937543,-0.147802059,0.788567455,-0.112523088,-0.110582073,-0.068291644,-0.132583365,-0.142527145,-0.033643604,-0.175092577,-0.118561581,-0.065419662,-0.330233717,-0.085720887,-0.10921869,-0.09556973,-0.183166702,-0.151394273,-0.189402319,0.444563037,-0.200075035,0.10833835,0.096087375,-0.2033049,0.012787076,-0.084564295,-0.126852763,-0.428036854,-0.162420652,-0.233550345,-0.017989237,-0.178216278,-0.141408024,-0.251873179,-0.09729191,-0.132915407,-0.190354029,-0.136185041,-0.191384579,-0.129789164,-0.182476041,-0.078666232,-0.061616162,0.25554263,0.174743685,-0.134967248,-0.285012872,-0.132231389,-0.041682149,-0.128607861,-0.174589471,0.144122863
2017/08/07,-0.082659443,0.719822573,-0.165848098,-0.149373531,-0.089043274,-0.113616244,-0.091110617,-0.134672834,-0.12137918,-0.066892881,-0.074111644,0.2028972,-0.020336477,-0.122599122,-0.15866319,-0.170503902,-0.330622935,-0.029635777,-0.074884458,-0.171017742,0.138140008,0.067194138,-0.077611872,-0.149593557,-0.174510259,-0.158785157,-0.219606508,-0.217933638,0.184373275,-0.13882222,0.198760206,-0.214293457,0.307044487,-0.087694178,-0.178347691,-0.011995865,-0.132023669,-0.194382489,-0.201991625,-0.060276398,0.054829739,-0.117683671,-0.142378177,-0.138204312,-0.125436888,-0.123327846,-0.081050113,-0.293263172,-0.018958849,0.457256837,-0.112523088,-0.110582073,-0.068291644,-0.130232326,-0.145456201,-0.121793854,-0.204319133,-0.115888789,-0.091443327,-0.228711339,-0.263779886,-0.10921869,-0.159569877,-0.185931962,-0.09376238,-0.169549981,-0.124727662,0.262903302,-0.025946746,0.096087375,-0.153362432,-0.149294784,-0.084564295,-0.126852763,-0.409655197,-0.143955169,-0.235560672,-0.122939669,-0.176746214,-0.143203282,-0.254904817,-0.09729191,-0.131766853,-0.190354029,-0.183378896,-0.239388658,-0.129789164,-0.143366823,-0.079157353,-0.056507008,-0.245654947,-0.144156444,-0.134967248,-0.363711579,0.070497545,-0.087488823,-0.128607861,-0.044079295,-0.114683942
2017/08/21,-0.082659443,-0.130485729,-0.165848098,-0.157006422,-0.113390341,-0.492117464,-0.091110617,-0.134672834,-0.136274211,-0.233279447,-0.198122883,-0.191737994,-0.194892727,-0.122599122,-0.15866319,-0.170503902,-0.340562059,-0.139782736,-0.124788757,-0.171017742,-0.197529694,-0.099590588,-0.083501058,-0.181840622,-0.174510259,-0.267696748,-0.163528087,-0.218001746,-0.170086079,-0.235926842,-0.340060754,-0.214293457,-0.155748504,-0.088868321,-0.178347691,-0.195397044,-0.132023669,-0.194382489,-0.231859742,-0.060276398,-0.22647649,-0.117683671,-0.237343458,-0.138204312,-0.126895569,-0.127080841,-0.095800478,-0.357408098,-0.190749795,-0.205364399,-0.112523088,-0.110582073,-0.068291644,-0.132713078,-0.146294863,-0.121793854,-0.262772247,-0.12619813,-0.19553799,-0.462248858,-0.475655131,-0.10921869,-0.159569877,-0.195307925,-0.19255991,-0.189402319,-0.124727662,-0.200075035,-0.332884107,-0.243821637,-0.218579556,-0.222493043,-0.084564295,-0.126852763,-0.469813347,-0.193196458,-0.235560672,-0.122939669,-0.178535857,-0.14416996,-0.279157922,-0.09729191,-0.134446813,-0.190354029,-0.183378896,-0.249964115,-0.129789164,-0.234621665,-0.079157353,-0.071834471,0.535079378,-0.20793647,-0.134967248,-0.370188214,-0.132231389,-0.156198835,-0.128607861,-0.174589471,-0.244087344
2017/09/07,-0.03167688,0.086520036,-0.139766012,0.240380998,-0.113390341,-0.047146321,-0.08063888,-0.134672834,-0.136274211,-0.233279447,-0.116740508,-0.191737994,0.098831732,-0.122599122,-0.15866319,-0.170503902,0.001080667,0.976837827,-0.008345392,-0.081225639,-0.197529694,-0.050945043,-0.077059761,-0.181840622,-0.046606486,1.151179263,-0.134596118,-0.214664478,0.186588645,-0.165121388,-0.340060754,0.065060889,-0.155748504,-0.088868321,0.205371614,-0.174000239,-0.132023669,-0.194382489,-0.105542495,-0.060276398,0.391774176,0.206593036,0.160643404,0.258875533,-0.109026733,-0.127080841,-0.079447767,-0.273976353,-0.115591256,-0.132890201,-0.112523088,-0.110582073,-0.068291644,-0.124328381,-0.137985439,1.343704058,0.048842383,-0.103924862,0.146022622,0.396133136,0.004842314,-0.10921869,-0.103569749,-0.174495557,0.028362344,-0.189402319,0.080384428,-0.017777315,0.96520515,-0.243821637,-0.111755965,-0.085246307,-0.081861675,-0.126421192,-0.400359927,-0.166267628,-0.233401855,0.313260562,-0.163435745,-0.127857272,-0.270684072,-0.09729191,-0.130426873,-0.190354029,-0.121436962,-0.226573753,-0.050204239,0.321462533,-0.078727622,-0.049481921,-0.327030653,0.015293621,-0.134967248,-0.237028484,-0.065472533,-0.13114831,-0.076800197,-0.060393067,-0.111988037
2017/09/21,-0.004971729,-0.130485729,-0.026743637,0.195378741,-0.113390341,-0.306349994,-0.091110617,-0.134672834,-0.136274211,-0.233279447,-0.115448724,0.071352135,-0.194892727,-0.056423439,0.126486502,-0.124761155,-0.257897066,-0.139782736,-0.065642921,-0.171017742,-0.197529694,1.234687218,-0.083501058,-0.14601055,-0.174510259,-0.04718439,-0.163528087,-0.212280715,0.042589533,-0.166874666,-0.250257261,-0.214293457,-0.155748504,-0.037206011,0.178978222,-0.16279239,-0.132023669,-0.190287846,-0.125661991,-0.060276398,-0.125769649,0.434734964,0.233752548,0.819829599,-0.109391403,0.003022985,-0.086100692,0.008583975,-0.076222498,-0.205364399,-0.112523088,-0.110582073,-0.068291644,-0.131578093,-0.117532811,-0.06302702,1.005876806,-0.110161377,-0.153479541,-0.102749999,0.470002743,-0.10921869,0.09643071,-0.181366402,0.850302905,-0.154109274,-0.124727662,-0.200075035,0.374777031,0.096087375,-0.072244578,0.265495353,-0.084564295,-0.122249344,-0.288781878,-0.029058828,-0.232636561,0.226895103,-0.079750412,-0.108801828,-0.148797487,-0.090783253,-0.111475726,-0.170512917,0.005396524,-0.20902382,-0.129789164,-0.11729401,-0.069553196,-0.034367339,-0.169668197,0.366083763,-0.134967248,-0.134596191,-0.124965119,-0.156198835,-0.099003482,-0.174589471,-0.244087344
2017/10/07,-0.082659443,-0.130485729,-0.165848098,-0.157006422,-0.113390341,-0.492117464,-0.091110617,-0.134672834,-0.136274211,-0.233279447,-0.198122883,-0.191737994,-0.194892727,-0.122599122,-0.15866319,-0.170503902,-0.340562059,-0.139782736,-0.124788757,-0.171017742,-0.197529694,-0.099590588,-0.083501058,-0.181840622,-0.174510259,-0.267696748,-0.237593927,-0.218001746,-0.170086079,-0.235926842,-0.340060754,-0.214293457,-0.155748504,-0.088868321,-0.178347691,-0.195397044,-0.132023669,-0.188649989,-0.231859742,-0.060276398,0.104881503,-0.117683671,0.120774773,-0.138204312,-0.126895569,-0.127080841,-0.095800478,-0.195601076,4.619396695,-0.205364399,-0.112523088,-0.110582073,-0.068291644,-0.132713078,-0.146294863,6.048723669,-0.262772247,0.223046709,-0.19553799,-0.443105419,0.027099688,-0.10921869,-0.159569877,-0.195307925,2.42008588,-0.189402319,-0.124727662,-0.200075035,-0.332884107,-0.243821637,-0.180562634,-0.222493043,-0.084564295,-0.126852763,-0.469813347,-0.193196458,-0.235560672,-0.122939669,-0.083088238,-0.14416996,-0.279157922,-0.09729191,-0.134446813,-0.190354029,-0.183378896,-0.249964115,-0.129789164,-0.234621665,-0.079157353,-0.071834471,-0.45707922,-0.20793647,-0.134967248,-0.381771693,-0.132231389,-0.156198835,-0.128607861,-0.174589471,-0.244087344
2017/10/21,-0.082659443,-0.130485729,-0.165848098,-0.0269154,-0.105157034,-0.11472681,0.144427572,-0.134672834,-0.136274211,0.146515975,-0.08489523,0.048474733,-0.17309752,-0.080855369,-0.11418582,-0.126657371,-0.201878311,-0.139221682,-0.104537737,-0.139785706,-0.013641074,0.013210676,-0.083501058,-0.132769001,0.300031275,-0.070042379,-0.121396431,-0.185789858,0.304581229,0.43165571,-0.319562131,-0.097693382,-0.155748504,-0.081900035,0.128133428,0.007407448,-0.130209473,-0.183914446,0.240835683,-0.053511171,-0.211434023,-0.117683671,-0.13710928,-0.007762624,-0.026267757,0.169895283,-0.079462082,-0.140199759,0.175239612,0.063525378,-0.086196371,-0.091222416,-0.068291644,-0.126870376,-0.140937262,-0.06813718,-0.019641181,-0.103111404,-0.116335529,-0.058628751,-0.294408375,-0.10921869,-0.042700044,-0.132293041,-0.125740325,-0.181346298,0.05872663,0.194463026,-0.14605267,0.169980639,0.176259238,-0.020932619,-0.084564295,-0.125251574,-0.258751239,-0.07205575,-0.164921129,-0.075027515,-0.019867159,-0.010726396,-0.189197358,1.097188029,0.012368394,-0.190354029,-0.164227767,-0.218227195,-0.129789164,0.414742506,-0.054444681,-0.059394791,-0.030498953,0.050881027,1.075812363,0.233677559,-0.012811821,-0.044669541,-0.128607861,-0.174589471,-0.034041242
2017/11/07,-0.082659443,-0.130485729,-0.08519089,-0.062717761,-0.077744962,-0.20756541,-0.066471237,-0.132070491,-0.131367613,-0.233279447,-0.198122883,0.523248122,-0.194892727,-0.122599122,0.091916762,-0.1341508,0.146253894,-0.139782736,-0.100130162,0.167023117,-0.197529694,-0.099590588,-0.083501058,0.017332429,-0.174510259,-0.259724135,0.432919766,-0.168301697,-0.170086079,0.701837249,0.148047645,-0.214293457,-0.094768722,-0.085000555,-0.138220182,-0.014153526,-0.080479168,-0.194382489,-0.12363174,-0.060276398,-0.178664627,-0.042557122,0.035985015,0.086029012,-0.046170476,-0.127080841,-0.070018328,-0.158956545,-0.190749795,-0.150795591,-0.018411822,-0.110105846,-0.068237938,-0.104111474,-0.130415815,-0.07823726,-0.007106734,-0.088464594,-0.051364099,-0.288575898,-0.15330057,-0.10921869,-0.159569877,-0.178548614,-0.187135732,-0.189402319,-0.047508993,-0.161947407,-0.332884107,-0.243821637,-0.154845304,-0.084708084,-0.080494467,-0.126852763,0.673781284,-0.061403596,-0.074820538,-0.122939669,-0.125794029,-0.02089011,-0.120621086,-0.073171595,0.271015389,-0.190354029,-0.183378896,-0.183561048,-0.118692355,-0.183089519,-0.079157353,-0.060053362,0.089094361,-0.172919985,0.522469645,-0.251014659,-0.132231389,-0.156198835,-0.128607861,-0.174589471,0.011674675
2017/11/21,-0.082659443,-0.130485729,-0.165848098,-0.157006422,-0.113390341,-0.492117464,-0.091110617,-0.134672834,-0.136274211,-0.233279447,-0.198122883,-0.191737994,-0.194892727,-0.122599122,-0.15866319,-0.170503902,-0.318579496,-0.139782736,-0.124788757,-0.171017742,-0.197529694,-0.099590588,-0.083501058,-0.181840622,-0.174510259,-0.267696748,-0.200561007,-0.218001746,-0.170086079,-0.235926842,-0.340060754,-0.214293457,-0.155748504,-0.088868321,-0.178347691,-0.195397044,-0.132023669,-0.194382489,-0.231859742,-0.060276398,-0.22647649,-0.117683671,-0.237343458,-0.138204312,-0.086052516,-0.127080841,-0.095800478,-0.357408098,-0.190749795,-0.205364399,-0.112523088,-0.110582073,-0.068291644,-0.132713078,-0.146294863,2.346413155,-0.262772247,-0.12619813,-0.19553799,-0.41003948,-0.073451276,-0.10921869,-0.159569877,-0.195307925,-0.19255991,-0.189402319,-0.124727662,-0.200075035,-0.332884107,-0.243821637,-0.237588017,1.241472147,-0.084564295,-0.126852763,-0.469813347,-0.193196458,-0.235560672,-0.122939669,-0.178535857,-0.14416996,-0.279157922,-0.09729191,-0.134446813,-0.190354029,-0.183378896,-0.249964115,2.379199272,-0.234621665,-0.079157353,-0.071834471,-0.45707922,-0.20793647,-0.134967248,-0.331576618,-0.132231389,-0.156198835,-0.128607861,-0.174589471,-0.244087344
2017/12/07,-0.082659443,-0.130485729,4.126518117,-0.157006422,-0.113390341,-0.492117464,-0.091110617,-0.134672834,-0.136274211,-0.233279447,-0.198122883,-0.191737994,-0.194892727,2.356306192,-0.15866319,3.761337269,-0.173720045,-0.139782736,-0.124788757,-0.171017742,-0.197529694,-0.099590588,-0.083501058,-0.181840622,-0.174510259,-0.267696748,-0.237593927,0.369357363,-0.170086079,-0.235926842,-0.340060754,-0.214293457,-0.155748504,-0.088868321,-0.178347691,-0.195397044,-0.132023669,-0.194382489,-0.231859742,-0.060276398,0.00742327,-0.117683671,-0.237343458,-0.138204312,0.199848854,-0.127080841,-0.095800478,-0.357408098,-0.190749795,-0.205364399,-0.112523088,-0.110582073,-0.068291644,-0.132713078,-0.146294863,-0.121793854,-0.262772247,-0.12619813,-0.19553799,-0.472690733,-0.475655131,-0.10921869,-0.159569877,-0.195307925,-0.19255991,-0.189402319,-0.124727662,-0.200075035,-0.332884107,-0.243821637,-0.237588017,-0.222493043,-0.084564295,-0.126852763,-0.469813347,-0.193196458,0.071471044,-0.122939669,-0.106950143,-0.14416996,-0.279157922,-0.09729191,-0.134446813,-0.190354029,-0.183378896,-0.249964115,-0.129789164,-0.234621665,-0.079157353,-0.071834471,-0.45707922,-0.20793647,-0.134967248,-0.40493865,-0.132231389,-0.156198835,-0.128607861,-0.174589471,-0.244087344
2017/12/21,-0.082659443,-0.130485729,-0.165848098,-0.157006422,-0.113390341,0.093050067,-0.091110617,1.008189656,-0.136274211,-0.233279447,-0.198122883,-0.191737994,-0.194892727,0.187264042,0.082108334,4.81237924,-0.153992104,-0.139782736,1.03964489,-0.171017742,-0.197529694,-0.099590588,-0.083501058,-0.181840622,-0.174510259,10.23622118,-0.052429327,1.851104205,-0.170086079,-0.235926842,-0.340060754,-0.214293457,-0.155748504,-0.088868321,-0.178347691,3.912789364,-0.132023669,-0.194382489,0.604447548,-0.060276398,0.913784837,20.3699524,-0.237343458,-0.138204312,0.526593277,-0.127080841,-0.095800478,7.89475002,-0.190749795,-0.205364399,-0.112523088,-0.110582073,-0.068291644,-0.115007323,-0.146294863,2.346413155,-0.262772247,-0.062051119,0.466882591,-0.237748533,-0.073451276,-0.10921869,-0.159569877,-0.195307925,-0.19255991,-0.189402319,-0.124727662,-0.200075035,-0.332884107,-0.243821637,-0.209075326,1.973454742,-0.084564295,-0.126852763,0.582954274,-0.193196458,0.439909104,-0.122939669,-0.008519786,0.107166265,-0.279157922,-0.09729191,-0.134446813,-0.190354029,3.120190952,-0.249964115,-0.129789164,-0.234621665,2.134819064,-0.071834471,-0.45707922,-0.20793647,2.449581538,0.278486596,-0.132231389,-0.156198835,-0.128607861,-0.174589471,1.567560288
2018/01/07,-0.082659443,-0.130485729,-0.165848098,-0.157006422,-0.113390341,-0.297061621,-0.091110617,-0.134672834,-0.136274211,-0.233279447,-0.198122883,-0.191737994,-0.194892727,1.511224835,0.128825197,-0.1203123,-0.202466473,-0.139782736,6.396039664,-0.171017742,-0.197529694,-0.099590588,-0.083501058,-0.181840622,-0.174510259,-0.267696748,-0.237593927,-0.218001746,-0.170086079,-0.235926842,-0.340060754,-0.214293457,-0.155748504,-0.088868321,-0.178347691,-0.195397044,-0.132023669,-0.194382489,0.186293903,-0.060276398,-0.22647649,5.097350965,-0.237343458,-0.138204312,-0.126895569,-0.127080841,-0.095800478,1.826986698,-0.190749795,-0.205364399,-0.112523088,-0.002637319,-0.068291644,-0.115007323,-0.146294863,-0.121793854,-0.262772247,-0.094124624,-0.19553799,-0.436144169,-0.023175794,-0.10921869,-0.159569877,-0.195307925,-0.19255991,-0.189402319,-0.124727662,-0.200075035,-0.332884107,-0.243821637,-0.237588017,-0.222493043,-0.084564295,-0.126852763,-0.118890807,-0.193196458,0.27104166,-0.122939669,0.072014142,-0.037835403,-0.279157922,-0.09729191,-0.134446813,-0.190354029,0.477335073,-0.249964115,0.587064675,-0.234621665,19.94289024,-0.071834471,-0.45707922,-0.20793647,1.33193882,-0.082531825,-0.132231389,-0.156198835,-0.128607861,-0.174589471,-0.244087344
2018/01/21,0.340306999,-0.130485729,0.549546271,-0.157006422,-0.113390341,7.960302433,-0.091110617,-0.134672834,-0.136274211,-0.233279447,-0.198122883,-0.191737994,-0.194892727,-0.122599122,3.530771118,0.031587698,-0.053097778,-0.139782736,0.80675816,-0.171017742,-0.197529694,-0.099590588,-0.083501058,0.570590904,-0.174510259,-0.04180604,-0.138839473,0.165307283,-0.170086079,-0.235926842,-0.340060754,-0.214293457,-0.155748504,-0.088868321,-0.178347691,-0.195397044,-0.132023669,-0.194382489,0.046909354,-0.060276398,1.703196525,4.458775295,-0.237343458,-0.138204312,-0.126895569,-0.127080841,-0.095800478,0.451627011,-0.190749795,-0.205364399,0.702236491,0.118800529,-0.068291644,0.746218732,-0.146294863,2.346413155,-0.262772247,-0.12619813,0.02526887,-0.437884482,-0.475655131,-0.10921869,-0.159569877,-0.195307925,2.727455973,-0.189402319,-0.124727662,-0.200075035,-0.332884107,-0.243821637,-0.237588017,0.75348375,-0.084564295,-0.126852763,0.699928454,-0.193196458,3.029209914,-0.122939669,-0.136777524,0.442281233,-0.279157922,-0.09729191,-0.134446813,-0.190354029,0.257097083,-0.249964115,0.788286805,7.309112011,15.26741209,-0.071834471,-0.45707922,-0.20793647,0.330717218,2.260548517,-0.132231389,-0.156198835,-0.128607861,-0.174589471,-0.244087344
2018/02/07,-0.082659443,0.951724837,-0.024937086,-0.157006422,-0.113390341,-0.385723368,-0.091110617,1.775683822,-0.136274211,-0.233279447,-0.198122883,-0.191737994,-0.194892727,0.097634202,0.063486927,0.077156192,-0.05463502,-0.139782736,-0.040102674,-0.171017742,-0.197529694,-0.099590588,4.076406139,12.54109247,0.941740849,0.225155706,0.031736401,1.52084473,-0.170086079,-0.235926842,0.002825312,0.273306855,-0.155748504,-0.076913406,-0.178347691,-0.102029171,-0.092193828,-0.194382489,-0.079803871,-0.060276398,8.263021592,-0.117683671,-0.066423394,-0.138204312,10.38090803,-0.127080841,0.011474904,5.379386316,-0.190749795,0.63797172,1.325763243,0.318743653,-0.068291644,-0.110426114,-0.0303798,-0.121793854,0.894481311,-0.114535037,-0.135317937,-0.488353547,-0.475655131,-0.10921869,-0.159569877,-0.195307925,0.268495229,2.387792037,-0.124727662,-0.200075035,0.64373477,-0.243821637,-0.18574676,-0.222493043,8.076367524,-0.126852763,-0.150792856,-0.193196458,0.543183409,-0.122939669,2.211450817,0.152863761,-0.279157922,-0.09729191,-0.099363698,-0.190354029,6.784150238,7.290643356,1.732658848,-0.234621665,-0.036653006,0.227283289,0.069065491,-0.20793647,2.125719159,4.992962451,7.44186424,-0.156198835,-0.128607861,-0.174589471,-0.244087344
2018/02/21,-0.082659443,-0.130485729,1.7798078,-0.157006422,-0.113390341,-0.350258669,-0.091110617,-0.074345782,-0.022530343,-0.233279447,-0.198122883,-0.191737994,0.078538043,-0.009921607,0.053032804,-0.169419655,0.403668106,-0.139782736,-0.040102674,-0.171017742,-0.197529694,-0.099590588,3.06453682,18.28693322,18.80175857,-0.144483635,0.408798859,2.868060678,-0.170086079,-0.219448482,0.002825312,0.760907168,-0.155748504,-0.085879592,0.317774238,0.084706575,-0.120643714,-0.191255671,-0.231859742,-0.060276398,-0.22647649,-0.117683671,0.250999584,-0.138204312,20.75133045,-0.127080841,-0.07664416,5.379386316,-0.190749795,-0.205364399,-0.112523088,0.762789118,-0.068291644,-0.045051021,0.11038786,0.214779829,-0.064385922,0.326718647,-0.19553799,1.295783282,-0.466514134,-0.10921869,-0.159569877,-0.195307925,0.687636265,6.683115963,-0.124727662,-0.200075035,3.475929512,-0.243821637,-0.189202844,-0.089405299,1.928151067,-0.111787031,0.295835832,-0.193196458,0.063097452,-0.122939669,7.896007275,1.288270766,-0.279157922,-0.09729191,-0.134446813,-0.190354029,0.53739998,16.86270907,4.991085388,-0.201438086,-0.079157353,-0.071834471,0.234425257,-0.20793647,3.662477896,15.86388176,8.232566531,-0.156198835,-0.128607861,13.77813472,-0.244087344
2018/03/07,-0.082659443,1.357553799,0.594258419,-0.157006422,-0.113390341,2.141136427,-0.091110617,-0.079373036,-0.136274211,-0.233279447,-0.198122883,-0.191737994,-0.194892727,-0.122599122,0.048867489,-0.143420315,-0.155260329,-0.139782736,-0.066567075,-0.171017742,-0.197529694,-0.099590588,-0.083501058,0.946806668,-0.174510259,-0.267696748,0.188284653,0.111195872,-0.170086079,-0.235926842,0.602875927,-0.214293457,-0.155748504,-0.088868321,-0.178347691,-0.195397044,-0.132023669,-0.194382489,-0.231859742,-0.060276398,-0.219167122,2.556351946,0.63556973,-0.138204312,6.928741813,-0.127080841,-0.016780665,1.220210366,-0.190749795,-0.205364399,-0.112523088,0.096874251,-0.068291644,0.0852039,0.143731762,-0.121793854,-0.262772247,0.02347823,0.052869728,-0.484437843,-0.46308626,-0.10921869,-0.159569877,-0.195307925,-0.19255991,14.74948163,-0.124727662,-0.200075035,0.06997118,-0.243821637,-0.066511868,0.326493903,-0.084564295,-0.126852763,-0.206621442,-0.193196458,7.996727229,-0.122939669,3.257578408,1.571683118,-0.279157922,-0.09729191,-0.134446813,-0.190354029,0.477335073,0.950481633,8.5479152,-0.234621665,-0.079157353,-0.036070391,0.183689875,-0.20793647,2.467044705,3.896875773,-0.132231389,-0.156198835,-0.128607861,0.738981756,-0.244087344
2018/03/21,-0.082659443,-0.130485729,2.326108954,-0.157006422,-0.113390341,-0.258050452,-0.091110617,-0.119926221,-0.136274211,-0.233279447,-0.198122883,-0.191737994,-0.194892727,-0.122599122,-0.15866319,-0.170503902,-0.233016599,-0.139782736,-0.124788757,-0.171017742,-0.197529694,-0.099590588,0.163844775,0.72107721,-0.174510259,-0.132162323,-0.119088583,-0.0959531,-0.170086079,-0.19967445,-0.340060754,-0.214293457,-0.155748504,-0.075717915,0.367386431,-0.195397044,-0.132023669,-0.194382489,0.102663174,-0.060276398,-0.22647649,-0.117683671,-0.076190254,-0.138204312,0.077319696,-0.127080841,0.013773663,1.001770886,-0.190749795,3.505314523,-0.112523088,-0.110582073,-0.068291644,-0.12889953,-0.098488661,-0.121793854,-0.117288942,-0.12619813,-0.063053874,-0.488353547,-0.415324553,-0.10921869,-0.159569877,-0.195307925,-0.19255991,14.9301379,-0.124727662,-0.200075035,2.245389727,-0.243821637,-0.233786325,-0.222493043,-0.084564295,-0.126852763,0.793507798,-0.193196458,1.02941,-0.122939669,0.483631996,0.153566799,-0.279157922,-0.09729191,-0.134446813,-0.190354029,-0.183378896,0.100615301,2.16414312,-0.234621665,-0.079157353,-0.043223207,0.005928126,-0.20793647,5.676774885,2.039175368,2.522863673,-0.156198835,-0.128607861,-0.174589471,-0.244087344
2018/04/07,-0.082659443,-0.130485729,1.175516344,-0.157006422,-0.113390341,-0.492117464,-0.091110617,-0.134672834,-0.136274211,-0.233279447,-0.198122883,-0.191737994,-0.194892727,-0.122599122,-0.15866319,-0.170006956,-0.241358699,-0.139782736,-0.124788757,-0.171017742,-0.197529694,-0.099590588,-0.083501058,0.946806668,-0.174510259,0.409975376,-0.052429327,-0.164605463,-0.170086079,-0.235926842,-0.340060754,-0.214293457,-0.155748504,-0.072430313,-0.178347691,-0.195397044,-0.132023669,-0.194382489,-0.231859742,-0.060276398,-0.22647649,-0.117683671,-0.237343458,-0.138204312,-0.126895569,-0.127080841,-0.032584628,-0.357408098,-0.190749795,-0.205364399,-0.112523088,-0.110582073,-0.068291644,-0.078233833,-0.143841465,-0.121793854,0.100936014,-0.104815793,0.466882591,-0.488353547,-0.475655131,-0.10921869,-0.159569877,-0.195307925,0.960077939,2.589924928,-0.124727662,-0.200075035,-0.332884107,-0.243821637,-0.218579556,-0.222493043,-0.084564295,-0.126852763,-0.118890807,-0.193196458,0.255690074,-0.122939669,0.116755213,-0.14416996,-0.279157922,-0.09729191,-0.134446813,-0.190354029,-0.183378896,-0.212596154,-0.129789164,-0.234621665,-0.079157353,-3.06E-04,0.287039729,-0.20793647,-0.134967248,2.896352796,-0.132231389,-0.156198835,-0.128607861,-0.174589471,-0.244087344
2018/04/21,-0.082659443,-0.130485729,0.907243456,-0.157006422,-0.113390341,-0.492117464,-0.091110617,-0.134672834,-0.136274211,-0.233279447,-0.198122883,-0.191737994,-0.194892727,-0.122599122,-0.15866319,-0.170503902,-0.288705757,-0.139782736,-0.124788757,-0.171017742,-0.197529694,-0.099590588,-0.083501058,-0.181840622,-0.174510259,-0.267696748,0.132735273,-0.165558968,-0.170086079,-0.145295861,-0.340060754,-0.214293457,-0.155748504,-0.088868321,-0.178347691,-0.195397044,-0.132023669,-0.194382489,-0.231859742,-0.060276398,8.076964965,0.148389525,-0.237343458,-0.138204312,-0.126895569,-0.127080841,-0.032584628,0.3707235,-0.190749795,-0.205364399,-0.112523088,-0.110582073,-0.068291644,-0.132713078,-0.146294863,-0.121793854,-0.262772247,18.69025852,-0.19553799,-0.488353547,-0.324828685,-0.10921869,-0.159569877,-0.195307925,-0.19255991,-0.189402319,-0.124727662,-0.200075035,1.278537039,-0.243821637,-0.171058404,-0.222493043,-0.084564295,-0.126852763,0.232031734,-0.193196458,-0.235560672,-0.122939669,-0.169587642,-0.14416996,-0.279157922,-0.09729191,-0.134446813,-0.190354029,-0.183378896,-0.249964115,2.17168895,-0.234621665,-0.079157353,-0.071834471,-0.45707922,-0.20793647,1.26208615,0.286208915,-0.132231389,-0.156198835,-0.128607861,-0.174589471,-0.244087344
2018/05/07,-0.082659443,-0.130485729,-0.165848098,-0.157006422,-0.113390341,-0.492117464,-0.091110617,-0.134672834,-0.136274211,-0.233279447,-0.198122883,-0.191737994,-0.194892727,-0.122599122,-0.15866319,-0.170503902,-0.339810519,-0.139782736,0.030469063,-0.171017742,-0.197529694,-0.099590588,-0.083501058,0.570590904,-0.174510259,-0.04180604,-0.1882167,-0.218001746,-0.170086079,-0.05466488,-0.340060754,-0.214293457,-0.155748504,-0.088868321,-0.178347691,-0.195397044,-0.132023669,-0.194382489,1.719523935,-0.060276398,0.787089134,-0.117683671,-0.237343458,-0.138204312,-0.126895569,-0.127080841,-0.011512678,2.555118296,-0.190749795,-0.205364399,-0.112523088,-0.110582073,-0.068291644,-0.132713078,-0.146294863,-0.121793854,-0.262772247,-0.12619813,0.02526887,-0.488353547,-0.442138143,-0.10921869,-0.159569877,-0.195307925,-0.19255991,0.181174648,-0.124727662,-0.200075035,-0.332884107,-0.243821637,-0.22491571,-0.222493043,-0.084564295,-0.126852763,-0.469813347,-0.193196458,-0.235560672,-0.122939669,-0.17257038,-0.118391886,-0.279157922,-0.09729191,-0.134446813,-0.190354029,-0.183378896,-0.24769939,-0.129789164,-0.234621665,-0.079157353,-0.071834471,-0.291719453,-0.20793647,-0.134967248,-0.377910533,-0.132231389,-0.156198835,-0.128607861,-0.174589471,4.586973008
2018/05/21,-0.082659443,0.861540623,-0.066487769,-0.157006422,-0.113390341,-0.492117464,-0.091110617,-0.134672834,-0.136274211,-0.233279447,0.669955787,-0.191737994,-0.194892727,-0.122599122,-0.15866319,-0.170503902,-0.33586493,-0.139782736,0.108097972,-0.171017742,-0.197529694,-0.099590588,-0.083501058,-0.181840622,-0.174510259,-0.267696748,-0.237593927,-0.218001746,-0.170086079,-0.175506188,0.2885637,-0.214293457,-0.155748504,-0.083388985,-0.178347691,-0.02422261,-0.132023669,-0.194382489,0.465063,-0.060276398,0.89429319,-0.117683671,-0.058284343,-0.138204312,-0.126895569,-0.127080841,-0.039608611,-0.276504587,-0.190749795,-0.205364399,-0.112523088,-0.110582073,-0.068291644,-0.129535122,-0.146294863,-0.121793854,-0.262772247,-0.12619813,0.135672301,-0.485743078,-0.475655131,-0.10921869,-0.159569877,-0.195307925,-0.038874864,-0.189402319,-0.124727662,-0.200075035,1.636630627,-0.243821637,-0.215411479,0.021501155,-0.084564295,-0.126852763,-0.352839167,-0.193196458,-0.215091891,-0.122939669,-0.166604904,-0.14416996,-0.279157922,-0.09729191,-0.134446813,-0.190354029,-0.183378896,-0.232978678,-0.129789164,-0.234621665,-0.079157353,-0.071834471,0.011440118,-0.20793647,-0.134967248,-0.390781065,-0.132231389,-0.156198835,-0.128607861,-0.174589471,1.567560288
2018/06/07,-0.082659443,-0.130485729,-0.165848098,-0.157006422,-0.113390341,-0.492117464,-0.091110617,-0.134672834,-0.136274211,-0.233279447,-0.198122883,-0.191737994,-0.194892727,-0.122599122,-0.15866319,-0.170503902,-0.340562059,-0.139782736,-0.124788757,-0.171017742,-0.197529694,-0.099590588,-0.083501058,-0.181840622,-0.174510259,-0.267696748,-0.237593927,-0.218001746,-0.170086079,-0.235926842,-0.340060754,-0.214293457,-0.155748504,-0.088868321,-0.178347691,-0.195397044,-0.132023669,-0.194382489,-0.231859742,-0.060276398,-0.22647649,-0.117683671,-0.237343458,-0.138204312,-0.126895569,-0.127080841,-0.095800478,-0.357408098,-0.190749795,-0.205364399,-0.112523088,-0.110582073,-0.068291644,-0.132713078,-0.146294863,-0.121793854,-0.262772247,-0.12619813,-0.19553799,-0.383934791,-0.475655131,-0.10921869,-0.159569877,-0.195307925,-0.19255991,-0.189402319,-0.124727662,-0.200075035,-0.332884107,-0.243821637,-0.237588017,-0.222493043,-0.084564295,-0.126852763,-0.469813347,-0.193196458,-0.235560672,-0.122939669,-0.178535857,-0.14416996,-0.279157922,-0.09729191,-0.134446813,-0.190354029,-0.183378896,-0.249964115,-0.129789164,-0.234621665,-0.079157353,-0.071834471,-0.45707922,-0.20793647,-0.134967248,-0.389494012,-0.132231389,-0.156198835,-0.128607861,-0.174589471,-0.244087344
2018/06/21,-0.082659443,-0.130485729,-0.165848098,-0.157006422,-0.113390341,-0.414095127,-0.091110617,-0.134672834,-0.136274211,-0.233279447,-0.198122883,-0.191737994,-0.194892727,-0.122599122,-0.15866319,-0.170503902,-0.33966021,-0.139782736,-0.124788757,-0.171017742,-0.197529694,-0.099590588,-0.083501058,-0.181840622,-0.174510259,-0.267696748,-0.237593927,-0.218001746,-0.170086079,-0.127169665,-0.340060754,-0.214293457,-0.155748504,-0.088868321,-0.178347691,-0.195397044,-0.132023669,-0.194382489,-0.231859742,-0.060276398,0.954717295,-0.117683671,0.031245215,-0.138204312,-0.126895569,-0.127080841,-0.095800478,-0.163239672,-0.190749795,-0.205364399,-0.112523088,-0.110582073,-0.068291644,-0.132713078,-0.146294863,-0.121793854,-0.262772247,-0.053498184,-0.19553799,-0.469558171,-0.415324553,-0.10921869,-0.159569877,-0.195307925,-0.19255991,-0.189402319,-0.124727662,-0.200075035,-0.332884107,-0.243821637,-0.226182941,0.070299995,-0.084564295,-0.126852763,-0.469813347,-0.193196458,-0.235560672,-0.122939669,-0.171377285,-0.14416996,-0.279157922,-0.09729191,-0.134446813,-0.190354029,-0.183378896,-0.247925862,-0.129789164,-0.234621665,-0.073656791,-0.071834471,0.435863518,-0.20793647,-0.134967248,-0.396444099,-0.132231389,-0.156198835,-0.128607861,-0.174589471,0.480571709
2018/07/07,-0.082659443,-0.130485729,-0.165848098,-0.157006422,-0.113390341,-0.492117464,-0.091110617,-0.134672834,-0.136274211,-0.233279447,-0.198122883,-0.191737994,-0.194892727,-0.122599122,-0.15866319,-0.170503902,-0.340562059,-0.139782736,-0.124788757,-0.171017742,-0.197529694,-0.099590588,-0.083501058,-0.181840622,-0.174510259,-0.267696748,-0.237593927,-0.218001746,-0.170086079,-0.175506188,-0.340060754,-0.214293457,-0.155748504,-0.077909649,-0.178347691,-0.195397044,-0.132023669,-0.194382489,-0.231859742,-0.060276398,-0.22647649,-0.117683671,-0.147813901,-0.138204312,-0.126895569,-0.127080841,-0.053656578,-0.195601076,-0.190749795,-0.205364399,-0.112523088,-0.110582073,-0.068291644,-0.132713078,-0.144659264,-0.121793854,-0.262772247,-0.12619813,-0.19553799,-0.488353547,-0.475655131,-0.10921869,-0.159569877,-0.195307925,-0.19255991,-0.189402319,-0.124727662,-0.200075035,-0.332884107,-0.243821637,-0.205907249,-0.222493043,-0.084564295,-0.126852763,-0.469813347,-0.193196458,-0.235560672,-0.122939669,-0.142743,-0.131280923,-0.279157922,-0.09729191,-0.134446813,-0.190354029,-0.183378896,-0.249964115,-0.129789164,-0.234621665,-0.079157353,-0.071834471,0.039000079,-0.20793647,-0.134967248,-0.402364544,0.020360282,-0.156198835,-0.128607861,-0.174589471,-0.244087344
2018/07/21,-0.082659443,-0.130485729,-0.046615703,-0.157006422,-0.113390341,-0.492117464,-0.091110617,-0.134672834,-0.136274211,-0.233279447,-0.198122883,-0.191737994,-0.194892727,-0.122599122,-0.15866319,-0.170503902,-0.339716576,-0.139782736,-0.124788757,-0.171017742,-0.197529694,-0.099590588,-0.083501058,-0.181840622,-0.174510259,-0.098278717,-0.237593927,-0.218001746,-0.170086079,-0.235926842,-0.340060754,-0.214293457,-0.155748504,-0.080649317,-0.178347691,-0.195397044,-0.132023669,-0.194382489,-0.231859742,-0.060276398,-0.211857755,-0.117683671,-0.237343458,-0.138204312,-0.065630989,-0.127080841,-0.095800478,0.249368234,-0.190749795,-0.205364399,-0.112523088,-0.110582073,-0.068291644,-0.132713078,-0.145418649,1.112309651,-0.262772247,-0.029977613,-0.029932845,-0.488353547,-0.475655131,-0.10921869,-0.159569877,-0.195307925,0.153231444,-0.189402319,-0.124727662,-0.200075035,1.009966848,-0.243821637,-0.223331671,0.143498254,-0.084564295,-0.126852763,-0.469813347,-0.193196458,-0.235560672,-0.122939669,-0.174061749,-0.14416996,-0.279157922,-0.09729191,-0.134446813,-0.190354029,-0.183378896,-0.237225037,-0.129789164,-0.234621665,-0.07228165,-0.071834471,-0.45707922,-0.20793647,-0.134967248,-0.391424592,-0.132231389,-0.156198835,-0.128607861,-0.174589471,-0.244087344
2018/08/07,-0.082659443,-0.130485729,-0.165848098,-0.157006422,-0.113390341,-0.492117464,-0.091110617,-0.134672834,-0.136274211,-0.233279447,-0.198122883,-0.191737994,-0.194892727,-0.122599122,-0.15866319,-0.170503902,-0.338758362,-0.139782736,-0.124788757,-0.171017742,-0.197529694,-0.099590588,-0.001052447,0.269618294,-0.174510259,-0.267696748,-0.207967591,-0.218001746,-0.170086079,-0.235926842,-0.340060754,-0.214293457,-0.155748504,-0.088868321,-0.178347691,-0.195397044,-0.132023669,-0.194382489,-0.231859742,-0.060276398,0.159458113,-0.117683671,-0.183625724,-0.138204312,-0.126895569,-0.127080841,-0.078942918,0.419265607,-0.190749795,-0.205364399,-0.112523088,-0.110582073,-0.068291644,-0.132713078,-0.145593892,-0.121793854,-0.262772247,-0.12619813,-0.063053874,-0.475823296,-0.475655131,-0.10921869,-0.159569877,-0.195307925,0.268495229,-0.189402319,-0.124727662,-0.200075035,-0.332884107,-0.243821637,-0.214777864,0.070299995,-0.084564295,-0.126852763,-0.329444331,-0.193196458,-0.235560672,-0.122939669,-0.153480857,-0.140303249,-0.279157922,-0.09729191,-0.134446813,-0.190354029,-0.183378896,-0.24316994,-0.129789164,-0.234621665,-0.079157353,-0.071834471,-0.390935313,-0.20793647,-0.134967248,-0.387949548,-0.040676387,-0.156198835,-0.128607861,-0.174589471,-0.244087344
2018/08/21,-0.022235665,-0.130485729,-0.165848098,-0.157006422,-0.113390341,-0.492117464,-0.091110617,-0.134672834,-0.136274211,-0.233279447,-0.198122883,-0.191737994,-0.194892727,-0.122599122,-0.15866319,-0.170503902,-0.338683208,-0.139782736,-0.124788757,-0.171017742,-0.197529694,-0.099590588,-0.083501058,0.570590904,-0.174510259,-0.267696748,-0.237593927,-0.218001746,-0.170086079,-0.175506188,-0.340060754,1.573574355,-0.155748504,-0.088868321,-0.178347691,-0.195397044,-0.132023669,-0.194382489,-0.231859742,-0.060276398,0.065898209,-0.117683671,-0.237343458,-0.138204312,-0.126895569,-0.127080841,-0.081752512,-0.195601076,-0.190749795,-0.205364399,-0.112523088,-0.110582073,-0.068291644,-0.132713078,-0.134612018,1.93504532,-0.262772247,-0.111943239,-0.19553799,-0.488353547,-0.241036215,-0.10921869,-0.159569877,-0.195307925,1.036920462,-0.189402319,-0.124727662,-0.200075035,-0.332884107,-0.243821637,-0.066511868,-0.222493043,-0.084564295,-0.126852763,-0.469813347,-0.193196458,-0.2048575,-0.122939669,-0.154673952,-0.14416996,-0.279157922,-0.09729191,-0.134446813,-0.190354029,-0.183378896,-0.239772853,-0.129789164,-0.234621665,-0.079157353,-0.071834471,-0.236599531,-0.20793647,-0.134967248,-0.338011884,-0.132231389,-0.156198835,-0.128607861,-0.174589471,0.963677744
2018/09/07,-0.082659443,1.853566974,-0.165848098,-0.157006422,-0.113390341,-0.492117464,-0.091110617,-0.134672834,-0.136274211,-0.233279447,-0.198122883,-0.191737994,-0.194892727,-0.122599122,-0.15866319,-0.170503902,-0.338683208,-0.139782736,1.738305078,-0.171017742,-0.197529694,-0.099590588,-0.083501058,-0.181840622,-0.174510259,20.06246699,-0.11415086,-0.218001746,-0.170086079,-0.05466488,-0.340060754,1.573574355,-0.155748504,-0.088868321,-0.178347691,0.146951824,-0.132023669,-0.194382489,0.325678451,-0.060276398,8.466797897,-0.117683671,0.657952119,-0.138204312,-0.126895569,-0.127080841,-0.039608611,-0.357408098,-0.190749795,-0.205364399,-0.112523088,-0.110582073,-0.068291644,-0.132713078,-0.141621725,23.32617273,-0.262772247,-0.12619813,-0.19553799,-0.394376667,0.563371496,-0.10921869,-0.159569877,-0.195307925,2.42008588,-0.189402319,-0.124727662,-0.200075035,12.91657865,-0.243821637,0.009521976,-0.222493043,-0.084564295,-0.126852763,-0.235864987,-0.193196458,-0.235560672,-0.122939669,-0.142743,-0.14416996,-0.279157922,-0.09729191,-0.134446813,-0.190354029,-0.183378896,-0.249964115,0.360689779,-0.234621665,-0.079157353,-0.071834471,-0.401959298,-0.20793647,-0.134967248,-0.330289565,0.478135292,-0.156198835,-0.128607861,-0.174589471,0.963677744
2018/09/21,-0.082659443,-0.130485729,-0.165848098,-0.157006422,-0.113390341,-0.492117464,-0.091110617,-0.134672834,-0.136274211,-0.233279447,1.538034456,-0.191737994,-0.194892727,-0.122599122,-0.15866319,-0.170503902,-0.338683208,-0.139782736,0.185726882,-0.171017742,-0.197529694,-0.099590588,-0.083501058,0.570590904,-0.174510259,-0.267696748,-0.237593927,-0.218001746,-0.170086079,-0.05466488,-0.340060754,-0.214293457,-0.155748504,-0.088868321,-0.178347691,0.489300691,-0.132023669,-0.194382489,0.325678451,-0.060276398,-0.206984843,-0.117683671,1.463718139,-0.138204312,-0.126895569,-0.127080841,-0.095800478,-0.033794054,-0.190749795,-0.205364399,-0.112523088,-0.110582073,-0.068291644,-0.132713078,-0.145593892,-0.121793854,-0.262772247,-0.12619813,0.02526887,-0.488353547,-0.475655131,-0.10921869,-0.159569877,-0.195307925,0.268495229,-0.189402319,-0.124727662,-0.200075035,1.099490245,-0.243821637,-0.186898788,-0.222493043,-0.084564295,-0.126852763,-0.469813347,-0.193196458,-0.235560672,-0.122939669,-0.166604904,-0.14416996,-0.279157922,-0.09729191,-0.134446813,-0.190354029,-0.183378896,-0.249964115,-0.129789164,-0.234621665,-0.069989749,-0.071834471,-0.346839375,-0.20793647,-0.134967248,-0.398503385,0.020360282,-0.156198835,-0.128607861,-0.174589471,-0.244087344
2018/10/07,-0.082659443,-0.130485729,-0.165848098,-0.157006422,-0.113390341,-0.394589543,-0.091110617,-0.134672834,-0.136274211,-0.233279447,1.103995121,-0.191737994,-0.194892727,-0.122599122,-0.15866319,-0.170503902,-0.340280231,-0.139782736,-0.008345392,-0.171017742,-0.197529694,-0.099590588,-0.083501058,-0.181840622,-0.174510259,-0.267696748,-0.237593927,-0.218001746,-0.170086079,-0.190611352,-0.340060754,-0.214293457,-0.155748504,-0.088868321,-0.178347691,0.318126257,-0.132023669,-0.194382489,0.186293903,-0.060276398,-0.182620285,0.361248081,0.23268672,-0.138204312,-0.126895569,-0.127080841,-0.085264503,0.128012968,-0.190749795,-0.205364399,-0.112523088,-0.110582073,-0.068291644,-0.132713078,-0.146294863,-0.121793854,-0.080918116,-0.12619813,-0.19553799,-0.423091825,-0.45051739,-0.10921869,-0.159569877,-0.195307925,0.614286584,-0.189402319,-0.124727662,-0.200075035,0.472826466,-0.243821637,-0.02374283,-0.222493043,-0.084564295,-0.126852763,-0.118890807,-0.193196458,-0.235560672,-0.122939669,-0.178535857,-0.14416996,-0.279157922,-0.09729191,-0.134446813,-0.190354029,-0.183378896,-0.249964115,-0.129789164,-0.234621665,-0.079157353,-0.071834471,-0.45707922,-0.20793647,-0.134967248,-0.403008071,-0.132231389,-0.156198835,-0.128607861,-0.174589471,-0.244087344
2018/10/21,-0.082659443,-0.130485729,-0.165848098,-0.157006422,-0.113390341,-0.492117464,-0.091110617,-0.134672834,-0.136274211,-0.233279447,-0.198122883,-0.191737994,0.306397017,-0.122599122,-0.15866319,-0.170503902,-0.338307437,-0.139782736,-0.124788757,-0.171017742,-0.197529694,-0.099590588,-0.083501058,-0.181840622,-0.174510259,-0.04180604,-0.1882167,-0.218001746,-0.170086079,0.126597082,-0.340060754,-0.214293457,-0.155748504,-0.088868321,-0.178347691,1.516347293,-0.132023669,-0.194382489,1.998293032,-0.060276398,-0.187493196,-0.117683671,0.031245215,-0.138204312,-0.126895569,-0.127080841,0.04467919,-0.033794054,-0.190749795,-0.205364399,-0.112523088,-0.110582073,-0.068291644,-0.132713078,-0.143023666,-0.121793854,-0.14153616,-0.054923673,0.466882591,-0.488353547,-0.475655131,-0.10921869,-0.159569877,-0.195307925,0.422180276,-0.004113836,-0.124727662,-0.200075035,-0.332884107,-0.243821637,-0.205907249,-0.222493043,-0.084564295,-0.126852763,-0.469813347,-0.193196458,-0.235560672,-0.122939669,-0.178535857,-0.14416996,-0.279157922,-0.09729191,-0.134446813,-0.190354029,-0.183378896,-0.249964115,-0.129789164,-0.234621665,-0.042486936,-0.071834471,-0.291719453,-0.20793647,-0.134967248,-0.402364544,-0.132231389,-0.156198835,-0.128607861,-0.174589471,-0.244087344
2018/11/07,-0.082659443,-0.130485729,-0.165848098,-0.157006422,-0.113390341,-0.492117464,-0.091110617,-0.134672834,-0.136274211,-0.233279447,-0.198122883,-0.191737994,-0.194892727,-0.122599122,-0.15866319,-0.170503902,-0.340562059,-0.139782736,-0.124788757,-0.171017742,-0.197529694,-0.099590588,-0.083501058,-0.181840622,-0.174510259,-0.267696748,-0.237593927,-0.218001746,-0.170086079,-0.235926842,-0.340060754,-0.214293457,-0.155748504,-0.088868321,-0.178347691,0.831649558,-0.132023669,-0.194382489,0.604447548,-0.060276398,-0.22647649,-0.117683671,-0.237343458,-0.138204312,-0.126895569,-0.127080841,0.072775123,-0.357408098,-0.190749795,-0.205364399,-0.112523088,-0.110582073,-0.068291644,-0.132713078,-0.146294863,-0.121793854,0.100936014,-0.12619813,1.129303173,-0.488353547,-0.475655131,-0.10921869,-0.159569877,-0.195307925,-0.19255991,-0.189402319,-0.124727662,-0.200075035,-0.332884107,-0.243821637,-0.180562634,-0.222493043,-0.084564295,-0.126852763,1.635721894,-0.193196458,-0.235560672,-0.122939669,-0.178535857,-0.14416996,-0.279157922,-0.09729191,-0.134446813,-0.190354029,-0.183378896,-0.249964115,-0.129789164,-0.234621665,-0.079157353,-0.071834471,-0.45707922,-0.20793647,-0.134967248,-0.385632853,-0.132231389,-0.156198835,-0.128607861,-0.174589471,3.37920792
2018/11/21,-0.082659443,-0.130485729,0.162040988,-0.157006422,-0.113390341,-0.492117464,-0.091110617,-0.134672834,-0.136274211,-0.233279447,-0.198122883,-0.191737994,-0.194892727,-0.122599122,-0.15866319,-0.170503902,-0.086353449,-0.139782736,-0.124788757,-0.171017742,-0.197529694,-0.099590588,-0.083501058,2.075453958,-0.174510259,0.409975376,-0.237593927,-0.218001746,-0.170086079,0.217228063,-0.340060754,-0.214293457,-0.155748504,-0.088868321,-0.178347691,1.345172859,-0.132023669,-0.194382489,-0.231859742,-0.060276398,-0.22647649,-0.117683671,-0.237343458,-0.138204312,-0.126895569,-0.127080841,-0.095800478,-0.357408098,-0.190749795,-0.205364399,-0.112523088,-0.110582073,-0.068291644,-0.132713078,-0.146294863,-0.121793854,-0.262772247,-0.12619813,1.129303173,-0.488353547,-0.475655131,-0.10921869,-0.159569877,-0.195307925,-0.19255991,-0.189402319,-0.124727662,-0.200075035,-0.332884107,-0.243821637,-0.228083787,-0.222493043,-0.084564295,-0.126852763,-0.118890807,-0.193196458,0.102174216,-0.122939669,0.904198065,1.315513503,-0.279157922,-0.09729191,-0.134446813,-0.190354029,-0.183378896,-0.185419455,-0.129789164,-0.234621665,-0.079157353,-0.071834471,-0.291719453,-0.20793647,-0.134967248,-0.381771693,-0.132231389,-0.156198835,-0.128607861,-0.174589471,1.567560288
2018/12/07,-0.082659443,-0.130485729,-0.165848098,-0.157006422,-0.113390341,-0.492117464,-0.091110617,-0.134672834,-0.136274211,-0.233279447,-0.198122883,-0.191737994,-0.194892727,-0.122599122,-0.15866319,-0.170503902,-0.331261744,-0.139782736,-0.124788757,-0.171017742,-0.197529694,-0.099590588,0.019559705,0.382483023,-0.174510259,0.071139314,-0.237593927,-0.218001746,-0.170086079,0.081281591,1.545812607,-0.214293457,-0.155748504,-0.088868321,-0.178347691,0.318126257,-0.132023669,-0.194382489,-0.231859742,-0.060276398,-0.22647649,-0.117683671,-0.103049122,1.979554858,-0.126895569,-0.127080841,-0.074728528,0.492078767,-0.190749795,3.273397091,-0.112523088,-0.110582073,-0.068291644,-0.132713078,-0.146294863,-0.121793854,-0.171845181,-0.12619813,0.798092882,-0.488353547,-0.475655131,-0.10921869,-0.159569877,-0.195307925,-0.19255991,-0.189402319,-0.124727662,-0.200075035,2.621387995,-0.243821637,-0.185314749,-0.222493043,-0.084564295,-0.126852763,-0.118890807,-0.193196458,-0.235560672,-0.122939669,-0.151691214,-0.134503182,-0.279157922,-0.09729191,-0.134446813,-0.190354029,-0.183378896,-0.249964115,-0.129789164,-0.234621665,-0.079157353,-0.071834471,-0.374399337,-0.20793647,-0.134967248,-0.393355172,-0.132231389,-0.156198835,-0.128607861,-0.174589471,0.661736472
2018/12/21,-0.082659443,-0.130485729,12.47278576,-0.157006422,-0.113390341,-0.362080235,-0.091110617,-0.134672834,-0.136274211,-0.233279447,-0.198122883,-0.191737994,-0.194892727,-0.122599122,-0.15866319,-0.169841307,1.136966771,-0.139782736,0.030469063,-0.171017742,-0.197529694,-0.099590588,0.053913293,1.323022431,-0.174510259,1.087647501,-0.138839473,1.96488914,-0.170086079,0.24743839,7.203432692,-0.214293457,-0.155748504,24.15171395,-0.178347691,-0.195397044,2.413292855,-0.194382489,-0.231859742,-0.060276398,6.693058056,-0.117683671,-0.147813901,-0.138204312,5.182701303,-0.127080841,0.12896699,3.040539362,-0.190749795,-0.205364399,-0.112523088,-0.110582073,-0.068291644,0.083387925,-0.122695516,-0.121793854,-0.262772247,-0.12619813,0.908496312,-0.488353547,-0.475655131,-0.10921869,-0.159569877,-0.195307925,-0.19255991,-0.189402319,-0.124727662,-0.200075035,-0.332884107,-0.243821637,-0.237588017,-0.222493043,-0.084564295,-0.126852763,5.144947296,-0.193196458,-0.19462311,-0.122939669,5.369356966,0.558282568,-0.279157922,-0.09729191,-0.134446813,-0.190354029,-0.183378896,0.060303198,-0.129789164,-0.234621665,0.122529939,-0.071834471,3.732034859,-0.20793647,-0.134967248,0.781724396,-0.132231389,-0.156198835,-0.128607861,-0.174589471,4.586973008
2019/01/07,-0.082659443,-0.130485729,-0.165848098,-0.157006422,-0.113390341,-0.492117464,-0.091110617,-0.134672834,-0.136274211,1.513779495,-0.198122883,-0.191737994,-0.194892727,-0.122599122,-0.15866319,-0.170503902,-0.276305337,-0.139782736,-0.124788757,-0.171017742,-0.197529694,-0.099590588,-0.083501058,-0.181840622,-0.174510259,0.071139314,-0.089462247,-0.068301453,-0.170086079,0.307859044,-0.340060754,-0.214293457,-0.155748504,-0.088868321,-0.178347691,0.318126257,-0.132023669,-0.194382489,1.440754838,-0.060276398,1.030734717,-0.117683671,0.434128225,-0.138204312,0.301956486,-0.127080841,-0.095800478,0.3707235,-0.190749795,-0.205364399,-0.112523088,-0.110582073,-0.068291644,-0.108197418,-0.090217207,-0.121793854,-0.262772247,-0.12619813,4.772616371,-0.488353547,-0.425379649,-0.10921869,-0.159569877,-0.195307925,-0.19255991,-0.189402319,-0.124727662,-0.200075035,-0.332884107,-0.243821637,-0.209075326,-0.222493043,-0.084564295,-0.126852763,0.933876814,-0.193196458,-0.235560672,-0.122939669,0.268874855,-0.115169626,-0.279157922,-0.09729191,-0.134446813,-0.190354029,-0.183378896,0.048979573,-0.129789164,-0.234621665,-0.079157353,-0.071834471,0.369719612,-0.20793647,-0.134967248,2.770865109,-0.132231389,-0.156198835,-0.128607861,-0.174589471,10.62579845
2019/01/21,-0.082659443,-0.130485729,0.867499324,-0.157006422,-0.113390341,-0.492117464,-0.091110617,-0.134672834,-0.136274211,-0.233279447,-0.198122883,-0.191737994,-0.194892727,-0.122599122,-0.15866319,-0.170503902,-0.336052816,-0.139782736,-0.124788757,-0.171017742,-0.197529694,-0.099590588,-0.083501058,-0.181840622,1.189796651,-0.267696748,-0.237593927,-0.218001746,-0.170086079,-0.235926842,-0.340060754,-0.214293457,-0.155748504,-0.088868321,4.369436663,-0.195397044,-0.132023669,-0.194382489,-0.231859742,-0.060276398,0.514206081,-0.117683671,-0.237343458,0.21475555,-0.126895569,-0.127080841,-0.081752512,-0.195601076,-0.190749795,2.886868036,-0.112523088,-0.110582073,-0.068291644,-0.132713078,-0.146294863,-0.121793854,-0.262772247,-0.12619813,0.02526887,-0.488353547,-0.475655131,-0.10921869,-0.159569877,-0.195307925,-0.19255991,-0.189402319,0.812927608,-0.200075035,0.741396657,-0.243821637,-0.117201097,-0.222493043,-0.084564295,-0.126852763,-0.469813347,-0.193196458,-0.235560672,-0.122939669,-0.106950143,-0.137725442,-0.279157922,-0.09729191,-0.134446813,-0.190354029,-0.183378896,-0.217125604,-0.129789164,-0.234621665,-0.079157353,-0.071834471,-0.45707922,-0.20793647,-0.134967248,-0.272372171,-0.132231389,-0.156198835,-0.128607861,-0.174589471,-0.244087344
2019/02/07,-0.082659443,-0.130485729,-0.165848098,-0.157006422,-0.113390341,-0.492117464,-0.091110617,-0.134672834,-0.136274211,-0.233279447,-0.198122883,-0.191737994,-0.194892727,-0.122599122,-0.15866319,-0.170503902,-0.188938742,-0.139782736,-0.124788757,-0.171017742,-0.197529694,-0.099590588,-0.083501058,0.946806668,-0.174510259,-0.267696748,-0.200561007,-0.218001746,-0.170086079,-0.235926842,-0.340060754,-0.214293457,-0.155748504,-0.088868321,-0.178347691,-0.195397044,0.306104585,-0.194382489,1.858908484,-0.060276398,-0.22647649,-0.117683671,-0.103049122,-0.138204312,-0.126895569,-0.127080841,0.262422675,1.098855099,-0.190749795,-0.205364399,-0.112523088,-0.110582073,-0.068291644,-0.132713078,-0.135780302,-0.121793854,-0.262772247,-0.12619813,0.135672301,-0.475301202,3.546383423,-0.10921869,-0.159569877,-0.195307925,-0.19255991,-0.189402319,-0.124727662,-0.200075035,-0.332884107,-0.243821637,-0.228083787,-0.222493043,-0.084564295,-0.126852763,-0.469813347,-0.193196458,-0.235560672,-0.122939669,-0.142743,-0.14416996,-0.279157922,-0.09729191,-0.134446813,-0.190354029,-0.183378896,1.285519374,-0.129789164,-0.234621665,-0.079157353,-0.071834471,-0.45707922,-0.20793647,-0.134967248,0.110526154,-0.132231389,-0.156198835,-0.128607861,-0.174589471,3.37920792
2019/02/21,-0.082659443,-0.130485729,0.489930074,-0.157006422,-0.113390341,4.449297245,-0.091110617,3.953415931,-0.136274211,-0.233279447,-0.198122883,-0.191737994,-0.194892727,1.648941797,2.145236805,0.705668097,0.774974713,-0.139782736,5.257482321,-0.171017742,-0.197529694,-0.099590588,-0.083501058,0.319780396,-0.174510259,-0.267696748,-0.212905313,0.060633618,-0.170086079,-0.014384444,0.498105184,-0.214293457,-0.155748504,-0.077909649,-0.178347691,-0.195397044,-0.132023669,-0.194382489,-0.046013678,-0.060276398,-0.22647649,-0.117683671,0.180461145,-0.138204312,1.366144919,-0.127080841,0.143014957,0.667369707,1.947093089,-0.205364399,-0.112523088,-0.110582073,-0.067784419,-0.072785909,-0.141388068,0.152451369,-0.060712102,-0.12619813,-0.048333417,-0.412359897,4.864718283,-0.10921869,-0.159569877,-0.195307925,0.268495229,-0.189402319,-0.124727662,-0.200075035,0.14457401,-0.243821637,-0.142545712,0.265495353,-0.084564295,-0.126852763,1.323790748,-0.193196458,-0.215091891,-0.122939669,2.497974444,1.028732426,-0.279157922,-0.09729191,-0.134446813,-0.120910137,2.165826329,-0.056330135,-0.129789164,-0.234621665,-0.079157353,-0.071834471,-0.45707922,-0.20793647,1.044766732,0.005631319,-0.132231389,-0.156198835,-0.128607861,0.637473842,0.963677744
2019/03/07,-0.080757995,-0.062847568,0.063288633,-0.011287582,-0.044529949,0.460346781,-0.082323146,-0.076620016,-0.090235026,-0.135541883,-0.066089938,0.015928428,-0.194892727,-0.091228677,-0.084101724,-0.048902048,0.121646548,-0.121012924,-0.07491354,-0.171017742,-0.112086497,-0.071287726,-0.083501058,0.073824486,-0.014023607,-0.064987482,0.565346495,0.673261909,-0.170086079,-0.20459985,0.259518864,-0.048187856,-0.155748504,0.03681429,0.248262649,-0.148713107,-0.118936721,-0.121160829,-0.160802864,0.039979656,-0.167698514,0.018169156,-0.097642467,-0.045644907,0.218480182,-0.055432755,0.758626579,-0.073090045,-0.093922171,-0.205364399,-0.064647546,-0.09905953,-0.065712702,-0.02392834,-0.104331,-0.121793854,0.030719609,-0.078715884,-0.11112238,0.228299269,0.292564027,0.239306157,0.141812632,0.845506401,0.247538178,0.668447726,-0.023562058,-0.200075035,0.203786747,-0.243821637,0.042444498,-0.1409768,-0.084564295,-0.114722227,0.841790322,-0.034315823,0.273110137,-0.122939669,0.090770529,0.195271075,0.103857389,-0.09729191,-0.067162947,0.242881157,-0.063249084,0.61702647,0.280601084,-0.120393575,-0.058440949,-0.022136334,0.558423436,0.09240947,0.003263929,1.016302939,0.308851526,0.375783222,-0.128607861,0.033040354,-0.008808431
2019/03/21,-0.082659443,-0.130485729,-0.165848098,-0.157006422,-0.113390341,-0.492117464,-0.091110617,-0.134672834,-0.136274211,-0.233279447,-0.198122883,-0.191737994,-0.194892727,-0.122599122,-0.15866319,-0.170503902,-0.216557859,-0.139782736,0.108097972,-0.171017742,-0.197529694,-0.099590588,-0.083501058,-0.181840622,-0.174510259,0.409975376,-0.163528087,-0.218001746,-0.170086079,1.214168853,-0.340060754,-0.214293457,-0.155748504,-0.055992305,-0.178347691,-0.195397044,-0.132023669,-0.194382489,0.604447548,-0.060276398,-0.22647649,-0.117683671,-0.237343458,-0.138204312,0.771651594,-0.127080841,0.051703173,0.613434033,-0.190749795,-0.205364399,-0.112523088,-0.110582073,3.846215096,-0.018306664,-0.106690018,-0.121793854,-0.080918116,-0.12619813,-0.19553799,-0.488353547,-0.123726757,-0.10921869,-0.159569877,-0.195307925,-0.19255991,-0.189402319,-0.124727662,-0.200075035,-0.332884107,-0.243821637,-0.228083787,-0.222493043,-0.084564295,-0.126852763,-0.469813347,-0.193196458,-0.235560672,-0.122939669,0.054117713,-0.124836404,-0.279157922,-0.09729191,-0.134446813,-0.190354029,12.37018653,-0.249964115,-0.129789164,-0.234621665,0.030853897,-0.071834471,-0.45707922,-0.20793647,-0.134967248,-0.287173283,-0.132231389,-0.156198835,-0.128607861,-0.174589471,1.567560288
2019/04/07,-0.082659443,-0.130485729,-0.165848098,-0.157006422,-0.113390341,0.678217598,-0.091110617,-0.134672834,-0.136274211,-0.233279447,-0.198122883,-0.191737994,-0.194892727,-0.122599122,-0.15866319,-0.170503902,-0.067752819,-0.139782736,-0.124788757,-0.171017742,-0.197529694,-0.099590588,-0.083501058,-0.181840622,-0.174510259,-0.267696748,-0.237593927,-0.202745665,-0.170086079,-0.05466488,-0.340060754,-0.214293457,-0.155748504,-0.088868321,-0.178347691,-0.195397044,-0.132023669,-0.194382489,-0.231859742,-0.060276398,-0.22647649,-0.117683671,-0.237343458,-0.138204312,-0.00436641,-0.127080841,-0.053656578,-0.357408098,-0.190749795,-0.205364399,-0.112523088,-0.110582073,0.146264411,-0.132713078,-0.146294863,-0.121793854,-0.262772247,-0.12619813,-0.19553799,-0.45702792,-0.274553203,-0.10921869,-0.159569877,-0.195307925,-0.19255991,-0.189402319,-0.124727662,-0.200075035,-0.332884107,-0.243821637,-0.218579556,-0.222493043,-0.084564295,-0.126852763,-0.469813347,-0.193196458,-0.235560672,-0.122939669,-0.035364429,-0.14416996,-0.279157922,-0.09729191,-0.134446813,-0.190354029,1.138049043,-0.249964115,-0.129789164,-0.234621665,-0.079157353,-0.071834471,-0.45707922,-0.20793647,-0.134967248,-0.389494012,-0.132231389,-0.156198835,-0.128607861,-0.174589471,14.24909371
2019/04/21,-0.082659443,-0.130485729,0.311081481,-0.157006422,-0.113390341,0.288105911,-0.091110617,-0.134672834,-0.136274211,-0.233279447,-0.198122883,-0.191737994,2.060911119,-0.122599122,-0.15866319,-0.170503902,-0.314633908,-0.139782736,-0.124788757,-0.171017742,-0.197529694,-0.099590588,-0.083501058,-0.181840622,-0.174510259,-0.267696748,-0.163528087,-0.218001746,-0.170086079,0.126597082,-0.340060754,-0.214293457,-0.155748504,0.042635742,-0.178347691,-0.195397044,-0.132023669,-0.194382489,0.604447548,-0.060276398,-0.22647649,-0.117683671,4.060075314,-0.138204312,1.792727916,-0.127080841,-0.095800478,-0.357408098,-0.190749795,-0.205364399,-0.112523088,-0.110582073,-0.050031554,-0.132713078,-0.126667683,-0.121793854,-0.262772247,-0.12619813,0.466882591,-0.394376667,-0.475655131,-0.10921869,-0.159569877,-0.195307925,0.729550369,-0.189402319,-0.124727662,-0.200075035,-0.332884107,-0.243821637,-0.237588017,-0.222493043,-0.084564295,-0.126852763,-0.469813347,-0.193196458,-0.235560672,-0.122939669,-0.017468,-0.14416996,-0.279157922,-0.09729191,-0.134446813,-0.190354029,-0.183378896,-0.215993241,-0.129789164,-0.234621665,-0.079157353,-0.071834471,1.361878209,-0.20793647,-0.134967248,-0.192574873,-0.132231389,-0.156198835,-0.128607861,-0.174589471,3.37920792
2019/05/07,-0.082659443,-0.130485729,-0.165848098,-0.148786385,-0.113390341,-0.252048734,-0.052445744,-0.134672834,-0.136274211,0.035498852,1.404483892,-0.191737994,0.007551208,-0.064093489,-0.15866319,-0.170503902,-0.306814995,0.160985466,-0.094931484,-0.171017742,0.380855024,-0.099590588,-0.083501058,-0.123961274,0.140329797,-0.015741728,-0.202460131,-0.217561666,0.669709927,-0.061636494,-0.340060754,-0.214293457,-0.155748504,-0.068636927,-0.178347691,0.002111918,-0.132023669,-0.190413835,-0.017421976,-0.060276398,-0.126019542,-0.117683671,-0.082388455,-0.138204312,-0.126895569,-0.127080841,-0.068244851,0.109342927,0.179261473,-0.205364399,-0.112523088,-0.103835526,-0.068291644,-0.131874935,-0.145809575,-0.121793854,-0.150862012,-0.076854275,-0.025686559,0.015466949,0.443483808,-0.10921869,-0.159569877,-0.177440086,0.215296559,-0.011240316,-0.124727662,-0.200075035,-0.084973161,0.854345942,-0.190554261,-0.053573983,-0.031343456,1.058704454,-0.145884848,-0.087138297,-0.209581065,-0.122939669,-0.178076974,-0.140699835,-0.279157922,-0.09729191,-0.129499194,-0.190354029,-0.183378896,-0.227316866,-0.129789164,-0.234621665,-0.079157353,-0.071834471,0.401519567,-0.162145682,-0.134967248,-0.283312124,-0.132231389,-0.156198835,0.062681976,-0.174589471,0.127532683
2019/05/21,-0.06849762,-0.068484082,-0.100953383,-0.118046871,-0.113390341,-0.305188948,-0.091110617,-0.134672834,-0.136274211,0.421867656,0.344426286,-0.191737994,0.118413363,-0.122599122,-0.15866319,-0.170503902,-0.320117806,0.535673906,-0.110233336,0.008566464,0.448634483,-0.089861479,-0.083501058,-0.146570394,-0.003971895,0.088787026,-0.235279369,-0.214962448,-0.108055692,-0.132078843,-0.065037556,-0.04668085,-0.155748504,-0.079279483,-0.121500387,-0.152603435,-0.132023669,-0.194382489,-0.136032865,-0.060276398,-0.052269898,-0.117683671,-0.089060128,-0.033419353,-0.126895569,-0.127080841,-0.076923523,-0.253750475,-0.190749795,-0.205364399,-0.112523088,-0.090342432,-0.068291644,-0.13217396,-0.140365819,-0.121793854,-0.224885969,-0.120629813,-0.164487026,-0.168978994,-0.119013431,-0.10921869,-0.131569813,-0.191602908,-0.118118716,-0.189402319,-0.110076798,0.853200682,0.14270894,0.499729328,-0.205511239,-0.039497395,-0.081861675,0.603364434,-0.250486759,-0.092662159,-0.230443477,-0.122939669,-0.176112382,-0.118492581,-0.243788811,-0.020408406,-0.134111818,-0.190354029,-0.183378896,-0.246531641,1.214311784,-0.206104527,-0.079157353,-0.071834471,-0.258992,-0.018810976,-0.134967248,-0.318323992,-0.132231389,-0.156198835,0.221093872,0.434458014,-0.130859367
2019/06/07,-0.082659443,-0.130485729,-0.156676375,-0.157006422,-0.113390341,-0.011980003,-0.091110617,-0.134672834,-0.136274211,0.841833748,-0.198122883,-0.191737994,0.03647177,-0.122599122,-0.15866319,-0.170503902,-0.336009457,-0.139782736,-0.124788757,0.27103569,-0.197529694,-0.075642012,-0.083501058,-0.008202578,-0.174510259,-0.215568123,-0.22050181,-0.218001746,-0.131913533,-0.166210703,-0.340060754,0.198291423,-0.155748504,-0.08254601,-0.178347691,-0.195397044,-0.132023669,-0.194382489,-0.167528412,-0.060276398,-0.091534321,-0.117683671,-0.144370456,-0.138204312,-0.126895569,-0.127080841,-0.087695882,-0.264057893,-0.190749795,-0.205364399,-0.112523088,-0.104354491,-0.068291644,-0.129150973,-0.141145424,-0.121793854,-0.206817129,-0.12619813,-0.093627132,-0.404015321,-0.061849241,-0.10921869,-0.159569877,-0.184698895,-0.19255991,-0.146643438,-0.124727662,-0.200075035,-0.00233618,-0.060793707,-0.190797959,-0.053573983,-0.084564295,-0.124728108,-0.415825264,-0.166681918,-0.234379781,-0.122939669,-0.178535857,-0.14416996,-0.270451679,-0.09729191,-0.134446813,-0.030098895,-0.081730593,-0.245260455,-0.129789164,-0.234621665,-0.079157353,-0.071834471,0.426959531,-0.162145682,-0.134967248,-0.367069585,-0.132231389,-0.119201136,-0.128607861,0.106509368,-0.244087344
2019/06/21,-0.072948478,-0.130485729,-0.159460648,-0.134107747,-0.094453734,-0.231114169,-0.091110617,-0.129406187,-0.136274211,0.5154601,-0.198122883,0.400214797,-0.141183111,-0.122599122,-0.15866319,-0.170503902,-0.334726883,-0.139782736,-0.124788757,0.239460444,-0.197529694,0.078313119,-0.083501058,-0.101222959,-0.174510259,-0.219291596,-0.21378705,-0.218001746,-0.134640143,-0.187158743,-0.340060754,0.551935605,0.769837479,-0.081823461,-0.145863517,-0.195397044,-0.132023669,-0.194382489,-0.231859742,-0.058424015,-0.104514472,-0.117683671,-0.04869189,0.013064201,-0.126895569,-0.127080841,-0.076233668,-0.100828392,-0.190749795,-0.205364399,-0.112523088,-0.110582073,-0.067965571,-0.132713078,-0.14388319,-0.121793854,-0.210813924,-0.118714312,-0.077248601,-0.406583716,-0.156525524,-0.10921869,-0.159569877,-0.188567602,-0.19255991,-0.189402319,-0.124727662,0.216605468,-0.102681086,-0.243821637,-0.203734853,0.138269807,-0.084564295,-0.123893422,-0.194088494,-0.012645065,-0.232271047,-0.122939669,-0.17802453,-0.135884151,-0.275115738,-0.09729191,-0.129086892,-0.175473195,0.005396524,-0.24221552,-0.129789164,-0.182476041,-0.078764456,-0.071834471,-0.076358044,-0.144156444,-0.134967248,-0.380475447,-0.132231389,0.336222912,-0.128607861,-0.174589471,-0.192325983
2019/07/07,-0.082659443,-0.130485729,-0.165848098,-0.148786385,-0.074060464,0.018028589,-0.013780871,-0.117657512,-0.136274211,-0.233279447,-0.198122883,-0.191737994,-0.194892727,-0.122599122,-0.15866319,-0.170503902,-0.3382424,-0.138293785,-0.124788757,-0.171017742,0.308556934,-0.099590588,-0.083501058,0.035206933,-0.174510259,0.097203627,-0.18346889,-0.218001746,-0.074654714,-0.126704891,-0.267527163,0.610876302,-0.155748504,-0.080438573,-0.178347691,-0.116393459,-0.132023669,-0.194382489,-0.135362747,-0.058780242,-0.205110646,-0.117683671,-0.080666732,-0.138204312,-0.126895569,-0.127080841,-0.086074963,-0.26094622,0.27176429,-0.205364399,-0.112523088,-0.110582073,-0.067940488,-0.130827258,-0.145575918,-0.121793854,-0.220805909,-0.125786931,-0.093627132,-0.381926738,-0.011573759,-0.10921869,-0.159569877,-0.191957705,-0.19255991,-0.189402319,0.055590659,0.398235432,-0.084973161,0.579804047,-0.025692416,-0.194339867,-0.084564295,-0.124728108,-0.456316326,-0.193196458,-0.235560672,-0.122939669,-0.17578256,-0.143178496,-0.270451679,-0.09729191,-0.128674591,-0.190354029,-0.183378896,-0.243953883,-0.129789164,-0.227602062,-0.079157353,-0.071834471,-0.304439435,-0.185041076,-0.134967248,-0.3867714,-0.120493568,-0.113034853,0.349616732,-0.174589471,-0.244087344
2019/07/21,-0.082659443,-0.130485729,-0.150944049,-0.157006422,0.324856868,0.524959435,-0.091110617,-0.134672834,-0.136274211,0.016300402,-0.012106025,-0.191737994,-0.194892727,-0.122599122,-0.158149818,-0.170503902,-0.33293258,-0.127339356,-0.108153991,-0.171017742,0.205273949,0.078313119,-0.068778092,-0.020605295,-0.174510259,0.234506701,-0.184689755,-0.217729316,-0.143501627,-0.119940765,0.468170686,0.36037834,0.214485889,-0.087107106,-0.178347691,-0.195397044,-0.132023669,-0.194382489,-0.14225539,-0.060276398,-0.190799815,-0.117683671,-0.128628995,-0.119295748,-0.122519527,-0.127080841,-0.089779921,-0.212937543,-0.147802059,0.788567455,-0.112523088,-0.110582073,-0.068291644,-0.132583365,-0.142527145,-0.033643604,-0.175092577,-0.118561581,-0.065419662,-0.330233717,-0.085720887,-0.10921869,-0.09556973,-0.183166702,-0.151394273,-0.189402319,0.444563037,-0.200075035,0.10833835,0.096087375,-0.2033049,0.012787076,-0.084564295,-0.126852763,-0.428036854,-0.162420652,-0.233550345,-0.017989237,-0.178216278,-0.141408024,-0.251873179,-0.09729191,-0.132915407,-0.190354029,-0.136185041,-0.191384579,-0.129789164,-0.182476041,-0.078666232,-0.061616162,0.25554263,0.174743685,-0.134967248,-0.285012872,-0.132231389,-0.041682149,-0.128607861,-0.174589471,0.144122863
2019/08/07,-0.082659443,0.719822573,-0.165848098,-0.149373531,-0.089043274,-0.113616244,-0.091110617,-0.134672834,-0.12137918,-0.066892881,-0.074111644,0.2028972,-0.020336477,-0.122599122,-0.15866319,-0.170503902,-0.330622935,-0.029635777,-0.074884458,-0.171017742,0.138140008,0.067194138,-0.077611872,-0.149593557,-0.174510259,-0.158785157,-0.219606508,-0.217933638,0.184373275,-0.13882222,0.198760206,-0.214293457,0.307044487,-0.087694178,-0.178347691,-0.011995865,-0.132023669,-0.194382489,-0.201991625,-0.060276398,0.054829739,-0.117683671,-0.142378177,-0.138204312,-0.125436888,-0.123327846,-0.081050113,-0.293263172,-0.018958849,0.457256837,-0.112523088,-0.110582073,-0.068291644,-0.130232326,-0.145456201,-0.121793854,-0.204319133,-0.115888789,-0.091443327,-0.228711339,-0.263779886,-0.10921869,-0.159569877,-0.185931962,-0.09376238,-0.169549981,-0.124727662,0.262903302,-0.025946746,0.096087375,-0.153362432,-0.149294784,-0.084564295,-0.126852763,-0.409655197,-0.143955169,-0.235560672,-0.122939669,-0.176746214,-0.143203282,-0.254904817,-0.09729191,-0.131766853,-0.190354029,-0.183378896,-0.239388658,-0.129789164,-0.143366823,-0.079157353,-0.056507008,-0.245654947,-0.144156444,-0.134967248,-0.363711579,0.070497545,-0.087488823,-0.128607861,-0.044079295,-0.114683942
2019/08/21,-0.082659443,-0.130485729,-0.165848098,-0.157006422,-0.113390341,-0.492117464,-0.091110617,-0.134672834,-0.136274211,-0.233279447,-0.198122883,-0.191737994,-0.194892727,-0.122599122,-0.15866319,-0.170503902,-0.340562059,-0.139782736,-0.124788757,-0.171017742,-0.197529694,-0.099590588,-0.083501058,-0.181840622,-0.174510259,0.409975376,-0.237593927,-0.218001746,-0.170086079,-0.235926842,-0.340060754,-0.214293457,-0.155748504,-0.088868321,-0.178347691,-0.195397044,-0.132023669,-0.194382489,-0.231859742,-0.060276398,-0.22647649,-0.117683671,-0.237343458,-0.138204312,-0.126895569,-0.127080841,-0.095800478,-0.357408098,-0.190749795,-0.205364399,-0.112523088,-0.110582073,-0.068291644,-0.132713078,-0.146294863,-0.121793854,-0.262772247,-0.12619813,-0.19553799,-0.477911671,-0.475655131,-0.10921869,-0.159569877,-0.195307925,-0.19255991,-0.189402319,-0.124727662,6.281621686,-0.332884107,-0.243821637,-0.237588017,1.241472147,-0.084564295,-0.126852763,-0.469813347,-0.193196458,-0.235560672,-0.122939669,-0.178535857,-0.14416996,-0.279157922,-0.09729191,-0.134446813,-0.190354029,-0.183378896,-0.249964115,-0.129789164,-0.234621665,-0.079157353,-0.071834471,0.535079378,-0.20793647,-0.134967248,-0.401077491,-0.132231389,-0.156198835,-0.128607861,-0.174589471,-0.244087344
2019/09/07,-0.03167688,0.086520036,-0.139766012,0.240380998,-0.113390341,-0.047146321,-0.08063888,-0.134672834,-0.136274211,-0.233279447,-0.116740508,-0.191737994,0.098831732,-0.122599122,-0.15866319,-0.170503902,0.001080667,0.976837827,-0.008345392,-0.081225639,-0.197529694,-0.050945043,-0.077059761,-0.181840622,-0.046606486,1.151179263,-0.134596118,-0.214664478,0.186588645,-0.165121388,-0.340060754,0.065060889,-0.155748504,-0.088868321,0.205371614,-0.174000239,-0.132023669,-0.194382489,-0.105542495,-0.060276398,0.391774176,0.206593036,0.160643404,0.258875533,-0.109026733,-0.127080841,-0.079447767,-0.273976353,-0.115591256,-0.132890201,-0.112523088,-0.110582073,-0.068291644,-0.124328381,-0.137985439,1.343704058,0.048842383,-0.103924862,0.146022622,0.396133136,0.004842314,-0.10921869,-0.103569749,-0.174495557,0.028362344,-0.189402319,0.080384428,-0.017777315,0.96520515,-0.243821637,-0.111755965,-0.085246307,-0.081861675,-0.126421192,-0.400359927,-0.166267628,-0.233401855,0.313260562,-0.163435745,-0.127857272,-0.270684072,-0.09729191,-0.130426873,-0.190354029,-0.121436962,-0.226573753,-0.050204239,0.321462533,-0.078727622,-0.049481921,-0.327030653,0.015293621,-0.134967248,-0.237028484,-0.065472533,-0.13114831,-0.076800197,-0.060393067,-0.111988037
2019/09/21,-0.082659443,-0.130485729,-0.165848098,-0.157006422,-0.113390341,-0.492117464,-0.091110617,-0.134672834,-0.136274211,-0.233279447,-0.198122883,-0.191737994,-0.194892727,-0.122599122,0.430688004,-0.170503902,-0.330416261,-0.139782736,-0.124788757,-0.171017742,-0.197529694,-0.099590588,-0.083501058,-0.181840622,-0.174510259,-0.267696748,-0.237593927,-0.218001746,-0.170086079,-0.235926842,-0.340060754,-0.214293457,-0.155748504,-0.088868321,-0.178347691,-0.195397044,-0.132023669,-0.194382489,-0.231859742,-0.060276398,-0.22647649,-0.117683671,-0.237343458,-0.138204312,-0.126895569,-0.127080841,-0.095800478,-0.357408098,-0.190749795,-0.205364399,-0.112523088,-0.110582073,-0.068291644,-0.132713078,-0.121760888,1.112309651,-0.262772247,-0.12619813,-0.19553799,-0.488353547,-0.475655131,-0.10921869,-0.159569877,-0.195307925,-0.19255991,-0.189402319,-0.124727662,-0.200075035,-0.332884107,-0.243821637,-0.237588017,-0.222493043,-0.084564295,-0.126852763,-0.469813347,-0.193196458,-0.235560672,-0.122939669,-0.178535857,-0.14416996,-0.279157922,-0.09729191,-0.134446813,-0.190354029,3.780904921,-0.249964115,-0.129789164,-0.234621665,0.113362335,-0.071834471,-0.45707922,-0.20793647,-0.134967248,-0.370188214,-0.132231389,-0.156198835,-0.128607861,-0.174589471,-0.244087344
2019/10/07,-0.082659443,-0.130485729,-0.165848098,-0.157006422,-0.113390341,-0.492117464,-0.091110617,-0.134672834,-0.136274211,-0.233279447,-0.198122883,-0.191737994,-0.194892727,-0.122599122,-0.15866319,-0.170503902,-0.325907017,-0.139782736,-0.124788757,-0.171017742,-0.197529694,-0.099590588,-0.083501058,-0.181840622,-0.174510259,-0.267696748,-0.237593927,-0.218001746,-0.170086079,-0.235926842,-0.340060754,-0.214293457,-0.155748504,-0.088868321,-0.178347691,-0.195397044,-0.132023669,-0.194382489,-0.231859742,-0.060276398,-0.22647649,-0.117683671,-0.237343458,-0.138204312,0.689965489,-0.127080841,-0.095800478,-0.357408098,-0.190749795,-0.205364399,-0.112523088,-0.110582073,-0.068291644,-0.132713078,-0.146294863,2.346413155,-0.262772247,-0.12619813,-0.19553799,-0.488353547,-0.073451276,-0.10921869,-0.159569877,-0.195307925,0.729550369,-0.189402319,-0.124727662,-0.200075035,-0.332884107,-0.243821637,-0.161554173,-0.222493043,-0.084564295,-0.126852763,-0.469813347,-0.193196458,-0.235560672,-0.122939669,-0.178535857,-0.14416996,-0.279157922,-0.09729191,-0.134446813,-0.190354029,1.138049043,-0.249964115,-0.129789164,-0.234621665,-0.079157353,-0.071834471,-0.45707922,-0.20793647,3.078255566,-0.377910533,-0.132231389,-0.156198835,-0.128607861,-0.174589471,-0.244087344
2019/10/21,-0.082659443,-0.130485729,-0.165848098,-0.157006422,-0.113390341,-0.492117464,-0.091110617,-0.134672834,-0.136274211,-0.233279447,-0.198122883,-0.191737994,-0.194892727,-0.056870572,0.707395578,-0.112029857,-0.271232438,-0.139782736,-0.124788757,-0.171017742,-0.197529694,0.004186574,-0.083501058,-0.181840622,2.55410356,0.071139314,-0.200561007,-0.218001746,-0.170086079,-0.205716515,-0.340060754,0.679640449,-0.155748504,-0.088868321,-0.178347691,-0.195397044,-0.132023669,-0.194382489,-0.231859742,-0.060276398,-0.22647649,-0.117683671,-0.237343458,0.21475555,1.928871425,-0.127080841,-0.081752512,-0.033794054,-0.190749795,1.340751819,-0.112523088,-0.110582073,-0.068291644,-0.129081128,-0.146294863,1.112309651,-0.14153616,-0.12619813,-0.19553799,-0.488353547,-0.391862661,-0.10921869,-0.159569877,-0.195307925,-0.19255991,-0.189402319,1.281755242,-0.200075035,-0.332884107,-0.243821637,-0.205907249,0.021501155,-0.084564295,-0.126852763,-0.118890807,-0.193196458,-0.235560672,-0.122939669,-0.178535857,-0.14416996,-0.279157922,-0.09729191,-0.134446813,-0.190354029,-0.183378896,-0.24316994,-0.129789164,0.191234268,-0.079157353,-0.071834471,-0.153919648,-0.20793647,8.713037602,-0.058077814,-0.132231389,-0.156198835,-0.128607861,-0.174589471,-0.244087344
2019/11/07,-0.082659443,-0.130485729,-0.165848098,-0.157006422,-0.113390341,0.054038898,-0.091110617,-0.090432996,-0.052862041,-0.233279447,-0.198122883,0.91324055,-0.194892727,-0.122599122,-0.106915281,-0.169708788,-0.328161639,-0.139782736,0.061520626,-0.171017742,-0.197529694,-0.099590588,-0.083501058,-0.181840622,-0.174510259,-0.132162323,-0.207967591,-0.212662117,-0.170086079,-0.018412488,0.41428859,-0.214293457,0.880907797,-0.088868321,-0.178347691,-0.195397044,-0.132023669,-0.194382489,0.771709006,-0.060276398,-0.086136634,1.159467668,-0.02247252,3.673762194,0.306040792,-0.127080841,-0.078942918,-0.260323885,-0.190749795,0.722305332,-0.112523088,-0.102486216,-0.067378639,-0.132713078,-0.14587428,0.618668249,-0.190030594,-0.040668782,-0.063053874,-0.488353547,-0.375104167,-0.10921869,-0.159569877,-0.195307925,-0.100348882,-0.189402319,1.187989715,-0.200075035,-0.332884107,-0.243821637,0.351674275,0.655886071,-0.015377205,-0.126852763,-0.329444331,-0.193196458,-0.235560672,-0.122939669,-0.149901571,-0.097769426,-0.279157922,-0.09729191,-0.134446813,-0.190354029,-0.183378896,-0.247246445,0.058856583,-0.088613917,-0.079157353,0.128444377,-0.225575547,-0.20793647,0.144443432,-0.350110184,-0.132231389,-0.156198835,-0.128607861,-0.174589471,0.480571709
2019/11/21,-0.082659443,0.719822573,-0.165848098,-0.157006422,-0.113390341,-0.213466259,-0.091110617,-0.134672834,-0.136274211,-0.233279447,-0.198122883,-0.191737994,-0.194892727,0.44078845,-0.125807375,-0.170219933,-0.327678506,-0.139782736,9.922610137,-0.171017742,-0.197529694,-0.099590588,-0.083501058,-0.181840622,0.410192703,0.700406287,-0.227013092,-0.218001746,-0.170086079,-0.028770314,-0.340060754,-0.214293457,-0.155748504,-0.088868321,-0.178347691,-0.195397044,-0.132023669,-0.194382489,0.007085198,-0.060276398,-0.059405233,0.946609112,0.069615025,-0.138204312,0.083154418,-0.127080841,-0.083759364,-0.288062232,-0.190749795,-0.205364399,-0.112523088,-0.110582073,-0.068291644,-0.132713078,-0.145994447,2.522713656,-0.262772247,-0.12619813,0.277619568,-0.488353547,-0.317646473,-0.10921869,-0.159569877,-0.195307925,1.190605508,-0.189402319,0.143173844,-0.200075035,-0.332884107,-0.243821637,-0.207717578,0.40492061,-0.084564295,-0.126852763,-0.369549764,-0.193196458,-0.235560672,-0.122939669,-0.173422591,-0.083407356,-0.279157922,-0.09729191,-0.134446813,-0.190354029,-0.183378896,-0.247052326,-0.129789164,-0.234621665,-0.079157353,-0.01052462,-0.362587925,-0.20793647,0.3839383,-0.361914301,-0.132231389,-0.156198835,-0.128607861,-0.174589471,0.273526265
2019/12/07,-0.082659443,-0.130485729,-0.165848098,-0.157006422,-0.113390341,3.643066424,-0.091110617,-0.090432996,-0.136274211,-0.233279447,-0.198122883,-0.191737994,-0.194892727,9.84936089,10.12479644,-0.169510009,0.011384406,-0.139782736,0.154675318,-0.171017742,-0.197529694,-0.099590588,-0.083501058,-0.181840622,-0.174510259,0.816578651,-0.237593927,-0.215331931,-0.170086079,0.634130575,-0.340060754,-0.214293457,0.880907797,-0.088868321,-0.178347691,0.215421597,-0.132023669,-0.194382489,1.106231922,-0.060276398,-0.097831622,-0.117683671,-0.183625724,-0.138204312,-0.094221126,-0.127080841,-0.087371698,-0.260323885,-0.190749795,0.722305332,-0.112523088,-0.053911077,0.196479658,-0.132713078,-0.146294863,0.86548895,-0.262772247,-0.091986391,5.501279011,-0.481044234,-0.455544938,-0.10921869,-0.159569877,-0.195307925,-0.19255991,-0.189402319,0.250334446,-0.200075035,-0.332884107,-0.243821637,-0.218579556,-0.222493043,-0.084564295,-0.126852763,-0.189075315,0.909808418,-0.235560672,-0.122939669,-0.157060142,-0.136436538,-0.279157922,-0.09729191,-0.134446813,-0.190354029,0.080906691,-0.249964115,-0.129789164,-0.234621665,0.10236121,-0.043223207,-0.324791407,-0.20793647,2.267964596,-0.381771693,0.874873635,-0.156198835,-0.128607861,-0.174589471,-0.244087344
2019/12/21,-0.082659443,-0.130485729,-0.165848098,-0.157006422,-0.113390341,-0.492117464,-0.091110617,0.219245873,-0.136274211,-0.233279447,-0.198122883,-0.191737994,-0.194892727,21.99599693,5.379800599,-0.169708788,1.199570104,-0.139782736,0.154675318,-0.171017742,-0.197529694,-0.099590588,-0.083501058,-0.181840622,-0.174510259,0.545509801,-0.222780759,-0.211517911,-0.170086079,-0.018412488,-0.340060754,-0.214293457,-0.155748504,-0.082293118,-0.178347691,-0.195397044,-0.132023669,-0.194382489,-0.064598284,-0.060276398,0.124373149,0.41446272,0.031245215,-0.138204312,0.640953825,-0.127080841,-0.078942918,-0.260323885,-0.190749795,-0.205364399,-0.112523088,0.226745283,-0.068291644,-0.132713078,-0.146294863,0.125026847,-0.262772247,-0.12619813,0.599366708,-0.488353547,-0.334883782,-0.10921869,-0.159569877,-0.192404401,-0.19255991,-0.189402319,-0.124727662,-0.200075035,-0.332884107,-0.243821637,-0.17295925,0.363093033,-0.084564295,-0.126852763,-0.329444331,-0.193196458,-0.235560672,-0.122939669,-0.167798,-0.140303249,-0.279157922,-0.09729191,-0.134446813,-0.190354029,0.080906691,-0.249964115,-0.129789164,-0.234621665,0.179369086,-0.014611943,-0.45707922,-0.20793647,-0.134967248,-0.380227229,-0.132231389,-0.156198835,-0.128607861,-0.174589471,-0.244087344
2020/01/07,1.041222817,-0.130485729,-0.165848098,-0.157006422,-0.113390341,-0.414095127,-0.091110617,-0.134672834,-0.136274211,0.46554413,-0.198122883,-0.191737994,-0.194892727,-0.122599122,-0.15866319,-0.170503902,-0.291636766,-0.139782736,-0.031634065,-0.171017742,-0.197529694,-0.099590588,-0.083501058,-0.181840622,-0.174510259,-0.267696748,-0.178341255,-0.218001746,-0.170086079,0.017839904,1.92298728,-0.214293457,-0.155748504,-0.088868321,-0.178347691,-0.195397044,-0.132023669,-0.194382489,1.775277755,-0.060276398,0.510307752,-0.117683671,-0.237343458,0.073571605,-0.126895569,-0.127080841,-0.053656578,0.322181394,-0.190749795,0.722305332,-0.112523088,-0.110582073,-0.067378639,-0.132713078,-0.146294863,0.371847548,-0.190030594,-0.12619813,0.996819057,-0.488353547,-0.093561468,-0.10921869,-0.159569877,-0.195307925,-0.19255991,-0.189402319,-0.124727662,-0.200075035,-0.332884107,-0.243821637,0.134977819,-0.222493043,-0.084564295,-0.121328661,0.512769766,-0.193196458,-0.235560672,-0.122939669,-0.056840143,-0.132569827,-0.279157922,-0.09729191,-0.134446813,-0.190354029,-0.183378896,-0.249964115,-0.129789164,-0.234621665,-0.079157353,0.214278169,-0.45707922,-0.20793647,-0.134967248,-0.378682765,-0.132231389,-0.156198835,-0.128607861,-0.174589471,4.828526025
2020/01/21,-0.082659443,-0.130485729,-0.165848098,-0.157006422,-0.113390341,-0.492117464,-0.091110617,-0.134672834,-0.136274211,-0.233279447,-0.198122883,-0.191737994,-0.194892727,-0.122599122,-0.15866319,-0.170503902,-0.317640071,-0.139782736,0.651500341,-0.171017742,-0.197529694,0.004186574,-0.014793883,-0.181840622,1.189796651,0.748811439,-0.175872393,-0.202745665,-0.170086079,-0.205716515,0.2885637,-0.214293457,-0.155748504,-0.088868321,-0.178347691,-0.02422261,-0.132023669,-0.194382489,1.161985742,-0.060276398,0.182848089,-0.117683671,-0.237343458,-0.138204312,0.376835417,-0.127080841,-0.074728528,-0.033794054,-0.190749795,-0.205364399,-0.112523088,-0.072351639,-0.068291644,-0.132713078,-0.136948587,0.289573981,-0.262772247,-0.12619813,-0.08513456,2.116894405,0.479579026,-0.10921869,-0.159569877,-0.195307925,-0.19255991,-0.189402319,-0.124727662,-0.200075035,-0.332884107,-0.243821637,-0.221747633,0.997477949,-0.084564295,-0.126852763,1.050850994,-0.193196458,-0.235560672,-0.122939669,18.43971522,-0.076502515,-0.279157922,-0.09729191,-0.134446813,-0.190354029,-0.183378896,-0.245434665,-0.129789164,-0.234621665,-0.074573551,0.285806328,-0.374399337,-0.20793647,-0.134967248,-0.345090677,-0.132231389,-0.156198835,-0.128607861,-0.174589471,0.3597952
2020/02/07,-0.082659443,-0.130485729,-0.165848098,-0.157006422,-0.113390341,-0.297061621,-0.091110617,-0.134672834,-0.136274211,-0.233279447,-0.198122883,-0.191737994,-0.194892727,-0.122599122,-0.15866319,-0.170503902,-0.336616471,-0.139782736,-0.124788757,-0.171017742,-0.197529694,-0.099590588,0.122620469,2.075453958,-0.174510259,-0.267696748,-0.200561007,-0.21132721,-0.170086079,0.398490024,1.545812607,-0.214293457,-0.155748504,-0.088868321,-0.178347691,-0.195397044,-0.132023669,-0.194382489,8.131213162,-0.060276398,1.615484115,-0.117683671,0.031245215,-0.138204312,0.996288385,-0.127080841,0.072775123,0.3707235,-0.190749795,2.113809927,-0.112523088,-0.110582073,-0.068291644,-0.128627134,0.118672059,-0.121793854,-0.080918116,-0.040668782,-0.19553799,-0.488353547,4.451342098,-0.10921869,-0.159569877,-0.195307925,-0.19255991,-0.189402319,-0.124727662,-0.200075035,3.96423895,-0.243821637,-0.237588017,-0.222493043,-0.084564295,-0.126852763,1.284799354,-0.193196458,-0.235560672,-0.122939669,-0.008519786,-0.134503182,-0.279157922,-0.09729191,-0.134446813,-0.190354029,1.138049043,-0.249964115,-0.129789164,2.50302362,-0.079157353,1.501785046,-0.45707922,-0.20793647,-0.134967248,-0.086392985,-0.132231389,-0.156198835,-0.128607861,-0.174589471,1.567560288
2020/02/21,-0.082659443,-0.130485729,-0.165848098,-0.157006422,-0.113390341,-0.180028114,-0.091110617,-0.105179609,-0.136274211,-0.233279447,-0.198122883,-0.191737994,-0.194892727,-0.122599122,-0.15866319,-0.170503902,-0.294342312,-0.139782736,21.30079034,-0.171017742,-0.197529694,-0.099590588,-0.001052447,1.172536126,-0.174510259,0.003372102,-0.207967591,-0.218001746,-0.170086079,0.017839904,-0.340060754,-0.214293457,0.880907797,-0.036266696,-0.178347691,-0.195397044,-0.132023669,-0.194382489,1.106231922,-0.060276398,0.720817535,0.201604164,-0.237343458,-0.138204312,0.011970811,-0.127080841,0.013773663,0.128012968,-0.190749795,-0.205364399,-0.112523088,-0.110582073,-0.067378639,-0.132713078,-0.144892921,0.618668249,-0.190030594,-0.10909226,0.069430242,-0.488353547,0.308642387,-0.10921869,-0.159569877,-0.195307925,-0.19255991,-0.078229229,-0.124727662,-0.200075035,0.741396657,-0.243821637,-0.218579556,0.363093033,-0.084564295,-0.121328661,-0.329444331,-0.193196458,-0.223279403,-0.122939669,-0.171377285,-0.14416996,-0.279157922,-0.09729191,-0.134446813,-0.190354029,0.873763455,-0.211916736,-0.129789164,-0.234621665,0.256376961,0.042610585,-0.45707922,-0.20793647,-0.134967248,-0.07056223,-0.132231389,-0.156198835,-0.128607861,-0.174589471,1.205230762
2020/03/07,-0.082659443,-0.130485729,-0.165848098,-0.157006422,-0.113390341,-0.046275536,-0.091110617,1.087189368,0.876587852,-0.233279447,-0.198122883,-0.191737994,-0.194892727,-0.122599122,-0.109379467,-0.167096269,0.412481627,-0.139782736,0.80675816,-0.171017742,-0.197529694,-0.099590588,-0.083501058,1.752983304,0.994895664,1.087647501,-0.142366418,-0.156432563,-0.170086079,-0.132348578,0.737581167,0.551935605,-0.155748504,0.310340441,8.787284321,-0.195397044,-0.132023669,-0.194382489,-0.231859742,-0.060276398,0.366626471,-0.026458576,-0.198973648,-0.138204312,0.415733562,-0.127080841,-0.053656578,-0.218716365,0.496413989,-0.205364399,-0.112523088,-0.108654488,-0.011554936,-0.129599978,-0.144292089,-0.121793854,0.360727629,-0.12619813,0.750777126,-0.488353547,-0.188366663,-0.10921869,-0.159569877,-0.195307925,0.268495229,-0.189402319,0.009223091,-0.200075035,0.741396657,-0.243821637,-0.142545712,-0.222493043,-0.084564295,-0.122906976,0.232031734,0.003768698,-0.178540496,-0.122939669,-0.05581749,-0.133122214,-0.279157922,-0.09729191,-0.134446813,-0.190354029,-0.183378896,0.027141154,-0.129789164,-0.234621665,0.376603542,-0.051397854,-0.45707922,-0.20793647,0.304106677,2.230578564,0.063957902,-0.156198835,-0.128607861,-0.174589471,1.308753483
2020/03/21,-0.082659443,-0.130485729,-0.165848098,-0.157006422,-0.113390341,-0.199533699,-0.091110617,-0.134672834,-0.136274211,-0.233279447,-0.198122883,-0.191737994,-0.194892727,-0.122599122,-0.15866319,-0.170503902,-0.330134433,-0.139782736,-0.008345392,-0.171017742,-0.197529694,-0.099590588,0.534863525,-0.181840622,-0.174510259,-0.098278717,-0.219077467,-0.202268912,-0.170086079,0.171912572,0.602875927,-0.214293457,-0.155748504,-0.088868321,-0.178347691,0.061364607,-0.132023669,-0.194382489,-0.02278292,-0.060276398,0.153610619,-0.117683671,0.098392383,-0.138204312,0.56743633,-0.127080841,0.009559273,0.006657701,-0.190749795,3.273397091,-0.112523088,-0.093715705,0.411035712,-0.121136238,-0.145418649,-0.121793854,-0.262772247,-0.12619813,0.301277446,-0.488353547,-0.45051739,-0.10921869,-0.159569877,-0.195307925,-0.19255991,-0.189402319,-0.124727662,-0.200075035,-0.332884107,-0.243821637,-0.228083787,0.143498254,0.088403431,-0.126852763,-0.469813347,-0.020851946,-0.235560672,-0.122939669,-0.11142425,-0.14416996,-0.279157922,-0.09729191,-0.134446813,-0.190354029,0.477335073,-0.249964115,-0.129789164,-0.143366823,0.099610929,0.035457769,-0.45707922,-0.20793647,-0.134967248,-0.374049374,-0.132231389,-0.156198835,-0.128607861,-0.174589471,2.473384104
2020/04/07,-0.082659443,0.613534035,-0.165848098,-0.157006422,-0.113390341,-0.394589543,-0.091110617,0.12339289,0.593582275,0.203485289,-0.198122883,-0.191737994,-0.194892727,-0.122599122,-0.15866319,-0.170503902,-0.332389055,-0.139782736,0.515649749,1.265655911,-0.197529694,-0.099590588,24.2903696,-0.181840622,-0.174510259,0.325266361,-0.145011627,-0.213710973,-0.170086079,0.806329439,1.545812607,-0.214293457,-0.155748504,-0.088868321,0.503819962,-0.067016218,-0.132023669,-0.194382489,0.918062782,-0.060276398,0.058588842,0.174996844,-0.103049122,-0.138204312,0.705281633,-0.127080841,0.093847073,14.44793441,0.410518516,8.491539325,-0.112523088,-0.110582073,24.76257728,-0.097642064,-0.138847049,-0.121793854,-0.217308714,-0.12619813,1.129303173,-0.488353547,-0.148864498,-0.10921869,-0.159569877,-0.194400574,-0.19255991,-0.189402319,-0.124727662,-0.200075035,4.904234619,-0.243821637,-0.156802058,0.326493903,23.56877229,-0.126852763,0.407493004,0.06532031,-0.235560672,0.519881725,0.21518557,-0.141753266,-0.279157922,-0.09729191,-0.134446813,-0.190354029,2.955012459,-0.237225037,-0.129789164,-0.234621665,-0.079157353,0.017575729,-0.374399337,-0.20793647,-0.134967248,-0.265936905,-0.132231389,0.164447884,-0.128607861,-0.174589471,9.267062724
2020/04/21,-0.082659443,20.70206765,-0.165848098,-0.157006422,-0.113390341,-0.492117464,-0.091110617,1.598054168,1.531969186,1.513779495,-0.198122883,-0.191737994,-0.194892727,-0.122599122,-0.15866319,-0.170503902,0.410790661,-0.139782736,-0.124788757,-0.171017742,-0.197529694,-0.099590588,3.420564914,-0.181840622,3.918410469,1.087647501,-0.237593927,-0.216094735,-0.170086079,2.936157492,-0.340060754,-0.214293457,-0.155748504,0.009759726,18.92234659,-0.195397044,-0.132023669,-0.194382489,-0.231859742,-0.060276398,-0.22647649,-0.117683671,-0.237343458,-0.138204312,0.8533377,0.818673894,-0.095800478,12.02082908,-0.190749795,11.39050723,-0.112523088,-0.110582073,0.004748715,0.03617258,-0.146294863,-0.121793854,-0.262772247,-0.12619813,22.65797207,-0.488353547,-0.174002239,-0.10921869,-0.159569877,-0.195307925,-0.19255991,-0.189402319,-0.124727662,-0.200075035,1.278537039,-0.243821637,-0.133041481,21.00500222,1.731596832,-0.126852763,-0.118890807,-0.193196458,-0.235560672,-0.122939669,0.063065928,-0.134503182,-0.279157922,-0.09729191,-0.134446813,-0.190354029,-0.183378896,0.896552871,6.66145773,-0.234621665,-0.079157353,-0.071834471,-0.45707922,-0.20793647,-0.134967248,0.189679926,-0.132231389,-0.156198835,-0.128607861,-0.174589471,-0.244087344
2020/05/07,-0.082659443,-0.130485729,-0.165848098,-0.148786385,-0.113390341,-0.252048734,-0.052445744,-0.134672834,-0.136274211,0.035498852,1.404483892,-0.191737994,0.007551208,-0.064093489,-0.15866319,-0.170503902,-0.306814995,0.160985466,-0.094931484,-0.171017742,0.380855024,-0.099590588,-0.083501058,-0.123961274,0.140329797,-0.015741728,-0.202460131,-0.217561666,0.669709927,-0.061636494,-0.340060754,-0.214293457,-0.155748504,-0.068636927,-0.178347691,0.002111918,-0.132023669,-0.190413835,-0.017421976,-0.060276398,-0.126019542,-0.117683671,-0.082388455,-0.138204312,-0.126895569,-0.127080841,-0.068244851,0.109342927,0.179261473,-0.205364399,-0.112523088,-0.103835526,-0.068291644,-0.131874935,-0.145809575,-0.121793854,-0.150862012,-0.076854275,-0.025686559,0.015466949,0.443483808,-0.10921869,-0.159569877,-0.177440086,0.215296559,-0.011240316,-0.124727662,-0.200075035,-0.084973161,0.854345942,-0.190554261,-0.053573983,-0.031343456,1.058704454,-0.145884848,-0.087138297,-0.209581065,-0.122939669,-0.178076974,-0.140699835,-0.279157922,-0.09729191,-0.129499194,-0.190354029,-0.183378896,-0.227316866,-0.129789164,-0.234621665,-0.079157353,-0.071834471,0.401519567,-0.162145682,-0.134967248,-0.283312124,-0.132231389,-0.156198835,0.062681976,-0.174589471,0.127532683
2020/05/21,-0.082659443,-0.130485729,-0.165848098,-0.157006422,-0.113390341,-0.492117464,-0.091110617,-0.134672834,-0.136274211,-0.233279447,-0.198122883,-0.191737994,-0.194892727,-0.122599122,-0.15866319,-0.170503902,-0.340562059,-0.139782736,-0.124788757,-0.171017742,-0.197529694,-0.099590588,-0.083501058,-0.181840622,-0.174510259,0.184084668,-0.237593927,-0.218001746,-0.170086079,-0.235926842,-0.340060754,-0.214293457,-0.155748504,-0.088868321,0.73120918,-0.195397044,-0.132023669,-0.194382489,-0.231859742,-0.060276398,-0.22647649,-0.117683671,-0.237343458,0.920675273,-0.126895569,-0.127080841,-0.081752512,-0.033794054,-0.190749795,-0.205364399,-0.112523088,-0.110582073,-0.068291644,-0.132713078,-0.146294863,-0.121793854,-0.262772247,-0.12619813,-0.19553799,-0.488353547,-0.475655131,-0.10921869,-0.159569877,-0.195307925,-0.19255991,-0.189402319,-0.124727662,-0.200075035,-0.332884107,-0.243821637,-0.237588017,0.265495353,-0.084564295,-0.126852763,-0.469813347,-0.193196458,-0.235560672,-0.122939669,-0.178535857,-0.14416996,-0.279157922,-0.09729191,-0.134446813,-0.190354029,-0.183378896,-0.249964115,-0.129789164,-0.234621665,-0.079157353,-0.071834471,-0.45707922,-0.20793647,-0.134967248,-0.389494012,-0.132231389,-0.156198835,-0.128607861,-0.174589471,-0.244087344
2020/06/07,-0.082659443,-0.130485729,-0.156676375,-0.157006422,-0.113390341,-0.011980003,-0.091110617,-0.134672834,-0.136274211,0.841833748,-0.198122883,-0.191737994,0.03647177,-0.122599122,-0.15866319,-0.170503902,-0.336009457,-0.139782736,-0.124788757,0.27103569,-0.197529694,-0.075642012,-0.083501058,-0.008202578,-0.174510259,-0.215568123,-0.22050181,-0.218001746,-0.131913533,-0.166210703,-0.340060754,0.198291423,-0.155748504,-0.08254601,-0.178347691,-0.195397044,-0.132023669,-0.194382489,-0.167528412,-0.060276398,-0.091534321,-0.117683671,-0.144370456,-0.138204312,-0.126895569,-0.127080841,-0.087695882,-0.264057893,-0.190749795,-0.205364399,-0.112523088,-0.104354491,-0.068291644,-0.129150973,-0.141145424,-0.121793854,-0.206817129,-0.12619813,-0.093627132,-0.404015321,-0.061849241,-0.10921869,-0.159569877,-0.184698895,-0.19255991,-0.146643438,-0.124727662,-0.200075035,-0.00233618,-0.060793707,-0.190797959,-0.053573983,-0.084564295,-0.124728108,-0.415825264,-0.166681918,-0.234379781,-0.122939669,-0.178535857,-0.14416996,-0.270451679,-0.09729191,-0.134446813,-0.030098895,-0.081730593,-0.245260455,-0.129789164,-0.234621665,-0.079157353,-0.071834471,0.426959531,-0.162145682,-0.134967248,-0.367069585,-0.132231389,-0.119201136,-0.128607861,0.106509368,-0.244087344
2020/06/21,-0.072948478,-0.130485729,-0.159460648,-0.134107747,-0.094453734,-0.231114169,-0.091110617,-0.129406187,-0.136274211,0.5154601,-0.198122883,0.400214797,-0.141183111,-0.122599122,-0.15866319,-0.170503902,-0.334726883,-0.139782736,-0.124788757,0.239460444,-0.197529694,0.078313119,-0.083501058,-0.101222959,-0.174510259,-0.219291596,-0.21378705,-0.218001746,-0.134640143,-0.187158743,-0.340060754,0.551935605,0.769837479,-0.081823461,-0.145863517,-0.195397044,-0.132023669,-0.194382489,-0.231859742,-0.058424015,-0.104514472,-0.117683671,-0.04869189,0.013064201,-0.126895569,-0.127080841,-0.076233668,-0.100828392,-0.190749795,-0.205364399,-0.112523088,-0.110582073,-0.067965571,-0.132713078,-0.14388319,-0.121793854,-0.210813924,-0.118714312,-0.077248601,-0.406583716,-0.156525524,-0.10921869,-0.159569877,-0.188567602,-0.19255991,-0.189402319,-0.124727662,0.216605468,-0.102681086,-0.243821637,-0.203734853,0.138269807,-0.084564295,-0.123893422,-0.194088494,-0.012645065,-0.232271047,-0.122939669,-0.17802453,-0.135884151,-0.275115738,-0.09729191,-0.129086892,-0.175473195,0.005396524,-0.24221552,-0.129789164,-0.182476041,-0.078764456,-0.071834471,-0.076358044,-0.144156444,-0.134967248,-0.380475447,-0.132231389,0.336222912,-0.128607861,-0.174589471,-0.192325983
2020/07/07,-0.082659443,-0.130485729,-0.165848098,-0.148786385,-0.074060464,0.018028589,-0.013780871,-0.117657512,-0.136274211,-0.233279447,-0.198122883,-0.191737994,-0.194892727,-0.122599122,-0.15866319,-0.170503902,-0.3382424,-0.138293785,-0.124788757,-0.171017742,0.308556934,-0.099590588,-0.083501058,0.035206933,-0.174510259,0.097203627,-0.18346889,-0.218001746,-0.074654714,-0.126704891,-0.267527163,0.610876302,-0.155748504,-0.080438573,-0.178347691,-0.116393459,-0.132023669,-0.194382489,-0.135362747,-0.058780242,-0.205110646,-0.117683671,-0.080666732,-0.138204312,-0.126895569,-0.127080841,-0.086074963,-0.26094622,0.27176429,-0.205364399,-0.112523088,-0.110582073,-0.067940488,-0.130827258,-0.145575918,-0.121793854,-0.220805909,-0.125786931,-0.093627132,-0.381926738,-0.011573759,-0.10921869,-0.159569877,-0.191957705,-0.19255991,-0.189402319,0.055590659,0.398235432,-0.084973161,0.579804047,-0.025692416,-0.194339867,-0.084564295,-0.124728108,-0.456316326,-0.193196458,-0.235560672,-0.122939669,-0.17578256,-0.143178496,-0.270451679,-0.09729191,-0.128674591,-0.190354029,-0.183378896,-0.243953883,-0.129789164,-0.227602062,-0.079157353,-0.071834471,-0.304439435,-0.185041076,-0.134967248,-0.3867714,-0.120493568,-0.113034853,0.349616732,-0.174589471,-0.244087344
2020/07/21,-0.082659443,-0.130485729,-0.165848098,-0.157006422,-0.113390341,-0.297061621,-0.091110617,-0.134672834,-0.136274211,-0.233279447,-0.198122883,-0.191737994,-0.194892727,-0.122599122,-0.15866319,-0.170503902,-0.339434748,-0.139782736,0.108097972,-0.171017742,-0.197529694,-0.099590588,0.122620469,-0.181840622,-0.174510259,-0.267696748,-0.237593927,-0.218001746,-0.170086079,-0.145295861,3.431685969,-0.214293457,-0.155748504,-0.088868321,-0.178347691,-0.195397044,-0.132023669,-0.194382489,0.186293903,-0.060276398,-0.0218142,-0.117683671,-0.103049122,-0.138204312,-0.126895569,-0.127080841,-0.032584628,-0.114697565,-0.190749795,-0.205364399,-0.112523088,-0.110582073,-0.068291644,-0.132713078,-0.144191951,-0.121793854,-0.262772247,-0.12619813,-0.19553799,-0.488353547,-0.324828685,-0.10921869,-0.159569877,-0.195307925,-0.19255991,-0.189402319,-0.124727662,-0.200075035,1.815677422,-0.243821637,-0.171058404,-0.222493043,-0.084564295,-0.126852763,-0.118890807,-0.193196458,-0.235560672,-0.122939669,-0.178535857,-0.14416996,-0.279157922,-0.09729191,-0.134446813,-0.190354029,0.477335073,-0.249964115,-0.129789164,-0.234621665,-0.079157353,0.071221849,-0.45707922,-0.20793647,-0.134967248,-0.366327055,-0.132231389,-0.156198835,-0.128607861,-0.174589471,5.190855552
2020/08/07,-0.082659443,11.77383049,-0.165848098,-0.157006422,-0.113390341,-0.102005777,-0.091110617,-0.134672834,-0.136274211,-0.233279447,-0.198122883,-0.191737994,-0.194892727,-0.122599122,-0.15866319,-0.170503902,-0.338871093,-0.139782736,0.573871431,-0.171017742,-0.197529694,0.523072388,-0.083501058,-0.181840622,-0.174510259,0.409975376,-0.237593927,-0.218001746,-0.170086079,0.398490024,-0.340060754,-0.214293457,-0.155748504,-0.072430313,-0.178347691,0.831649558,-0.132023669,-0.194382489,0.186293903,-0.060276398,3.04812014,-0.117683671,-0.103049122,-0.138204312,-0.106474042,-0.127080841,0.051703173,-0.357408098,2.21432345,9.071332906,-0.112523088,-0.110582073,-0.068291644,-0.132713078,-0.146294863,-0.121793854,-0.262772247,-0.12619813,-0.19553799,-0.488353547,-0.174002239,-0.10921869,-0.159569877,-0.195307925,0.268495229,0.088530406,-0.124727662,-0.200075035,-0.332884107,-0.243821637,-0.199571095,0.509489552,-0.084564295,-0.126852763,-0.469813347,-0.193196458,-0.235560672,-0.122939669,-0.178535857,-0.14416996,-0.279157922,-0.09729191,-0.134446813,-0.190354029,-0.183378896,-0.249964115,-0.129789164,0.312907392,-0.079157353,0.142750009,-0.374399337,-0.20793647,-0.134967248,-0.325784879,2.614418675,-0.156198835,-0.128607861,-0.174589471,1.567560288
2020/08/21,-0.082659443,5.82167238,-0.165848098,-0.157006422,-0.113390341,-0.492117464,-0.091110617,-0.134672834,-0.136274211,-0.233279447,-0.198122883,-0.191737994,-0.194892727,-0.122599122,-0.15866319,-0.170503902,-0.33548916,-0.139782736,0.340984702,-0.171017742,-0.197529694,-0.099590588,-0.083501058,-0.181840622,-0.174510259,-0.267696748,-0.126495167,-0.218001746,-0.170086079,-0.05466488,-0.340060754,-0.214293457,-0.155748504,-0.088868321,-0.178347691,-0.195397044,-0.132023669,-0.194382489,1.440754838,-0.060276398,0.562935198,-0.117683671,0.031245215,-0.138204312,-0.00436641,-0.127080841,0.178134874,-0.114697565,-0.190749795,6.75215858,-0.112523088,-0.110582073,-0.063726621,-0.132713078,-0.13893467,-0.121793854,-0.080918116,-0.12619813,-0.19553799,-0.488353547,-0.324828685,-0.10921869,-0.159569877,-0.195307925,-0.19255991,-0.189402319,-0.124727662,-0.200075035,1.278537039,-0.243821637,-0.180562634,0.509489552,-0.084564295,-0.126852763,-0.469813347,-0.193196458,-0.235560672,0.979039863,-0.178535857,-0.14416996,-0.279157922,-0.09729191,-0.134446813,-0.190354029,1.138049043,-0.249964115,-0.129789164,-0.234621665,-0.079157353,0.214278169,-0.45707922,-0.20793647,-0.134967248,-0.339298938,2.84330618,-0.156198835,-0.128607861,-0.174589471,-0.244087344
2020/09/07,-0.082659443,1.357553799,-0.165848098,-0.157006422,-0.113390341,-0.394589543,-0.091110617,-0.134672834,-0.136274211,-0.233279447,1.103995121,-0.191737994,3.000829388,-0.122599122,-0.15866319,-0.170503902,-0.332670883,-0.139782736,-0.124788757,-0.171017742,-0.197529694,-0.099590588,0.019559705,-0.181840622,1.871950105,-0.267696748,-0.126495167,-0.218001746,-0.170086079,-0.05466488,-0.340060754,-0.214293457,-0.155748504,-0.088868321,-0.178347691,-0.195397044,-0.132023669,-0.194382489,0.604447548,-0.060276398,-0.0218142,5.070743646,-0.103049122,-0.138204312,0.159005801,-0.127080841,-0.022048653,0.128012968,-0.190749795,0.954222764,-0.112523088,-0.110582073,-0.068291644,-0.132713078,-0.140687097,-0.121793854,0.010008949,-0.078087872,0.135672301,-0.488353547,-0.425379649,-0.10921869,-0.159569877,-0.195307925,0.153231444,-0.189402319,3.157065781,-0.200075035,-0.332884107,-0.243821637,-0.085520329,-0.222493043,-0.041322364,-0.119947635,-0.294352077,-0.193196458,-0.235560672,0.428050097,-0.129320678,-0.14416996,-0.279157922,-0.09729191,-0.134446813,-0.190354029,0.807692058,-0.232978678,-0.129789164,-0.05211198,-0.07228165,0.250042249,-0.291719453,-0.20793647,-0.134967248,0.731207558,0.325543622,-0.156198835,-0.128607861,-0.174589471,0.661736472
2020/09/21,-0.082659443,-0.130485729,-0.165848098,-0.157006422,-0.113390341,-0.102005777,-0.091110617,-0.134672834,-0.136274211,-0.233279447,-0.198122883,5.333154727,-0.194892727,-0.122599122,-0.15866319,-0.170503902,-0.306742732,-0.139782736,0.80675816,-0.171017742,-0.197529694,0.523072388,-0.083501058,-0.181840622,-0.174510259,-0.267696748,0.132735273,-0.218001746,-0.170086079,-0.05466488,-0.340060754,-0.214293457,-0.155748504,-0.02311629,-0.178347691,-0.195397044,-0.132023669,-0.194382489,-0.231859742,-0.060276398,0.650647608,11.48310766,2.448543275,-0.138204312,0.240691907,-0.127080841,-0.095800478,0.613434033,-0.190749795,-0.205364399,-0.112523088,-0.110582073,-0.068291644,-0.132713078,0.344384623,-0.121793854,0.464644275,-0.12619813,-0.19553799,-0.488353547,-0.475655131,-0.10921869,-0.159569877,-0.195307925,-0.19255991,-0.189402319,-0.124727662,-0.200075035,3.96423895,-0.243821637,1.226063484,1.241472147,-0.084564295,-0.099232254,-0.469813347,-0.193196458,-0.235560672,-0.122939669,-0.035364429,-0.14416996,-0.279157922,-0.09729191,-0.134446813,-0.190354029,-0.183378896,-0.141257319,-0.129789164,-0.234621665,-0.079157353,0.500390808,0.369719612,-0.20793647,-0.134967248,1.772755356,-0.132231389,-0.156198835,-0.128607861,-0.174589471,-0.244087344
2020/10/07,-0.082659443,-0.130485729,-0.165848098,-0.157006422,-0.113390341,-0.492117464,-0.091110617,-0.134672834,-0.136274211,-0.233279447,-0.198122883,-0.191737994,1.559621375,-0.122599122,-0.15866319,-0.170503902,-0.246995254,-0.139782736,0.185726882,1.744547129,-0.197529694,-0.099590588,-0.083501058,0.570590904,-0.174510259,0.184084668,0.305555567,-0.218001746,0.160742651,0.851644929,-0.340060754,-0.214293457,-0.155748504,-0.088868321,-0.178347691,-0.195397044,-0.132023669,-0.194382489,0.046909354,-0.060276398,0.650647608,1.939949043,0.031245215,-0.138204312,2.28284455,-0.127080841,0.04467919,0.451627011,-0.190749795,1.340751819,-0.112523088,-0.110582073,-0.068291644,-0.132713078,-0.095591316,-0.121793854,0.222172101,-0.12619813,-0.19553799,-0.488353547,-0.408621155,-0.10921869,-0.159569877,-0.195307925,1.497975601,-0.189402319,-0.124727662,-0.200075035,0.741396657,-0.243821637,0.529086579,3.193425734,-0.084564295,-0.117645926,-0.469813347,6.9303767,1.729442314,-0.122939669,0.018324856,-0.14416996,-0.279157922,-0.09729191,-0.134446813,-0.190354029,-0.183378896,-0.24316994,-0.129789164,-0.234621665,-0.079157353,0.166592729,0.204359845,-0.20793647,-0.134967248,4.112618065,-0.132231389,-0.156198835,-0.128607861,-0.174589471,-0.244087344
2020/10/21,-0.082659443,-0.130485729,-0.165848098,-0.157006422,-0.113390341,-0.232043006,-0.091110617,-0.134672834,-0.136274211,-0.233279447,-0.198122883,-0.191737994,-0.194892727,-0.009921607,-0.113144196,-0.170172605,-0.089923267,-0.139782736,-0.124788757,-0.171017742,-0.197529694,-0.099590588,-0.083501058,-0.181840622,-0.174510259,-0.267696748,-0.212905313,-0.216094735,-0.170086079,-0.175506188,-0.340060754,1.573574355,-0.155748504,-0.088868321,0.73120918,-0.195397044,-0.132023669,-0.194382489,0.325678451,-0.060276398,-0.22647649,-0.117683671,-0.237343458,-0.138204312,0.1317771,-0.127080841,-0.095800478,1.422469143,-0.190749795,-0.205364399,-0.112523088,-0.110582073,-0.068291644,-0.132713078,-0.146294863,-0.121793854,-0.262772247,-0.12619813,-0.19553799,-0.488353547,-0.475655131,-0.10921869,-0.159569877,-0.195307925,-0.19255991,-0.189402319,-0.124727662,-0.200075035,0.741396657,-0.243821637,-0.237588017,2.705437337,-0.084564295,-0.126852763,-0.001916627,-0.193196458,0.388737152,-0.122939669,0.441873663,-0.14416996,-0.279157922,-0.09729191,-0.134446813,-0.190354029,0.257097083,-0.249964115,-0.129789164,-0.234621665,0.452563691,-0.071834471,-0.126359687,-0.20793647,18.86495896,9.054902336,-0.132231389,-0.156198835,-0.128607861,-0.174589471,-0.244087344
2020/11/07,-0.082659443,-0.130485729,-0.165848098,-0.157006422,-0.113390341,-0.492117464,-0.091110617,-0.134672834,-0.136274211,-0.233279447,-0.198122883,-0.191737994,-0.194892727,-0.122599122,-0.15866319,-0.170503902,-0.340562059,-0.139782736,0.108097972,-0.171017742,-0.197529694,-0.099590588,-0.083501058,-0.181840622,-0.174510259,-0.267696748,8.687339791,-0.218001746,-0.170086079,-0.05466488,-0.340060754,-0.214293457,-0.155748504,-0.088868321,-0.178347691,0.318126257,-0.132023669,-0.194382489,-0.231859742,-0.060276398,-0.0218142,-0.117683671,-0.237343458,-0.138204312,-0.126895569,-0.127080841,-0.095800478,-0.114697565,-0.190749795,-0.205364399,-0.112523088,-0.110582073,-0.068291644,-0.132713078,-0.146294863,-0.121793854,-0.262772247,-0.12619813,0.798092882,-0.391766198,0.32875258,-0.10921869,-0.159569877,-0.195307925,-0.19255991,-0.189402319,-0.124727662,-0.200075035,-0.332884107,-0.243821637,-0.237588017,-0.222493043,-0.084564295,-0.126852763,-0.469813347,-0.193196458,-0.235560672,-0.122939669,-0.178535857,-0.14416996,-0.279157922,-0.09729191,-0.134446813,-0.190354029,-0.183378896,-0.249964115,-0.129789164,-0.234621665,-0.079157353,-0.071834471,-0.291719453,-0.20793647,10.76204925,-0.364396475,-0.132231389,-0.156198835,-0.128607861,-0.174589471,-0.244087344
2020/11/21,-0.082659443,-0.130485729,-0.165848098,-0.157006422,-0.113390341,-0.492117464,-0.091110617,-0.134672834,-0.136274211,-0.233279447,-0.198122883,-0.191737994,-0.194892727,-0.122599122,-0.15866319,-0.170503902,-0.332670883,-0.139782736,-0.124788757,-0.171017742,-0.197529694,-0.099590588,-0.083501058,-0.181840622,-0.174510259,-0.267696748,-0.237593927,-0.218001746,-0.170086079,-0.05466488,-0.340060754,-0.214293457,-0.155748504,-0.088868321,-0.178347691,-0.195397044,-0.132023669,-0.194382489,-0.231859742,-0.060276398,-0.22647649,-0.117683671,-0.237343458,-0.138204312,0.036476643,-0.127080841,-0.095800478,-0.357408098,-0.190749795,-0.205364399,-0.112523088,-0.110582073,-0.068291644,-0.132713078,-0.146294863,-0.121793854,-0.262772247,-0.12619813,-0.19553799,-0.488353547,-0.475655131,-0.10921869,-0.159569877,-0.195307925,-0.19255991,-0.189402319,-0.124727662,-0.200075035,-0.332884107,-0.243821637,-0.228083787,-0.222493043,-0.084564295,-0.126852763,-0.118890807,-0.193196458,-0.235560672,-0.122939669,-0.178535857,-0.14416996,-0.279157922,-0.09729191,-0.134446813,-0.190354029,-0.183378896,-0.249964115,-0.129789164,-0.234621665,-0.079157353,-0.071834471,-0.45707922,-0.20793647,-0.134967248,-0.389494012,-0.132231389,-0.156198835,-0.128607861,-0.174589471,-0.244087344
2020/12/07,-0.082659443,-0.130485729,-0.165848098,-0.157006422,-0.113390341,-0.492117464,-0.091110617,-0.134672834,-0.136274211,-0.233279447,2.406113125,-0.191737994,-0.194892727,-0.122599122,0.038985076,-0.170503902,-0.306742732,-0.139782736,-0.124788757,-0.171017742,-0.197529694,-0.099590588,-0.083501058,-0.181840622,-0.174510259,0.071139314,-0.237593927,-0.218001746,0.326157016,-0.145295861,-0.340060754,-0.214293457,-0.155748504,-0.055992305,-0.178347691,-0.195397044,-0.132023669,-0.194382489,-0.231859742,-0.060276398,-0.22647649,-0.117683671,-0.237343458,-0.138204312,-0.126895569,-0.127080841,-0.095800478,-0.357408098,-0.190749795,-0.205364399,-0.112523088,-0.110582073,-0.068291644,-0.132713078,-0.146294863,-0.121793854,-0.262772247,-0.12619813,-0.19553799,-0.488353547,-0.475655131,-0.10921869,-0.159569877,-0.195307925,-0.19255991,-0.189402319,-0.124727662,-0.200075035,-0.332884107,-0.243821637,-0.237588017,-0.222493043,-0.084564295,-0.126852763,-0.469813347,-0.193196458,-0.235560672,-0.122939669,-0.178535857,-0.14416996,-0.279157922,-0.09729191,-0.134446813,-0.190354029,-0.183378896,-0.249964115,-0.129789164,-0.234621665,-0.079157353,-0.071834471,-0.043679804,-0.20793647,-0.134967248,-0.40493865,-0.132231389,-0.156198835,-0.128607861,-0.174589471,-0.244087344
2020/12/21,-0.082659443,-0.130485729,-0.165848098,-0.157006422,-0.113390341,-0.492117464,-0.091110617,-0.134672834,-0.136274211,-0.233279447,-0.198122883,-0.191737994,-0.194892727,-0.122599122,-0.15866319,-0.170503902,-0.334361849,-0.139782736,-0.124788757,-0.171017742,-0.197529694,-0.099590588,-0.083501058,-0.181840622,-0.174510259,0.071139314,-0.237593927,-0.193210614,-0.170086079,-0.235926842,1.545812607,-0.214293457,-0.155748504,-0.088868321,-0.178347691,-0.195397044,-0.132023669,-0.194382489,-0.231859742,-0.060276398,-0.22647649,-0.117683671,-0.237343458,-0.138204312,-0.126895569,-0.127080841,-0.095800478,-0.357408098,-0.190749795,-0.205364399,-0.112523088,-0.110582073,-0.068291644,-0.132713078,-0.146294863,-0.121793854,-0.262772247,-0.12619813,-0.19553799,-0.488353547,-0.475655131,-0.10921869,-0.159569877,-0.195307925,-0.19255991,-0.189402319,-0.124727662,-0.200075035,-0.332884107,-0.243821637,0.304153123,-0.222493043,-0.084564295,-0.126852763,-0.469813347,-0.193196458,-0.235560672,-0.122939669,-0.178535857,-0.14416996,-0.279157922,-0.09729191,-0.134446813,-0.190354029,-0.183378896,-0.249964115,-0.129789164,-0.234621665,-0.079157353,-0.071834471,-0.45707922,-0.20793647,-0.134967248,-0.403008071,-0.132231389,-0.156198835,-0.128607861,-0.174589471,-0.244087344